:START_ID,:END_ID,:TYPE
country::IND,observation::IND::SM.POP.RHCR.EO::2015,HAS_OBSERVATION
country::IND,observation::IND::SM.POP.NETM::2015,HAS_OBSERVATION
country::IND,observation::IND::SM.POP.ASYS.EA::2015,HAS_OBSERVATION
country::IND,observation::IND::SL.UEM.TOTL.ZS::2015,HAS_OBSERVATION
country::IND,observation::IND::SL.UEM.TOTL.FE.ZS::2015,HAS_OBSERVATION
country::IND,observation::IND::SL.TLF.TOTL.FE.ZS::2015,HAS_OBSERVATION
country::IND,observation::IND::SL.TLF.ACTI.1524.ZS::2015,HAS_OBSERVATION
country::IND,observation::IND::SL.TLF.ACTI.1524.FE.ZS::2015,HAS_OBSERVATION
country::IND,observation::IND::SL.GDP.PCAP.EM.KD::2015,HAS_OBSERVATION
country::IND,observation::IND::SL.EMP.WORK.MA.ZS::2015,HAS_OBSERVATION
country::IND,observation::IND::SL.EMP.VULN.FE.ZS::2015,HAS_OBSERVATION
country::IND,observation::IND::SL.EMP.SELF.ZS::2015,HAS_OBSERVATION
country::IND,observation::IND::SL.EMP.MPYR.MA.ZS::2015,HAS_OBSERVATION
country::IND,observation::IND::SL.EMP.1524.SP.MA.ZS::2015,HAS_OBSERVATION
country::IND,observation::IND::SL.AGR.EMPL.ZS::2015,HAS_OBSERVATION
country::IND,observation::IND::SH_UHC_SCI_RMNCH::2015,HAS_OBSERVATION
country::IND,observation::IND::SH_UHC_SCI::2015,HAS_OBSERVATION
country::IND,observation::IND::SH.XPD.PVTD.CH.ZS::2015,HAS_OBSERVATION
country::IND,observation::IND::SH.XPD.GHED.PP.CD::2015,HAS_OBSERVATION
country::IND,observation::IND::SH.XPD.GHED.CH.ZS::2015,HAS_OBSERVATION
country::IND,observation::IND::SH.XPD.CHEX.PP.CD::2015,HAS_OBSERVATION
country::IND,observation::IND::SH.TBS.INCD::2015,HAS_OBSERVATION
country::IND,observation::IND::DT.DOD.DSTC.ZS::2015,HAS_OBSERVATION
country::IND,observation::IND::DT.DOD.DPPG.CD::2015,HAS_OBSERVATION
country::IND,observation::IND::DT.DOD.DECT.GN.ZS::2015,HAS_OBSERVATION
country::IND,observation::IND::DC.DAC.TOTL.CD::2015,HAS_OBSERVATION
country::IND,observation::IND::DC.DAC.PRTL.CD::2015,HAS_OBSERVATION
country::IND,observation::IND::DC.DAC.NLDL.CD::2015,HAS_OBSERVATION
country::IND,observation::IND::DC.DAC.JPNL.CD::2015,HAS_OBSERVATION
country::IND,observation::IND::DC.DAC.HUNL.CD::2015,HAS_OBSERVATION
country::IND,observation::IND::DC.DAC.FINL.CD::2015,HAS_OBSERVATION
country::IND,observation::IND::DC.DAC.DEUL.CD::2015,HAS_OBSERVATION
country::IND,observation::IND::SL.UEM.NEET.MA.ME.ZS::2015,HAS_OBSERVATION
country::IND,observation::IND::SL.UEM.1524.ZS::2015,HAS_OBSERVATION
country::IND,observation::IND::SL.UEM.1524.FE.ZS::2015,HAS_OBSERVATION
country::IND,observation::IND::SL.TLF.CACT.MA.ZS::2015,HAS_OBSERVATION
country::IND,observation::IND::SL.TLF.CACT.FE.ZS::2015,HAS_OBSERVATION
country::IND,observation::IND::SL.TLF.ACTI.ZS::2015,HAS_OBSERVATION
country::IND,observation::IND::SL.SRV.EMPL.ZS::2015,HAS_OBSERVATION
country::IND,observation::IND::SL.IND.EMPL.ZS::2015,HAS_OBSERVATION
country::IND,observation::IND::SL.FAM.WORK.ZS::2015,HAS_OBSERVATION
country::IND,observation::IND::SL.EMP.WORK.FE.ZS::2015,HAS_OBSERVATION
country::IND,observation::IND::SL.EMP.TOTL.SP.ZS::2015,HAS_OBSERVATION
country::IND,observation::IND::SL.EMP.TOTL.SP.FE.ZS::2015,HAS_OBSERVATION
country::IND,observation::IND::SL.EMP.SELF.MA.ZS::2015,HAS_OBSERVATION
country::IND,observation::IND::SL.EMP.MPYR.FE.ZS::2015,HAS_OBSERVATION
country::IND,observation::IND::SL.AGR.EMPL.MA.ZS::2015,HAS_OBSERVATION
country::IND,observation::IND::SH_UHC_SCI_NCD::2015,HAS_OBSERVATION
country::IND,observation::IND::SH.XPD.OOPC.PP.CD::2015,HAS_OBSERVATION
country::IND,observation::IND::SH.XPD.GHED.PC.CD::2015,HAS_OBSERVATION
country::IND,observation::IND::SH.XPD.EHEX.PP.CD::2015,HAS_OBSERVATION
country::IND,observation::IND::SH.XPD.CHEX.PC.CD::2015,HAS_OBSERVATION
country::IND,observation::IND::DC.DAC.SWEL.CD::2015,HAS_OBSERVATION
country::IND,observation::IND::DC.DAC.POLL.CD::2015,HAS_OBSERVATION
country::IND,observation::IND::DC.DAC.LUXL.CD::2015,HAS_OBSERVATION
country::IND,observation::IND::DC.DAC.ITAL.CD::2015,HAS_OBSERVATION
country::IND,observation::IND::DC.DAC.GRCL.CD::2015,HAS_OBSERVATION
country::IND,observation::IND::DC.DAC.ESTL.CD::2015,HAS_OBSERVATION
country::IND,observation::IND::DC.DAC.CZEL.CD::2015,HAS_OBSERVATION
country::IND,observation::IND::DC.DAC.BELL.CD::2015,HAS_OBSERVATION
country::IND,observation::IND::CM.MKT.TRAD.GD.ZS::2015,HAS_OBSERVATION
country::IND,observation::IND::CM.MKT.LCAP.CD::2015,HAS_OBSERVATION
country::IND,observation::IND::BX.TRF.PWKR.CD::2015,HAS_OBSERVATION
country::IND,observation::IND::SM.POP.ASYS.EO::2015,HAS_OBSERVATION
country::IND,observation::IND::SL.UEM.NEET.ME.ZS::2015,HAS_OBSERVATION
country::IND,observation::IND::SL.UEM.NEET.FE.ME.ZS::2015,HAS_OBSERVATION
country::IND,observation::IND::SL.UEM.1524.MA.ZS::2015,HAS_OBSERVATION
country::IND,observation::IND::SL.TLF.TOTL.IN::2015,HAS_OBSERVATION
country::IND,observation::IND::SL.TLF.CACT.ZS::2015,HAS_OBSERVATION
country::IND,observation::IND::SL.TLF.CACT.FM.ZS::2015,HAS_OBSERVATION
country::IND,observation::IND::SL.TLF.ACTI.FE.ZS::2015,HAS_OBSERVATION
country::IND,observation::IND::SL.SRV.EMPL.FE.ZS::2015,HAS_OBSERVATION
country::IND,observation::IND::SL.IND.EMPL.FE.ZS::2015,HAS_OBSERVATION
country::IND,observation::IND::SL.FAM.WORK.FE.ZS::2015,HAS_OBSERVATION
country::IND,observation::IND::SL.EMP.WORK.ZS::2015,HAS_OBSERVATION
country::IND,observation::IND::SL.EMP.VULN.MA.ZS::2015,HAS_OBSERVATION
country::IND,observation::IND::SL.EMP.TOTL.SP.MA.ZS::2015,HAS_OBSERVATION
country::IND,observation::IND::SL.EMP.MPYR.ZS::2015,HAS_OBSERVATION
country::IND,observation::IND::SH_UHC_SCI_CAPACITY::2015,HAS_OBSERVATION
country::IND,observation::IND::SH.XPD.PVTD.PC.CD::2015,HAS_OBSERVATION
country::IND,observation::IND::SH.XPD.OOPC.CH.ZS::2015,HAS_OBSERVATION
country::IND,observation::IND::SH.XPD.GHED.GD.ZS::2015,HAS_OBSERVATION
country::IND,observation::IND::DT.NFL.IFAD.CD::2015,HAS_OBSERVATION
country::IND,observation::IND::DT.DOD.MIBR.CD::2015,HAS_OBSERVATION
country::IND,observation::IND::DT.DOD.DSTC.CD::2015,HAS_OBSERVATION
country::IND,observation::IND::DT.DOD.DIMF.CD::2015,HAS_OBSERVATION
country::IND,observation::IND::DC.DAC.USAL.CD::2015,HAS_OBSERVATION
country::IND,observation::IND::DC.DAC.SVKL.CD::2015,HAS_OBSERVATION
country::IND,observation::IND::DC.DAC.NORL.CD::2015,HAS_OBSERVATION
country::IND,observation::IND::DC.DAC.KORL.CD::2015,HAS_OBSERVATION
country::IND,observation::IND::DC.DAC.IRLL.CD::2015,HAS_OBSERVATION
country::IND,observation::IND::SL.UEM.TOTL.MA.ZS::2015,HAS_OBSERVATION
country::IND,observation::IND::SL.TLF.ACTI.MA.ZS::2015,HAS_OBSERVATION
country::IND,observation::IND::SL.TLF.ACTI.1524.MA.ZS::2015,HAS_OBSERVATION
country::IND,observation::IND::SL.SRV.EMPL.MA.ZS::2015,HAS_OBSERVATION
country::IND,observation::IND::SL.IND.EMPL.MA.ZS::2015,HAS_OBSERVATION
country::IND,observation::IND::SL.FAM.WORK.MA.ZS::2015,HAS_OBSERVATION
country::IND,observation::IND::SL.EMP.VULN.ZS::2015,HAS_OBSERVATION
country::IND,observation::IND::SL.EMP.SELF.FE.ZS::2015,HAS_OBSERVATION
country::IND,observation::IND::SL.EMP.1524.SP.ZS::2015,HAS_OBSERVATION
country::IND,observation::IND::SL.EMP.1524.SP.FE.ZS::2015,HAS_OBSERVATION
country::IND,observation::IND::SL.AGR.EMPL.FE.ZS::2015,HAS_OBSERVATION
country::IND,observation::IND::SH_UHC_SCI_ID::2015,HAS_OBSERVATION
country::IND,observation::IND::SH.XPD.PVTD.PP.CD::2015,HAS_OBSERVATION
country::IND,observation::IND::SH.XPD.OOPC.PC.CD::2015,HAS_OBSERVATION
country::IND,observation::IND::SH.XPD.GHED.GE.ZS::2015,HAS_OBSERVATION
country::IND,observation::IND::SH.XPD.EHEX.PC.CD::2015,HAS_OBSERVATION
country::IND,observation::IND::SH.XPD.CHEX.GD.ZS::2015,HAS_OBSERVATION
country::IND,observation::IND::SH.TBS.CURE.ZS::2015,HAS_OBSERVATION
country::IND,observation::IND::SH.STA.WAST.ZS::2015,HAS_OBSERVATION
country::IND,observation::IND::SH.STA.TRAF.P5::2015,HAS_OBSERVATION
country::IND,observation::IND::DT.DOD.MIDA.CD::2015,HAS_OBSERVATION
country::IND,observation::IND::DT.DOD.DSTC.IR.ZS::2015,HAS_OBSERVATION
country::IND,observation::IND::DT.DOD.DLXF.CD::2015,HAS_OBSERVATION
country::IND,observation::IND::DC.DAC.NZLL.CD::2015,HAS_OBSERVATION
country::IND,observation::IND::DC.DAC.LTUL.CD::2015,HAS_OBSERVATION
country::IND,observation::IND::DC.DAC.GBRL.CD::2015,HAS_OBSERVATION
country::IND,observation::IND::DC.DAC.ESPL.CD::2015,HAS_OBSERVATION
country::IND,observation::IND::DC.DAC.CHEL.CD::2015,HAS_OBSERVATION
country::IND,observation::IND::SH.SVR.WAST.MA.ZS::2015,HAS_OBSERVATION
country::IND,observation::IND::SH.STA.WAST.FE.ZS::2015,HAS_OBSERVATION
country::IND,observation::IND::SH.STA.SUIC.MA.P5::2015,HAS_OBSERVATION
country::IND,observation::IND::SH.STA.STNT.ME.MA.ZS::2015,HAS_OBSERVATION
country::IND,observation::IND::SH.STA.SMSS.ZS::2015,HAS_OBSERVATION
country::IND,observation::IND::SH.STA.POIS.P5.FE::2015,HAS_OBSERVATION
country::IND,observation::IND::SH.STA.OWGH.ME.MA.ZS::2015,HAS_OBSERVATION
country::IND,observation::IND::SH.STA.ODFC.RU.ZS::2015,HAS_OBSERVATION
country::IND,observation::IND::SH.STA.MALN.MA.ZS::2015,HAS_OBSERVATION
country::IND,observation::IND::SH.STA.HYGN.RU.ZS::2015,HAS_OBSERVATION
country::IND,observation::IND::SH.STA.BASS.RU.ZS::2015,HAS_OBSERVATION
country::IND,observation::IND::SH.SGR.CRSK.ZS::2015,HAS_OBSERVATION
country::IND,observation::IND::SH.PRG.ANEM::2015,HAS_OBSERVATION
country::IND,observation::IND::SH.MED.PHYS.ZS::2015,HAS_OBSERVATION
country::IND,observation::IND::SH.IMM.MEAS::2015,HAS_OBSERVATION
country::IND,observation::IND::SH.H2O.SMDW.UR.ZS::2015,HAS_OBSERVATION
country::IND,observation::IND::SH.H2O.BASW.RU.ZS::2015,HAS_OBSERVATION
country::IND,observation::IND::SH.DYN.NCOM.MA.ZS::2015,HAS_OBSERVATION
country::IND,observation::IND::SH.DYN.MORT::2015,HAS_OBSERVATION
country::IND,observation::IND::SH.DYN.1519::2015,HAS_OBSERVATION
country::IND,observation::IND::SH.DTH.NMRT::2015,HAS_OBSERVATION
country::IND,observation::IND::SH.DTH.IMRT::2015,HAS_OBSERVATION
country::IND,observation::IND::SH.DTH.1014::2015,HAS_OBSERVATION
country::IND,observation::IND::SH.ANM.NPRG.ZS::2015,HAS_OBSERVATION
country::IND,observation::IND::SH.ALC.PCAP.LI::2015,HAS_OBSERVATION
country::IND,observation::IND::SE.TER.ENRR.FE::2015,HAS_OBSERVATION
country::IND,observation::IND::SE.SEC.TCHR::2015,HAS_OBSERVATION
country::IND,observation::IND::DC.DAC.CANL.CD::2015,HAS_OBSERVATION
country::IND,observation::IND::CM.MKT.TRNR::2015,HAS_OBSERVATION
country::IND,observation::IND::CM.MKT.LCAP.GD.ZS::2015,HAS_OBSERVATION
country::IND,observation::IND::BX.TRF.PWKR.CD.DT::2015,HAS_OBSERVATION
country::IND,observation::IND::BX.KLT.DINV.WD.GD.ZS::2015,HAS_OBSERVATION
country::IND,observation::IND::BX.GSR.TOTL.CD::2015,HAS_OBSERVATION
country::IND,observation::IND::BX.GSR.INSF.ZS::2015,HAS_OBSERVATION
country::IND,observation::IND::BX.GSR.CCIS.ZS::2015,HAS_OBSERVATION
country::IND,observation::IND::BN.TRF.KOGT.CD::2015,HAS_OBSERVATION
country::IND,observation::IND::BN.KLT.DINV.CD::2015,HAS_OBSERVATION
country::IND,observation::IND::BN.GSR.FCTY.CD::2015,HAS_OBSERVATION
country::IND,observation::IND::BM.TRF.PWKR.CD.DT::2015,HAS_OBSERVATION
country::IND,observation::IND::BM.GSR.TRVL.ZS::2015,HAS_OBSERVATION
country::IND,observation::IND::BM.GSR.NFSV.CD::2015,HAS_OBSERVATION
country::IND,observation::IND::BM.GSR.FCTY.CD::2015,HAS_OBSERVATION
country::IND,observation::IND::AG.SRF.TOTL.K2::2015,HAS_OBSERVATION
country::IND,observation::IND::AG.PRD.CREL.MT::2015,HAS_OBSERVATION
country::IND,observation::IND::AG.LND.PRCP.MM::2015,HAS_OBSERVATION
country::IND,observation::IND::AG.LND.EL5M.ZS::2015,HAS_OBSERVATION
country::IND,observation::IND::AG.LND.EL5M.RU.K2::2015,HAS_OBSERVATION
country::IND,observation::IND::AG.LND.ARBL.HA.PC::2015,HAS_OBSERVATION
country::IND,observation::IND::AG.CON.FERT.ZS::2015,HAS_OBSERVATION
country::IND,observation::IND::SH.TBS.DTEC.ZS::2015,HAS_OBSERVATION
country::IND,observation::IND::SH.SVR.WAST.FE.ZS::2015,HAS_OBSERVATION
country::IND,observation::IND::SH.STA.SUIC.FE.P5::2015,HAS_OBSERVATION
country::IND,observation::IND::SH.STA.STNT.ME.FE.ZS::2015,HAS_OBSERVATION
country::IND,observation::IND::SH.STA.SMSS.UR.ZS::2015,HAS_OBSERVATION
country::IND,observation::IND::SH.STA.POIS.P5::2015,HAS_OBSERVATION
country::IND,observation::IND::SH.STA.OWGH.ME.FE.ZS::2015,HAS_OBSERVATION
country::IND,observation::IND::SH.STA.MMRT.NE::2015,HAS_OBSERVATION
country::IND,observation::IND::SH.STA.MALN.FE.ZS::2015,HAS_OBSERVATION
country::IND,observation::IND::SH.PRV.SMOK.MA::2015,HAS_OBSERVATION
country::IND,observation::IND::SH.MMR.RISK.ZS::2015,HAS_OBSERVATION
country::IND,observation::IND::SH.MED.NUMW.P3::2015,HAS_OBSERVATION
country::IND,observation::IND::SH.IMM.IDPT::2015,HAS_OBSERVATION
country::IND,observation::IND::SH.H2O.SMDW.RU.ZS::2015,HAS_OBSERVATION
country::IND,observation::IND::SH.DYN.NCOM.FE.ZS::2015,HAS_OBSERVATION
country::IND,observation::IND::SH.DYN.1014::2015,HAS_OBSERVATION
country::IND,observation::IND::SH.DTH.NCOM.ZS::2015,HAS_OBSERVATION
country::IND,observation::IND::SH.DTH.COMM.ZS::2015,HAS_OBSERVATION
country::IND,observation::IND::SH.DTH.0509::2015,HAS_OBSERVATION
country::IND,observation::IND::SH.ANM.CHLD.ZS::2015,HAS_OBSERVATION
country::IND,observation::IND::SH.ALC.PCAP.FE.LI::2015,HAS_OBSERVATION
country::IND,observation::IND::SE.TER.ENRR::2015,HAS_OBSERVATION
country::IND,observation::IND::BX.KLT.DINV.CD.WD::2015,HAS_OBSERVATION
country::IND,observation::IND::BX.GSR.ROYL.CD::2015,HAS_OBSERVATION
country::IND,observation::IND::BX.GSR.GNFS.CD::2015,HAS_OBSERVATION
country::IND,observation::IND::BX.GSR.CCIS.CD::2015,HAS_OBSERVATION
country::IND,observation::IND::BN.TRF.CURR.CD::2015,HAS_OBSERVATION
country::IND,observation::IND::BN.KAC.EOMS.CD::2015,HAS_OBSERVATION
country::IND,observation::IND::BN.FIN.TOTL.CD::2015,HAS_OBSERVATION
country::IND,observation::IND::BM.TRF.PRVT.CD::2015,HAS_OBSERVATION
country::IND,observation::IND::BM.GSR.TRAN.ZS::2015,HAS_OBSERVATION
country::IND,observation::IND::BM.GSR.MRCH.CD::2015,HAS_OBSERVATION
country::IND,observation::IND::BM.GSR.CMCP.ZS::2015,HAS_OBSERVATION
country::IND,observation::IND::AG.PRD.LVSK.XD::2015,HAS_OBSERVATION
country::IND,observation::IND::AG.LND.TOTL.UR.K2::2015,HAS_OBSERVATION
country::IND,observation::IND::AG.LND.IRIG.AG.ZS::2015,HAS_OBSERVATION
country::IND,observation::IND::AG.LND.EL5M.UR.ZS::2015,HAS_OBSERVATION
country::IND,observation::IND::AG.LND.CROP.ZS::2015,HAS_OBSERVATION
country::IND,observation::IND::AG.LND.ARBL.HA::2015,HAS_OBSERVATION
country::IND,observation::IND::AG.CON.FERT.PT.ZS::2015,HAS_OBSERVATION
country::IND,observation::IND::SH.XPD.EHEX.CH.ZS::2015,HAS_OBSERVATION
country::IND,observation::IND::SH.VAC.TTNS.ZS::2015,HAS_OBSERVATION
country::IND,observation::IND::SH.SVR.WAST.ZS::2015,HAS_OBSERVATION
country::IND,observation::IND::SH.STA.WAST.MA.ZS::2015,HAS_OBSERVATION
country::IND,observation::IND::SH.STA.SUIC.P5::2015,HAS_OBSERVATION
country::IND,observation::IND::SH.STA.STNT.ME.ZS::2015,HAS_OBSERVATION
country::IND,observation::IND::SH.STA.STNT.FE.ZS::2015,HAS_OBSERVATION
country::IND,observation::IND::SH.STA.POIS.P5.MA::2015,HAS_OBSERVATION
country::IND,observation::IND::SH.STA.OWGH.ME.ZS::2015,HAS_OBSERVATION
country::IND,observation::IND::SH.STA.OWGH.FE.ZS::2015,HAS_OBSERVATION
country::IND,observation::IND::SH.STA.ODFC.UR.ZS::2015,HAS_OBSERVATION
country::IND,observation::IND::SH.STA.MALN.ZS::2015,HAS_OBSERVATION
country::IND,observation::IND::SH.STA.HYGN.UR.ZS::2015,HAS_OBSERVATION
country::IND,observation::IND::SH.STA.BRTW.ZS::2015,HAS_OBSERVATION
country::IND,observation::IND::SH.STA.BASS.UR.ZS::2015,HAS_OBSERVATION
country::IND,observation::IND::SH.SGR.IRSK.ZS::2015,HAS_OBSERVATION
country::IND,observation::IND::SH.PRV.SMOK::2015,HAS_OBSERVATION
country::IND,observation::IND::SH.MMR.DTHS::2015,HAS_OBSERVATION
country::IND,observation::IND::SH.MED.BEDS.ZS::2015,HAS_OBSERVATION
country::IND,observation::IND::SH.H2O.SMDW.ZS::2015,HAS_OBSERVATION
country::IND,observation::IND::SH.H2O.BASW.UR.ZS::2015,HAS_OBSERVATION
country::IND,observation::IND::SH.DYN.NCOM.ZS::2015,HAS_OBSERVATION
country::IND,observation::IND::SH.DYN.MORT.FE::2015,HAS_OBSERVATION
country::IND,observation::IND::SH.DYN.2024::2015,HAS_OBSERVATION
country::IND,observation::IND::SH.DTH.OCVD.ZS::2015,HAS_OBSERVATION
country::IND,observation::IND::SH.DTH.INJR.ZS::2015,HAS_OBSERVATION
country::IND,observation::IND::SH.DTH.1519::2015,HAS_OBSERVATION
country::IND,observation::IND::SH.ALC.PCAP.MA.LI::2015,HAS_OBSERVATION
country::IND,observation::IND::SG.GEN.PARL.ZS::2015,HAS_OBSERVATION
country::IND,observation::IND::SE.XPD.TOTL.GB.ZS::2015,HAS_OBSERVATION
country::IND,observation::IND::SE.TER.ENRR.MA::2015,HAS_OBSERVATION
country::IND,observation::IND::DC.DAC.FRAL.CD::2015,HAS_OBSERVATION
country::IND,observation::IND::DC.DAC.DNKL.CD::2015,HAS_OBSERVATION
country::IND,observation::IND::DC.DAC.CECL.CD::2015,HAS_OBSERVATION
country::IND,observation::IND::DC.DAC.AUSL.CD::2015,HAS_OBSERVATION
country::IND,observation::IND::CM.MKT.LDOM.NO::2015,HAS_OBSERVATION
country::IND,observation::IND::BX.TRF.PWKR.DT.GD.ZS::2015,HAS_OBSERVATION
country::IND,observation::IND::BX.PEF.TOTL.CD.WD::2015,HAS_OBSERVATION
country::IND,observation::IND::BX.GSR.TRAN.ZS::2015,HAS_OBSERVATION
country::IND,observation::IND::BX.GSR.MRCH.CD::2015,HAS_OBSERVATION
country::IND,observation::IND::BX.GSR.CMCP.ZS::2015,HAS_OBSERVATION
country::IND,observation::IND::BX.GRT.EXTA.CD.WD::2015,HAS_OBSERVATION
country::IND,observation::IND::BN.KLT.PTXL.CD::2015,HAS_OBSERVATION
country::IND,observation::IND::BN.GSR.GNFS.CD::2015,HAS_OBSERVATION
country::IND,observation::IND::BN.CAB.XOKA.CD::2015,HAS_OBSERVATION
country::IND,observation::IND::BM.KLT.DINV.CD.WD::2015,HAS_OBSERVATION
country::IND,observation::IND::BM.GSR.ROYL.CD::2015,HAS_OBSERVATION
country::IND,observation::IND::BM.GSR.GNFS.CD::2015,HAS_OBSERVATION
country::IND,observation::IND::AG.YLD.CREL.KG::2015,HAS_OBSERVATION
country::IND,observation::IND::AG.PRD.CROP.XD::2015,HAS_OBSERVATION
country::IND,observation::IND::AG.LND.TOTL.K2::2015,HAS_OBSERVATION
country::IND,observation::IND::AG.LND.FRST.K2::2015,HAS_OBSERVATION
country::IND,observation::IND::AG.LND.EL5M.RU.ZS::2015,HAS_OBSERVATION
country::IND,observation::IND::AG.LND.ARBL.ZS::2015,HAS_OBSERVATION
country::IND,observation::IND::AG.LND.AGRI.K2::2015,HAS_OBSERVATION
country::IND,observation::IND::SH.STA.STNT.ZS::2015,HAS_OBSERVATION
country::IND,observation::IND::SH.STA.STNT.MA.ZS::2015,HAS_OBSERVATION
country::IND,observation::IND::SH.STA.SMSS.RU.ZS::2015,HAS_OBSERVATION
country::IND,observation::IND::SH.STA.OWGH.ZS::2015,HAS_OBSERVATION
country::IND,observation::IND::SH.STA.OWGH.MA.ZS::2015,HAS_OBSERVATION
country::IND,observation::IND::SH.STA.ODFC.ZS::2015,HAS_OBSERVATION
country::IND,observation::IND::SH.STA.MMRT::2015,HAS_OBSERVATION
country::IND,observation::IND::SH.STA.HYGN.ZS::2015,HAS_OBSERVATION
country::IND,observation::IND::SH.STA.BASS.ZS::2015,HAS_OBSERVATION
country::IND,observation::IND::SH.PRV.SMOK.FE::2015,HAS_OBSERVATION
country::IND,observation::IND::SH.MMR.RISK::2015,HAS_OBSERVATION
country::IND,observation::IND::SH.MLR.INCD.P3::2015,HAS_OBSERVATION
country::IND,observation::IND::SH.IMM.HEPB::2015,HAS_OBSERVATION
country::IND,observation::IND::SH.H2O.BASW.ZS::2015,HAS_OBSERVATION
country::IND,observation::IND::SH.DYN.NMRT::2015,HAS_OBSERVATION
country::IND,observation::IND::SH.DYN.MORT.MA::2015,HAS_OBSERVATION
country::IND,observation::IND::SH.DYN.AIDS.FE.ZS::2015,HAS_OBSERVATION
country::IND,observation::IND::SH.DYN.0509::2015,HAS_OBSERVATION
country::IND,observation::IND::SH.DTH.MORT::2015,HAS_OBSERVATION
country::IND,observation::IND::SH.DTH.2024::2015,HAS_OBSERVATION
country::IND,observation::IND::SH.ANM.ALLW.ZS::2015,HAS_OBSERVATION
country::IND,observation::IND::SE.XPD.TOTL.GD.ZS::2015,HAS_OBSERVATION
country::IND,observation::IND::SE.TER.TCHR.FE.ZS::2015,HAS_OBSERVATION
country::IND,observation::IND::SE.TER.ENRL.TC.ZS::2015,HAS_OBSERVATION
country::IND,observation::IND::SE.SEC.TCHR.FE.ZS::2015,HAS_OBSERVATION
country::IND,observation::IND::SE.SEC.PROG.ZS::2015,HAS_OBSERVATION
country::IND,observation::IND::DC.DAC.AUTL.CD::2015,HAS_OBSERVATION
country::IND,observation::IND::CM.MKT.TRAD.CD::2015,HAS_OBSERVATION
country::IND,observation::IND::CM.MKT.INDX.ZG::2015,HAS_OBSERVATION
country::IND,observation::IND::BX.TRF.CURR.CD::2015,HAS_OBSERVATION
country::IND,observation::IND::BX.GSR.TRVL.ZS::2015,HAS_OBSERVATION
country::IND,observation::IND::BX.GSR.NFSV.CD::2015,HAS_OBSERVATION
country::IND,observation::IND::BX.GSR.FCTY.CD::2015,HAS_OBSERVATION
country::IND,observation::IND::BX.GRT.TECH.CD.WD::2015,HAS_OBSERVATION
country::IND,observation::IND::BN.RES.INCL.CD::2015,HAS_OBSERVATION
country::IND,observation::IND::BN.GSR.MRCH.CD::2015,HAS_OBSERVATION
country::IND,observation::IND::BN.CAB.XOKA.GD.ZS::2015,HAS_OBSERVATION
country::IND,observation::IND::BM.KLT.DINV.WD.GD.ZS::2015,HAS_OBSERVATION
country::IND,observation::IND::BM.GSR.TOTL.CD::2015,HAS_OBSERVATION
country::IND,observation::IND::BM.GSR.INSF.ZS::2015,HAS_OBSERVATION
country::IND,observation::IND::BG.GSR.NFSV.GD.ZS::2015,HAS_OBSERVATION
country::IND,observation::IND::AG.PRD.FOOD.XD::2015,HAS_OBSERVATION
country::IND,observation::IND::AG.LND.TOTL.RU.K2::2015,HAS_OBSERVATION
country::IND,observation::IND::AG.LND.FRST.ZS::2015,HAS_OBSERVATION
country::IND,observation::IND::AG.LND.EL5M.UR.K2::2015,HAS_OBSERVATION
country::IND,observation::IND::AG.LND.CREL.HA::2015,HAS_OBSERVATION
country::IND,observation::IND::AG.LND.AGRI.ZS::2015,HAS_OBSERVATION
country::IND,observation::IND::SE.SEC.PROG.FE.ZS::2015,HAS_OBSERVATION
country::IND,observation::IND::SE.SEC.ENRL.VO.FE.ZS::2015,HAS_OBSERVATION
country::IND,observation::IND::SE.SEC.ENRL.LO.TC.ZS::2015,HAS_OBSERVATION
country::IND,observation::IND::SE.SEC.ENRL::2015,HAS_OBSERVATION
country::IND,observation::IND::SE.SEC.CMPT.LO.MA.ZS::2015,HAS_OBSERVATION
country::IND,observation::IND::SE.PRM.TCHR.FE.ZS::2015,HAS_OBSERVATION
country::IND,observation::IND::SE.PRM.PRSL.ZS::2015,HAS_OBSERVATION
country::IND,observation::IND::SE.PRM.PRS5.MA.ZS::2015,HAS_OBSERVATION
country::IND,observation::IND::SE.PRM.NINT.FE.ZS::2015,HAS_OBSERVATION
country::IND,observation::IND::SE.PRM.GINT.ZS::2015,HAS_OBSERVATION
country::IND,observation::IND::SE.PRM.ENRR.FE::2015,HAS_OBSERVATION
country::IND,observation::IND::SE.PRM.ENRL::2015,HAS_OBSERVATION
country::IND,observation::IND::SE.PRM.AGES::2015,HAS_OBSERVATION
country::IND,observation::IND::SE.PRE.DURS::2015,HAS_OBSERVATION
country::IND,observation::IND::SE.ENR.PRSC.FM.ZS::2015,HAS_OBSERVATION
country::IND,observation::IND::PA.NUS.PPP::2015,HAS_OBSERVATION
country::IND,observation::IND::NY.TTF.GNFS.KN::2015,HAS_OBSERVATION
country::IND,observation::IND::NY.TAX.NIND.KN::2015,HAS_OBSERVATION
country::IND,observation::IND::NY.GSR.NFCY.CN::2015,HAS_OBSERVATION
country::IND,observation::IND::NY.GNS.ICTR.CN::2015,HAS_OBSERVATION
country::IND,observation::IND::NY.GNP.PCAP.KN::2015,HAS_OBSERVATION
country::IND,observation::IND::SE.SEC.PRIV.ZS::2015,HAS_OBSERVATION
country::IND,observation::IND::SE.SEC.ENRR.MA::2015,HAS_OBSERVATION
country::IND,observation::IND::SE.SEC.ENRL.VO::2015,HAS_OBSERVATION
country::IND,observation::IND::SE.SEC.ENRL.GC.FE.ZS::2015,HAS_OBSERVATION
country::IND,observation::IND::SE.SEC.DURS::2015,HAS_OBSERVATION
country::IND,observation::IND::SE.SEC.CMPT.LO.FE.ZS::2015,HAS_OBSERVATION
country::IND,observation::IND::SE.PRM.TCHR::2015,HAS_OBSERVATION
country::IND,observation::IND::SE.PRM.REPT.ZS::2015,HAS_OBSERVATION
country::IND,observation::IND::SE.PRM.PRSL.MA.ZS::2015,HAS_OBSERVATION
country::IND,observation::IND::SE.PRM.PRS5.FE.ZS::2015,HAS_OBSERVATION
country::IND,observation::IND::SE.PRM.GINT.MA.ZS::2015,HAS_OBSERVATION
country::IND,observation::IND::SE.PRM.ENRR::2015,HAS_OBSERVATION
country::IND,observation::IND::SE.PRM.DURS::2015,HAS_OBSERVATION
country::IND,observation::IND::SE.PRM.CMPT.ZS::2015,HAS_OBSERVATION
country::IND,observation::IND::SE.ENR.PRIM.FM.ZS::2015,HAS_OBSERVATION
country::IND,observation::IND::PA.NUS.GDP.PLI::2015,HAS_OBSERVATION
country::IND,observation::IND::NY.TAX.NIND.CN::2015,HAS_OBSERVATION
country::IND,observation::IND::NY.GSR.NFCY.CD::2015,HAS_OBSERVATION
country::IND,observation::IND::SE.SEC.TCHR.FE::2015,HAS_OBSERVATION
country::IND,observation::IND::SE.SEC.PROG.MA.ZS::2015,HAS_OBSERVATION
country::IND,observation::IND::SE.SEC.ENRR::2015,HAS_OBSERVATION
country::IND,observation::IND::SE.SEC.ENRL.TC.ZS::2015,HAS_OBSERVATION
country::IND,observation::IND::SE.SEC.ENRL.FE.ZS::2015,HAS_OBSERVATION
country::IND,observation::IND::SE.SEC.CMPT.LO.ZS::2015,HAS_OBSERVATION
country::IND,observation::IND::SE.PRM.REPT.FE.ZS::2015,HAS_OBSERVATION
country::IND,observation::IND::SE.PRM.PRS5.ZS::2015,HAS_OBSERVATION
country::IND,observation::IND::SE.PRM.NINT.MA.ZS::2015,HAS_OBSERVATION
country::IND,observation::IND::SE.PRM.ENRR.MA::2015,HAS_OBSERVATION
country::IND,observation::IND::SE.PRM.ENRL.FE.ZS::2015,HAS_OBSERVATION
country::IND,observation::IND::SE.PRM.CMPT.FE.ZS::2015,HAS_OBSERVATION
country::IND,observation::IND::SE.PRE.ENRL.TC.ZS::2015,HAS_OBSERVATION
country::IND,observation::IND::SE.ENR.SECO.FM.ZS::2015,HAS_OBSERVATION
country::IND,observation::IND::PA.NUS.PRVT.PLI::2015,HAS_OBSERVATION
country::IND,observation::IND::PA.NUS.ATLS::2015,HAS_OBSERVATION
country::IND,observation::IND::NY.TRF.NCTR.CD::2015,HAS_OBSERVATION
country::IND,observation::IND::SE.SEC.ENRR.FE::2015,HAS_OBSERVATION
country::IND,observation::IND::SE.SEC.ENRL.UP.TC.ZS::2015,HAS_OBSERVATION
country::IND,observation::IND::SE.SEC.ENRL.GC::2015,HAS_OBSERVATION
country::IND,observation::IND::SE.SEC.AGES::2015,HAS_OBSERVATION
country::IND,observation::IND::SE.PRM.REPT.MA.ZS::2015,HAS_OBSERVATION
country::IND,observation::IND::SE.PRM.PRSL.FE.ZS::2015,HAS_OBSERVATION
country::IND,observation::IND::SE.PRM.PRIV.ZS::2015,HAS_OBSERVATION
country::IND,observation::IND::SE.PRM.NINT.ZS::2015,HAS_OBSERVATION
country::IND,observation::IND::SE.PRM.GINT.FE.ZS::2015,HAS_OBSERVATION
country::IND,observation::IND::SE.PRM.ENRL.TC.ZS::2015,HAS_OBSERVATION
country::IND,observation::IND::SE.PRM.CMPT.MA.ZS::2015,HAS_OBSERVATION
country::IND,observation::IND::SE.ENR.TERT.FM.ZS::2015,HAS_OBSERVATION
country::IND,observation::IND::SE.COM.DURS::2015,HAS_OBSERVATION
country::IND,observation::IND::PA.NUS.PRVT.PP::2015,HAS_OBSERVATION
country::IND,observation::IND::PA.NUS.FCRF::2015,HAS_OBSERVATION
country::IND,observation::IND::NY.TRF.NCTR.CN::2015,HAS_OBSERVATION
country::IND,observation::IND::NY.TAX.NIND.CD::2015,HAS_OBSERVATION
country::IND,observation::IND::NY.GNS.ICTR.ZS::2015,HAS_OBSERVATION
country::IND,observation::IND::NY.GNP.PCAP.CD::2015,HAS_OBSERVATION
country::IND,observation::IND::NY.GNP.MKTP.KD.ZG::2015,HAS_OBSERVATION
country::IND,observation::IND::NY.GNP.MKTP.CD::2015,HAS_OBSERVATION
country::IND,observation::IND::NY.GDS.TOTL.CN::2015,HAS_OBSERVATION
country::IND,observation::IND::NY.GDP.PCAP.PP.KD::2015,HAS_OBSERVATION
country::IND,observation::IND::NY.GDP.PCAP.KD::2015,HAS_OBSERVATION
country::IND,observation::IND::NY.GDP.MKTP.PP.KD::2015,HAS_OBSERVATION
country::IND,observation::IND::NY.GDP.MKTP.KD::2015,HAS_OBSERVATION
country::IND,observation::IND::NY.GDP.MINR.RT.ZS::2015,HAS_OBSERVATION
country::IND,observation::IND::NY.GDP.FCST.CN::2015,HAS_OBSERVATION
country::IND,observation::IND::NY.GDP.DEFL.ZS.AD::2015,HAS_OBSERVATION
country::IND,observation::IND::NY.GDP.COAL.RT.ZS::2015,HAS_OBSERVATION
country::IND,observation::IND::NY.ADJ.SVNG.GN.ZS::2015,HAS_OBSERVATION
country::IND,observation::IND::NY.ADJ.NNTY.PC.CD::2015,HAS_OBSERVATION
country::IND,observation::IND::NY.ADJ.NNAT.GN.ZS::2015,HAS_OBSERVATION
country::IND,observation::IND::NY.ADJ.DPEM.GN.ZS::2015,HAS_OBSERVATION
country::IND,observation::IND::NY.ADJ.DMIN.GN.ZS::2015,HAS_OBSERVATION
country::IND,observation::IND::NY.ADJ.DFOR.GN.ZS::2015,HAS_OBSERVATION
country::IND,observation::IND::NY.ADJ.AEDU.GN.ZS::2015,HAS_OBSERVATION
country::IND,observation::IND::NV.SRV.TOTL.KD.ZG::2015,HAS_OBSERVATION
country::IND,observation::IND::NV.SRV.EMPL.KD::2015,HAS_OBSERVATION
country::IND,observation::IND::NV.MNF.MTRN.ZS.UN::2015,HAS_OBSERVATION
country::IND,observation::IND::NV.IND.TOTL.KN::2015,HAS_OBSERVATION
country::IND,observation::IND::NV.IND.TOTL.CD::2015,HAS_OBSERVATION
country::IND,observation::IND::NV.IND.MANF.KD::2015,HAS_OBSERVATION
country::IND,observation::IND::NV.AGR.TOTL.KD.ZG::2015,HAS_OBSERVATION
country::IND,observation::IND::NV.AGR.EMPL.KD::2015,HAS_OBSERVATION
country::IND,observation::IND::NE.RSB.GNFS.CN::2015,HAS_OBSERVATION
country::IND,observation::IND::NE.IMP.GNFS.KD.ZG::2015,HAS_OBSERVATION
country::IND,observation::IND::NE.GDI.TOTL.ZS::2015,HAS_OBSERVATION
country::IND,observation::IND::NY.GNS.ICTR.CD::2015,HAS_OBSERVATION
country::IND,observation::IND::NY.GNP.PCAP.KD.ZG::2015,HAS_OBSERVATION
country::IND,observation::IND::NY.GNP.MKTP.PP.KD::2015,HAS_OBSERVATION
country::IND,observation::IND::NY.GNP.MKTP.KD::2015,HAS_OBSERVATION
country::IND,observation::IND::NY.GNP.ATLS.CD::2015,HAS_OBSERVATION
country::IND,observation::IND::NY.GDS.TOTL.CD::2015,HAS_OBSERVATION
country::IND,observation::IND::NY.GDP.PCAP.PP.CD::2015,HAS_OBSERVATION
country::IND,observation::IND::NY.GDP.PCAP.CN::2015,HAS_OBSERVATION
country::IND,observation::IND::NY.GDP.MKTP.PP.CD::2015,HAS_OBSERVATION
country::IND,observation::IND::NY.GDP.MKTP.CN.AD::2015,HAS_OBSERVATION
country::IND,observation::IND::NY.GDP.FRST.RT.ZS::2015,HAS_OBSERVATION
country::IND,observation::IND::NY.GDP.FCST.CD::2015,HAS_OBSERVATION
country::IND,observation::IND::NY.GDP.DEFL.ZS::2015,HAS_OBSERVATION
country::IND,observation::IND::NY.EXP.CAPM.KN::2015,HAS_OBSERVATION
country::IND,observation::IND::NY.ADJ.SVNG.CD::2015,HAS_OBSERVATION
country::IND,observation::IND::NY.ADJ.NNTY.KD.ZG::2015,HAS_OBSERVATION
country::IND,observation::IND::NY.ADJ.NNAT.CD::2015,HAS_OBSERVATION
country::IND,observation::IND::NY.ADJ.DPEM.CD::2015,HAS_OBSERVATION
country::IND,observation::IND::NY.ADJ.DMIN.CD::2015,HAS_OBSERVATION
country::IND,observation::IND::NY.ADJ.DFOR.CD::2015,HAS_OBSERVATION
country::IND,observation::IND::NY.ADJ.AEDU.CD::2015,HAS_OBSERVATION
country::IND,observation::IND::NV.SRV.TOTL.KD::2015,HAS_OBSERVATION
country::IND,observation::IND::NV.MNF.TXTL.ZS.UN::2015,HAS_OBSERVATION
country::IND,observation::IND::NV.MNF.FBTO.ZS.UN::2015,HAS_OBSERVATION
country::IND,observation::IND::NV.IND.TOTL.KD.ZG::2015,HAS_OBSERVATION
country::IND,observation::IND::NV.IND.MANF.ZS::2015,HAS_OBSERVATION
country::IND,observation::IND::NV.IND.MANF.CN::2015,HAS_OBSERVATION
country::IND,observation::IND::NV.AGR.TOTL.KD::2015,HAS_OBSERVATION
country::IND,observation::IND::NE.TRD.GNFS.ZS::2015,HAS_OBSERVATION
country::IND,observation::IND::NE.RSB.GNFS.CD::2015,HAS_OBSERVATION
country::IND,observation::IND::NY.GNS.ICTR.GN.ZS::2015,HAS_OBSERVATION
country::IND,observation::IND::NY.GNP.PCAP.PP.CD::2015,HAS_OBSERVATION
country::IND,observation::IND::NY.GNP.PCAP.CN::2015,HAS_OBSERVATION
country::IND,observation::IND::NY.GNP.MKTP.KN::2015,HAS_OBSERVATION
country::IND,observation::IND::NY.GNP.MKTP.CN::2015,HAS_OBSERVATION
country::IND,observation::IND::NY.GDS.TOTL.ZS::2015,HAS_OBSERVATION
country::IND,observation::IND::NY.GDP.PETR.RT.ZS::2015,HAS_OBSERVATION
country::IND,observation::IND::NY.GDP.PCAP.KD.ZG::2015,HAS_OBSERVATION
country::IND,observation::IND::NY.GDP.NGAS.RT.ZS::2015,HAS_OBSERVATION
country::IND,observation::IND::NY.GDP.MKTP.KD.ZG::2015,HAS_OBSERVATION
country::IND,observation::IND::NY.GDP.MKTP.CD::2015,HAS_OBSERVATION
country::IND,observation::IND::NY.GDP.FCST.KD::2015,HAS_OBSERVATION
country::IND,observation::IND::NY.GDP.DISC.CN::2015,HAS_OBSERVATION
country::IND,observation::IND::NY.GDP.DEFL.KD.ZG::2015,HAS_OBSERVATION
country::IND,observation::IND::NY.ADJ.SVNX.CD::2015,HAS_OBSERVATION
country::IND,observation::IND::NY.ADJ.NNTY.PC.KD::2015,HAS_OBSERVATION
country::IND,observation::IND::NY.ADJ.NNTY.CD::2015,HAS_OBSERVATION
country::IND,observation::IND::NY.ADJ.DRES.GN.ZS::2015,HAS_OBSERVATION
country::IND,observation::IND::NY.ADJ.DNGY.CD::2015,HAS_OBSERVATION
country::IND,observation::IND::NY.ADJ.DKAP.CD::2015,HAS_OBSERVATION
country::IND,observation::IND::NY.ADJ.DCO2.CD::2015,HAS_OBSERVATION
country::IND,observation::IND::NV.SRV.TOTL.KN::2015,HAS_OBSERVATION
country::IND,observation::IND::NV.SRV.TOTL.CD::2015,HAS_OBSERVATION
country::IND,observation::IND::NV.MNF.OTHR.ZS.UN::2015,HAS_OBSERVATION
country::IND,observation::IND::NV.IND.TOTL.ZS::2015,HAS_OBSERVATION
country::IND,observation::IND::NV.IND.TOTL.CN::2015,HAS_OBSERVATION
country::IND,observation::IND::NV.IND.MANF.KD.ZG::2015,HAS_OBSERVATION
country::IND,observation::IND::NV.IND.EMPL.KD::2015,HAS_OBSERVATION
country::IND,observation::IND::NV.AGR.TOTL.KN::2015,HAS_OBSERVATION
country::IND,observation::IND::NV.AGR.TOTL.CD::2015,HAS_OBSERVATION
country::IND,observation::IND::NE.RSB.GNFS.KN::2015,HAS_OBSERVATION
country::IND,observation::IND::NE.IMP.GNFS.KN::2015,HAS_OBSERVATION
country::IND,observation::IND::NY.GNP.PCAP.PP.KD::2015,HAS_OBSERVATION
country::IND,observation::IND::NY.GNP.PCAP.KD::2015,HAS_OBSERVATION
country::IND,observation::IND::NY.GNP.MKTP.PP.CD::2015,HAS_OBSERVATION
country::IND,observation::IND::NY.GNP.MKTP.CN.AD::2015,HAS_OBSERVATION
country::IND,observation::IND::NY.GDY.TOTL.KN::2015,HAS_OBSERVATION
country::IND,observation::IND::NY.GDP.TOTL.RT.ZS::2015,HAS_OBSERVATION
country::IND,observation::IND::NY.GDP.PCAP.KN::2015,HAS_OBSERVATION
country::IND,observation::IND::NY.GDP.PCAP.CD::2015,HAS_OBSERVATION
country::IND,observation::IND::NY.GDP.MKTP.KN::2015,HAS_OBSERVATION
country::IND,observation::IND::NY.GDP.MKTP.CN::2015,HAS_OBSERVATION
country::IND,observation::IND::NY.GDP.FCST.KN::2015,HAS_OBSERVATION
country::IND,observation::IND::NY.GDP.DISC.KN::2015,HAS_OBSERVATION
country::IND,observation::IND::NY.GDP.DEFL.KD.ZG.AD::2015,HAS_OBSERVATION
country::IND,observation::IND::NY.ADJ.SVNX.GN.ZS::2015,HAS_OBSERVATION
country::IND,observation::IND::NY.ADJ.NNTY.PC.KD.ZG::2015,HAS_OBSERVATION
country::IND,observation::IND::NY.ADJ.NNTY.KD::2015,HAS_OBSERVATION
country::IND,observation::IND::NY.ADJ.ICTR.GN.ZS::2015,HAS_OBSERVATION
country::IND,observation::IND::NY.ADJ.DNGY.GN.ZS::2015,HAS_OBSERVATION
country::IND,observation::IND::NY.ADJ.DKAP.GN.ZS::2015,HAS_OBSERVATION
country::IND,observation::IND::NY.ADJ.DCO2.GN.ZS::2015,HAS_OBSERVATION
country::IND,observation::IND::NV.SRV.TOTL.ZS::2015,HAS_OBSERVATION
country::IND,observation::IND::NV.SRV.TOTL.CN::2015,HAS_OBSERVATION
country::IND,observation::IND::NV.MNF.TECH.ZS.UN::2015,HAS_OBSERVATION
country::IND,observation::IND::NV.MNF.CHEM.ZS.UN::2015,HAS_OBSERVATION
country::IND,observation::IND::NV.IND.TOTL.KD::2015,HAS_OBSERVATION
country::IND,observation::IND::NV.IND.MANF.KN::2015,HAS_OBSERVATION
country::IND,observation::IND::NV.IND.MANF.CD::2015,HAS_OBSERVATION
country::IND,observation::IND::NV.AGR.TOTL.ZS::2015,HAS_OBSERVATION
country::IND,observation::IND::NE.GDI.TOTL.CN::2015,HAS_OBSERVATION
country::IND,observation::IND::NE.GDI.STKB.CD::2015,HAS_OBSERVATION
country::IND,observation::IND::NE.GDI.FTOT.KD::2015,HAS_OBSERVATION
country::IND,observation::IND::NE.GDI.FPRV.CN::2015,HAS_OBSERVATION
country::IND,observation::IND::NE.EXP.GNFS.KD::2015,HAS_OBSERVATION
country::IND,observation::IND::NE.DAB.TOTL.KN::2015,HAS_OBSERVATION
country::IND,observation::IND::NE.DAB.DEFL.ZS::2015,HAS_OBSERVATION
country::IND,observation::IND::NE.CON.TOTL.KD::2015,HAS_OBSERVATION
country::IND,observation::IND::NE.CON.PRVT.PP.KD::2015,HAS_OBSERVATION
country::IND,observation::IND::NE.CON.PRVT.KN::2015,HAS_OBSERVATION
country::IND,observation::IND::NE.CON.PRVT.CN::2015,HAS_OBSERVATION
country::IND,observation::IND::NE.CON.GOVT.ZS::2015,HAS_OBSERVATION
country::IND,observation::IND::NE.CON.GOVT.CN::2015,HAS_OBSERVATION
country::IND,observation::IND::MS.MIL.XPND.GD.ZS::2015,HAS_OBSERVATION
country::IND,observation::IND::MS.MIL.TOTL.P1::2015,HAS_OBSERVATION
country::IND,observation::IND::IT.NET.BBND.P2::2015,HAS_OBSERVATION
country::IND,observation::IND::IT.CEL.SETS.P2::2015,HAS_OBSERVATION
country::IND,observation::IND::IS.RRS.TOTL.KM::2015,HAS_OBSERVATION
country::IND,observation::IND::IS.AIR.GOOD.MT.K1::2015,HAS_OBSERVATION
country::IND,observation::IND::IQ.SPI.PIL3::2015,HAS_OBSERVATION
country::IND,observation::IND::NE.IMP.GNFS.KD::2015,HAS_OBSERVATION
country::IND,observation::IND::NE.GDI.TOTL.KN::2015,HAS_OBSERVATION
country::IND,observation::IND::NE.GDI.TOTL.CD::2015,HAS_OBSERVATION
country::IND,observation::IND::NE.GDI.FTOT.ZS::2015,HAS_OBSERVATION
country::IND,observation::IND::NE.GDI.FTOT.CN::2015,HAS_OBSERVATION
country::IND,observation::IND::NE.EXP.GNFS.ZS::2015,HAS_OBSERVATION
country::IND,observation::IND::NE.EXP.GNFS.CN::2015,HAS_OBSERVATION
country::IND,observation::IND::NE.DAB.TOTL.KD::2015,HAS_OBSERVATION
country::IND,observation::IND::NE.CON.TOTL.ZS::2015,HAS_OBSERVATION
country::IND,observation::IND::NE.CON.TOTL.CN::2015,HAS_OBSERVATION
country::IND,observation::IND::NE.CON.PRVT.PP.CD::2015,HAS_OBSERVATION
country::IND,observation::IND::NE.CON.PRVT.KD.ZG::2015,HAS_OBSERVATION
country::IND,observation::IND::NE.CON.PRVT.CD::2015,HAS_OBSERVATION
country::IND,observation::IND::NE.CON.GOVT.KN::2015,HAS_OBSERVATION
country::IND,observation::IND::NE.CON.GOVT.CD::2015,HAS_OBSERVATION
country::IND,observation::IND::MS.MIL.XPND.CN::2015,HAS_OBSERVATION
country::IND,observation::IND::MS.MIL.MPRT.KD::2015,HAS_OBSERVATION
country::IND,observation::IND::IT.NET.BBND::2015,HAS_OBSERVATION
country::IND,observation::IND::IT.CEL.SETS::2015,HAS_OBSERVATION
country::IND,observation::IND::IS.RRS.PASG.KM::2015,HAS_OBSERVATION
country::IND,observation::IND::IS.AIR.DPRT::2015,HAS_OBSERVATION
country::IND,observation::IND::NE.IMP.GNFS.CD::2015,HAS_OBSERVATION
country::IND,observation::IND::NE.GDI.TOTL.KD::2015,HAS_OBSERVATION
country::IND,observation::IND::NE.GDI.STKB.CN::2015,HAS_OBSERVATION
country::IND,observation::IND::NE.GDI.FTOT.KD.ZG::2015,HAS_OBSERVATION
country::IND,observation::IND::NE.GDI.FPRV.ZS::2015,HAS_OBSERVATION
country::IND,observation::IND::NE.EXP.GNFS.KD.ZG::2015,HAS_OBSERVATION
country::IND,observation::IND::NE.DAB.TOTL.ZS::2015,HAS_OBSERVATION
country::IND,observation::IND::NE.DAB.TOTL.CD::2015,HAS_OBSERVATION
country::IND,observation::IND::NE.CON.TOTL.KD.ZG::2015,HAS_OBSERVATION
country::IND,observation::IND::NE.CON.PRVT.ZS::2015,HAS_OBSERVATION
country::IND,observation::IND::NE.CON.PRVT.PC.KD::2015,HAS_OBSERVATION
country::IND,observation::IND::NE.CON.PRVT.CN.AD::2015,HAS_OBSERVATION
country::IND,observation::IND::NE.CON.PCAP.PP.CD::2015,HAS_OBSERVATION
country::IND,observation::IND::NE.CON.GOVT.KD::2015,HAS_OBSERVATION
country::IND,observation::IND::MS.MIL.XPND.ZS::2015,HAS_OBSERVATION
country::IND,observation::IND::MS.MIL.TOTL.TF.ZS::2015,HAS_OBSERVATION
country::IND,observation::IND::IT.NET.USER.ZS::2015,HAS_OBSERVATION
country::IND,observation::IND::IT.NET.SECR::2015,HAS_OBSERVATION
country::IND,observation::IND::IT.MLT.MAIN::2015,HAS_OBSERVATION
country::IND,observation::IND::IS.SHP.GCNW.XQ::2015,HAS_OBSERVATION
country::IND,observation::IND::IS.AIR.PSGR::2015,HAS_OBSERVATION
country::IND,observation::IND::IQ.SPI.PIL4::2015,HAS_OBSERVATION
country::IND,observation::IND::NV.AGR.TOTL.CN::2015,HAS_OBSERVATION
country::IND,observation::IND::NE.RSB.GNFS.ZS::2015,HAS_OBSERVATION
country::IND,observation::IND::NE.IMP.GNFS.ZS::2015,HAS_OBSERVATION
country::IND,observation::IND::NE.IMP.GNFS.CN::2015,HAS_OBSERVATION
country::IND,observation::IND::NE.GDI.TOTL.KD.ZG::2015,HAS_OBSERVATION
country::IND,observation::IND::NE.GDI.STKB.KN::2015,HAS_OBSERVATION
country::IND,observation::IND::NE.GDI.FTOT.KN::2015,HAS_OBSERVATION
country::IND,observation::IND::NE.GDI.FTOT.CD::2015,HAS_OBSERVATION
country::IND,observation::IND::NE.EXP.GNFS.KN::2015,HAS_OBSERVATION
country::IND,observation::IND::NE.EXP.GNFS.CD::2015,HAS_OBSERVATION
country::IND,observation::IND::NE.DAB.TOTL.CN::2015,HAS_OBSERVATION
country::IND,observation::IND::NE.CON.TOTL.KN::2015,HAS_OBSERVATION
country::IND,observation::IND::NE.CON.TOTL.CD::2015,HAS_OBSERVATION
country::IND,observation::IND::NE.CON.PRVT.PC.KD.ZG::2015,HAS_OBSERVATION
country::IND,observation::IND::NE.CON.PRVT.KD::2015,HAS_OBSERVATION
country::IND,observation::IND::NE.CON.PCAP.PP.KD::2015,HAS_OBSERVATION
country::IND,observation::IND::NE.CON.GOVT.KD.ZG::2015,HAS_OBSERVATION
country::IND,observation::IND::MS.MIL.XPRT.KD::2015,HAS_OBSERVATION
country::IND,observation::IND::MS.MIL.XPND.CD::2015,HAS_OBSERVATION
country::IND,observation::IND::IT.NET.SECR.P6::2015,HAS_OBSERVATION
country::IND,observation::IND::IT.MLT.MAIN.P2::2015,HAS_OBSERVATION
country::IND,observation::IND::IS.SHP.GOOD.TU::2015,HAS_OBSERVATION
country::IND,observation::IND::IS.RRS.GOOD.MT.K6::2015,HAS_OBSERVATION
country::IND,observation::IND::IQ.SPI.PIL1::2015,HAS_OBSERVATION
country::IND,observation::IND::VC.IHR.PSRC.P5::2015,HAS_OBSERVATION
country::IND,observation::IND::VC.IDP.NWCV::2015,HAS_OBSERVATION
country::IND,observation::IND::TX.VAL.TECH.MF.ZS::2015,HAS_OBSERVATION
country::IND,observation::IND::TX.VAL.MRCH.XD.WD::2015,HAS_OBSERVATION
country::IND,observation::IND::TX.VAL.MRCH.R6.ZS::2015,HAS_OBSERVATION
country::IND,observation::IND::TX.VAL.MRCH.R2.ZS::2015,HAS_OBSERVATION
country::IND,observation::IND::TX.VAL.MRCH.CD.WT::2015,HAS_OBSERVATION
country::IND,observation::IND::TX.VAL.INSF.ZS.WT::2015,HAS_OBSERVATION
country::IND,observation::IND::TX.VAL.AGRI.ZS.UN::2015,HAS_OBSERVATION
country::IND,observation::IND::TT.PRI.MRCH.XD.WD::2015,HAS_OBSERVATION
country::IND,observation::IND::TM.VAL.OTHR.ZS.WT::2015,HAS_OBSERVATION
country::IND,observation::IND::TM.VAL.MRCH.RS.ZS::2015,HAS_OBSERVATION
country::IND,observation::IND::TM.VAL.MRCH.R3.ZS::2015,HAS_OBSERVATION
country::IND,observation::IND::TM.VAL.MRCH.HI.ZS::2015,HAS_OBSERVATION
country::IND,observation::IND::TM.VAL.MANF.ZS.UN::2015,HAS_OBSERVATION
country::IND,observation::IND::TM.VAL.FOOD.ZS.UN::2015,HAS_OBSERVATION
country::IND,observation::IND::TM.TAX.TCOM.WM.AR.ZS::2015,HAS_OBSERVATION
country::IND,observation::IND::TM.TAX.TCOM.BC.ZS::2015,HAS_OBSERVATION
country::IND,observation::IND::TM.TAX.MRCH.SM.AR.ZS::2015,HAS_OBSERVATION
country::IND,observation::IND::TM.TAX.MANF.WM.AR.ZS::2015,HAS_OBSERVATION
country::IND,observation::IND::TM.TAX.MANF.BC.ZS::2015,HAS_OBSERVATION
country::IND,observation::IND::ST.INT.XPND.CD::2015,HAS_OBSERVATION
country::IND,observation::IND::ST.INT.TRNR.CD::2015,HAS_OBSERVATION
country::IND,observation::IND::ST.INT.ARVL::2015,HAS_OBSERVATION
country::IND,observation::IND::SP.URB.GROW::2015,HAS_OBSERVATION
country::IND,observation::IND::SP.POP.TOTL.FE.ZS::2015,HAS_OBSERVATION
country::IND,observation::IND::SP.POP.SCIE.RD.P6::2015,HAS_OBSERVATION
country::IND,observation::IND::SP.POP.DPND::2015,HAS_OBSERVATION
country::IND,observation::IND::SP.POP.7579.MA.5Y::2015,HAS_OBSERVATION
country::IND,observation::IND::SP.POP.65UP.TO.ZS::2015,HAS_OBSERVATION
country::IND,observation::IND::SP.POP.65UP.FE.ZS::2015,HAS_OBSERVATION
country::IND,observation::IND::SP.POP.6064.MA.5Y::2015,HAS_OBSERVATION
country::IND,observation::IND::SP.POP.5054.MA.5Y::2015,HAS_OBSERVATION
country::IND,observation::IND::SP.POP.4044.MA.5Y::2015,HAS_OBSERVATION
country::IND,observation::IND::SP.POP.3034.MA.5Y::2015,HAS_OBSERVATION
country::IND,observation::IND::SP.POP.2024.MA.5Y::2015,HAS_OBSERVATION
country::IND,observation::IND::SP.POP.1564.MA.ZS::2015,HAS_OBSERVATION
country::IND,observation::IND::SP.POP.1519.MA.5Y::2015,HAS_OBSERVATION
country::IND,observation::IND::SP.POP.0509.MA.5Y::2015,HAS_OBSERVATION
country::IND,observation::IND::SP.POP.0014.MA.ZS::2015,HAS_OBSERVATION
country::IND,observation::IND::SP.POP.0004.MA.5Y::2015,HAS_OBSERVATION
country::IND,observation::IND::SP.DYN.TO65.FE.ZS::2015,HAS_OBSERVATION
country::IND,observation::IND::SP.DYN.LE00.FE.IN::2015,HAS_OBSERVATION
country::IND,observation::IND::SP.DYN.AMRT.MA::2015,HAS_OBSERVATION
country::IND,observation::IND::SM.POP.TOTL.ZS::2015,HAS_OBSERVATION
country::IND,observation::IND::DT.NFL.WHOL.CD::2015,HAS_OBSERVATION
country::IND,observation::IND::DT.NFL.UNDP.CD::2015,HAS_OBSERVATION
country::IND,observation::IND::DT.NFL.UNCF.CD::2015,HAS_OBSERVATION
country::IND,observation::IND::DT.NFL.PROP.CD::2015,HAS_OBSERVATION
country::IND,observation::IND::DT.NFL.PCBK.CD::2015,HAS_OBSERVATION
country::IND,observation::IND::DT.NFL.MOTH.CD::2015,HAS_OBSERVATION
country::IND,observation::IND::DT.NFL.BOND.CD::2015,HAS_OBSERVATION
country::IND,observation::IND::VC.IHR.PSRC.MA.P5::2015,HAS_OBSERVATION
country::IND,observation::IND::VC.BTL.DETH::2015,HAS_OBSERVATION
country::IND,observation::IND::TX.VAL.TECH.CD::2015,HAS_OBSERVATION
country::IND,observation::IND::TX.VAL.MRCH.WR.ZS::2015,HAS_OBSERVATION
country::IND,observation::IND::TX.VAL.MRCH.R5.ZS::2015,HAS_OBSERVATION
country::IND,observation::IND::TX.VAL.MRCH.R1.ZS::2015,HAS_OBSERVATION
country::IND,observation::IND::TX.VAL.MRCH.AL.ZS::2015,HAS_OBSERVATION
country::IND,observation::IND::TX.VAL.ICTG.ZS.UN::2015,HAS_OBSERVATION
country::IND,observation::IND::TX.UVI.MRCH.XD.WD::2015,HAS_OBSERVATION
country::IND,observation::IND::TM.VAL.TRVL.ZS.WT::2015,HAS_OBSERVATION
country::IND,observation::IND::TM.VAL.MRCH.XD.WD::2015,HAS_OBSERVATION
country::IND,observation::IND::TM.VAL.MRCH.R6.ZS::2015,HAS_OBSERVATION
country::IND,observation::IND::TM.VAL.MRCH.R2.ZS::2015,HAS_OBSERVATION
country::IND,observation::IND::TM.VAL.MRCH.CD.WT::2015,HAS_OBSERVATION
country::IND,observation::IND::TM.VAL.INSF.ZS.WT::2015,HAS_OBSERVATION
country::IND,observation::IND::TM.VAL.AGRI.ZS.UN::2015,HAS_OBSERVATION
country::IND,observation::IND::TM.TAX.TCOM.SM.FN.ZS::2015,HAS_OBSERVATION
country::IND,observation::IND::TM.TAX.MRCH.WM.FN.ZS::2015,HAS_OBSERVATION
country::IND,observation::IND::TM.TAX.MRCH.BR.ZS::2015,HAS_OBSERVATION
country::IND,observation::IND::TM.TAX.MANF.SM.FN.ZS::2015,HAS_OBSERVATION
country::IND,observation::IND::TM.QTY.MRCH.XD.WD::2015,HAS_OBSERVATION
country::IND,observation::IND::ST.INT.TVLX.CD::2015,HAS_OBSERVATION
country::IND,observation::IND::ST.INT.RCPT.XP.ZS::2015,HAS_OBSERVATION
country::IND,observation::IND::SP.RUR.TOTL.ZS::2015,HAS_OBSERVATION
country::IND,observation::IND::SP.POP.TOTL.FE.IN::2015,HAS_OBSERVATION
country::IND,observation::IND::SP.POP.GROW::2015,HAS_OBSERVATION
country::IND,observation::IND::SP.POP.BRTH.MF::2015,HAS_OBSERVATION
country::IND,observation::IND::SP.POP.7579.FE.5Y::2015,HAS_OBSERVATION
country::IND,observation::IND::SP.POP.65UP.TO::2015,HAS_OBSERVATION
country::IND,observation::IND::SP.POP.65UP.FE.IN::2015,HAS_OBSERVATION
country::IND,observation::IND::SP.POP.6064.FE.5Y::2015,HAS_OBSERVATION
country::IND,observation::IND::SP.POP.5054.FE.5Y::2015,HAS_OBSERVATION
country::IND,observation::IND::SP.POP.4044.FE.5Y::2015,HAS_OBSERVATION
country::IND,observation::IND::SP.POP.3034.FE.5Y::2015,HAS_OBSERVATION
country::IND,observation::IND::SP.POP.2024.FE.5Y::2015,HAS_OBSERVATION
country::IND,observation::IND::SP.POP.1564.MA.IN::2015,HAS_OBSERVATION
country::IND,observation::IND::SP.POP.1519.FE.5Y::2015,HAS_OBSERVATION
country::IND,observation::IND::SP.POP.0509.FE.5Y::2015,HAS_OBSERVATION
country::IND,observation::IND::SP.POP.0014.MA.IN::2015,HAS_OBSERVATION
country::IND,observation::IND::SP.POP.0004.FE.5Y::2015,HAS_OBSERVATION
country::IND,observation::IND::SP.DYN.TFRT.IN::2015,HAS_OBSERVATION
country::IND,observation::IND::SP.DYN.IMRT.MA.IN::2015,HAS_OBSERVATION
country::IND,observation::IND::SP.DYN.AMRT.FE::2015,HAS_OBSERVATION
country::IND,observation::IND::SN.ITK.SALT.ZS::2015,HAS_OBSERVATION
country::IND,observation::IND::SM.POP.TOTL::2015,HAS_OBSERVATION
country::IND,observation::IND::SM.POP.RHCR.EA::2015,HAS_OBSERVATION
country::IND,observation::IND::SM.POP.IDPC::2015,HAS_OBSERVATION
country::IND,observation::IND::DT.NFL.WFPG.CD::2015,HAS_OBSERVATION
country::IND,observation::IND::DT.NFL.UNFP.CD::2015,HAS_OBSERVATION
country::IND,observation::IND::DT.NFL.RDBN.CD::2015,HAS_OBSERVATION
country::IND,observation::IND::DT.NFL.PNGC.CD::2015,HAS_OBSERVATION
country::IND,observation::IND::DT.NFL.PBND.CD::2015,HAS_OBSERVATION
country::IND,observation::IND::DT.NFL.MLAT.CD::2015,HAS_OBSERVATION
country::IND,observation::IND::DT.NFL.IMFC.CD::2015,HAS_OBSERVATION
country::IND,observation::IND::DT.NFL.BLAT.CD::2015,HAS_OBSERVATION
country::IND,observation::IND::DT.DOD.MWBG.CD::2015,HAS_OBSERVATION
country::IND,observation::IND::DT.DOD.DSTC.XP.ZS::2015,HAS_OBSERVATION
country::IND,observation::IND::DT.DOD.DPNG.CD::2015,HAS_OBSERVATION
country::IND,observation::IND::DT.DOD.DECT.CD::2015,HAS_OBSERVATION
country::IND,observation::IND::VC.IDP.NWDS::2015,HAS_OBSERVATION
country::IND,observation::IND::TX.VAL.TRAN.ZS.WT::2015,HAS_OBSERVATION
country::IND,observation::IND::TX.VAL.OTHR.ZS.WT::2015,HAS_OBSERVATION
country::IND,observation::IND::TX.VAL.MRCH.RS.ZS::2015,HAS_OBSERVATION
country::IND,observation::IND::TX.VAL.MRCH.R3.ZS::2015,HAS_OBSERVATION
country::IND,observation::IND::TX.VAL.MRCH.HI.ZS::2015,HAS_OBSERVATION
country::IND,observation::IND::TX.VAL.MANF.ZS.UN::2015,HAS_OBSERVATION
country::IND,observation::IND::TX.VAL.FOOD.ZS.UN::2015,HAS_OBSERVATION
country::IND,observation::IND::TX.MNF.TECH.ZS.UN::2015,HAS_OBSERVATION
country::IND,observation::IND::TM.VAL.SERV.CD.WT::2015,HAS_OBSERVATION
country::IND,observation::IND::TM.VAL.MRCH.WL.CD::2015,HAS_OBSERVATION
country::IND,observation::IND::TM.VAL.MRCH.R4.ZS::2015,HAS_OBSERVATION
country::IND,observation::IND::TM.VAL.MRCH.OR.ZS::2015,HAS_OBSERVATION
country::IND,observation::IND::TM.VAL.MMTL.ZS.UN::2015,HAS_OBSERVATION
country::IND,observation::IND::TM.VAL.FUEL.ZS.UN::2015,HAS_OBSERVATION
country::IND,observation::IND::TM.TAX.TCOM.WM.FN.ZS::2015,HAS_OBSERVATION
country::IND,observation::IND::TM.TAX.TCOM.BR.ZS::2015,HAS_OBSERVATION
country::IND,observation::IND::TM.TAX.MRCH.SM.FN.ZS::2015,HAS_OBSERVATION
country::IND,observation::IND::TM.TAX.MANF.WM.FN.ZS::2015,HAS_OBSERVATION
country::IND,observation::IND::TM.TAX.MANF.BR.ZS::2015,HAS_OBSERVATION
country::IND,observation::IND::ST.INT.XPND.MP.ZS::2015,HAS_OBSERVATION
country::IND,observation::IND::ST.INT.TRNX.CD::2015,HAS_OBSERVATION
country::IND,observation::IND::ST.INT.DPRT::2015,HAS_OBSERVATION
country::IND,observation::IND::SP.URB.TOTL::2015,HAS_OBSERVATION
country::IND,observation::IND::SP.RUR.TOTL::2015,HAS_OBSERVATION
country::IND,observation::IND::SP.POP.TOTL.MA.IN::2015,HAS_OBSERVATION
country::IND,observation::IND::SP.POP.TECH.RD.P6::2015,HAS_OBSERVATION
country::IND,observation::IND::SP.POP.DPND.OL::2015,HAS_OBSERVATION
country::IND,observation::IND::SP.POP.80UP.FE.5Y::2015,HAS_OBSERVATION
country::IND,observation::IND::SP.POP.7074.FE.5Y::2015,HAS_OBSERVATION
country::IND,observation::IND::SP.POP.65UP.MA.IN::2015,HAS_OBSERVATION
country::IND,observation::IND::SP.POP.6569.FE.5Y::2015,HAS_OBSERVATION
country::IND,observation::IND::SP.POP.5559.FE.5Y::2015,HAS_OBSERVATION
country::IND,observation::IND::SP.POP.4549.FE.5Y::2015,HAS_OBSERVATION
country::IND,observation::IND::SP.POP.3539.FE.5Y::2015,HAS_OBSERVATION
country::IND,observation::IND::SP.POP.2529.FE.5Y::2015,HAS_OBSERVATION
country::IND,observation::IND::SP.POP.1564.TO::2015,HAS_OBSERVATION
country::IND,observation::IND::SP.POP.1564.FE.IN::2015,HAS_OBSERVATION
country::IND,observation::IND::SP.POP.1014.FE.5Y::2015,HAS_OBSERVATION
country::IND,observation::IND::SP.POP.0014.TO::2015,HAS_OBSERVATION
country::IND,observation::IND::SP.POP.0014.FE.IN::2015,HAS_OBSERVATION
country::IND,observation::IND::SP.DYN.TO65.MA.ZS::2015,HAS_OBSERVATION
country::IND,observation::IND::SP.DYN.LE00.IN::2015,HAS_OBSERVATION
country::IND,observation::IND::SP.DYN.IMRT.FE.IN::2015,HAS_OBSERVATION
country::IND,observation::IND::SP.DYN.CBRT.IN::2015,HAS_OBSERVATION
country::IND,observation::IND::SN.ITK.VITA.ZS::2015,HAS_OBSERVATION
country::IND,observation::IND::SN.ITK.DEFC.ZS::2015,HAS_OBSERVATION
country::IND,observation::IND::DT.NFL.UNCR.CD::2015,HAS_OBSERVATION
country::IND,observation::IND::DT.NFL.PRVT.CD::2015,HAS_OBSERVATION
country::IND,observation::IND::DT.NFL.PCBO.CD::2015,HAS_OBSERVATION
country::IND,observation::IND::DT.NFL.NIFC.CD::2015,HAS_OBSERVATION
country::IND,observation::IND::DT.NFL.MIBR.CD::2015,HAS_OBSERVATION
country::IND,observation::IND::VC.IHR.PSRC.FE.P5::2015,HAS_OBSERVATION
country::IND,observation::IND::TX.VAL.TRVL.ZS.WT::2015,HAS_OBSERVATION
country::IND,observation::IND::TX.VAL.SERV.CD.WT::2015,HAS_OBSERVATION
country::IND,observation::IND::TX.VAL.MRCH.WL.CD::2015,HAS_OBSERVATION
country::IND,observation::IND::TX.VAL.MRCH.R4.ZS::2015,HAS_OBSERVATION
country::IND,observation::IND::TX.VAL.MRCH.OR.ZS::2015,HAS_OBSERVATION
country::IND,observation::IND::TX.VAL.MMTL.ZS.UN::2015,HAS_OBSERVATION
country::IND,observation::IND::TX.VAL.FUEL.ZS.UN::2015,HAS_OBSERVATION
country::IND,observation::IND::TX.QTY.MRCH.XD.WD::2015,HAS_OBSERVATION
country::IND,observation::IND::TM.VAL.TRAN.ZS.WT::2015,HAS_OBSERVATION
country::IND,observation::IND::TM.VAL.MRCH.WR.ZS::2015,HAS_OBSERVATION
country::IND,observation::IND::TM.VAL.MRCH.R5.ZS::2015,HAS_OBSERVATION
country::IND,observation::IND::TM.VAL.MRCH.R1.ZS::2015,HAS_OBSERVATION
country::IND,observation::IND::TM.VAL.MRCH.AL.ZS::2015,HAS_OBSERVATION
country::IND,observation::IND::TM.VAL.ICTG.ZS.UN::2015,HAS_OBSERVATION
country::IND,observation::IND::TM.UVI.MRCH.XD.WD::2015,HAS_OBSERVATION
country::IND,observation::IND::TM.TAX.TCOM.SM.AR.ZS::2015,HAS_OBSERVATION
country::IND,observation::IND::TM.TAX.MRCH.WM.AR.ZS::2015,HAS_OBSERVATION
country::IND,observation::IND::TM.TAX.MRCH.BC.ZS::2015,HAS_OBSERVATION
country::IND,observation::IND::TM.TAX.MANF.SM.AR.ZS::2015,HAS_OBSERVATION
country::IND,observation::IND::TG.VAL.TOTL.GD.ZS::2015,HAS_OBSERVATION
country::IND,observation::IND::ST.INT.TVLR.CD::2015,HAS_OBSERVATION
country::IND,observation::IND::ST.INT.RCPT.CD::2015,HAS_OBSERVATION
country::IND,observation::IND::SP.URB.TOTL.IN.ZS::2015,HAS_OBSERVATION
country::IND,observation::IND::SP.RUR.TOTL.ZG::2015,HAS_OBSERVATION
country::IND,observation::IND::SP.POP.TOTL.MA.ZS::2015,HAS_OBSERVATION
country::IND,observation::IND::SP.POP.TOTL::2015,HAS_OBSERVATION
country::IND,observation::IND::SP.POP.DPND.YG::2015,HAS_OBSERVATION
country::IND,observation::IND::SP.POP.80UP.MA.5Y::2015,HAS_OBSERVATION
country::IND,observation::IND::SP.POP.7074.MA.5Y::2015,HAS_OBSERVATION
country::IND,observation::IND::SP.POP.65UP.MA.ZS::2015,HAS_OBSERVATION
country::IND,observation::IND::SP.POP.6569.MA.5Y::2015,HAS_OBSERVATION
country::IND,observation::IND::SP.POP.5559.MA.5Y::2015,HAS_OBSERVATION
country::IND,observation::IND::SP.POP.4549.MA.5Y::2015,HAS_OBSERVATION
country::IND,observation::IND::SP.POP.3539.MA.5Y::2015,HAS_OBSERVATION
country::IND,observation::IND::SP.POP.2529.MA.5Y::2015,HAS_OBSERVATION
country::IND,observation::IND::SP.POP.1564.TO.ZS::2015,HAS_OBSERVATION
country::IND,observation::IND::SP.POP.1564.FE.ZS::2015,HAS_OBSERVATION
country::IND,observation::IND::SP.POP.1014.MA.5Y::2015,HAS_OBSERVATION
country::IND,observation::IND::SP.POP.0014.TO.ZS::2015,HAS_OBSERVATION
country::IND,observation::IND::SP.POP.0014.FE.ZS::2015,HAS_OBSERVATION
country::IND,observation::IND::SP.DYN.LE00.MA.IN::2015,HAS_OBSERVATION
country::IND,observation::IND::SP.DYN.IMRT.IN::2015,HAS_OBSERVATION
country::IND,observation::IND::SP.DYN.CDRT.IN::2015,HAS_OBSERVATION
country::IND,observation::IND::SP.ADO.TFRT::2015,HAS_OBSERVATION
country::IND,observation::IND::SM.POP.FDIP::2015,HAS_OBSERVATION
country::IND,observation::IND::DT.ODA.ALLD.CD::2015,HAS_OBSERVATION
country::IND,observation::IND::DT.NFL.UNAI.CD::2015,HAS_OBSERVATION
country::IND,observation::IND::DT.NFL.PNGB.CD::2015,HAS_OBSERVATION
country::IND,observation::IND::DT.NFL.OFFT.CD::2015,HAS_OBSERVATION
country::IND,observation::IND::DT.NFL.MIDA.CD::2015,HAS_OBSERVATION
country::IND,observation::IND::DT.NFL.ILOG.CD::2015,HAS_OBSERVATION
country::IND,observation::IND::DT.NFL.DPNG.CD::2015,HAS_OBSERVATION
country::IND,observation::IND::IP.PAT.NRES::2015,HAS_OBSERVATION
country::IND,observation::IND::IE.PPN.WATR.CD::2015,HAS_OBSERVATION
country::IND,observation::IND::IE.PPI.WATR.CD::2015,HAS_OBSERVATION
country::IND,observation::IND::IC.BUS.NDNS.ZS::2015,HAS_OBSERVATION
country::IND,observation::IND::HD_HCIP_OVRL_TO::2015,HAS_OBSERVATION
country::IND,observation::IND::HD_HCIP_OTJL_MA::2015,HAS_OBSERVATION
country::IND,observation::IND::HD_HCIP_HLTH_FE::2015,HAS_OBSERVATION
country::IND,observation::IND::GF.XPD.BUDG.ZS::2015,HAS_OBSERVATION
country::IND,observation::IND::GC.XPN.TRFT.ZS::2015,HAS_OBSERVATION
country::IND,observation::IND::GC.XPN.OTHR.ZS::2015,HAS_OBSERVATION
country::IND,observation::IND::GC.XPN.INTP.CN::2015,HAS_OBSERVATION
country::IND,observation::IND::GC.XPN.COMP.CN::2015,HAS_OBSERVATION
country::IND,observation::IND::GC.TAX.TOTL.GD.ZS::2015,HAS_OBSERVATION
country::IND,observation::IND::GC.TAX.INTT.RV.ZS::2015,HAS_OBSERVATION
country::IND,observation::IND::GC.TAX.GSRV.VA.ZS::2015,HAS_OBSERVATION
country::IND,observation::IND::GC.TAX.EXPT.CN::2015,HAS_OBSERVATION
country::IND,observation::IND::GC.REV.SOCL.CN::2015,HAS_OBSERVATION
country::IND,observation::IND::GC.NLD.TOTL.CN::2015,HAS_OBSERVATION
country::IND,observation::IND::GC.LBL.TOTL.CN::2015,HAS_OBSERVATION
country::IND,observation::IND::GC.AST.TOTL.CN::2015,HAS_OBSERVATION
country::IND,observation::IND::FR.INR.RINR::2015,HAS_OBSERVATION
country::IND,observation::IND::FP.WPI.TOTL::2015,HAS_OBSERVATION
country::IND,observation::IND::FM.LBL.BMNY.IR.ZS::2015,HAS_OBSERVATION
country::IND,observation::IND::FM.AST.PRVT.GD.ZS::2015,HAS_OBSERVATION
country::IND,observation::IND::IP.TMK.RSCT::2015,HAS_OBSERVATION
country::IND,observation::IND::IP.JRN.ARTC.SC::2015,HAS_OBSERVATION
country::IND,observation::IND::IE.PPN.TRAN.CD::2015,HAS_OBSERVATION
country::IND,observation::IND::IE.PPI.TRAN.CD::2015,HAS_OBSERVATION
country::IND,observation::IND::HD_HCIP_OVRL_MA::2015,HAS_OBSERVATION
country::IND,observation::IND::HD_HCIP_OTJL_FE::2015,HAS_OBSERVATION
country::IND,observation::IND::HD_HCIP_EDUC_TO::2015,HAS_OBSERVATION
country::IND,observation::IND::GC.XPN.TRFT.CN::2015,HAS_OBSERVATION
country::IND,observation::IND::GC.XPN.OTHR.CN::2015,HAS_OBSERVATION
country::IND,observation::IND::GC.XPN.GSRV.ZS::2015,HAS_OBSERVATION
country::IND,observation::IND::GC.TAX.YPKG.ZS::2015,HAS_OBSERVATION
country::IND,observation::IND::GC.TAX.TOTL.CN::2015,HAS_OBSERVATION
country::IND,observation::IND::GC.TAX.INTT.CN::2015,HAS_OBSERVATION
country::IND,observation::IND::GC.TAX.GSRV.RV.ZS::2015,HAS_OBSERVATION
country::IND,observation::IND::GC.REV.XGRT.GD.ZS::2015,HAS_OBSERVATION
country::IND,observation::IND::GC.REV.GOTR.ZS::2015,HAS_OBSERVATION
country::IND,observation::IND::GC.NFN.TOTL.GD.ZS::2015,HAS_OBSERVATION
country::IND,observation::IND::GC.DOD.TOTL.GD.ZS::2015,HAS_OBSERVATION
country::IND,observation::IND::GB.XPD.RSDV.GD.ZS::2015,HAS_OBSERVATION
country::IND,observation::IND::FP.CPI.TOTL.ZG::2015,HAS_OBSERVATION
country::IND,observation::IND::FM.LBL.BMNY.GD.ZS::2015,HAS_OBSERVATION
country::IND,observation::IND::FM.AST.NFRG.CN::2015,HAS_OBSERVATION
country::IND,observation::IND::IP.PAT.RESD::2015,HAS_OBSERVATION
country::IND,observation::IND::IP.IDS.NRCT::2015,HAS_OBSERVATION
country::IND,observation::IND::IE.PPN.ENGY.CD::2015,HAS_OBSERVATION
country::IND,observation::IND::IE.PPI.ENGY.CD::2015,HAS_OBSERVATION
country::IND,observation::IND::IC.BUS.NREG::2015,HAS_OBSERVATION
country::IND,observation::IND::HD_HCIP_OTJL_TO::2015,HAS_OBSERVATION
country::IND,observation::IND::HD_HCIP_HLTH_MA::2015,HAS_OBSERVATION
country::IND,observation::IND::HD_HCIP_EDUC_FE::2015,HAS_OBSERVATION
country::IND,observation::IND::GC.XPN.TOTL.CN::2015,HAS_OBSERVATION
country::IND,observation::IND::GC.XPN.INTP.RV.ZS::2015,HAS_OBSERVATION
country::IND,observation::IND::GC.XPN.COMP.ZS::2015,HAS_OBSERVATION
country::IND,observation::IND::GC.TAX.YPKG.CN::2015,HAS_OBSERVATION
country::IND,observation::IND::GC.TAX.OTHR.CN::2015,HAS_OBSERVATION
country::IND,observation::IND::GC.TAX.IMPT.CN::2015,HAS_OBSERVATION
country::IND,observation::IND::GC.TAX.EXPT.ZS::2015,HAS_OBSERVATION
country::IND,observation::IND::GC.REV.SOCL.ZS::2015,HAS_OBSERVATION
country::IND,observation::IND::GC.NLD.TOTL.GD.ZS::2015,HAS_OBSERVATION
country::IND,observation::IND::GC.LBL.TOTL.GD.ZS::2015,HAS_OBSERVATION
country::IND,observation::IND::GC.AST.TOTL.GD.ZS::2015,HAS_OBSERVATION
country::IND,observation::IND::FS.AST.PRVT.GD.ZS::2015,HAS_OBSERVATION
country::IND,observation::IND::IP.TMK.NRCT::2015,HAS_OBSERVATION
country::IND,observation::IND::IP.IDS.RSCT::2015,HAS_OBSERVATION
country::IND,observation::IND::HD_HCIP_OVRL_FE::2015,HAS_OBSERVATION
country::IND,observation::IND::HD_HCIP_HLTH_TO::2015,HAS_OBSERVATION
country::IND,observation::IND::HD_HCIP_EDUC_MA::2015,HAS_OBSERVATION
country::IND,observation::IND::GC.XPN.TOTL.GD.ZS::2015,HAS_OBSERVATION
country::IND,observation::IND::GC.XPN.INTP.ZS::2015,HAS_OBSERVATION
country::IND,observation::IND::GC.XPN.GSRV.CN::2015,HAS_OBSERVATION
country::IND,observation::IND::GC.TAX.YPKG.RV.ZS::2015,HAS_OBSERVATION
country::IND,observation::IND::GC.TAX.OTHR.RV.ZS::2015,HAS_OBSERVATION
country::IND,observation::IND::GC.TAX.IMPT.ZS::2015,HAS_OBSERVATION
country::IND,observation::IND::GC.TAX.GSRV.CN::2015,HAS_OBSERVATION
country::IND,observation::IND::GC.REV.XGRT.CN::2015,HAS_OBSERVATION
country::IND,observation::IND::GC.REV.GOTR.CN::2015,HAS_OBSERVATION
country::IND,observation::IND::GC.NFN.TOTL.CN::2015,HAS_OBSERVATION
country::IND,observation::IND::GC.DOD.TOTL.CN::2015,HAS_OBSERVATION
country::IND,observation::IND::FS.AST.CGOV.GD.ZS::2015,HAS_OBSERVATION
country::IND,observation::IND::FM.AST.CGOV.ZG.M3::2015,HAS_OBSERVATION
country::IND,observation::IND::FI.RES.TOTL.CD::2015,HAS_OBSERVATION
country::IND,observation::IND::FB.AST.NPER.ZS::2015,HAS_OBSERVATION
country::IND,observation::IND::ER.H2O.INTR.PC::2015,HAS_OBSERVATION
country::IND,observation::IND::ER.H2O.FWST.ZS::2015,HAS_OBSERVATION
country::IND,observation::IND::ER.GDP.FWTL.M3.KD::2015,HAS_OBSERVATION
country::IND,observation::IND::EN.URB.MCTY.TL.ZS::2015,HAS_OBSERVATION
country::IND,observation::IND::EN.POP.DNST::2015,HAS_OBSERVATION
country::IND,observation::IND::EN.GHG.N2O.ZG.AR5::2015,HAS_OBSERVATION
country::IND,observation::IND::EN.GHG.N2O.MT.CE.AR5::2015,HAS_OBSERVATION
country::IND,observation::IND::EN.GHG.N2O.BU.MT.CE.AR5::2015,HAS_OBSERVATION
country::IND,observation::IND::EN.GHG.CO2.PI.MT.CE.AR5::2015,HAS_OBSERVATION
country::IND,observation::IND::EN.GHG.CO2.LU.OL.MT.CE.AR5::2015,HAS_OBSERVATION
country::IND,observation::IND::EN.GHG.CO2.IP.MT.CE.AR5::2015,HAS_OBSERVATION
country::IND,observation::IND::EN.GHG.CO2.AG.MT.CE.AR5::2015,HAS_OBSERVATION
country::IND,observation::IND::EN.GHG.CH4.PI.MT.CE.AR5::2015,HAS_OBSERVATION
country::IND,observation::IND::EN.GHG.CH4.FE.MT.CE.AR5::2015,HAS_OBSERVATION
country::IND,observation::IND::EN.GHG.ALL.MT.CE.AR5::2015,HAS_OBSERVATION
country::IND,observation::IND::EN.ATM.PM25.MC.T2.ZS::2015,HAS_OBSERVATION
country::IND,observation::IND::EG.USE.ELEC.KH.PC::2015,HAS_OBSERVATION
country::IND,observation::IND::EG.USE.COMM.CL.ZS::2015,HAS_OBSERVATION
country::IND,observation::IND::EG.FEC.RNEW.ZS::2015,HAS_OBSERVATION
country::IND,observation::IND::EG.ELC.PETR.ZS::2015,HAS_OBSERVATION
country::IND,observation::IND::EG.ELC.HYRO.ZS::2015,HAS_OBSERVATION
country::IND,observation::IND::EG.ELC.ACCS.UR.ZS::2015,HAS_OBSERVATION
country::IND,observation::IND::EG.CFT.ACCS.UR.ZS::2015,HAS_OBSERVATION
country::IND,observation::IND::DT.TDS.DPPG.XP.ZS::2015,HAS_OBSERVATION
country::IND,observation::IND::DT.TDS.DIMF.CD::2015,HAS_OBSERVATION
country::IND,observation::IND::DT.ODA.ODAT.XP.ZS::2015,HAS_OBSERVATION
country::IND,observation::IND::DT.ODA.ODAT.GN.ZS::2015,HAS_OBSERVATION
country::IND,observation::IND::FI.RES.XGLD.CD::2015,HAS_OBSERVATION
country::IND,observation::IND::FB.CBK.BRCH.P5::2015,HAS_OBSERVATION
country::IND,observation::IND::ER.PTD.TOTL.ZS::2015,HAS_OBSERVATION
country::IND,observation::IND::ER.H2O.INTR.K3::2015,HAS_OBSERVATION
country::IND,observation::IND::ER.H2O.FWIN.ZS::2015,HAS_OBSERVATION
country::IND,observation::IND::ER.FSH.PROD.MT::2015,HAS_OBSERVATION
country::IND,observation::IND::EN.URB.MCTY::2015,HAS_OBSERVATION
country::IND,observation::IND::EN.POP.EL5M.ZS::2015,HAS_OBSERVATION
country::IND,observation::IND::EN.GHG.N2O.WA.MT.CE.AR5::2015,HAS_OBSERVATION
country::IND,observation::IND::EN.GHG.N2O.IP.MT.CE.AR5::2015,HAS_OBSERVATION
country::IND,observation::IND::EN.GHG.N2O.AG.MT.CE.AR5::2015,HAS_OBSERVATION
country::IND,observation::IND::EN.GHG.CO2.TR.MT.CE.AR5::2015,HAS_OBSERVATION
country::IND,observation::IND::EN.GHG.CO2.PC.CE.AR5::2015,HAS_OBSERVATION
country::IND,observation::IND::EN.GHG.CO2.LU.MT.CE.AR5::2015,HAS_OBSERVATION
country::IND,observation::IND::EN.GHG.CO2.IC.MT.CE.AR5::2015,HAS_OBSERVATION
country::IND,observation::IND::EN.GHG.CH4.ZG.AR5::2015,HAS_OBSERVATION
country::IND,observation::IND::EN.GHG.CH4.MT.CE.AR5::2015,HAS_OBSERVATION
country::IND,observation::IND::EN.GHG.CH4.BU.MT.CE.AR5::2015,HAS_OBSERVATION
country::IND,observation::IND::EN.GHG.ALL.LU.MT.CE.AR5::2015,HAS_OBSERVATION
country::IND,observation::IND::EN.ATM.PM25.MC.T1.ZS::2015,HAS_OBSERVATION
country::IND,observation::IND::EG.USE.CRNW.ZS::2015,HAS_OBSERVATION
country::IND,observation::IND::EG.IMP.CONS.ZS::2015,HAS_OBSERVATION
country::IND,observation::IND::EG.ELC.RNWX.ZS::2015,HAS_OBSERVATION
country::IND,observation::IND::EG.ELC.NUCL.ZS::2015,HAS_OBSERVATION
country::IND,observation::IND::EG.ELC.FOSL.ZS::2015,HAS_OBSERVATION
country::IND,observation::IND::EG.ELC.ACCS.RU.ZS::2015,HAS_OBSERVATION
country::IND,observation::IND::EG.CFT.ACCS.RU.ZS::2015,HAS_OBSERVATION
country::IND,observation::IND::DT.TDS.DPPG.GN.ZS::2015,HAS_OBSERVATION
country::IND,observation::IND::DT.TDS.DECT.GN.ZS::2015,HAS_OBSERVATION
country::IND,observation::IND::DT.ODA.ODAT.PC.ZS::2015,HAS_OBSERVATION
country::IND,observation::IND::DT.ODA.ODAT.GI.ZS::2015,HAS_OBSERVATION
country::IND,observation::IND::DT.ODA.ALLD.KD::2015,HAS_OBSERVATION
country::IND,observation::IND::FM.LBL.BMNY.ZG::2015,HAS_OBSERVATION
country::IND,observation::IND::FM.AST.PRVT.ZG.M3::2015,HAS_OBSERVATION
country::IND,observation::IND::FI.RES.TOTL.DT.ZS::2015,HAS_OBSERVATION
country::IND,observation::IND::FB.ATM.TOTL.P5::2015,HAS_OBSERVATION
country::IND,observation::IND::ER.LND.PTLD.ZS::2015,HAS_OBSERVATION
country::IND,observation::IND::ER.H2O.FWTL.K3::2015,HAS_OBSERVATION
country::IND,observation::IND::ER.H2O.FWAG.ZS::2015,HAS_OBSERVATION
country::IND,observation::IND::ER.FSH.AQUA.MT::2015,HAS_OBSERVATION
country::IND,observation::IND::EN.URB.LCTY::2015,HAS_OBSERVATION
country::IND,observation::IND::EN.POP.EL5M.RU.ZS::2015,HAS_OBSERVATION
country::IND,observation::IND::EN.GHG.TOT.ZG.AR5::2015,HAS_OBSERVATION
country::IND,observation::IND::EN.GHG.N2O.PI.MT.CE.AR5::2015,HAS_OBSERVATION
country::IND,observation::IND::EN.GHG.N2O.FE.MT.CE.AR5::2015,HAS_OBSERVATION
country::IND,observation::IND::EN.GHG.CO2.ZG.AR5::2015,HAS_OBSERVATION
country::IND,observation::IND::EN.GHG.CO2.RT.GDP.KD::2015,HAS_OBSERVATION
country::IND,observation::IND::EN.GHG.CO2.LU.OS.MT.CE.AR5::2015,HAS_OBSERVATION
country::IND,observation::IND::EN.GHG.CO2.LU.DF.MT.CE.AR5::2015,HAS_OBSERVATION
country::IND,observation::IND::EN.GHG.CO2.BU.MT.CE.AR5::2015,HAS_OBSERVATION
country::IND,observation::IND::EN.GHG.CH4.TR.MT.CE.AR5::2015,HAS_OBSERVATION
country::IND,observation::IND::EN.GHG.CH4.IC.MT.CE.AR5::2015,HAS_OBSERVATION
country::IND,observation::IND::EN.GHG.ALL.PC.CE.AR5::2015,HAS_OBSERVATION
country::IND,observation::IND::EN.ATM.PM25.MC.T3.ZS::2015,HAS_OBSERVATION
country::IND,observation::IND::EG.USE.PCAP.KG.OE::2015,HAS_OBSERVATION
country::IND,observation::IND::EG.USE.COMM.FO.ZS::2015,HAS_OBSERVATION
country::IND,observation::IND::EG.GDP.PUSE.KO.PP::2015,HAS_OBSERVATION
country::IND,observation::IND::EG.ELC.RNEW.ZS::2015,HAS_OBSERVATION
country::IND,observation::IND::EG.ELC.LOSS.ZS::2015,HAS_OBSERVATION
country::IND,observation::IND::EG.ELC.ACCS.ZS::2015,HAS_OBSERVATION
country::IND,observation::IND::EG.CFT.ACCS.ZS::2015,HAS_OBSERVATION
country::IND,observation::IND::DT.TDS.MLAT.CD::2015,HAS_OBSERVATION
country::IND,observation::IND::DT.TDS.DPPF.XP.ZS::2015,HAS_OBSERVATION
country::IND,observation::IND::DT.TDS.DECT.CD::2015,HAS_OBSERVATION
country::IND,observation::IND::DT.ODA.ODAT.KD::2015,HAS_OBSERVATION
country::IND,observation::IND::FR.INR.LEND::2015,HAS_OBSERVATION
country::IND,observation::IND::FP.CPI.TOTL::2015,HAS_OBSERVATION
country::IND,observation::IND::FM.LBL.BMNY.CN::2015,HAS_OBSERVATION
country::IND,observation::IND::FM.AST.DOMS.CN::2015,HAS_OBSERVATION
country::IND,observation::IND::FI.RES.TOTL.MO::2015,HAS_OBSERVATION
country::IND,observation::IND::FD.AST.PRVT.GD.ZS::2015,HAS_OBSERVATION
country::IND,observation::IND::FB.BNK.CAPA.ZS::2015,HAS_OBSERVATION
country::IND,observation::IND::ER.MRN.PTMR.ZS::2015,HAS_OBSERVATION
country::IND,observation::IND::ER.H2O.FWTL.ZS::2015,HAS_OBSERVATION
country::IND,observation::IND::ER.H2O.FWDM.ZS::2015,HAS_OBSERVATION
country::IND,observation::IND::ER.FSH.CAPT.MT::2015,HAS_OBSERVATION
country::IND,observation::IND::EN.URB.LCTY.UR.ZS::2015,HAS_OBSERVATION
country::IND,observation::IND::EN.POP.EL5M.UR.ZS::2015,HAS_OBSERVATION
country::IND,observation::IND::EN.GHG.N2O.TR.MT.CE.AR5::2015,HAS_OBSERVATION
country::IND,observation::IND::EN.GHG.N2O.IC.MT.CE.AR5::2015,HAS_OBSERVATION
country::IND,observation::IND::EN.GHG.FGAS.IP.MT.CE.AR5::2015,HAS_OBSERVATION
country::IND,observation::IND::EN.GHG.CO2.RT.GDP.PP.KD::2015,HAS_OBSERVATION
country::IND,observation::IND::EN.GHG.CO2.MT.CE.AR5::2015,HAS_OBSERVATION
country::IND,observation::IND::EN.GHG.CO2.LU.FL.MT.CE.AR5::2015,HAS_OBSERVATION
country::IND,observation::IND::EN.GHG.CO2.FE.MT.CE.AR5::2015,HAS_OBSERVATION
country::IND,observation::IND::EN.GHG.CH4.WA.MT.CE.AR5::2015,HAS_OBSERVATION
country::IND,observation::IND::EN.GHG.CH4.IP.MT.CE.AR5::2015,HAS_OBSERVATION
country::IND,observation::IND::EN.GHG.CH4.AG.MT.CE.AR5::2015,HAS_OBSERVATION
country::IND,observation::IND::EN.ATM.PM25.MC.ZS::2015,HAS_OBSERVATION
country::IND,observation::IND::EN.ATM.PM25.MC.M3::2015,HAS_OBSERVATION
country::IND,observation::IND::EG.USE.COMM.GD.PP.KD::2015,HAS_OBSERVATION
country::IND,observation::IND::EG.GDP.PUSE.KO.PP.KD::2015,HAS_OBSERVATION
country::IND,observation::IND::EG.ELC.RNWX.KH::2015,HAS_OBSERVATION
country::IND,observation::IND::EG.ELC.NGAS.ZS::2015,HAS_OBSERVATION
country::IND,observation::IND::EG.ELC.COAL.ZS::2015,HAS_OBSERVATION
country::IND,observation::IND::EG.EGY.PRIM.PP.KD::2015,HAS_OBSERVATION
country::IND,observation::IND::DT.TDS.MLAT.PG.ZS::2015,HAS_OBSERVATION
country::IND,observation::IND::DT.TDS.DPPG.CD::2015,HAS_OBSERVATION
country::IND,observation::IND::DT.TDS.DECT.EX.ZS::2015,HAS_OBSERVATION
country::IND,observation::IND::DT.ODA.ODAT.MP.ZS::2015,HAS_OBSERVATION
country::IND,observation::IND::DT.ODA.ODAT.CD::2015,HAS_OBSERVATION
country::IND,observation::IND::SM.POP.RHCR.EO::2016,HAS_OBSERVATION
country::IND,observation::IND::SM.POP.NETM::2016,HAS_OBSERVATION
country::IND,observation::IND::SM.POP.ASYS.EA::2016,HAS_OBSERVATION
country::IND,observation::IND::SL.UEM.TOTL.ZS::2016,HAS_OBSERVATION
country::IND,observation::IND::SL.UEM.TOTL.FE.ZS::2016,HAS_OBSERVATION
country::IND,observation::IND::SL.TLF.TOTL.FE.ZS::2016,HAS_OBSERVATION
country::IND,observation::IND::SL.TLF.ACTI.1524.ZS::2016,HAS_OBSERVATION
country::IND,observation::IND::SL.TLF.ACTI.1524.FE.ZS::2016,HAS_OBSERVATION
country::IND,observation::IND::SL.GDP.PCAP.EM.KD::2016,HAS_OBSERVATION
country::IND,observation::IND::SL.EMP.WORK.MA.ZS::2016,HAS_OBSERVATION
country::IND,observation::IND::SL.EMP.VULN.FE.ZS::2016,HAS_OBSERVATION
country::IND,observation::IND::SL.EMP.SELF.ZS::2016,HAS_OBSERVATION
country::IND,observation::IND::SL.EMP.MPYR.MA.ZS::2016,HAS_OBSERVATION
country::IND,observation::IND::SL.EMP.1524.SP.MA.ZS::2016,HAS_OBSERVATION
country::IND,observation::IND::SL.AGR.EMPL.ZS::2016,HAS_OBSERVATION
country::IND,observation::IND::SI.RMT.COST.IB.ZS::2016,HAS_OBSERVATION
country::IND,observation::IND::SH_UHC_SCI_RMNCH::2016,HAS_OBSERVATION
country::IND,observation::IND::SH_UHC_SCI::2016,HAS_OBSERVATION
country::IND,observation::IND::SH.XPD.PVTD.CH.ZS::2016,HAS_OBSERVATION
country::IND,observation::IND::SH.XPD.GHED.PP.CD::2016,HAS_OBSERVATION
country::IND,observation::IND::SH.XPD.GHED.CH.ZS::2016,HAS_OBSERVATION
country::IND,observation::IND::SH.XPD.CHEX.PP.CD::2016,HAS_OBSERVATION
country::IND,observation::IND::SH.TBS.INCD::2016,HAS_OBSERVATION
country::IND,observation::IND::DT.DOD.DSTC.ZS::2016,HAS_OBSERVATION
country::IND,observation::IND::DT.DOD.DPPG.CD::2016,HAS_OBSERVATION
country::IND,observation::IND::DT.DOD.DECT.GN.ZS::2016,HAS_OBSERVATION
country::IND,observation::IND::DC.DAC.TOTL.CD::2016,HAS_OBSERVATION
country::IND,observation::IND::DC.DAC.PRTL.CD::2016,HAS_OBSERVATION
country::IND,observation::IND::DC.DAC.NLDL.CD::2016,HAS_OBSERVATION
country::IND,observation::IND::DC.DAC.JPNL.CD::2016,HAS_OBSERVATION
country::IND,observation::IND::DC.DAC.HUNL.CD::2016,HAS_OBSERVATION
country::IND,observation::IND::DC.DAC.FINL.CD::2016,HAS_OBSERVATION
country::IND,observation::IND::DC.DAC.DEUL.CD::2016,HAS_OBSERVATION
country::IND,observation::IND::SL.UEM.NEET.MA.ME.ZS::2016,HAS_OBSERVATION
country::IND,observation::IND::SL.UEM.1524.ZS::2016,HAS_OBSERVATION
country::IND,observation::IND::SL.UEM.1524.FE.ZS::2016,HAS_OBSERVATION
country::IND,observation::IND::SL.TLF.CACT.MA.ZS::2016,HAS_OBSERVATION
country::IND,observation::IND::SL.TLF.CACT.FE.ZS::2016,HAS_OBSERVATION
country::IND,observation::IND::SL.TLF.ACTI.ZS::2016,HAS_OBSERVATION
country::IND,observation::IND::SL.SRV.EMPL.ZS::2016,HAS_OBSERVATION
country::IND,observation::IND::SL.IND.EMPL.ZS::2016,HAS_OBSERVATION
country::IND,observation::IND::SL.FAM.WORK.ZS::2016,HAS_OBSERVATION
country::IND,observation::IND::SL.EMP.WORK.FE.ZS::2016,HAS_OBSERVATION
country::IND,observation::IND::SL.EMP.TOTL.SP.ZS::2016,HAS_OBSERVATION
country::IND,observation::IND::SL.EMP.TOTL.SP.FE.ZS::2016,HAS_OBSERVATION
country::IND,observation::IND::SL.EMP.SELF.MA.ZS::2016,HAS_OBSERVATION
country::IND,observation::IND::SL.EMP.MPYR.FE.ZS::2016,HAS_OBSERVATION
country::IND,observation::IND::SL.AGR.EMPL.MA.ZS::2016,HAS_OBSERVATION
country::IND,observation::IND::SH_UHC_SCI_NCD::2016,HAS_OBSERVATION
country::IND,observation::IND::SH.XPD.OOPC.PP.CD::2016,HAS_OBSERVATION
country::IND,observation::IND::SH.XPD.GHED.PC.CD::2016,HAS_OBSERVATION
country::IND,observation::IND::SH.XPD.EHEX.PP.CD::2016,HAS_OBSERVATION
country::IND,observation::IND::SH.XPD.CHEX.PC.CD::2016,HAS_OBSERVATION
country::IND,observation::IND::DC.DAC.SWEL.CD::2016,HAS_OBSERVATION
country::IND,observation::IND::DC.DAC.POLL.CD::2016,HAS_OBSERVATION
country::IND,observation::IND::DC.DAC.LUXL.CD::2016,HAS_OBSERVATION
country::IND,observation::IND::DC.DAC.ITAL.CD::2016,HAS_OBSERVATION
country::IND,observation::IND::DC.DAC.GRCL.CD::2016,HAS_OBSERVATION
country::IND,observation::IND::DC.DAC.CZEL.CD::2016,HAS_OBSERVATION
country::IND,observation::IND::DC.DAC.BELL.CD::2016,HAS_OBSERVATION
country::IND,observation::IND::CM.MKT.TRAD.GD.ZS::2016,HAS_OBSERVATION
country::IND,observation::IND::CM.MKT.LCAP.CD::2016,HAS_OBSERVATION
country::IND,observation::IND::BX.TRF.PWKR.CD::2016,HAS_OBSERVATION
country::IND,observation::IND::SM.POP.ASYS.EO::2016,HAS_OBSERVATION
country::IND,observation::IND::SL.UEM.NEET.ME.ZS::2016,HAS_OBSERVATION
country::IND,observation::IND::SL.UEM.NEET.FE.ME.ZS::2016,HAS_OBSERVATION
country::IND,observation::IND::SL.UEM.1524.MA.ZS::2016,HAS_OBSERVATION
country::IND,observation::IND::SL.TLF.TOTL.IN::2016,HAS_OBSERVATION
country::IND,observation::IND::SL.TLF.CACT.ZS::2016,HAS_OBSERVATION
country::IND,observation::IND::SL.TLF.CACT.FM.ZS::2016,HAS_OBSERVATION
country::IND,observation::IND::SL.TLF.ACTI.FE.ZS::2016,HAS_OBSERVATION
country::IND,observation::IND::SL.SRV.EMPL.FE.ZS::2016,HAS_OBSERVATION
country::IND,observation::IND::SL.IND.EMPL.FE.ZS::2016,HAS_OBSERVATION
country::IND,observation::IND::SL.FAM.WORK.FE.ZS::2016,HAS_OBSERVATION
country::IND,observation::IND::SL.EMP.WORK.ZS::2016,HAS_OBSERVATION
country::IND,observation::IND::SL.EMP.VULN.MA.ZS::2016,HAS_OBSERVATION
country::IND,observation::IND::SL.EMP.TOTL.SP.MA.ZS::2016,HAS_OBSERVATION
country::IND,observation::IND::SL.EMP.MPYR.ZS::2016,HAS_OBSERVATION
country::IND,observation::IND::SH_UHC_SCI_CAPACITY::2016,HAS_OBSERVATION
country::IND,observation::IND::SH.XPD.PVTD.PC.CD::2016,HAS_OBSERVATION
country::IND,observation::IND::SH.XPD.OOPC.CH.ZS::2016,HAS_OBSERVATION
country::IND,observation::IND::SH.XPD.GHED.GD.ZS::2016,HAS_OBSERVATION
country::IND,observation::IND::DT.NFL.IFAD.CD::2016,HAS_OBSERVATION
country::IND,observation::IND::DT.DOD.MIBR.CD::2016,HAS_OBSERVATION
country::IND,observation::IND::DT.DOD.DSTC.CD::2016,HAS_OBSERVATION
country::IND,observation::IND::DT.DOD.DIMF.CD::2016,HAS_OBSERVATION
country::IND,observation::IND::DC.DAC.USAL.CD::2016,HAS_OBSERVATION
country::IND,observation::IND::DC.DAC.SVKL.CD::2016,HAS_OBSERVATION
country::IND,observation::IND::DC.DAC.NORL.CD::2016,HAS_OBSERVATION
country::IND,observation::IND::DC.DAC.KORL.CD::2016,HAS_OBSERVATION
country::IND,observation::IND::DC.DAC.IRLL.CD::2016,HAS_OBSERVATION
country::IND,observation::IND::SL.UEM.TOTL.MA.ZS::2016,HAS_OBSERVATION
country::IND,observation::IND::SL.TLF.ACTI.MA.ZS::2016,HAS_OBSERVATION
country::IND,observation::IND::SL.TLF.ACTI.1524.MA.ZS::2016,HAS_OBSERVATION
country::IND,observation::IND::SL.SRV.EMPL.MA.ZS::2016,HAS_OBSERVATION
country::IND,observation::IND::SL.IND.EMPL.MA.ZS::2016,HAS_OBSERVATION
country::IND,observation::IND::SL.FAM.WORK.MA.ZS::2016,HAS_OBSERVATION
country::IND,observation::IND::SL.EMP.VULN.ZS::2016,HAS_OBSERVATION
country::IND,observation::IND::SL.EMP.SELF.FE.ZS::2016,HAS_OBSERVATION
country::IND,observation::IND::SL.EMP.1524.SP.ZS::2016,HAS_OBSERVATION
country::IND,observation::IND::SL.EMP.1524.SP.FE.ZS::2016,HAS_OBSERVATION
country::IND,observation::IND::SL.AGR.EMPL.FE.ZS::2016,HAS_OBSERVATION
country::IND,observation::IND::SH_UHC_SCI_ID::2016,HAS_OBSERVATION
country::IND,observation::IND::SH.XPD.PVTD.PP.CD::2016,HAS_OBSERVATION
country::IND,observation::IND::SH.XPD.OOPC.PC.CD::2016,HAS_OBSERVATION
country::IND,observation::IND::SH.XPD.GHED.GE.ZS::2016,HAS_OBSERVATION
country::IND,observation::IND::SH.XPD.EHEX.PC.CD::2016,HAS_OBSERVATION
country::IND,observation::IND::SH.XPD.CHEX.GD.ZS::2016,HAS_OBSERVATION
country::IND,observation::IND::SH.TBS.CURE.ZS::2016,HAS_OBSERVATION
country::IND,observation::IND::SH.STA.TRAF.P5::2016,HAS_OBSERVATION
country::IND,observation::IND::DT.DOD.MIDA.CD::2016,HAS_OBSERVATION
country::IND,observation::IND::DT.DOD.DSTC.IR.ZS::2016,HAS_OBSERVATION
country::IND,observation::IND::DT.DOD.DLXF.CD::2016,HAS_OBSERVATION
country::IND,observation::IND::DC.DAC.SVNL.CD::2016,HAS_OBSERVATION
country::IND,observation::IND::DC.DAC.NZLL.CD::2016,HAS_OBSERVATION
country::IND,observation::IND::DC.DAC.LTUL.CD::2016,HAS_OBSERVATION
country::IND,observation::IND::DC.DAC.GBRL.CD::2016,HAS_OBSERVATION
country::IND,observation::IND::DC.DAC.ESPL.CD::2016,HAS_OBSERVATION
country::IND,observation::IND::DC.DAC.CHEL.CD::2016,HAS_OBSERVATION
country::IND,observation::IND::SH.STA.SUIC.MA.P5::2016,HAS_OBSERVATION
country::IND,observation::IND::SH.STA.STNT.ME.MA.ZS::2016,HAS_OBSERVATION
country::IND,observation::IND::SH.STA.SMSS.ZS::2016,HAS_OBSERVATION
country::IND,observation::IND::SH.STA.POIS.P5.FE::2016,HAS_OBSERVATION
country::IND,observation::IND::SH.STA.OWGH.ME.MA.ZS::2016,HAS_OBSERVATION
country::IND,observation::IND::SH.STA.ORTH::2016,HAS_OBSERVATION
country::IND,observation::IND::SH.STA.ODFC.RU.ZS::2016,HAS_OBSERVATION
country::IND,observation::IND::SH.STA.HYGN.RU.ZS::2016,HAS_OBSERVATION
country::IND,observation::IND::SH.STA.BRTC.ZS::2016,HAS_OBSERVATION
country::IND,observation::IND::SH.STA.BASS.RU.ZS::2016,HAS_OBSERVATION
country::IND,observation::IND::SH.SGR.CRSK.ZS::2016,HAS_OBSERVATION
country::IND,observation::IND::SH.PRG.ANEM::2016,HAS_OBSERVATION
country::IND,observation::IND::SH.MLR.TRET.ZS::2016,HAS_OBSERVATION
country::IND,observation::IND::SH.MED.PHYS.ZS::2016,HAS_OBSERVATION
country::IND,observation::IND::SH.IMM.MEAS::2016,HAS_OBSERVATION
country::IND,observation::IND::SH.H2O.SMDW.UR.ZS::2016,HAS_OBSERVATION
country::IND,observation::IND::SH.H2O.BASW.RU.ZS::2016,HAS_OBSERVATION
country::IND,observation::IND::SH.DYN.NCOM.MA.ZS::2016,HAS_OBSERVATION
country::IND,observation::IND::SH.DYN.MORT::2016,HAS_OBSERVATION
country::IND,observation::IND::SH.DYN.1519::2016,HAS_OBSERVATION
country::IND,observation::IND::SH.DTH.NMRT::2016,HAS_OBSERVATION
country::IND,observation::IND::SH.DTH.IMRT::2016,HAS_OBSERVATION
country::IND,observation::IND::SH.DTH.1014::2016,HAS_OBSERVATION
country::IND,observation::IND::SH.ANM.NPRG.ZS::2016,HAS_OBSERVATION
country::IND,observation::IND::SH.ALC.PCAP.LI::2016,HAS_OBSERVATION
country::IND,observation::IND::SG.VAW.NEGL.ZS::2016,HAS_OBSERVATION
country::IND,observation::IND::SG.VAW.1549.ZS::2016,HAS_OBSERVATION
country::IND,observation::IND::SE.TER.ENRR.FE::2016,HAS_OBSERVATION
country::IND,observation::IND::SE.TER.CUAT.BA.ZS::2016,HAS_OBSERVATION
country::IND,observation::IND::SE.SEC.TCHR::2016,HAS_OBSERVATION
country::IND,observation::IND::DC.DAC.CANL.CD::2016,HAS_OBSERVATION
country::IND,observation::IND::CM.MKT.TRNR::2016,HAS_OBSERVATION
country::IND,observation::IND::CM.MKT.LCAP.GD.ZS::2016,HAS_OBSERVATION
country::IND,observation::IND::BX.TRF.PWKR.CD.DT::2016,HAS_OBSERVATION
country::IND,observation::IND::BX.KLT.DINV.WD.GD.ZS::2016,HAS_OBSERVATION
country::IND,observation::IND::BX.GSR.TOTL.CD::2016,HAS_OBSERVATION
country::IND,observation::IND::BX.GSR.INSF.ZS::2016,HAS_OBSERVATION
country::IND,observation::IND::BX.GSR.CCIS.ZS::2016,HAS_OBSERVATION
country::IND,observation::IND::BN.TRF.KOGT.CD::2016,HAS_OBSERVATION
country::IND,observation::IND::BN.KLT.DINV.CD::2016,HAS_OBSERVATION
country::IND,observation::IND::BN.GSR.FCTY.CD::2016,HAS_OBSERVATION
country::IND,observation::IND::BM.TRF.PWKR.CD.DT::2016,HAS_OBSERVATION
country::IND,observation::IND::BM.GSR.TRVL.ZS::2016,HAS_OBSERVATION
country::IND,observation::IND::BM.GSR.NFSV.CD::2016,HAS_OBSERVATION
country::IND,observation::IND::BM.GSR.FCTY.CD::2016,HAS_OBSERVATION
country::IND,observation::IND::AG.SRF.TOTL.K2::2016,HAS_OBSERVATION
country::IND,observation::IND::AG.PRD.CREL.MT::2016,HAS_OBSERVATION
country::IND,observation::IND::AG.LND.PRCP.MM::2016,HAS_OBSERVATION
country::IND,observation::IND::AG.LND.ARBL.HA.PC::2016,HAS_OBSERVATION
country::IND,observation::IND::AG.CON.FERT.ZS::2016,HAS_OBSERVATION
country::IND,observation::IND::SH.TBS.DTEC.ZS::2016,HAS_OBSERVATION
country::IND,observation::IND::SH.STA.SUIC.FE.P5::2016,HAS_OBSERVATION
country::IND,observation::IND::SH.STA.STNT.ME.FE.ZS::2016,HAS_OBSERVATION
country::IND,observation::IND::SH.STA.SMSS.UR.ZS::2016,HAS_OBSERVATION
country::IND,observation::IND::SH.STA.POIS.P5::2016,HAS_OBSERVATION
country::IND,observation::IND::SH.STA.OWGH.ME.FE.ZS::2016,HAS_OBSERVATION
country::IND,observation::IND::SH.STA.ORCF.ZS::2016,HAS_OBSERVATION
country::IND,observation::IND::SH.STA.BFED.ZS::2016,HAS_OBSERVATION
country::IND,observation::IND::SH.STA.ARIC.ZS::2016,HAS_OBSERVATION
country::IND,observation::IND::SH.MMR.RISK.ZS::2016,HAS_OBSERVATION
country::IND,observation::IND::SH.MLR.NETS.ZS::2016,HAS_OBSERVATION
country::IND,observation::IND::SH.MED.NUMW.P3::2016,HAS_OBSERVATION
country::IND,observation::IND::SH.IMM.IDPT::2016,HAS_OBSERVATION
country::IND,observation::IND::SH.H2O.SMDW.RU.ZS::2016,HAS_OBSERVATION
country::IND,observation::IND::SH.FPL.SATM.ZS::2016,HAS_OBSERVATION
country::IND,observation::IND::SH.DYN.NCOM.FE.ZS::2016,HAS_OBSERVATION
country::IND,observation::IND::SH.DYN.1014::2016,HAS_OBSERVATION
country::IND,observation::IND::SH.DTH.0509::2016,HAS_OBSERVATION
country::IND,observation::IND::SH.ANM.CHLD.ZS::2016,HAS_OBSERVATION
country::IND,observation::IND::SH.ALC.PCAP.FE.LI::2016,HAS_OBSERVATION
country::IND,observation::IND::SG.VAW.GOES.ZS::2016,HAS_OBSERVATION
country::IND,observation::IND::SG.DMK.ALLD.FN.ZS::2016,HAS_OBSERVATION
country::IND,observation::IND::SE.TER.ENRR::2016,HAS_OBSERVATION
country::IND,observation::IND::SE.TER.CUAT.BA.MA.ZS::2016,HAS_OBSERVATION
country::IND,observation::IND::BX.KLT.DINV.CD.WD::2016,HAS_OBSERVATION
country::IND,observation::IND::BX.GSR.ROYL.CD::2016,HAS_OBSERVATION
country::IND,observation::IND::BX.GSR.GNFS.CD::2016,HAS_OBSERVATION
country::IND,observation::IND::BX.GSR.CCIS.CD::2016,HAS_OBSERVATION
country::IND,observation::IND::BN.TRF.CURR.CD::2016,HAS_OBSERVATION
country::IND,observation::IND::BN.KAC.EOMS.CD::2016,HAS_OBSERVATION
country::IND,observation::IND::BN.FIN.TOTL.CD::2016,HAS_OBSERVATION
country::IND,observation::IND::BM.TRF.PRVT.CD::2016,HAS_OBSERVATION
country::IND,observation::IND::BM.GSR.TRAN.ZS::2016,HAS_OBSERVATION
country::IND,observation::IND::BM.GSR.MRCH.CD::2016,HAS_OBSERVATION
country::IND,observation::IND::BM.GSR.CMCP.ZS::2016,HAS_OBSERVATION
country::IND,observation::IND::AG.PRD.LVSK.XD::2016,HAS_OBSERVATION
country::IND,observation::IND::AG.LND.IRIG.AG.ZS::2016,HAS_OBSERVATION
country::IND,observation::IND::AG.LND.CROP.ZS::2016,HAS_OBSERVATION
country::IND,observation::IND::AG.LND.ARBL.HA::2016,HAS_OBSERVATION
country::IND,observation::IND::AG.CON.FERT.PT.ZS::2016,HAS_OBSERVATION
country::IND,observation::IND::SH.XPD.EHEX.CH.ZS::2016,HAS_OBSERVATION
country::IND,observation::IND::SH.VAC.TTNS.ZS::2016,HAS_OBSERVATION
country::IND,observation::IND::SH.STA.SUIC.P5::2016,HAS_OBSERVATION
country::IND,observation::IND::SH.STA.STNT.ME.ZS::2016,HAS_OBSERVATION
country::IND,observation::IND::SH.STA.POIS.P5.MA::2016,HAS_OBSERVATION
country::IND,observation::IND::SH.STA.OWGH.ME.ZS::2016,HAS_OBSERVATION
country::IND,observation::IND::SH.STA.ODFC.UR.ZS::2016,HAS_OBSERVATION
country::IND,observation::IND::SH.STA.HYGN.UR.ZS::2016,HAS_OBSERVATION
country::IND,observation::IND::SH.STA.BRTW.ZS::2016,HAS_OBSERVATION
country::IND,observation::IND::SH.STA.BASS.UR.ZS::2016,HAS_OBSERVATION
country::IND,observation::IND::SH.SGR.IRSK.ZS::2016,HAS_OBSERVATION
country::IND,observation::IND::SH.MMR.DTHS::2016,HAS_OBSERVATION
country::IND,observation::IND::SH.MED.BEDS.ZS::2016,HAS_OBSERVATION
country::IND,observation::IND::SH.H2O.SMDW.ZS::2016,HAS_OBSERVATION
country::IND,observation::IND::SH.H2O.BASW.UR.ZS::2016,HAS_OBSERVATION
country::IND,observation::IND::SH.DYN.NCOM.ZS::2016,HAS_OBSERVATION
country::IND,observation::IND::SH.DYN.MORT.FE::2016,HAS_OBSERVATION
country::IND,observation::IND::SH.DYN.2024::2016,HAS_OBSERVATION
country::IND,observation::IND::SH.DTH.1519::2016,HAS_OBSERVATION
country::IND,observation::IND::SH.ALC.PCAP.MA.LI::2016,HAS_OBSERVATION
country::IND,observation::IND::SG.VAW.REAS.ZS::2016,HAS_OBSERVATION
country::IND,observation::IND::SG.VAW.ARGU.ZS::2016,HAS_OBSERVATION
country::IND,observation::IND::SG.GEN.PARL.ZS::2016,HAS_OBSERVATION
country::IND,observation::IND::SE.XPD.TOTL.GB.ZS::2016,HAS_OBSERVATION
country::IND,observation::IND::SE.TER.ENRR.MA::2016,HAS_OBSERVATION
country::IND,observation::IND::DC.DAC.FRAL.CD::2016,HAS_OBSERVATION
country::IND,observation::IND::DC.DAC.DNKL.CD::2016,HAS_OBSERVATION
country::IND,observation::IND::DC.DAC.CECL.CD::2016,HAS_OBSERVATION
country::IND,observation::IND::DC.DAC.AUSL.CD::2016,HAS_OBSERVATION
country::IND,observation::IND::CM.MKT.LDOM.NO::2016,HAS_OBSERVATION
country::IND,observation::IND::BX.TRF.PWKR.DT.GD.ZS::2016,HAS_OBSERVATION
country::IND,observation::IND::BX.PEF.TOTL.CD.WD::2016,HAS_OBSERVATION
country::IND,observation::IND::BX.GSR.TRAN.ZS::2016,HAS_OBSERVATION
country::IND,observation::IND::BX.GSR.MRCH.CD::2016,HAS_OBSERVATION
country::IND,observation::IND::BX.GSR.CMCP.ZS::2016,HAS_OBSERVATION
country::IND,observation::IND::BX.GRT.EXTA.CD.WD::2016,HAS_OBSERVATION
country::IND,observation::IND::BN.KLT.PTXL.CD::2016,HAS_OBSERVATION
country::IND,observation::IND::BN.GSR.GNFS.CD::2016,HAS_OBSERVATION
country::IND,observation::IND::BN.CAB.XOKA.CD::2016,HAS_OBSERVATION
country::IND,observation::IND::BM.KLT.DINV.CD.WD::2016,HAS_OBSERVATION
country::IND,observation::IND::BM.GSR.ROYL.CD::2016,HAS_OBSERVATION
country::IND,observation::IND::BM.GSR.GNFS.CD::2016,HAS_OBSERVATION
country::IND,observation::IND::AG.YLD.CREL.KG::2016,HAS_OBSERVATION
country::IND,observation::IND::AG.PRD.CROP.XD::2016,HAS_OBSERVATION
country::IND,observation::IND::AG.LND.TOTL.K2::2016,HAS_OBSERVATION
country::IND,observation::IND::AG.LND.FRST.K2::2016,HAS_OBSERVATION
country::IND,observation::IND::AG.LND.ARBL.ZS::2016,HAS_OBSERVATION
country::IND,observation::IND::AG.LND.AGRI.K2::2016,HAS_OBSERVATION
country::IND,observation::IND::SH.STA.SMSS.RU.ZS::2016,HAS_OBSERVATION
country::IND,observation::IND::SH.STA.ODFC.ZS::2016,HAS_OBSERVATION
country::IND,observation::IND::SH.STA.MMRT::2016,HAS_OBSERVATION
country::IND,observation::IND::SH.STA.HYGN.ZS::2016,HAS_OBSERVATION
country::IND,observation::IND::SH.STA.BASS.ZS::2016,HAS_OBSERVATION
country::IND,observation::IND::SH.STA.ANVC.ZS::2016,HAS_OBSERVATION
country::IND,observation::IND::SH.MMR.RISK::2016,HAS_OBSERVATION
country::IND,observation::IND::SH.MLR.INCD.P3::2016,HAS_OBSERVATION
country::IND,observation::IND::SH.MED.CMHW.P3::2016,HAS_OBSERVATION
country::IND,observation::IND::SH.IMM.HEPB::2016,HAS_OBSERVATION
country::IND,observation::IND::SH.H2O.BASW.ZS::2016,HAS_OBSERVATION
country::IND,observation::IND::SH.DYN.NMRT::2016,HAS_OBSERVATION
country::IND,observation::IND::SH.DYN.MORT.MA::2016,HAS_OBSERVATION
country::IND,observation::IND::SH.DYN.AIDS.FE.ZS::2016,HAS_OBSERVATION
country::IND,observation::IND::SH.DYN.0509::2016,HAS_OBSERVATION
country::IND,observation::IND::SH.DTH.MORT::2016,HAS_OBSERVATION
country::IND,observation::IND::SH.DTH.2024::2016,HAS_OBSERVATION
country::IND,observation::IND::SH.ANM.ALLW.ZS::2016,HAS_OBSERVATION
country::IND,observation::IND::SG.VAW.REFU.ZS::2016,HAS_OBSERVATION
country::IND,observation::IND::SG.VAW.BURN.ZS::2016,HAS_OBSERVATION
country::IND,observation::IND::SE.XPD.TOTL.GD.ZS::2016,HAS_OBSERVATION
country::IND,observation::IND::SE.TER.TCHR.FE.ZS::2016,HAS_OBSERVATION
country::IND,observation::IND::SE.TER.ENRL.TC.ZS::2016,HAS_OBSERVATION
country::IND,observation::IND::SE.TER.CUAT.BA.FE.ZS::2016,HAS_OBSERVATION
country::IND,observation::IND::SE.SEC.TCHR.FE.ZS::2016,HAS_OBSERVATION
country::IND,observation::IND::SE.SEC.TCAQ.LO.ZS::2016,HAS_OBSERVATION
country::IND,observation::IND::SE.SEC.PROG.ZS::2016,HAS_OBSERVATION
country::IND,observation::IND::DC.DAC.AUTL.CD::2016,HAS_OBSERVATION
country::IND,observation::IND::CM.MKT.TRAD.CD::2016,HAS_OBSERVATION
country::IND,observation::IND::CM.MKT.INDX.ZG::2016,HAS_OBSERVATION
country::IND,observation::IND::BX.TRF.CURR.CD::2016,HAS_OBSERVATION
country::IND,observation::IND::BX.GSR.TRVL.ZS::2016,HAS_OBSERVATION
country::IND,observation::IND::BX.GSR.NFSV.CD::2016,HAS_OBSERVATION
country::IND,observation::IND::BX.GSR.FCTY.CD::2016,HAS_OBSERVATION
country::IND,observation::IND::BX.GRT.TECH.CD.WD::2016,HAS_OBSERVATION
country::IND,observation::IND::BN.RES.INCL.CD::2016,HAS_OBSERVATION
country::IND,observation::IND::BN.GSR.MRCH.CD::2016,HAS_OBSERVATION
country::IND,observation::IND::BN.CAB.XOKA.GD.ZS::2016,HAS_OBSERVATION
country::IND,observation::IND::BM.KLT.DINV.WD.GD.ZS::2016,HAS_OBSERVATION
country::IND,observation::IND::BM.GSR.TOTL.CD::2016,HAS_OBSERVATION
country::IND,observation::IND::BM.GSR.INSF.ZS::2016,HAS_OBSERVATION
country::IND,observation::IND::BG.GSR.NFSV.GD.ZS::2016,HAS_OBSERVATION
country::IND,observation::IND::AG.PRD.FOOD.XD::2016,HAS_OBSERVATION
country::IND,observation::IND::AG.LND.FRST.ZS::2016,HAS_OBSERVATION
country::IND,observation::IND::AG.LND.CREL.HA::2016,HAS_OBSERVATION
country::IND,observation::IND::AG.LND.AGRI.ZS::2016,HAS_OBSERVATION
country::IND,observation::IND::SE.SEC.TCAQ.LO.FE.ZS::2016,HAS_OBSERVATION
country::IND,observation::IND::SE.SEC.PROG.FE.ZS::2016,HAS_OBSERVATION
country::IND,observation::IND::SE.SEC.ENRL.VO.FE.ZS::2016,HAS_OBSERVATION
country::IND,observation::IND::SE.SEC.ENRL.LO.TC.ZS::2016,HAS_OBSERVATION
country::IND,observation::IND::SE.SEC.ENRL::2016,HAS_OBSERVATION
country::IND,observation::IND::SE.SEC.CUAT.LO.ZS::2016,HAS_OBSERVATION
country::IND,observation::IND::SE.SEC.CMPT.LO.MA.ZS::2016,HAS_OBSERVATION
country::IND,observation::IND::SE.PRM.UNER.MA.ZS::2016,HAS_OBSERVATION
country::IND,observation::IND::SE.PRM.UNER::2016,HAS_OBSERVATION
country::IND,observation::IND::SE.PRM.PRSL.ZS::2016,HAS_OBSERVATION
country::IND,observation::IND::SE.PRM.PRS5.MA.ZS::2016,HAS_OBSERVATION
country::IND,observation::IND::SE.PRM.GINT.ZS::2016,HAS_OBSERVATION
country::IND,observation::IND::SE.PRM.ENRR.FE::2016,HAS_OBSERVATION
country::IND,observation::IND::SE.PRM.ENRL::2016,HAS_OBSERVATION
country::IND,observation::IND::SE.PRM.CUAT.FE.ZS::2016,HAS_OBSERVATION
country::IND,observation::IND::SE.PRM.AGES::2016,HAS_OBSERVATION
country::IND,observation::IND::SE.PRE.DURS::2016,HAS_OBSERVATION
country::IND,observation::IND::SE.ENR.PRSC.FM.ZS::2016,HAS_OBSERVATION
country::IND,observation::IND::SE.ADT.1524.LT.FM.ZS::2016,HAS_OBSERVATION
country::IND,observation::IND::PA.NUS.PPP::2016,HAS_OBSERVATION
country::IND,observation::IND::NY.TTF.GNFS.KN::2016,HAS_OBSERVATION
country::IND,observation::IND::NY.TAX.NIND.KN::2016,HAS_OBSERVATION
country::IND,observation::IND::NY.GSR.NFCY.CN::2016,HAS_OBSERVATION
country::IND,observation::IND::NY.GNS.ICTR.CN::2016,HAS_OBSERVATION
country::IND,observation::IND::NY.GNP.PCAP.KN::2016,HAS_OBSERVATION
country::IND,observation::IND::SE.SEC.PRIV.ZS::2016,HAS_OBSERVATION
country::IND,observation::IND::SE.SEC.ENRR.MA::2016,HAS_OBSERVATION
country::IND,observation::IND::SE.SEC.ENRL.VO::2016,HAS_OBSERVATION
country::IND,observation::IND::SE.SEC.ENRL.GC.FE.ZS::2016,HAS_OBSERVATION
country::IND,observation::IND::SE.SEC.DURS::2016,HAS_OBSERVATION
country::IND,observation::IND::SE.SEC.CUAT.LO.MA.ZS::2016,HAS_OBSERVATION
country::IND,observation::IND::SE.SEC.CMPT.LO.FE.ZS::2016,HAS_OBSERVATION
country::IND,observation::IND::SE.PRM.UNER.MA::2016,HAS_OBSERVATION
country::IND,observation::IND::SE.PRM.REPT.ZS::2016,HAS_OBSERVATION
country::IND,observation::IND::SE.PRM.PRSL.MA.ZS::2016,HAS_OBSERVATION
country::IND,observation::IND::SE.PRM.PRS5.FE.ZS::2016,HAS_OBSERVATION
country::IND,observation::IND::SE.PRM.GINT.MA.ZS::2016,HAS_OBSERVATION
country::IND,observation::IND::SE.PRM.ENRR::2016,HAS_OBSERVATION
country::IND,observation::IND::SE.PRM.DURS::2016,HAS_OBSERVATION
country::IND,observation::IND::SE.PRM.CMPT.ZS::2016,HAS_OBSERVATION
country::IND,observation::IND::SE.ENR.PRIM.FM.ZS::2016,HAS_OBSERVATION
country::IND,observation::IND::SE.ADT.1524.LT.FE.ZS::2016,HAS_OBSERVATION
country::IND,observation::IND::PA.NUS.GDP.PLI::2016,HAS_OBSERVATION
country::IND,observation::IND::NY.TAX.NIND.CN::2016,HAS_OBSERVATION
country::IND,observation::IND::NY.GSR.NFCY.CD::2016,HAS_OBSERVATION
country::IND,observation::IND::SE.SEC.TCHR.FE::2016,HAS_OBSERVATION
country::IND,observation::IND::SE.SEC.TCAQ.LO.MA.ZS::2016,HAS_OBSERVATION
country::IND,observation::IND::SE.SEC.PROG.MA.ZS::2016,HAS_OBSERVATION
country::IND,observation::IND::SE.SEC.ENRR::2016,HAS_OBSERVATION
country::IND,observation::IND::SE.SEC.ENRL.TC.ZS::2016,HAS_OBSERVATION
country::IND,observation::IND::SE.SEC.ENRL.FE.ZS::2016,HAS_OBSERVATION
country::IND,observation::IND::SE.SEC.CMPT.LO.ZS::2016,HAS_OBSERVATION
country::IND,observation::IND::SE.PRM.UNER.ZS::2016,HAS_OBSERVATION
country::IND,observation::IND::SE.PRM.UNER.FE::2016,HAS_OBSERVATION
country::IND,observation::IND::SE.PRM.REPT.FE.ZS::2016,HAS_OBSERVATION
country::IND,observation::IND::SE.PRM.PRS5.ZS::2016,HAS_OBSERVATION
country::IND,observation::IND::SE.PRM.ENRR.MA::2016,HAS_OBSERVATION
country::IND,observation::IND::SE.PRM.ENRL.FE.ZS::2016,HAS_OBSERVATION
country::IND,observation::IND::SE.PRM.CUAT.MA.ZS::2016,HAS_OBSERVATION
country::IND,observation::IND::SE.PRM.CMPT.FE.ZS::2016,HAS_OBSERVATION
country::IND,observation::IND::SE.ENR.SECO.FM.ZS::2016,HAS_OBSERVATION
country::IND,observation::IND::SE.ADT.1524.LT.MA.ZS::2016,HAS_OBSERVATION
country::IND,observation::IND::PA.NUS.PRVT.PLI::2016,HAS_OBSERVATION
country::IND,observation::IND::PA.NUS.ATLS::2016,HAS_OBSERVATION
country::IND,observation::IND::NY.TRF.NCTR.CD::2016,HAS_OBSERVATION
country::IND,observation::IND::SE.SEC.ENRR.FE::2016,HAS_OBSERVATION
country::IND,observation::IND::SE.SEC.ENRL.UP.TC.ZS::2016,HAS_OBSERVATION
country::IND,observation::IND::SE.SEC.ENRL.GC::2016,HAS_OBSERVATION
country::IND,observation::IND::SE.SEC.CUAT.LO.FE.ZS::2016,HAS_OBSERVATION
country::IND,observation::IND::SE.SEC.AGES::2016,HAS_OBSERVATION
country::IND,observation::IND::SE.PRM.UNER.FE.ZS::2016,HAS_OBSERVATION
country::IND,observation::IND::SE.PRM.REPT.MA.ZS::2016,HAS_OBSERVATION
country::IND,observation::IND::SE.PRM.PRSL.FE.ZS::2016,HAS_OBSERVATION
country::IND,observation::IND::SE.PRM.PRIV.ZS::2016,HAS_OBSERVATION
country::IND,observation::IND::SE.PRM.GINT.FE.ZS::2016,HAS_OBSERVATION
country::IND,observation::IND::SE.PRM.ENRL.TC.ZS::2016,HAS_OBSERVATION
country::IND,observation::IND::SE.PRM.CUAT.ZS::2016,HAS_OBSERVATION
country::IND,observation::IND::SE.PRM.CMPT.MA.ZS::2016,HAS_OBSERVATION
country::IND,observation::IND::SE.ENR.TERT.FM.ZS::2016,HAS_OBSERVATION
country::IND,observation::IND::SE.COM.DURS::2016,HAS_OBSERVATION
country::IND,observation::IND::SE.ADT.1524.LT.ZS::2016,HAS_OBSERVATION
country::IND,observation::IND::PA.NUS.PRVT.PP::2016,HAS_OBSERVATION
country::IND,observation::IND::PA.NUS.FCRF::2016,HAS_OBSERVATION
country::IND,observation::IND::NY.TRF.NCTR.CN::2016,HAS_OBSERVATION
country::IND,observation::IND::NY.TAX.NIND.CD::2016,HAS_OBSERVATION
country::IND,observation::IND::NY.GNS.ICTR.ZS::2016,HAS_OBSERVATION
country::IND,observation::IND::NY.GNP.PCAP.CD::2016,HAS_OBSERVATION
country::IND,observation::IND::NY.GNP.MKTP.KD.ZG::2016,HAS_OBSERVATION
country::IND,observation::IND::NY.GNP.MKTP.CD::2016,HAS_OBSERVATION
country::IND,observation::IND::NY.GDS.TOTL.CN::2016,HAS_OBSERVATION
country::IND,observation::IND::NY.GDP.PCAP.PP.KD::2016,HAS_OBSERVATION
country::IND,observation::IND::NY.GDP.PCAP.KD::2016,HAS_OBSERVATION
country::IND,observation::IND::NY.GDP.MKTP.PP.KD::2016,HAS_OBSERVATION
country::IND,observation::IND::NY.GDP.MKTP.KD::2016,HAS_OBSERVATION
country::IND,observation::IND::NY.GDP.MINR.RT.ZS::2016,HAS_OBSERVATION
country::IND,observation::IND::NY.GDP.FCST.CN::2016,HAS_OBSERVATION
country::IND,observation::IND::NY.GDP.DEFL.ZS.AD::2016,HAS_OBSERVATION
country::IND,observation::IND::NY.GDP.COAL.RT.ZS::2016,HAS_OBSERVATION
country::IND,observation::IND::NY.ADJ.SVNG.GN.ZS::2016,HAS_OBSERVATION
country::IND,observation::IND::NY.ADJ.NNTY.PC.CD::2016,HAS_OBSERVATION
country::IND,observation::IND::NY.ADJ.NNAT.GN.ZS::2016,HAS_OBSERVATION
country::IND,observation::IND::NY.ADJ.DPEM.GN.ZS::2016,HAS_OBSERVATION
country::IND,observation::IND::NY.ADJ.DMIN.GN.ZS::2016,HAS_OBSERVATION
country::IND,observation::IND::NY.ADJ.DFOR.GN.ZS::2016,HAS_OBSERVATION
country::IND,observation::IND::NY.ADJ.AEDU.GN.ZS::2016,HAS_OBSERVATION
country::IND,observation::IND::NV.SRV.TOTL.KD.ZG::2016,HAS_OBSERVATION
country::IND,observation::IND::NV.SRV.EMPL.KD::2016,HAS_OBSERVATION
country::IND,observation::IND::NV.MNF.MTRN.ZS.UN::2016,HAS_OBSERVATION
country::IND,observation::IND::NV.IND.TOTL.KN::2016,HAS_OBSERVATION
country::IND,observation::IND::NV.IND.TOTL.CD::2016,HAS_OBSERVATION
country::IND,observation::IND::NV.IND.MANF.KD::2016,HAS_OBSERVATION
country::IND,observation::IND::NV.AGR.TOTL.KD.ZG::2016,HAS_OBSERVATION
country::IND,observation::IND::NV.AGR.EMPL.KD::2016,HAS_OBSERVATION
country::IND,observation::IND::NE.RSB.GNFS.CN::2016,HAS_OBSERVATION
country::IND,observation::IND::NE.IMP.GNFS.KD.ZG::2016,HAS_OBSERVATION
country::IND,observation::IND::NE.GDI.TOTL.ZS::2016,HAS_OBSERVATION
country::IND,observation::IND::NY.GNS.ICTR.CD::2016,HAS_OBSERVATION
country::IND,observation::IND::NY.GNP.PCAP.KD.ZG::2016,HAS_OBSERVATION
country::IND,observation::IND::NY.GNP.MKTP.PP.KD::2016,HAS_OBSERVATION
country::IND,observation::IND::NY.GNP.MKTP.KD::2016,HAS_OBSERVATION
country::IND,observation::IND::NY.GNP.ATLS.CD::2016,HAS_OBSERVATION
country::IND,observation::IND::NY.GDS.TOTL.CD::2016,HAS_OBSERVATION
country::IND,observation::IND::NY.GDP.PCAP.PP.CD::2016,HAS_OBSERVATION
country::IND,observation::IND::NY.GDP.PCAP.CN::2016,HAS_OBSERVATION
country::IND,observation::IND::NY.GDP.MKTP.PP.CD::2016,HAS_OBSERVATION
country::IND,observation::IND::NY.GDP.MKTP.CN.AD::2016,HAS_OBSERVATION
country::IND,observation::IND::NY.GDP.FRST.RT.ZS::2016,HAS_OBSERVATION
country::IND,observation::IND::NY.GDP.FCST.CD::2016,HAS_OBSERVATION
country::IND,observation::IND::NY.GDP.DEFL.ZS::2016,HAS_OBSERVATION
country::IND,observation::IND::NY.EXP.CAPM.KN::2016,HAS_OBSERVATION
country::IND,observation::IND::NY.ADJ.SVNG.CD::2016,HAS_OBSERVATION
country::IND,observation::IND::NY.ADJ.NNTY.KD.ZG::2016,HAS_OBSERVATION
country::IND,observation::IND::NY.ADJ.NNAT.CD::2016,HAS_OBSERVATION
country::IND,observation::IND::NY.ADJ.DPEM.CD::2016,HAS_OBSERVATION
country::IND,observation::IND::NY.ADJ.DMIN.CD::2016,HAS_OBSERVATION
country::IND,observation::IND::NY.ADJ.DFOR.CD::2016,HAS_OBSERVATION
country::IND,observation::IND::NY.ADJ.AEDU.CD::2016,HAS_OBSERVATION
country::IND,observation::IND::NV.SRV.TOTL.KD::2016,HAS_OBSERVATION
country::IND,observation::IND::NV.MNF.TXTL.ZS.UN::2016,HAS_OBSERVATION
country::IND,observation::IND::NV.MNF.FBTO.ZS.UN::2016,HAS_OBSERVATION
country::IND,observation::IND::NV.IND.TOTL.KD.ZG::2016,HAS_OBSERVATION
country::IND,observation::IND::NV.IND.MANF.ZS::2016,HAS_OBSERVATION
country::IND,observation::IND::NV.IND.MANF.CN::2016,HAS_OBSERVATION
country::IND,observation::IND::NV.AGR.TOTL.KD::2016,HAS_OBSERVATION
country::IND,observation::IND::NE.TRD.GNFS.ZS::2016,HAS_OBSERVATION
country::IND,observation::IND::NE.RSB.GNFS.CD::2016,HAS_OBSERVATION
country::IND,observation::IND::NY.GNS.ICTR.GN.ZS::2016,HAS_OBSERVATION
country::IND,observation::IND::NY.GNP.PCAP.PP.CD::2016,HAS_OBSERVATION
country::IND,observation::IND::NY.GNP.PCAP.CN::2016,HAS_OBSERVATION
country::IND,observation::IND::NY.GNP.MKTP.KN::2016,HAS_OBSERVATION
country::IND,observation::IND::NY.GNP.MKTP.CN::2016,HAS_OBSERVATION
country::IND,observation::IND::NY.GDS.TOTL.ZS::2016,HAS_OBSERVATION
country::IND,observation::IND::NY.GDP.PETR.RT.ZS::2016,HAS_OBSERVATION
country::IND,observation::IND::NY.GDP.PCAP.KD.ZG::2016,HAS_OBSERVATION
country::IND,observation::IND::NY.GDP.NGAS.RT.ZS::2016,HAS_OBSERVATION
country::IND,observation::IND::NY.GDP.MKTP.KD.ZG::2016,HAS_OBSERVATION
country::IND,observation::IND::NY.GDP.MKTP.CD::2016,HAS_OBSERVATION
country::IND,observation::IND::NY.GDP.FCST.KD::2016,HAS_OBSERVATION
country::IND,observation::IND::NY.GDP.DISC.CN::2016,HAS_OBSERVATION
country::IND,observation::IND::NY.GDP.DEFL.KD.ZG::2016,HAS_OBSERVATION
country::IND,observation::IND::NY.ADJ.SVNX.CD::2016,HAS_OBSERVATION
country::IND,observation::IND::NY.ADJ.NNTY.PC.KD::2016,HAS_OBSERVATION
country::IND,observation::IND::NY.ADJ.NNTY.CD::2016,HAS_OBSERVATION
country::IND,observation::IND::NY.ADJ.DRES.GN.ZS::2016,HAS_OBSERVATION
country::IND,observation::IND::NY.ADJ.DNGY.CD::2016,HAS_OBSERVATION
country::IND,observation::IND::NY.ADJ.DKAP.CD::2016,HAS_OBSERVATION
country::IND,observation::IND::NY.ADJ.DCO2.CD::2016,HAS_OBSERVATION
country::IND,observation::IND::NV.SRV.TOTL.KN::2016,HAS_OBSERVATION
country::IND,observation::IND::NV.SRV.TOTL.CD::2016,HAS_OBSERVATION
country::IND,observation::IND::NV.MNF.OTHR.ZS.UN::2016,HAS_OBSERVATION
country::IND,observation::IND::NV.IND.TOTL.ZS::2016,HAS_OBSERVATION
country::IND,observation::IND::NV.IND.TOTL.CN::2016,HAS_OBSERVATION
country::IND,observation::IND::NV.IND.MANF.KD.ZG::2016,HAS_OBSERVATION
country::IND,observation::IND::NV.IND.EMPL.KD::2016,HAS_OBSERVATION
country::IND,observation::IND::NV.AGR.TOTL.KN::2016,HAS_OBSERVATION
country::IND,observation::IND::NV.AGR.TOTL.CD::2016,HAS_OBSERVATION
country::IND,observation::IND::NE.RSB.GNFS.KN::2016,HAS_OBSERVATION
country::IND,observation::IND::NE.IMP.GNFS.KN::2016,HAS_OBSERVATION
country::IND,observation::IND::NY.GNP.PCAP.PP.KD::2016,HAS_OBSERVATION
country::IND,observation::IND::NY.GNP.PCAP.KD::2016,HAS_OBSERVATION
country::IND,observation::IND::NY.GNP.MKTP.PP.CD::2016,HAS_OBSERVATION
country::IND,observation::IND::NY.GNP.MKTP.CN.AD::2016,HAS_OBSERVATION
country::IND,observation::IND::NY.GDY.TOTL.KN::2016,HAS_OBSERVATION
country::IND,observation::IND::NY.GDP.TOTL.RT.ZS::2016,HAS_OBSERVATION
country::IND,observation::IND::NY.GDP.PCAP.KN::2016,HAS_OBSERVATION
country::IND,observation::IND::NY.GDP.PCAP.CD::2016,HAS_OBSERVATION
country::IND,observation::IND::NY.GDP.MKTP.KN::2016,HAS_OBSERVATION
country::IND,observation::IND::NY.GDP.MKTP.CN::2016,HAS_OBSERVATION
country::IND,observation::IND::NY.GDP.FCST.KN::2016,HAS_OBSERVATION
country::IND,observation::IND::NY.GDP.DISC.KN::2016,HAS_OBSERVATION
country::IND,observation::IND::NY.GDP.DEFL.KD.ZG.AD::2016,HAS_OBSERVATION
country::IND,observation::IND::NY.ADJ.SVNX.GN.ZS::2016,HAS_OBSERVATION
country::IND,observation::IND::NY.ADJ.NNTY.PC.KD.ZG::2016,HAS_OBSERVATION
country::IND,observation::IND::NY.ADJ.NNTY.KD::2016,HAS_OBSERVATION
country::IND,observation::IND::NY.ADJ.ICTR.GN.ZS::2016,HAS_OBSERVATION
country::IND,observation::IND::NY.ADJ.DNGY.GN.ZS::2016,HAS_OBSERVATION
country::IND,observation::IND::NY.ADJ.DKAP.GN.ZS::2016,HAS_OBSERVATION
country::IND,observation::IND::NY.ADJ.DCO2.GN.ZS::2016,HAS_OBSERVATION
country::IND,observation::IND::NV.SRV.TOTL.ZS::2016,HAS_OBSERVATION
country::IND,observation::IND::NV.SRV.TOTL.CN::2016,HAS_OBSERVATION
country::IND,observation::IND::NV.MNF.TECH.ZS.UN::2016,HAS_OBSERVATION
country::IND,observation::IND::NV.MNF.CHEM.ZS.UN::2016,HAS_OBSERVATION
country::IND,observation::IND::NV.IND.TOTL.KD::2016,HAS_OBSERVATION
country::IND,observation::IND::NV.IND.MANF.KN::2016,HAS_OBSERVATION
country::IND,observation::IND::NV.IND.MANF.CD::2016,HAS_OBSERVATION
country::IND,observation::IND::NV.AGR.TOTL.ZS::2016,HAS_OBSERVATION
country::IND,observation::IND::NE.GDI.TOTL.CN::2016,HAS_OBSERVATION
country::IND,observation::IND::NE.GDI.STKB.CD::2016,HAS_OBSERVATION
country::IND,observation::IND::NE.GDI.FTOT.KD::2016,HAS_OBSERVATION
country::IND,observation::IND::NE.GDI.FPRV.CN::2016,HAS_OBSERVATION
country::IND,observation::IND::NE.EXP.GNFS.KD::2016,HAS_OBSERVATION
country::IND,observation::IND::NE.DAB.TOTL.KN::2016,HAS_OBSERVATION
country::IND,observation::IND::NE.DAB.DEFL.ZS::2016,HAS_OBSERVATION
country::IND,observation::IND::NE.CON.TOTL.KD::2016,HAS_OBSERVATION
country::IND,observation::IND::NE.CON.PRVT.PP.KD::2016,HAS_OBSERVATION
country::IND,observation::IND::NE.CON.PRVT.KN::2016,HAS_OBSERVATION
country::IND,observation::IND::NE.CON.PRVT.CN::2016,HAS_OBSERVATION
country::IND,observation::IND::NE.CON.GOVT.ZS::2016,HAS_OBSERVATION
country::IND,observation::IND::NE.CON.GOVT.CN::2016,HAS_OBSERVATION
country::IND,observation::IND::MS.MIL.XPND.GD.ZS::2016,HAS_OBSERVATION
country::IND,observation::IND::MS.MIL.TOTL.P1::2016,HAS_OBSERVATION
country::IND,observation::IND::LP.LPI.OVRL.XQ::2016,HAS_OBSERVATION
country::IND,observation::IND::LP.LPI.CUST.XQ::2016,HAS_OBSERVATION
country::IND,observation::IND::IT.NET.BBND.P2::2016,HAS_OBSERVATION
country::IND,observation::IND::IT.CEL.SETS.P2::2016,HAS_OBSERVATION
country::IND,observation::IND::IS.RRS.TOTL.KM::2016,HAS_OBSERVATION
country::IND,observation::IND::IS.AIR.GOOD.MT.K1::2016,HAS_OBSERVATION
country::IND,observation::IND::IQ.SPI.PIL3::2016,HAS_OBSERVATION
country::IND,observation::IND::NE.IMP.GNFS.KD::2016,HAS_OBSERVATION
country::IND,observation::IND::NE.GDI.TOTL.KN::2016,HAS_OBSERVATION
country::IND,observation::IND::NE.GDI.TOTL.CD::2016,HAS_OBSERVATION
country::IND,observation::IND::NE.GDI.FTOT.ZS::2016,HAS_OBSERVATION
country::IND,observation::IND::NE.GDI.FTOT.CN::2016,HAS_OBSERVATION
country::IND,observation::IND::NE.EXP.GNFS.ZS::2016,HAS_OBSERVATION
country::IND,observation::IND::NE.EXP.GNFS.CN::2016,HAS_OBSERVATION
country::IND,observation::IND::NE.DAB.TOTL.KD::2016,HAS_OBSERVATION
country::IND,observation::IND::NE.CON.TOTL.ZS::2016,HAS_OBSERVATION
country::IND,observation::IND::NE.CON.TOTL.CN::2016,HAS_OBSERVATION
country::IND,observation::IND::NE.CON.PRVT.PP.CD::2016,HAS_OBSERVATION
country::IND,observation::IND::NE.CON.PRVT.KD.ZG::2016,HAS_OBSERVATION
country::IND,observation::IND::NE.CON.PRVT.CD::2016,HAS_OBSERVATION
country::IND,observation::IND::NE.CON.GOVT.KN::2016,HAS_OBSERVATION
country::IND,observation::IND::NE.CON.GOVT.CD::2016,HAS_OBSERVATION
country::IND,observation::IND::MS.MIL.XPND.CN::2016,HAS_OBSERVATION
country::IND,observation::IND::MS.MIL.MPRT.KD::2016,HAS_OBSERVATION
country::IND,observation::IND::LP.LPI.LOGS.XQ::2016,HAS_OBSERVATION
country::IND,observation::IND::LP.IMP.DURS.MD::2016,HAS_OBSERVATION
country::IND,observation::IND::IT.NET.BBND::2016,HAS_OBSERVATION
country::IND,observation::IND::IT.CEL.SETS::2016,HAS_OBSERVATION
country::IND,observation::IND::IS.RRS.PASG.KM::2016,HAS_OBSERVATION
country::IND,observation::IND::IS.AIR.DPRT::2016,HAS_OBSERVATION
country::IND,observation::IND::IQ.SPI.PIL2::2016,HAS_OBSERVATION
country::IND,observation::IND::NE.IMP.GNFS.CD::2016,HAS_OBSERVATION
country::IND,observation::IND::NE.GDI.TOTL.KD::2016,HAS_OBSERVATION
country::IND,observation::IND::NE.GDI.STKB.CN::2016,HAS_OBSERVATION
country::IND,observation::IND::NE.GDI.FTOT.KD.ZG::2016,HAS_OBSERVATION
country::IND,observation::IND::NE.GDI.FPRV.ZS::2016,HAS_OBSERVATION
country::IND,observation::IND::NE.EXP.GNFS.KD.ZG::2016,HAS_OBSERVATION
country::IND,observation::IND::NE.DAB.TOTL.ZS::2016,HAS_OBSERVATION
country::IND,observation::IND::NE.DAB.TOTL.CD::2016,HAS_OBSERVATION
country::IND,observation::IND::NE.CON.TOTL.KD.ZG::2016,HAS_OBSERVATION
country::IND,observation::IND::NE.CON.PRVT.ZS::2016,HAS_OBSERVATION
country::IND,observation::IND::NE.CON.PRVT.PC.KD::2016,HAS_OBSERVATION
country::IND,observation::IND::NE.CON.PRVT.CN.AD::2016,HAS_OBSERVATION
country::IND,observation::IND::NE.CON.PCAP.PP.CD::2016,HAS_OBSERVATION
country::IND,observation::IND::NE.CON.GOVT.KD::2016,HAS_OBSERVATION
country::IND,observation::IND::MS.MIL.XPND.ZS::2016,HAS_OBSERVATION
country::IND,observation::IND::MS.MIL.TOTL.TF.ZS::2016,HAS_OBSERVATION
country::IND,observation::IND::LP.LPI.TIME.XQ::2016,HAS_OBSERVATION
country::IND,observation::IND::LP.LPI.INFR.XQ::2016,HAS_OBSERVATION
country::IND,observation::IND::IT.NET.USER.ZS::2016,HAS_OBSERVATION
country::IND,observation::IND::IT.NET.SECR::2016,HAS_OBSERVATION
country::IND,observation::IND::IT.MLT.MAIN::2016,HAS_OBSERVATION
country::IND,observation::IND::IS.SHP.GCNW.XQ::2016,HAS_OBSERVATION
country::IND,observation::IND::IS.AIR.PSGR::2016,HAS_OBSERVATION
country::IND,observation::IND::IQ.SPI.PIL4::2016,HAS_OBSERVATION
country::IND,observation::IND::IQ.SPI.OVRL::2016,HAS_OBSERVATION
country::IND,observation::IND::NV.AGR.TOTL.CN::2016,HAS_OBSERVATION
country::IND,observation::IND::NE.RSB.GNFS.ZS::2016,HAS_OBSERVATION
country::IND,observation::IND::NE.IMP.GNFS.ZS::2016,HAS_OBSERVATION
country::IND,observation::IND::NE.IMP.GNFS.CN::2016,HAS_OBSERVATION
country::IND,observation::IND::NE.GDI.TOTL.KD.ZG::2016,HAS_OBSERVATION
country::IND,observation::IND::NE.GDI.STKB.KN::2016,HAS_OBSERVATION
country::IND,observation::IND::NE.GDI.FTOT.KN::2016,HAS_OBSERVATION
country::IND,observation::IND::NE.GDI.FTOT.CD::2016,HAS_OBSERVATION
country::IND,observation::IND::NE.EXP.GNFS.KN::2016,HAS_OBSERVATION
country::IND,observation::IND::NE.EXP.GNFS.CD::2016,HAS_OBSERVATION
country::IND,observation::IND::NE.DAB.TOTL.CN::2016,HAS_OBSERVATION
country::IND,observation::IND::NE.CON.TOTL.KN::2016,HAS_OBSERVATION
country::IND,observation::IND::NE.CON.TOTL.CD::2016,HAS_OBSERVATION
country::IND,observation::IND::NE.CON.PRVT.PC.KD.ZG::2016,HAS_OBSERVATION
country::IND,observation::IND::NE.CON.PRVT.KD::2016,HAS_OBSERVATION
country::IND,observation::IND::NE.CON.PCAP.PP.KD::2016,HAS_OBSERVATION
country::IND,observation::IND::NE.CON.GOVT.KD.ZG::2016,HAS_OBSERVATION
country::IND,observation::IND::MS.MIL.XPRT.KD::2016,HAS_OBSERVATION
country::IND,observation::IND::MS.MIL.XPND.CD::2016,HAS_OBSERVATION
country::IND,observation::IND::LP.LPI.TRAC.XQ::2016,HAS_OBSERVATION
country::IND,observation::IND::LP.LPI.ITRN.XQ::2016,HAS_OBSERVATION
country::IND,observation::IND::LP.EXP.DURS.MD::2016,HAS_OBSERVATION
country::IND,observation::IND::IT.NET.SECR.P6::2016,HAS_OBSERVATION
country::IND,observation::IND::IT.MLT.MAIN.P2::2016,HAS_OBSERVATION
country::IND,observation::IND::IS.SHP.GOOD.TU::2016,HAS_OBSERVATION
country::IND,observation::IND::IS.RRS.GOOD.MT.K6::2016,HAS_OBSERVATION
country::IND,observation::IND::IQ.SPI.PIL5::2016,HAS_OBSERVATION
country::IND,observation::IND::IQ.SPI.PIL1::2016,HAS_OBSERVATION
country::IND,observation::IND::VC.IHR.PSRC.P5::2016,HAS_OBSERVATION
country::IND,observation::IND::VC.IDP.NWCV::2016,HAS_OBSERVATION
country::IND,observation::IND::TX.VAL.TECH.MF.ZS::2016,HAS_OBSERVATION
country::IND,observation::IND::TX.VAL.MRCH.XD.WD::2016,HAS_OBSERVATION
country::IND,observation::IND::TX.VAL.MRCH.R6.ZS::2016,HAS_OBSERVATION
country::IND,observation::IND::TX.VAL.MRCH.R2.ZS::2016,HAS_OBSERVATION
country::IND,observation::IND::TX.VAL.MRCH.CD.WT::2016,HAS_OBSERVATION
country::IND,observation::IND::TX.VAL.INSF.ZS.WT::2016,HAS_OBSERVATION
country::IND,observation::IND::TX.VAL.AGRI.ZS.UN::2016,HAS_OBSERVATION
country::IND,observation::IND::TT.PRI.MRCH.XD.WD::2016,HAS_OBSERVATION
country::IND,observation::IND::TM.VAL.OTHR.ZS.WT::2016,HAS_OBSERVATION
country::IND,observation::IND::TM.VAL.MRCH.RS.ZS::2016,HAS_OBSERVATION
country::IND,observation::IND::TM.VAL.MRCH.R3.ZS::2016,HAS_OBSERVATION
country::IND,observation::IND::TM.VAL.MRCH.HI.ZS::2016,HAS_OBSERVATION
country::IND,observation::IND::TM.VAL.MANF.ZS.UN::2016,HAS_OBSERVATION
country::IND,observation::IND::TM.VAL.FOOD.ZS.UN::2016,HAS_OBSERVATION
country::IND,observation::IND::TM.TAX.TCOM.WM.AR.ZS::2016,HAS_OBSERVATION
country::IND,observation::IND::TM.TAX.TCOM.BC.ZS::2016,HAS_OBSERVATION
country::IND,observation::IND::TM.TAX.MRCH.SM.AR.ZS::2016,HAS_OBSERVATION
country::IND,observation::IND::TM.TAX.MANF.WM.AR.ZS::2016,HAS_OBSERVATION
country::IND,observation::IND::TM.TAX.MANF.BC.ZS::2016,HAS_OBSERVATION
country::IND,observation::IND::ST.INT.XPND.CD::2016,HAS_OBSERVATION
country::IND,observation::IND::ST.INT.TRNR.CD::2016,HAS_OBSERVATION
country::IND,observation::IND::ST.INT.ARVL::2016,HAS_OBSERVATION
country::IND,observation::IND::SP.URB.GROW::2016,HAS_OBSERVATION
country::IND,observation::IND::SP.REG.BRTH.MA.ZS::2016,HAS_OBSERVATION
country::IND,observation::IND::SP.POP.TOTL.FE.ZS::2016,HAS_OBSERVATION
country::IND,observation::IND::SP.POP.DPND::2016,HAS_OBSERVATION
country::IND,observation::IND::SP.POP.7579.MA.5Y::2016,HAS_OBSERVATION
country::IND,observation::IND::SP.POP.65UP.TO.ZS::2016,HAS_OBSERVATION
country::IND,observation::IND::SP.POP.65UP.FE.ZS::2016,HAS_OBSERVATION
country::IND,observation::IND::SP.POP.6064.MA.5Y::2016,HAS_OBSERVATION
country::IND,observation::IND::SP.POP.5054.MA.5Y::2016,HAS_OBSERVATION
country::IND,observation::IND::SP.POP.4044.MA.5Y::2016,HAS_OBSERVATION
country::IND,observation::IND::SP.POP.3034.MA.5Y::2016,HAS_OBSERVATION
country::IND,observation::IND::SP.POP.2024.MA.5Y::2016,HAS_OBSERVATION
country::IND,observation::IND::SP.POP.1564.MA.ZS::2016,HAS_OBSERVATION
country::IND,observation::IND::SP.POP.1519.MA.5Y::2016,HAS_OBSERVATION
country::IND,observation::IND::SP.POP.0509.MA.5Y::2016,HAS_OBSERVATION
country::IND,observation::IND::SP.POP.0014.MA.ZS::2016,HAS_OBSERVATION
country::IND,observation::IND::SP.POP.0004.MA.5Y::2016,HAS_OBSERVATION
country::IND,observation::IND::SP.M15.2024.FE.ZS::2016,HAS_OBSERVATION
country::IND,observation::IND::SP.DYN.TO65.FE.ZS::2016,HAS_OBSERVATION
country::IND,observation::IND::SP.DYN.LE00.FE.IN::2016,HAS_OBSERVATION
country::IND,observation::IND::SP.DYN.CONU.ZS::2016,HAS_OBSERVATION
country::IND,observation::IND::SP.DYN.AMRT.MA::2016,HAS_OBSERVATION
country::IND,observation::IND::DT.NFL.WHOL.CD::2016,HAS_OBSERVATION
country::IND,observation::IND::DT.NFL.UNDP.CD::2016,HAS_OBSERVATION
country::IND,observation::IND::DT.NFL.UNCF.CD::2016,HAS_OBSERVATION
country::IND,observation::IND::DT.NFL.PROP.CD::2016,HAS_OBSERVATION
country::IND,observation::IND::DT.NFL.PCBK.CD::2016,HAS_OBSERVATION
country::IND,observation::IND::DT.NFL.MOTH.CD::2016,HAS_OBSERVATION
country::IND,observation::IND::DT.NFL.BOND.CD::2016,HAS_OBSERVATION
country::IND,observation::IND::VC.IHR.PSRC.MA.P5::2016,HAS_OBSERVATION
country::IND,observation::IND::VC.BTL.DETH::2016,HAS_OBSERVATION
country::IND,observation::IND::TX.VAL.TECH.CD::2016,HAS_OBSERVATION
country::IND,observation::IND::TX.VAL.MRCH.WR.ZS::2016,HAS_OBSERVATION
country::IND,observation::IND::TX.VAL.MRCH.R5.ZS::2016,HAS_OBSERVATION
country::IND,observation::IND::TX.VAL.MRCH.R1.ZS::2016,HAS_OBSERVATION
country::IND,observation::IND::TX.VAL.MRCH.AL.ZS::2016,HAS_OBSERVATION
country::IND,observation::IND::TX.VAL.ICTG.ZS.UN::2016,HAS_OBSERVATION
country::IND,observation::IND::TX.UVI.MRCH.XD.WD::2016,HAS_OBSERVATION
country::IND,observation::IND::TM.VAL.TRVL.ZS.WT::2016,HAS_OBSERVATION
country::IND,observation::IND::TM.VAL.MRCH.XD.WD::2016,HAS_OBSERVATION
country::IND,observation::IND::TM.VAL.MRCH.R6.ZS::2016,HAS_OBSERVATION
country::IND,observation::IND::TM.VAL.MRCH.R2.ZS::2016,HAS_OBSERVATION
country::IND,observation::IND::TM.VAL.MRCH.CD.WT::2016,HAS_OBSERVATION
country::IND,observation::IND::TM.VAL.INSF.ZS.WT::2016,HAS_OBSERVATION
country::IND,observation::IND::TM.VAL.AGRI.ZS.UN::2016,HAS_OBSERVATION
country::IND,observation::IND::TM.TAX.TCOM.SM.FN.ZS::2016,HAS_OBSERVATION
country::IND,observation::IND::TM.TAX.MRCH.WM.FN.ZS::2016,HAS_OBSERVATION
country::IND,observation::IND::TM.TAX.MRCH.BR.ZS::2016,HAS_OBSERVATION
country::IND,observation::IND::TM.TAX.MANF.SM.FN.ZS::2016,HAS_OBSERVATION
country::IND,observation::IND::TM.QTY.MRCH.XD.WD::2016,HAS_OBSERVATION
country::IND,observation::IND::ST.INT.TVLX.CD::2016,HAS_OBSERVATION
country::IND,observation::IND::ST.INT.RCPT.XP.ZS::2016,HAS_OBSERVATION
country::IND,observation::IND::SP.UWT.TFRT::2016,HAS_OBSERVATION
country::IND,observation::IND::SP.RUR.TOTL.ZS::2016,HAS_OBSERVATION
country::IND,observation::IND::SP.REG.BRTH.ZS::2016,HAS_OBSERVATION
country::IND,observation::IND::SP.REG.BRTH.FE.ZS::2016,HAS_OBSERVATION
country::IND,observation::IND::SP.POP.TOTL.FE.IN::2016,HAS_OBSERVATION
country::IND,observation::IND::SP.POP.GROW::2016,HAS_OBSERVATION
country::IND,observation::IND::SP.POP.BRTH.MF::2016,HAS_OBSERVATION
country::IND,observation::IND::SP.POP.7579.FE.5Y::2016,HAS_OBSERVATION
country::IND,observation::IND::SP.POP.65UP.TO::2016,HAS_OBSERVATION
country::IND,observation::IND::SP.POP.65UP.FE.IN::2016,HAS_OBSERVATION
country::IND,observation::IND::SP.POP.6064.FE.5Y::2016,HAS_OBSERVATION
country::IND,observation::IND::SP.POP.5054.FE.5Y::2016,HAS_OBSERVATION
country::IND,observation::IND::SP.POP.4044.FE.5Y::2016,HAS_OBSERVATION
country::IND,observation::IND::SP.POP.3034.FE.5Y::2016,HAS_OBSERVATION
country::IND,observation::IND::SP.POP.2024.FE.5Y::2016,HAS_OBSERVATION
country::IND,observation::IND::SP.POP.1564.MA.IN::2016,HAS_OBSERVATION
country::IND,observation::IND::SP.POP.1519.FE.5Y::2016,HAS_OBSERVATION
country::IND,observation::IND::SP.POP.0509.FE.5Y::2016,HAS_OBSERVATION
country::IND,observation::IND::SP.POP.0014.MA.IN::2016,HAS_OBSERVATION
country::IND,observation::IND::SP.POP.0004.FE.5Y::2016,HAS_OBSERVATION
country::IND,observation::IND::SP.HOU.FEMA.ZS::2016,HAS_OBSERVATION
country::IND,observation::IND::SP.DYN.TFRT.IN::2016,HAS_OBSERVATION
country::IND,observation::IND::SP.DYN.IMRT.MA.IN::2016,HAS_OBSERVATION
country::IND,observation::IND::SP.DYN.CONM.ZS::2016,HAS_OBSERVATION
country::IND,observation::IND::SP.DYN.AMRT.FE::2016,HAS_OBSERVATION
country::IND,observation::IND::SN.ITK.SALT.ZS::2016,HAS_OBSERVATION
country::IND,observation::IND::SM.POP.RHCR.EA::2016,HAS_OBSERVATION
country::IND,observation::IND::SM.POP.IDPC::2016,HAS_OBSERVATION
country::IND,observation::IND::DT.NFL.UNFP.CD::2016,HAS_OBSERVATION
country::IND,observation::IND::DT.NFL.RDBN.CD::2016,HAS_OBSERVATION
country::IND,observation::IND::DT.NFL.PNGC.CD::2016,HAS_OBSERVATION
country::IND,observation::IND::DT.NFL.PBND.CD::2016,HAS_OBSERVATION
country::IND,observation::IND::DT.NFL.MLAT.CD::2016,HAS_OBSERVATION
country::IND,observation::IND::DT.NFL.IMFC.CD::2016,HAS_OBSERVATION
country::IND,observation::IND::DT.NFL.BLAT.CD::2016,HAS_OBSERVATION
country::IND,observation::IND::DT.DOD.MWBG.CD::2016,HAS_OBSERVATION
country::IND,observation::IND::DT.DOD.DSTC.XP.ZS::2016,HAS_OBSERVATION
country::IND,observation::IND::DT.DOD.DPNG.CD::2016,HAS_OBSERVATION
country::IND,observation::IND::DT.DOD.DECT.CD::2016,HAS_OBSERVATION
country::IND,observation::IND::VC.IDP.NWDS::2016,HAS_OBSERVATION
country::IND,observation::IND::TX.VAL.TRAN.ZS.WT::2016,HAS_OBSERVATION
country::IND,observation::IND::TX.VAL.OTHR.ZS.WT::2016,HAS_OBSERVATION
country::IND,observation::IND::TX.VAL.MRCH.RS.ZS::2016,HAS_OBSERVATION
country::IND,observation::IND::TX.VAL.MRCH.R3.ZS::2016,HAS_OBSERVATION
country::IND,observation::IND::TX.VAL.MRCH.HI.ZS::2016,HAS_OBSERVATION
country::IND,observation::IND::TX.VAL.MANF.ZS.UN::2016,HAS_OBSERVATION
country::IND,observation::IND::TX.VAL.FOOD.ZS.UN::2016,HAS_OBSERVATION
country::IND,observation::IND::TX.MNF.TECH.ZS.UN::2016,HAS_OBSERVATION
country::IND,observation::IND::TM.VAL.SERV.CD.WT::2016,HAS_OBSERVATION
country::IND,observation::IND::TM.VAL.MRCH.WL.CD::2016,HAS_OBSERVATION
country::IND,observation::IND::TM.VAL.MRCH.R4.ZS::2016,HAS_OBSERVATION
country::IND,observation::IND::TM.VAL.MRCH.OR.ZS::2016,HAS_OBSERVATION
country::IND,observation::IND::TM.VAL.MMTL.ZS.UN::2016,HAS_OBSERVATION
country::IND,observation::IND::TM.VAL.FUEL.ZS.UN::2016,HAS_OBSERVATION
country::IND,observation::IND::TM.TAX.TCOM.WM.FN.ZS::2016,HAS_OBSERVATION
country::IND,observation::IND::TM.TAX.TCOM.BR.ZS::2016,HAS_OBSERVATION
country::IND,observation::IND::TM.TAX.MRCH.SM.FN.ZS::2016,HAS_OBSERVATION
country::IND,observation::IND::TM.TAX.MANF.WM.FN.ZS::2016,HAS_OBSERVATION
country::IND,observation::IND::TM.TAX.MANF.BR.ZS::2016,HAS_OBSERVATION
country::IND,observation::IND::ST.INT.XPND.MP.ZS::2016,HAS_OBSERVATION
country::IND,observation::IND::ST.INT.TRNX.CD::2016,HAS_OBSERVATION
country::IND,observation::IND::ST.INT.DPRT::2016,HAS_OBSERVATION
country::IND,observation::IND::SP.URB.TOTL::2016,HAS_OBSERVATION
country::IND,observation::IND::SP.RUR.TOTL::2016,HAS_OBSERVATION
country::IND,observation::IND::SP.REG.BRTH.RU.ZS::2016,HAS_OBSERVATION
country::IND,observation::IND::SP.POP.TOTL.MA.IN::2016,HAS_OBSERVATION
country::IND,observation::IND::SP.POP.DPND.OL::2016,HAS_OBSERVATION
country::IND,observation::IND::SP.POP.80UP.FE.5Y::2016,HAS_OBSERVATION
country::IND,observation::IND::SP.POP.7074.FE.5Y::2016,HAS_OBSERVATION
country::IND,observation::IND::SP.POP.65UP.MA.IN::2016,HAS_OBSERVATION
country::IND,observation::IND::SP.POP.6569.FE.5Y::2016,HAS_OBSERVATION
country::IND,observation::IND::SP.POP.5559.FE.5Y::2016,HAS_OBSERVATION
country::IND,observation::IND::SP.POP.4549.FE.5Y::2016,HAS_OBSERVATION
country::IND,observation::IND::SP.POP.3539.FE.5Y::2016,HAS_OBSERVATION
country::IND,observation::IND::SP.POP.2529.FE.5Y::2016,HAS_OBSERVATION
country::IND,observation::IND::SP.POP.1564.TO::2016,HAS_OBSERVATION
country::IND,observation::IND::SP.POP.1564.FE.IN::2016,HAS_OBSERVATION
country::IND,observation::IND::SP.POP.1014.FE.5Y::2016,HAS_OBSERVATION
country::IND,observation::IND::SP.POP.0014.TO::2016,HAS_OBSERVATION
country::IND,observation::IND::SP.POP.0014.FE.IN::2016,HAS_OBSERVATION
country::IND,observation::IND::SP.M18.2024.FE.ZS::2016,HAS_OBSERVATION
country::IND,observation::IND::SP.DYN.TO65.MA.ZS::2016,HAS_OBSERVATION
country::IND,observation::IND::SP.DYN.LE00.IN::2016,HAS_OBSERVATION
country::IND,observation::IND::SP.DYN.IMRT.FE.IN::2016,HAS_OBSERVATION
country::IND,observation::IND::SP.DYN.CBRT.IN::2016,HAS_OBSERVATION
country::IND,observation::IND::SN.ITK.VITA.ZS::2016,HAS_OBSERVATION
country::IND,observation::IND::SN.ITK.DEFC.ZS::2016,HAS_OBSERVATION
country::IND,observation::IND::DT.NFL.PRVT.CD::2016,HAS_OBSERVATION
country::IND,observation::IND::DT.NFL.PCBO.CD::2016,HAS_OBSERVATION
country::IND,observation::IND::DT.NFL.NIFC.CD::2016,HAS_OBSERVATION
country::IND,observation::IND::DT.NFL.MIBR.CD::2016,HAS_OBSERVATION
country::IND,observation::IND::VC.IHR.PSRC.FE.P5::2016,HAS_OBSERVATION
country::IND,observation::IND::TX.VAL.TRVL.ZS.WT::2016,HAS_OBSERVATION
country::IND,observation::IND::TX.VAL.SERV.CD.WT::2016,HAS_OBSERVATION
country::IND,observation::IND::TX.VAL.MRCH.WL.CD::2016,HAS_OBSERVATION
country::IND,observation::IND::TX.VAL.MRCH.R4.ZS::2016,HAS_OBSERVATION
country::IND,observation::IND::TX.VAL.MRCH.OR.ZS::2016,HAS_OBSERVATION
country::IND,observation::IND::TX.VAL.MMTL.ZS.UN::2016,HAS_OBSERVATION
country::IND,observation::IND::TX.VAL.FUEL.ZS.UN::2016,HAS_OBSERVATION
country::IND,observation::IND::TX.QTY.MRCH.XD.WD::2016,HAS_OBSERVATION
country::IND,observation::IND::TM.VAL.TRAN.ZS.WT::2016,HAS_OBSERVATION
country::IND,observation::IND::TM.VAL.MRCH.WR.ZS::2016,HAS_OBSERVATION
country::IND,observation::IND::TM.VAL.MRCH.R5.ZS::2016,HAS_OBSERVATION
country::IND,observation::IND::TM.VAL.MRCH.R1.ZS::2016,HAS_OBSERVATION
country::IND,observation::IND::TM.VAL.MRCH.AL.ZS::2016,HAS_OBSERVATION
country::IND,observation::IND::TM.VAL.ICTG.ZS.UN::2016,HAS_OBSERVATION
country::IND,observation::IND::TM.UVI.MRCH.XD.WD::2016,HAS_OBSERVATION
country::IND,observation::IND::TM.TAX.TCOM.SM.AR.ZS::2016,HAS_OBSERVATION
country::IND,observation::IND::TM.TAX.MRCH.WM.AR.ZS::2016,HAS_OBSERVATION
country::IND,observation::IND::TM.TAX.MRCH.BC.ZS::2016,HAS_OBSERVATION
country::IND,observation::IND::TM.TAX.MANF.SM.AR.ZS::2016,HAS_OBSERVATION
country::IND,observation::IND::TG.VAL.TOTL.GD.ZS::2016,HAS_OBSERVATION
country::IND,observation::IND::ST.INT.TVLR.CD::2016,HAS_OBSERVATION
country::IND,observation::IND::ST.INT.RCPT.CD::2016,HAS_OBSERVATION
country::IND,observation::IND::SP.URB.TOTL.IN.ZS::2016,HAS_OBSERVATION
country::IND,observation::IND::SP.RUR.TOTL.ZG::2016,HAS_OBSERVATION
country::IND,observation::IND::SP.REG.BRTH.UR.ZS::2016,HAS_OBSERVATION
country::IND,observation::IND::SP.POP.TOTL.MA.ZS::2016,HAS_OBSERVATION
country::IND,observation::IND::SP.POP.TOTL::2016,HAS_OBSERVATION
country::IND,observation::IND::SP.POP.DPND.YG::2016,HAS_OBSERVATION
country::IND,observation::IND::SP.POP.80UP.MA.5Y::2016,HAS_OBSERVATION
country::IND,observation::IND::SP.POP.7074.MA.5Y::2016,HAS_OBSERVATION
country::IND,observation::IND::SP.POP.65UP.MA.ZS::2016,HAS_OBSERVATION
country::IND,observation::IND::SP.POP.6569.MA.5Y::2016,HAS_OBSERVATION
country::IND,observation::IND::SP.POP.5559.MA.5Y::2016,HAS_OBSERVATION
country::IND,observation::IND::SP.POP.4549.MA.5Y::2016,HAS_OBSERVATION
country::IND,observation::IND::SP.POP.3539.MA.5Y::2016,HAS_OBSERVATION
country::IND,observation::IND::SP.POP.2529.MA.5Y::2016,HAS_OBSERVATION
country::IND,observation::IND::SP.POP.1564.TO.ZS::2016,HAS_OBSERVATION
country::IND,observation::IND::SP.POP.1564.FE.ZS::2016,HAS_OBSERVATION
country::IND,observation::IND::SP.POP.1014.MA.5Y::2016,HAS_OBSERVATION
country::IND,observation::IND::SP.POP.0014.TO.ZS::2016,HAS_OBSERVATION
country::IND,observation::IND::SP.POP.0014.FE.ZS::2016,HAS_OBSERVATION
country::IND,observation::IND::SP.MTR.1519.ZS::2016,HAS_OBSERVATION
country::IND,observation::IND::SP.DYN.WFRT::2016,HAS_OBSERVATION
country::IND,observation::IND::SP.DYN.LE00.MA.IN::2016,HAS_OBSERVATION
country::IND,observation::IND::SP.DYN.IMRT.IN::2016,HAS_OBSERVATION
country::IND,observation::IND::SP.DYN.CDRT.IN::2016,HAS_OBSERVATION
country::IND,observation::IND::SP.ADO.TFRT::2016,HAS_OBSERVATION
country::IND,observation::IND::SM.POP.FDIP::2016,HAS_OBSERVATION
country::IND,observation::IND::DT.ODA.ALLD.CD::2016,HAS_OBSERVATION
country::IND,observation::IND::DT.NFL.UNAI.CD::2016,HAS_OBSERVATION
country::IND,observation::IND::DT.NFL.PNGB.CD::2016,HAS_OBSERVATION
country::IND,observation::IND::DT.NFL.OFFT.CD::2016,HAS_OBSERVATION
country::IND,observation::IND::DT.NFL.MIDA.CD::2016,HAS_OBSERVATION
country::IND,observation::IND::DT.NFL.ILOG.CD::2016,HAS_OBSERVATION
country::IND,observation::IND::DT.NFL.DPNG.CD::2016,HAS_OBSERVATION
country::IND,observation::IND::IP.PAT.NRES::2016,HAS_OBSERVATION
country::IND,observation::IND::IC.BUS.NDNS.ZS::2016,HAS_OBSERVATION
country::IND,observation::IND::GF.XPD.BUDG.ZS::2016,HAS_OBSERVATION
country::IND,observation::IND::GC.XPN.TRFT.ZS::2016,HAS_OBSERVATION
country::IND,observation::IND::GC.XPN.OTHR.ZS::2016,HAS_OBSERVATION
country::IND,observation::IND::GC.XPN.INTP.CN::2016,HAS_OBSERVATION
country::IND,observation::IND::GC.XPN.COMP.CN::2016,HAS_OBSERVATION
country::IND,observation::IND::GC.TAX.TOTL.GD.ZS::2016,HAS_OBSERVATION
country::IND,observation::IND::GC.TAX.INTT.RV.ZS::2016,HAS_OBSERVATION
country::IND,observation::IND::GC.TAX.GSRV.VA.ZS::2016,HAS_OBSERVATION
country::IND,observation::IND::GC.TAX.EXPT.CN::2016,HAS_OBSERVATION
country::IND,observation::IND::GC.REV.SOCL.CN::2016,HAS_OBSERVATION
country::IND,observation::IND::GC.NLD.TOTL.CN::2016,HAS_OBSERVATION
country::IND,observation::IND::GC.LBL.TOTL.CN::2016,HAS_OBSERVATION
country::IND,observation::IND::GC.AST.TOTL.CN::2016,HAS_OBSERVATION
country::IND,observation::IND::FR.INR.RINR::2016,HAS_OBSERVATION
country::IND,observation::IND::FP.WPI.TOTL::2016,HAS_OBSERVATION
country::IND,observation::IND::FM.LBL.BMNY.IR.ZS::2016,HAS_OBSERVATION
country::IND,observation::IND::FM.AST.PRVT.GD.ZS::2016,HAS_OBSERVATION
country::IND,observation::IND::IP.TMK.RSCT::2016,HAS_OBSERVATION
country::IND,observation::IND::IP.JRN.ARTC.SC::2016,HAS_OBSERVATION
country::IND,observation::IND::IE.PPN.TRAN.CD::2016,HAS_OBSERVATION
country::IND,observation::IND::IE.PPI.TRAN.CD::2016,HAS_OBSERVATION
country::IND,observation::IND::GC.XPN.TRFT.CN::2016,HAS_OBSERVATION
country::IND,observation::IND::GC.XPN.OTHR.CN::2016,HAS_OBSERVATION
country::IND,observation::IND::GC.XPN.GSRV.ZS::2016,HAS_OBSERVATION
country::IND,observation::IND::GC.TAX.YPKG.ZS::2016,HAS_OBSERVATION
country::IND,observation::IND::GC.TAX.TOTL.CN::2016,HAS_OBSERVATION
country::IND,observation::IND::GC.TAX.INTT.CN::2016,HAS_OBSERVATION
country::IND,observation::IND::GC.TAX.GSRV.RV.ZS::2016,HAS_OBSERVATION
country::IND,observation::IND::GC.REV.XGRT.GD.ZS::2016,HAS_OBSERVATION
country::IND,observation::IND::GC.REV.GOTR.ZS::2016,HAS_OBSERVATION
country::IND,observation::IND::GC.NFN.TOTL.GD.ZS::2016,HAS_OBSERVATION
country::IND,observation::IND::GC.DOD.TOTL.GD.ZS::2016,HAS_OBSERVATION
country::IND,observation::IND::GB.XPD.RSDV.GD.ZS::2016,HAS_OBSERVATION
country::IND,observation::IND::FP.CPI.TOTL.ZG::2016,HAS_OBSERVATION
country::IND,observation::IND::FM.LBL.BMNY.GD.ZS::2016,HAS_OBSERVATION
country::IND,observation::IND::FM.AST.NFRG.CN::2016,HAS_OBSERVATION
country::IND,observation::IND::IP.PAT.RESD::2016,HAS_OBSERVATION
country::IND,observation::IND::IP.IDS.NRCT::2016,HAS_OBSERVATION
country::IND,observation::IND::IE.PPN.ENGY.CD::2016,HAS_OBSERVATION
country::IND,observation::IND::IE.PPI.ENGY.CD::2016,HAS_OBSERVATION
country::IND,observation::IND::IC.BUS.NREG::2016,HAS_OBSERVATION
country::IND,observation::IND::GC.XPN.TOTL.CN::2016,HAS_OBSERVATION
country::IND,observation::IND::GC.XPN.INTP.RV.ZS::2016,HAS_OBSERVATION
country::IND,observation::IND::GC.XPN.COMP.ZS::2016,HAS_OBSERVATION
country::IND,observation::IND::GC.TAX.YPKG.CN::2016,HAS_OBSERVATION
country::IND,observation::IND::GC.TAX.OTHR.CN::2016,HAS_OBSERVATION
country::IND,observation::IND::GC.TAX.IMPT.CN::2016,HAS_OBSERVATION
country::IND,observation::IND::GC.TAX.EXPT.ZS::2016,HAS_OBSERVATION
country::IND,observation::IND::GC.REV.SOCL.ZS::2016,HAS_OBSERVATION
country::IND,observation::IND::GC.NLD.TOTL.GD.ZS::2016,HAS_OBSERVATION
country::IND,observation::IND::GC.LBL.TOTL.GD.ZS::2016,HAS_OBSERVATION
country::IND,observation::IND::GC.AST.TOTL.GD.ZS::2016,HAS_OBSERVATION
country::IND,observation::IND::FS.AST.PRVT.GD.ZS::2016,HAS_OBSERVATION
country::IND,observation::IND::IP.TMK.NRCT::2016,HAS_OBSERVATION
country::IND,observation::IND::IP.IDS.RSCT::2016,HAS_OBSERVATION
country::IND,observation::IND::GC.XPN.TOTL.GD.ZS::2016,HAS_OBSERVATION
country::IND,observation::IND::GC.XPN.INTP.ZS::2016,HAS_OBSERVATION
country::IND,observation::IND::GC.XPN.GSRV.CN::2016,HAS_OBSERVATION
country::IND,observation::IND::GC.TAX.YPKG.RV.ZS::2016,HAS_OBSERVATION
country::IND,observation::IND::GC.TAX.OTHR.RV.ZS::2016,HAS_OBSERVATION
country::IND,observation::IND::GC.TAX.IMPT.ZS::2016,HAS_OBSERVATION
country::IND,observation::IND::GC.TAX.GSRV.CN::2016,HAS_OBSERVATION
country::IND,observation::IND::GC.REV.XGRT.CN::2016,HAS_OBSERVATION
country::IND,observation::IND::GC.REV.GOTR.CN::2016,HAS_OBSERVATION
country::IND,observation::IND::GC.NFN.TOTL.CN::2016,HAS_OBSERVATION
country::IND,observation::IND::GC.DOD.TOTL.CN::2016,HAS_OBSERVATION
country::IND,observation::IND::FS.AST.CGOV.GD.ZS::2016,HAS_OBSERVATION
country::IND,observation::IND::FM.AST.CGOV.ZG.M3::2016,HAS_OBSERVATION
country::IND,observation::IND::FI.RES.TOTL.CD::2016,HAS_OBSERVATION
country::IND,observation::IND::FB.AST.NPER.ZS::2016,HAS_OBSERVATION
country::IND,observation::IND::ER.H2O.INTR.PC::2016,HAS_OBSERVATION
country::IND,observation::IND::ER.H2O.FWST.ZS::2016,HAS_OBSERVATION
country::IND,observation::IND::ER.GDP.FWTL.M3.KD::2016,HAS_OBSERVATION
country::IND,observation::IND::EN.URB.MCTY.TL.ZS::2016,HAS_OBSERVATION
country::IND,observation::IND::EN.POP.DNST::2016,HAS_OBSERVATION
country::IND,observation::IND::EN.GHG.N2O.ZG.AR5::2016,HAS_OBSERVATION
country::IND,observation::IND::EN.GHG.N2O.MT.CE.AR5::2016,HAS_OBSERVATION
country::IND,observation::IND::EN.GHG.N2O.BU.MT.CE.AR5::2016,HAS_OBSERVATION
country::IND,observation::IND::EN.GHG.CO2.PI.MT.CE.AR5::2016,HAS_OBSERVATION
country::IND,observation::IND::EN.GHG.CO2.LU.OL.MT.CE.AR5::2016,HAS_OBSERVATION
country::IND,observation::IND::EN.GHG.CO2.IP.MT.CE.AR5::2016,HAS_OBSERVATION
country::IND,observation::IND::EN.GHG.CO2.AG.MT.CE.AR5::2016,HAS_OBSERVATION
country::IND,observation::IND::EN.GHG.CH4.PI.MT.CE.AR5::2016,HAS_OBSERVATION
country::IND,observation::IND::EN.GHG.CH4.FE.MT.CE.AR5::2016,HAS_OBSERVATION
country::IND,observation::IND::EN.GHG.ALL.MT.CE.AR5::2016,HAS_OBSERVATION
country::IND,observation::IND::EN.ATM.PM25.MC.T2.ZS::2016,HAS_OBSERVATION
country::IND,observation::IND::EG.USE.ELEC.KH.PC::2016,HAS_OBSERVATION
country::IND,observation::IND::EG.USE.COMM.CL.ZS::2016,HAS_OBSERVATION
country::IND,observation::IND::EG.FEC.RNEW.ZS::2016,HAS_OBSERVATION
country::IND,observation::IND::EG.ELC.PETR.ZS::2016,HAS_OBSERVATION
country::IND,observation::IND::EG.ELC.HYRO.ZS::2016,HAS_OBSERVATION
country::IND,observation::IND::EG.ELC.ACCS.UR.ZS::2016,HAS_OBSERVATION
country::IND,observation::IND::EG.CFT.ACCS.UR.ZS::2016,HAS_OBSERVATION
country::IND,observation::IND::DT.TDS.DPPG.XP.ZS::2016,HAS_OBSERVATION
country::IND,observation::IND::DT.TDS.DIMF.CD::2016,HAS_OBSERVATION
country::IND,observation::IND::DT.ODA.ODAT.XP.ZS::2016,HAS_OBSERVATION
country::IND,observation::IND::DT.ODA.ODAT.GN.ZS::2016,HAS_OBSERVATION
country::IND,observation::IND::FI.RES.XGLD.CD::2016,HAS_OBSERVATION
country::IND,observation::IND::FD.RES.LIQU.AS.ZS::2016,HAS_OBSERVATION
country::IND,observation::IND::FB.CBK.BRCH.P5::2016,HAS_OBSERVATION
country::IND,observation::IND::ER.PTD.TOTL.ZS::2016,HAS_OBSERVATION
country::IND,observation::IND::ER.H2O.INTR.K3::2016,HAS_OBSERVATION
country::IND,observation::IND::ER.H2O.FWIN.ZS::2016,HAS_OBSERVATION
country::IND,observation::IND::ER.FSH.PROD.MT::2016,HAS_OBSERVATION
country::IND,observation::IND::EN.URB.MCTY::2016,HAS_OBSERVATION
country::IND,observation::IND::EN.GHG.N2O.WA.MT.CE.AR5::2016,HAS_OBSERVATION
country::IND,observation::IND::EN.GHG.N2O.IP.MT.CE.AR5::2016,HAS_OBSERVATION
country::IND,observation::IND::EN.GHG.N2O.AG.MT.CE.AR5::2016,HAS_OBSERVATION
country::IND,observation::IND::EN.GHG.CO2.TR.MT.CE.AR5::2016,HAS_OBSERVATION
country::IND,observation::IND::EN.GHG.CO2.PC.CE.AR5::2016,HAS_OBSERVATION
country::IND,observation::IND::EN.GHG.CO2.LU.MT.CE.AR5::2016,HAS_OBSERVATION
country::IND,observation::IND::EN.GHG.CO2.IC.MT.CE.AR5::2016,HAS_OBSERVATION
country::IND,observation::IND::EN.GHG.CH4.ZG.AR5::2016,HAS_OBSERVATION
country::IND,observation::IND::EN.GHG.CH4.MT.CE.AR5::2016,HAS_OBSERVATION
country::IND,observation::IND::EN.GHG.CH4.BU.MT.CE.AR5::2016,HAS_OBSERVATION
country::IND,observation::IND::EN.GHG.ALL.LU.MT.CE.AR5::2016,HAS_OBSERVATION
country::IND,observation::IND::EN.ATM.PM25.MC.T1.ZS::2016,HAS_OBSERVATION
country::IND,observation::IND::EG.USE.CRNW.ZS::2016,HAS_OBSERVATION
country::IND,observation::IND::EG.IMP.CONS.ZS::2016,HAS_OBSERVATION
country::IND,observation::IND::EG.ELC.RNWX.ZS::2016,HAS_OBSERVATION
country::IND,observation::IND::EG.ELC.NUCL.ZS::2016,HAS_OBSERVATION
country::IND,observation::IND::EG.ELC.FOSL.ZS::2016,HAS_OBSERVATION
country::IND,observation::IND::EG.ELC.ACCS.RU.ZS::2016,HAS_OBSERVATION
country::IND,observation::IND::EG.CFT.ACCS.RU.ZS::2016,HAS_OBSERVATION
country::IND,observation::IND::DT.TDS.DPPG.GN.ZS::2016,HAS_OBSERVATION
country::IND,observation::IND::DT.TDS.DECT.GN.ZS::2016,HAS_OBSERVATION
country::IND,observation::IND::DT.ODA.ODAT.PC.ZS::2016,HAS_OBSERVATION
country::IND,observation::IND::DT.ODA.ODAT.GI.ZS::2016,HAS_OBSERVATION
country::IND,observation::IND::DT.ODA.ALLD.KD::2016,HAS_OBSERVATION
country::IND,observation::IND::FM.LBL.BMNY.ZG::2016,HAS_OBSERVATION
country::IND,observation::IND::FM.AST.PRVT.ZG.M3::2016,HAS_OBSERVATION
country::IND,observation::IND::FI.RES.TOTL.DT.ZS::2016,HAS_OBSERVATION
country::IND,observation::IND::FB.ATM.TOTL.P5::2016,HAS_OBSERVATION
country::IND,observation::IND::ER.LND.PTLD.ZS::2016,HAS_OBSERVATION
country::IND,observation::IND::ER.H2O.FWTL.K3::2016,HAS_OBSERVATION
country::IND,observation::IND::ER.H2O.FWAG.ZS::2016,HAS_OBSERVATION
country::IND,observation::IND::ER.FSH.AQUA.MT::2016,HAS_OBSERVATION
country::IND,observation::IND::EN.URB.LCTY::2016,HAS_OBSERVATION
country::IND,observation::IND::EN.GHG.TOT.ZG.AR5::2016,HAS_OBSERVATION
country::IND,observation::IND::EN.GHG.N2O.PI.MT.CE.AR5::2016,HAS_OBSERVATION
country::IND,observation::IND::EN.GHG.N2O.FE.MT.CE.AR5::2016,HAS_OBSERVATION
country::IND,observation::IND::EN.GHG.CO2.ZG.AR5::2016,HAS_OBSERVATION
country::IND,observation::IND::EN.GHG.CO2.RT.GDP.KD::2016,HAS_OBSERVATION
country::IND,observation::IND::EN.GHG.CO2.LU.OS.MT.CE.AR5::2016,HAS_OBSERVATION
country::IND,observation::IND::EN.GHG.CO2.LU.DF.MT.CE.AR5::2016,HAS_OBSERVATION
country::IND,observation::IND::EN.GHG.CO2.BU.MT.CE.AR5::2016,HAS_OBSERVATION
country::IND,observation::IND::EN.GHG.CH4.TR.MT.CE.AR5::2016,HAS_OBSERVATION
country::IND,observation::IND::EN.GHG.CH4.IC.MT.CE.AR5::2016,HAS_OBSERVATION
country::IND,observation::IND::EN.GHG.ALL.PC.CE.AR5::2016,HAS_OBSERVATION
country::IND,observation::IND::EN.ATM.PM25.MC.T3.ZS::2016,HAS_OBSERVATION
country::IND,observation::IND::EG.USE.PCAP.KG.OE::2016,HAS_OBSERVATION
country::IND,observation::IND::EG.USE.COMM.FO.ZS::2016,HAS_OBSERVATION
country::IND,observation::IND::EG.GDP.PUSE.KO.PP::2016,HAS_OBSERVATION
country::IND,observation::IND::EG.ELC.RNEW.ZS::2016,HAS_OBSERVATION
country::IND,observation::IND::EG.ELC.LOSS.ZS::2016,HAS_OBSERVATION
country::IND,observation::IND::EG.ELC.ACCS.ZS::2016,HAS_OBSERVATION
country::IND,observation::IND::EG.CFT.ACCS.ZS::2016,HAS_OBSERVATION
country::IND,observation::IND::DT.TDS.MLAT.CD::2016,HAS_OBSERVATION
country::IND,observation::IND::DT.TDS.DPPF.XP.ZS::2016,HAS_OBSERVATION
country::IND,observation::IND::DT.TDS.DECT.CD::2016,HAS_OBSERVATION
country::IND,observation::IND::DT.ODA.ODAT.KD::2016,HAS_OBSERVATION
country::IND,observation::IND::FR.INR.LEND::2016,HAS_OBSERVATION
country::IND,observation::IND::FP.CPI.TOTL::2016,HAS_OBSERVATION
country::IND,observation::IND::FM.LBL.BMNY.CN::2016,HAS_OBSERVATION
country::IND,observation::IND::FM.AST.DOMS.CN::2016,HAS_OBSERVATION
country::IND,observation::IND::FI.RES.TOTL.MO::2016,HAS_OBSERVATION
country::IND,observation::IND::FD.AST.PRVT.GD.ZS::2016,HAS_OBSERVATION
country::IND,observation::IND::FB.BNK.CAPA.ZS::2016,HAS_OBSERVATION
country::IND,observation::IND::ER.MRN.PTMR.ZS::2016,HAS_OBSERVATION
country::IND,observation::IND::ER.H2O.FWTL.ZS::2016,HAS_OBSERVATION
country::IND,observation::IND::ER.H2O.FWDM.ZS::2016,HAS_OBSERVATION
country::IND,observation::IND::ER.FSH.CAPT.MT::2016,HAS_OBSERVATION
country::IND,observation::IND::EN.URB.LCTY.UR.ZS::2016,HAS_OBSERVATION
country::IND,observation::IND::EN.GHG.N2O.TR.MT.CE.AR5::2016,HAS_OBSERVATION
country::IND,observation::IND::EN.GHG.N2O.IC.MT.CE.AR5::2016,HAS_OBSERVATION
country::IND,observation::IND::EN.GHG.FGAS.IP.MT.CE.AR5::2016,HAS_OBSERVATION
country::IND,observation::IND::EN.GHG.CO2.RT.GDP.PP.KD::2016,HAS_OBSERVATION
country::IND,observation::IND::EN.GHG.CO2.MT.CE.AR5::2016,HAS_OBSERVATION
country::IND,observation::IND::EN.GHG.CO2.LU.FL.MT.CE.AR5::2016,HAS_OBSERVATION
country::IND,observation::IND::EN.GHG.CO2.FE.MT.CE.AR5::2016,HAS_OBSERVATION
country::IND,observation::IND::EN.GHG.CH4.WA.MT.CE.AR5::2016,HAS_OBSERVATION
country::IND,observation::IND::EN.GHG.CH4.IP.MT.CE.AR5::2016,HAS_OBSERVATION
country::IND,observation::IND::EN.GHG.CH4.AG.MT.CE.AR5::2016,HAS_OBSERVATION
country::IND,observation::IND::EN.ATM.PM25.MC.ZS::2016,HAS_OBSERVATION
country::IND,observation::IND::EN.ATM.PM25.MC.M3::2016,HAS_OBSERVATION
country::IND,observation::IND::EG.USE.COMM.GD.PP.KD::2016,HAS_OBSERVATION
country::IND,observation::IND::EG.GDP.PUSE.KO.PP.KD::2016,HAS_OBSERVATION
country::IND,observation::IND::EG.ELC.RNWX.KH::2016,HAS_OBSERVATION
country::IND,observation::IND::EG.ELC.NGAS.ZS::2016,HAS_OBSERVATION
country::IND,observation::IND::EG.ELC.COAL.ZS::2016,HAS_OBSERVATION
country::IND,observation::IND::EG.EGY.PRIM.PP.KD::2016,HAS_OBSERVATION
country::IND,observation::IND::DT.TDS.MLAT.PG.ZS::2016,HAS_OBSERVATION
country::IND,observation::IND::DT.TDS.DPPG.CD::2016,HAS_OBSERVATION
country::IND,observation::IND::DT.TDS.DECT.EX.ZS::2016,HAS_OBSERVATION
country::IND,observation::IND::DT.ODA.ODAT.MP.ZS::2016,HAS_OBSERVATION
country::IND,observation::IND::DT.ODA.ODAT.CD::2016,HAS_OBSERVATION
country::IND,observation::IND::SM.POP.RHCR.EO::2017,HAS_OBSERVATION
country::IND,observation::IND::SM.POP.NETM::2017,HAS_OBSERVATION
country::IND,observation::IND::SM.POP.ASYS.EA::2017,HAS_OBSERVATION
country::IND,observation::IND::SL.UEM.TOTL.ZS::2017,HAS_OBSERVATION
country::IND,observation::IND::SL.UEM.TOTL.FE.ZS::2017,HAS_OBSERVATION
country::IND,observation::IND::SL.TLF.TOTL.FE.ZS::2017,HAS_OBSERVATION
country::IND,observation::IND::SL.TLF.ACTI.1524.ZS::2017,HAS_OBSERVATION
country::IND,observation::IND::SL.TLF.ACTI.1524.FE.ZS::2017,HAS_OBSERVATION
country::IND,observation::IND::SL.GDP.PCAP.EM.KD::2017,HAS_OBSERVATION
country::IND,observation::IND::SL.EMP.WORK.MA.ZS::2017,HAS_OBSERVATION
country::IND,observation::IND::SL.EMP.VULN.FE.ZS::2017,HAS_OBSERVATION
country::IND,observation::IND::SL.EMP.SELF.ZS::2017,HAS_OBSERVATION
country::IND,observation::IND::SL.EMP.MPYR.MA.ZS::2017,HAS_OBSERVATION
country::IND,observation::IND::SL.EMP.1524.SP.MA.ZS::2017,HAS_OBSERVATION
country::IND,observation::IND::SL.AGR.EMPL.ZS::2017,HAS_OBSERVATION
country::IND,observation::IND::SI.RMT.COST.IB.ZS::2017,HAS_OBSERVATION
country::IND,observation::IND::SH_UHC_SCI_RMNCH::2017,HAS_OBSERVATION
country::IND,observation::IND::SH_UHC_SCI::2017,HAS_OBSERVATION
country::IND,observation::IND::SH.XPD.PVTD.CH.ZS::2017,HAS_OBSERVATION
country::IND,observation::IND::SH.XPD.GHED.PP.CD::2017,HAS_OBSERVATION
country::IND,observation::IND::SH.XPD.GHED.CH.ZS::2017,HAS_OBSERVATION
country::IND,observation::IND::SH.XPD.CHEX.PP.CD::2017,HAS_OBSERVATION
country::IND,observation::IND::SH.TBS.INCD::2017,HAS_OBSERVATION
country::IND,observation::IND::DT.DOD.DSTC.ZS::2017,HAS_OBSERVATION
country::IND,observation::IND::DT.DOD.DPPG.CD::2017,HAS_OBSERVATION
country::IND,observation::IND::DT.DOD.DECT.GN.ZS::2017,HAS_OBSERVATION
country::IND,observation::IND::DC.DAC.TOTL.CD::2017,HAS_OBSERVATION
country::IND,observation::IND::DC.DAC.PRTL.CD::2017,HAS_OBSERVATION
country::IND,observation::IND::DC.DAC.NLDL.CD::2017,HAS_OBSERVATION
country::IND,observation::IND::DC.DAC.JPNL.CD::2017,HAS_OBSERVATION
country::IND,observation::IND::DC.DAC.HUNL.CD::2017,HAS_OBSERVATION
country::IND,observation::IND::DC.DAC.FINL.CD::2017,HAS_OBSERVATION
country::IND,observation::IND::DC.DAC.DEUL.CD::2017,HAS_OBSERVATION
country::IND,observation::IND::SL.UEM.NEET.MA.ME.ZS::2017,HAS_OBSERVATION
country::IND,observation::IND::SL.UEM.1524.ZS::2017,HAS_OBSERVATION
country::IND,observation::IND::SL.UEM.1524.FE.ZS::2017,HAS_OBSERVATION
country::IND,observation::IND::SL.TLF.CACT.MA.ZS::2017,HAS_OBSERVATION
country::IND,observation::IND::SL.TLF.CACT.FE.ZS::2017,HAS_OBSERVATION
country::IND,observation::IND::SL.TLF.ACTI.ZS::2017,HAS_OBSERVATION
country::IND,observation::IND::SL.SRV.EMPL.ZS::2017,HAS_OBSERVATION
country::IND,observation::IND::SL.IND.EMPL.ZS::2017,HAS_OBSERVATION
country::IND,observation::IND::SL.FAM.WORK.ZS::2017,HAS_OBSERVATION
country::IND,observation::IND::SL.EMP.WORK.FE.ZS::2017,HAS_OBSERVATION
country::IND,observation::IND::SL.EMP.TOTL.SP.ZS::2017,HAS_OBSERVATION
country::IND,observation::IND::SL.EMP.TOTL.SP.FE.ZS::2017,HAS_OBSERVATION
country::IND,observation::IND::SL.EMP.SELF.MA.ZS::2017,HAS_OBSERVATION
country::IND,observation::IND::SL.EMP.MPYR.FE.ZS::2017,HAS_OBSERVATION
country::IND,observation::IND::SL.AGR.EMPL.MA.ZS::2017,HAS_OBSERVATION
country::IND,observation::IND::SH_UHC_SCI_NCD::2017,HAS_OBSERVATION
country::IND,observation::IND::SH.XPD.OOPC.PP.CD::2017,HAS_OBSERVATION
country::IND,observation::IND::SH.XPD.GHED.PC.CD::2017,HAS_OBSERVATION
country::IND,observation::IND::SH.XPD.EHEX.PP.CD::2017,HAS_OBSERVATION
country::IND,observation::IND::SH.XPD.CHEX.PC.CD::2017,HAS_OBSERVATION
country::IND,observation::IND::DC.DAC.SWEL.CD::2017,HAS_OBSERVATION
country::IND,observation::IND::DC.DAC.POLL.CD::2017,HAS_OBSERVATION
country::IND,observation::IND::DC.DAC.LUXL.CD::2017,HAS_OBSERVATION
country::IND,observation::IND::DC.DAC.ITAL.CD::2017,HAS_OBSERVATION
country::IND,observation::IND::DC.DAC.GRCL.CD::2017,HAS_OBSERVATION
country::IND,observation::IND::DC.DAC.CZEL.CD::2017,HAS_OBSERVATION
country::IND,observation::IND::DC.DAC.BELL.CD::2017,HAS_OBSERVATION
country::IND,observation::IND::CM.MKT.TRAD.GD.ZS::2017,HAS_OBSERVATION
country::IND,observation::IND::CM.MKT.LCAP.CD::2017,HAS_OBSERVATION
country::IND,observation::IND::BX.TRF.PWKR.CD::2017,HAS_OBSERVATION
country::IND,observation::IND::SM.POP.ASYS.EO::2017,HAS_OBSERVATION
country::IND,observation::IND::SL.UEM.NEET.ME.ZS::2017,HAS_OBSERVATION
country::IND,observation::IND::SL.UEM.NEET.FE.ME.ZS::2017,HAS_OBSERVATION
country::IND,observation::IND::SL.UEM.1524.MA.ZS::2017,HAS_OBSERVATION
country::IND,observation::IND::SL.TLF.TOTL.IN::2017,HAS_OBSERVATION
country::IND,observation::IND::SL.TLF.CACT.ZS::2017,HAS_OBSERVATION
country::IND,observation::IND::SL.TLF.CACT.FM.ZS::2017,HAS_OBSERVATION
country::IND,observation::IND::SL.TLF.ACTI.FE.ZS::2017,HAS_OBSERVATION
country::IND,observation::IND::SL.SRV.EMPL.FE.ZS::2017,HAS_OBSERVATION
country::IND,observation::IND::SL.IND.EMPL.FE.ZS::2017,HAS_OBSERVATION
country::IND,observation::IND::SL.FAM.WORK.FE.ZS::2017,HAS_OBSERVATION
country::IND,observation::IND::SL.EMP.WORK.ZS::2017,HAS_OBSERVATION
country::IND,observation::IND::SL.EMP.VULN.MA.ZS::2017,HAS_OBSERVATION
country::IND,observation::IND::SL.EMP.TOTL.SP.MA.ZS::2017,HAS_OBSERVATION
country::IND,observation::IND::SL.EMP.MPYR.ZS::2017,HAS_OBSERVATION
country::IND,observation::IND::SH_UHC_SCI_CAPACITY::2017,HAS_OBSERVATION
country::IND,observation::IND::SH.XPD.PVTD.PC.CD::2017,HAS_OBSERVATION
country::IND,observation::IND::SH.XPD.OOPC.CH.ZS::2017,HAS_OBSERVATION
country::IND,observation::IND::SH.XPD.GHED.GD.ZS::2017,HAS_OBSERVATION
country::IND,observation::IND::DT.NFL.IFAD.CD::2017,HAS_OBSERVATION
country::IND,observation::IND::DT.DOD.MIBR.CD::2017,HAS_OBSERVATION
country::IND,observation::IND::DT.DOD.DSTC.CD::2017,HAS_OBSERVATION
country::IND,observation::IND::DT.DOD.DIMF.CD::2017,HAS_OBSERVATION
country::IND,observation::IND::DC.DAC.USAL.CD::2017,HAS_OBSERVATION
country::IND,observation::IND::DC.DAC.SVKL.CD::2017,HAS_OBSERVATION
country::IND,observation::IND::DC.DAC.NORL.CD::2017,HAS_OBSERVATION
country::IND,observation::IND::DC.DAC.KORL.CD::2017,HAS_OBSERVATION
country::IND,observation::IND::DC.DAC.IRLL.CD::2017,HAS_OBSERVATION
country::IND,observation::IND::SL.UEM.TOTL.MA.ZS::2017,HAS_OBSERVATION
country::IND,observation::IND::SL.TLF.ACTI.MA.ZS::2017,HAS_OBSERVATION
country::IND,observation::IND::SL.TLF.ACTI.1524.MA.ZS::2017,HAS_OBSERVATION
country::IND,observation::IND::SL.SRV.EMPL.MA.ZS::2017,HAS_OBSERVATION
country::IND,observation::IND::SL.IND.EMPL.MA.ZS::2017,HAS_OBSERVATION
country::IND,observation::IND::SL.FAM.WORK.MA.ZS::2017,HAS_OBSERVATION
country::IND,observation::IND::SL.EMP.VULN.ZS::2017,HAS_OBSERVATION
country::IND,observation::IND::SL.EMP.SELF.FE.ZS::2017,HAS_OBSERVATION
country::IND,observation::IND::SL.EMP.1524.SP.ZS::2017,HAS_OBSERVATION
country::IND,observation::IND::SL.EMP.1524.SP.FE.ZS::2017,HAS_OBSERVATION
country::IND,observation::IND::SL.AGR.EMPL.FE.ZS::2017,HAS_OBSERVATION
country::IND,observation::IND::SH_UHC_SCI_ID::2017,HAS_OBSERVATION
country::IND,observation::IND::SH.XPD.PVTD.PP.CD::2017,HAS_OBSERVATION
country::IND,observation::IND::SH.XPD.OOPC.PC.CD::2017,HAS_OBSERVATION
country::IND,observation::IND::SH.XPD.GHED.GE.ZS::2017,HAS_OBSERVATION
country::IND,observation::IND::SH.XPD.EHEX.PC.CD::2017,HAS_OBSERVATION
country::IND,observation::IND::SH.XPD.CHEX.GD.ZS::2017,HAS_OBSERVATION
country::IND,observation::IND::SH.TBS.CURE.ZS::2017,HAS_OBSERVATION
country::IND,observation::IND::SH.STA.WAST.ZS::2017,HAS_OBSERVATION
country::IND,observation::IND::SH.STA.TRAF.P5::2017,HAS_OBSERVATION
country::IND,observation::IND::DT.DOD.MIDA.CD::2017,HAS_OBSERVATION
country::IND,observation::IND::DT.DOD.DSTC.IR.ZS::2017,HAS_OBSERVATION
country::IND,observation::IND::DT.DOD.DLXF.CD::2017,HAS_OBSERVATION
country::IND,observation::IND::DC.DAC.SVNL.CD::2017,HAS_OBSERVATION
country::IND,observation::IND::DC.DAC.NZLL.CD::2017,HAS_OBSERVATION
country::IND,observation::IND::DC.DAC.LTUL.CD::2017,HAS_OBSERVATION
country::IND,observation::IND::DC.DAC.GBRL.CD::2017,HAS_OBSERVATION
country::IND,observation::IND::DC.DAC.ESPL.CD::2017,HAS_OBSERVATION
country::IND,observation::IND::DC.DAC.CHEL.CD::2017,HAS_OBSERVATION
country::IND,observation::IND::SH.SVR.WAST.MA.ZS::2017,HAS_OBSERVATION
country::IND,observation::IND::SH.STA.WAST.FE.ZS::2017,HAS_OBSERVATION
country::IND,observation::IND::SH.STA.SUIC.MA.P5::2017,HAS_OBSERVATION
country::IND,observation::IND::SH.STA.STNT.ME.MA.ZS::2017,HAS_OBSERVATION
country::IND,observation::IND::SH.STA.SMSS.ZS::2017,HAS_OBSERVATION
country::IND,observation::IND::SH.STA.POIS.P5.FE::2017,HAS_OBSERVATION
country::IND,observation::IND::SH.STA.OWGH.ME.MA.ZS::2017,HAS_OBSERVATION
country::IND,observation::IND::SH.STA.ODFC.RU.ZS::2017,HAS_OBSERVATION
country::IND,observation::IND::SH.STA.MALN.MA.ZS::2017,HAS_OBSERVATION
country::IND,observation::IND::SH.STA.HYGN.RU.ZS::2017,HAS_OBSERVATION
country::IND,observation::IND::SH.STA.BASS.RU.ZS::2017,HAS_OBSERVATION
country::IND,observation::IND::SH.SGR.CRSK.ZS::2017,HAS_OBSERVATION
country::IND,observation::IND::SH.PRG.ANEM::2017,HAS_OBSERVATION
country::IND,observation::IND::SH.MED.PHYS.ZS::2017,HAS_OBSERVATION
country::IND,observation::IND::SH.IMM.MEAS::2017,HAS_OBSERVATION
country::IND,observation::IND::SH.H2O.SMDW.UR.ZS::2017,HAS_OBSERVATION
country::IND,observation::IND::SH.H2O.BASW.RU.ZS::2017,HAS_OBSERVATION
country::IND,observation::IND::SH.DYN.NCOM.MA.ZS::2017,HAS_OBSERVATION
country::IND,observation::IND::SH.DYN.MORT::2017,HAS_OBSERVATION
country::IND,observation::IND::SH.DYN.1519::2017,HAS_OBSERVATION
country::IND,observation::IND::SH.DTH.NMRT::2017,HAS_OBSERVATION
country::IND,observation::IND::SH.DTH.IMRT::2017,HAS_OBSERVATION
country::IND,observation::IND::SH.DTH.1014::2017,HAS_OBSERVATION
country::IND,observation::IND::SH.ANM.NPRG.ZS::2017,HAS_OBSERVATION
country::IND,observation::IND::SH.ALC.PCAP.LI::2017,HAS_OBSERVATION
country::IND,observation::IND::SE.TER.ENRR.FE::2017,HAS_OBSERVATION
country::IND,observation::IND::SE.SEC.TCHR::2017,HAS_OBSERVATION
country::IND,observation::IND::DC.DAC.CANL.CD::2017,HAS_OBSERVATION
country::IND,observation::IND::CM.MKT.TRNR::2017,HAS_OBSERVATION
country::IND,observation::IND::CM.MKT.LCAP.GD.ZS::2017,HAS_OBSERVATION
country::IND,observation::IND::BX.TRF.PWKR.CD.DT::2017,HAS_OBSERVATION
country::IND,observation::IND::BX.KLT.DINV.WD.GD.ZS::2017,HAS_OBSERVATION
country::IND,observation::IND::BX.GSR.TOTL.CD::2017,HAS_OBSERVATION
country::IND,observation::IND::BX.GSR.INSF.ZS::2017,HAS_OBSERVATION
country::IND,observation::IND::BX.GSR.CCIS.ZS::2017,HAS_OBSERVATION
country::IND,observation::IND::BN.TRF.KOGT.CD::2017,HAS_OBSERVATION
country::IND,observation::IND::BN.KLT.DINV.CD::2017,HAS_OBSERVATION
country::IND,observation::IND::BN.GSR.FCTY.CD::2017,HAS_OBSERVATION
country::IND,observation::IND::BM.TRF.PWKR.CD.DT::2017,HAS_OBSERVATION
country::IND,observation::IND::BM.GSR.TRVL.ZS::2017,HAS_OBSERVATION
country::IND,observation::IND::BM.GSR.NFSV.CD::2017,HAS_OBSERVATION
country::IND,observation::IND::BM.GSR.FCTY.CD::2017,HAS_OBSERVATION
country::IND,observation::IND::AG.SRF.TOTL.K2::2017,HAS_OBSERVATION
country::IND,observation::IND::AG.PRD.CREL.MT::2017,HAS_OBSERVATION
country::IND,observation::IND::AG.LND.PRCP.MM::2017,HAS_OBSERVATION
country::IND,observation::IND::AG.LND.ARBL.HA.PC::2017,HAS_OBSERVATION
country::IND,observation::IND::AG.CON.FERT.ZS::2017,HAS_OBSERVATION
country::IND,observation::IND::SH.TBS.DTEC.ZS::2017,HAS_OBSERVATION
country::IND,observation::IND::SH.SVR.WAST.FE.ZS::2017,HAS_OBSERVATION
country::IND,observation::IND::SH.STA.SUIC.FE.P5::2017,HAS_OBSERVATION
country::IND,observation::IND::SH.STA.STNT.ME.FE.ZS::2017,HAS_OBSERVATION
country::IND,observation::IND::SH.STA.SMSS.UR.ZS::2017,HAS_OBSERVATION
country::IND,observation::IND::SH.STA.POIS.P5::2017,HAS_OBSERVATION
country::IND,observation::IND::SH.STA.OWGH.ME.FE.ZS::2017,HAS_OBSERVATION
country::IND,observation::IND::SH.STA.MALN.FE.ZS::2017,HAS_OBSERVATION
country::IND,observation::IND::SH.MMR.RISK.ZS::2017,HAS_OBSERVATION
country::IND,observation::IND::SH.MED.NUMW.P3::2017,HAS_OBSERVATION
country::IND,observation::IND::SH.IMM.IDPT::2017,HAS_OBSERVATION
country::IND,observation::IND::SH.H2O.SMDW.RU.ZS::2017,HAS_OBSERVATION
country::IND,observation::IND::SH.DYN.NCOM.FE.ZS::2017,HAS_OBSERVATION
country::IND,observation::IND::SH.DYN.1014::2017,HAS_OBSERVATION
country::IND,observation::IND::SH.DTH.0509::2017,HAS_OBSERVATION
country::IND,observation::IND::SH.ANM.CHLD.ZS::2017,HAS_OBSERVATION
country::IND,observation::IND::SH.ALC.PCAP.FE.LI::2017,HAS_OBSERVATION
country::IND,observation::IND::SE.TER.ENRR::2017,HAS_OBSERVATION
country::IND,observation::IND::SE.SEC.TCAQ.ZS::2017,HAS_OBSERVATION
country::IND,observation::IND::BX.KLT.DINV.CD.WD::2017,HAS_OBSERVATION
country::IND,observation::IND::BX.GSR.ROYL.CD::2017,HAS_OBSERVATION
country::IND,observation::IND::BX.GSR.GNFS.CD::2017,HAS_OBSERVATION
country::IND,observation::IND::BX.GSR.CCIS.CD::2017,HAS_OBSERVATION
country::IND,observation::IND::BN.TRF.CURR.CD::2017,HAS_OBSERVATION
country::IND,observation::IND::BN.KAC.EOMS.CD::2017,HAS_OBSERVATION
country::IND,observation::IND::BN.FIN.TOTL.CD::2017,HAS_OBSERVATION
country::IND,observation::IND::BM.TRF.PRVT.CD::2017,HAS_OBSERVATION
country::IND,observation::IND::BM.GSR.TRAN.ZS::2017,HAS_OBSERVATION
country::IND,observation::IND::BM.GSR.MRCH.CD::2017,HAS_OBSERVATION
country::IND,observation::IND::BM.GSR.CMCP.ZS::2017,HAS_OBSERVATION
country::IND,observation::IND::AG.PRD.LVSK.XD::2017,HAS_OBSERVATION
country::IND,observation::IND::AG.LND.IRIG.AG.ZS::2017,HAS_OBSERVATION
country::IND,observation::IND::AG.LND.CROP.ZS::2017,HAS_OBSERVATION
country::IND,observation::IND::AG.LND.ARBL.HA::2017,HAS_OBSERVATION
country::IND,observation::IND::AG.CON.FERT.PT.ZS::2017,HAS_OBSERVATION
country::IND,observation::IND::SH.XPD.EHEX.CH.ZS::2017,HAS_OBSERVATION
country::IND,observation::IND::SH.VAC.TTNS.ZS::2017,HAS_OBSERVATION
country::IND,observation::IND::SH.SVR.WAST.ZS::2017,HAS_OBSERVATION
country::IND,observation::IND::SH.STA.WAST.MA.ZS::2017,HAS_OBSERVATION
country::IND,observation::IND::SH.STA.SUIC.P5::2017,HAS_OBSERVATION
country::IND,observation::IND::SH.STA.STNT.ME.ZS::2017,HAS_OBSERVATION
country::IND,observation::IND::SH.STA.STNT.FE.ZS::2017,HAS_OBSERVATION
country::IND,observation::IND::SH.STA.POIS.P5.MA::2017,HAS_OBSERVATION
country::IND,observation::IND::SH.STA.OWGH.ME.ZS::2017,HAS_OBSERVATION
country::IND,observation::IND::SH.STA.OWGH.FE.ZS::2017,HAS_OBSERVATION
country::IND,observation::IND::SH.STA.ODFC.UR.ZS::2017,HAS_OBSERVATION
country::IND,observation::IND::SH.STA.MALN.ZS::2017,HAS_OBSERVATION
country::IND,observation::IND::SH.STA.HYGN.UR.ZS::2017,HAS_OBSERVATION
country::IND,observation::IND::SH.STA.BRTW.ZS::2017,HAS_OBSERVATION
country::IND,observation::IND::SH.STA.BASS.UR.ZS::2017,HAS_OBSERVATION
country::IND,observation::IND::SH.SGR.IRSK.ZS::2017,HAS_OBSERVATION
country::IND,observation::IND::SH.MMR.DTHS::2017,HAS_OBSERVATION
country::IND,observation::IND::SH.MED.BEDS.ZS::2017,HAS_OBSERVATION
country::IND,observation::IND::SH.H2O.SMDW.ZS::2017,HAS_OBSERVATION
country::IND,observation::IND::SH.H2O.BASW.UR.ZS::2017,HAS_OBSERVATION
country::IND,observation::IND::SH.DYN.NCOM.ZS::2017,HAS_OBSERVATION
country::IND,observation::IND::SH.DYN.MORT.FE::2017,HAS_OBSERVATION
country::IND,observation::IND::SH.DYN.2024::2017,HAS_OBSERVATION
country::IND,observation::IND::SH.DTH.1519::2017,HAS_OBSERVATION
country::IND,observation::IND::SH.ALC.PCAP.MA.LI::2017,HAS_OBSERVATION
country::IND,observation::IND::SG.GEN.PARL.ZS::2017,HAS_OBSERVATION
country::IND,observation::IND::SE.XPD.TOTL.GB.ZS::2017,HAS_OBSERVATION
country::IND,observation::IND::SE.TER.ENRR.MA::2017,HAS_OBSERVATION
country::IND,observation::IND::DC.DAC.FRAL.CD::2017,HAS_OBSERVATION
country::IND,observation::IND::DC.DAC.DNKL.CD::2017,HAS_OBSERVATION
country::IND,observation::IND::DC.DAC.CECL.CD::2017,HAS_OBSERVATION
country::IND,observation::IND::DC.DAC.AUSL.CD::2017,HAS_OBSERVATION
country::IND,observation::IND::CM.MKT.LDOM.NO::2017,HAS_OBSERVATION
country::IND,observation::IND::BX.TRF.PWKR.DT.GD.ZS::2017,HAS_OBSERVATION
country::IND,observation::IND::BX.PEF.TOTL.CD.WD::2017,HAS_OBSERVATION
country::IND,observation::IND::BX.GSR.TRAN.ZS::2017,HAS_OBSERVATION
country::IND,observation::IND::BX.GSR.MRCH.CD::2017,HAS_OBSERVATION
country::IND,observation::IND::BX.GSR.CMCP.ZS::2017,HAS_OBSERVATION
country::IND,observation::IND::BX.GRT.EXTA.CD.WD::2017,HAS_OBSERVATION
country::IND,observation::IND::BN.KLT.PTXL.CD::2017,HAS_OBSERVATION
country::IND,observation::IND::BN.GSR.GNFS.CD::2017,HAS_OBSERVATION
country::IND,observation::IND::BN.CAB.XOKA.CD::2017,HAS_OBSERVATION
country::IND,observation::IND::BM.KLT.DINV.CD.WD::2017,HAS_OBSERVATION
country::IND,observation::IND::BM.GSR.ROYL.CD::2017,HAS_OBSERVATION
country::IND,observation::IND::BM.GSR.GNFS.CD::2017,HAS_OBSERVATION
country::IND,observation::IND::AG.YLD.CREL.KG::2017,HAS_OBSERVATION
country::IND,observation::IND::AG.PRD.CROP.XD::2017,HAS_OBSERVATION
country::IND,observation::IND::AG.LND.TOTL.K2::2017,HAS_OBSERVATION
country::IND,observation::IND::AG.LND.FRST.K2::2017,HAS_OBSERVATION
country::IND,observation::IND::AG.LND.ARBL.ZS::2017,HAS_OBSERVATION
country::IND,observation::IND::AG.LND.AGRI.K2::2017,HAS_OBSERVATION
country::IND,observation::IND::SH.STA.STNT.ZS::2017,HAS_OBSERVATION
country::IND,observation::IND::SH.STA.STNT.MA.ZS::2017,HAS_OBSERVATION
country::IND,observation::IND::SH.STA.SMSS.RU.ZS::2017,HAS_OBSERVATION
country::IND,observation::IND::SH.STA.OWGH.ZS::2017,HAS_OBSERVATION
country::IND,observation::IND::SH.STA.OWGH.MA.ZS::2017,HAS_OBSERVATION
country::IND,observation::IND::SH.STA.ODFC.ZS::2017,HAS_OBSERVATION
country::IND,observation::IND::SH.STA.MMRT::2017,HAS_OBSERVATION
country::IND,observation::IND::SH.STA.HYGN.ZS::2017,HAS_OBSERVATION
country::IND,observation::IND::SH.STA.BASS.ZS::2017,HAS_OBSERVATION
country::IND,observation::IND::SH.MMR.RISK::2017,HAS_OBSERVATION
country::IND,observation::IND::SH.MLR.INCD.P3::2017,HAS_OBSERVATION
country::IND,observation::IND::SH.IMM.HEPB::2017,HAS_OBSERVATION
country::IND,observation::IND::SH.H2O.BASW.ZS::2017,HAS_OBSERVATION
country::IND,observation::IND::SH.DYN.NMRT::2017,HAS_OBSERVATION
country::IND,observation::IND::SH.DYN.MORT.MA::2017,HAS_OBSERVATION
country::IND,observation::IND::SH.DYN.AIDS.FE.ZS::2017,HAS_OBSERVATION
country::IND,observation::IND::SH.DYN.0509::2017,HAS_OBSERVATION
country::IND,observation::IND::SH.DTH.MORT::2017,HAS_OBSERVATION
country::IND,observation::IND::SH.DTH.2024::2017,HAS_OBSERVATION
country::IND,observation::IND::SH.ANM.ALLW.ZS::2017,HAS_OBSERVATION
country::IND,observation::IND::SE.XPD.TOTL.GD.ZS::2017,HAS_OBSERVATION
country::IND,observation::IND::SE.TER.TCHR.FE.ZS::2017,HAS_OBSERVATION
country::IND,observation::IND::SE.TER.ENRL.TC.ZS::2017,HAS_OBSERVATION
country::IND,observation::IND::SE.SEC.TCHR.FE.ZS::2017,HAS_OBSERVATION
country::IND,observation::IND::SE.SEC.TCAQ.UP.ZS::2017,HAS_OBSERVATION
country::IND,observation::IND::SE.SEC.TCAQ.LO.ZS::2017,HAS_OBSERVATION
country::IND,observation::IND::SE.SEC.PROG.ZS::2017,HAS_OBSERVATION
country::IND,observation::IND::DC.DAC.AUTL.CD::2017,HAS_OBSERVATION
country::IND,observation::IND::CM.MKT.TRAD.CD::2017,HAS_OBSERVATION
country::IND,observation::IND::CM.MKT.INDX.ZG::2017,HAS_OBSERVATION
country::IND,observation::IND::BX.TRF.CURR.CD::2017,HAS_OBSERVATION
country::IND,observation::IND::BX.GSR.TRVL.ZS::2017,HAS_OBSERVATION
country::IND,observation::IND::BX.GSR.NFSV.CD::2017,HAS_OBSERVATION
country::IND,observation::IND::BX.GSR.FCTY.CD::2017,HAS_OBSERVATION
country::IND,observation::IND::BX.GRT.TECH.CD.WD::2017,HAS_OBSERVATION
country::IND,observation::IND::BN.RES.INCL.CD::2017,HAS_OBSERVATION
country::IND,observation::IND::BN.GSR.MRCH.CD::2017,HAS_OBSERVATION
country::IND,observation::IND::BN.CAB.XOKA.GD.ZS::2017,HAS_OBSERVATION
country::IND,observation::IND::BM.KLT.DINV.WD.GD.ZS::2017,HAS_OBSERVATION
country::IND,observation::IND::BM.GSR.TOTL.CD::2017,HAS_OBSERVATION
country::IND,observation::IND::BM.GSR.INSF.ZS::2017,HAS_OBSERVATION
country::IND,observation::IND::BG.GSR.NFSV.GD.ZS::2017,HAS_OBSERVATION
country::IND,observation::IND::AG.PRD.FOOD.XD::2017,HAS_OBSERVATION
country::IND,observation::IND::AG.LND.FRST.ZS::2017,HAS_OBSERVATION
country::IND,observation::IND::AG.LND.CREL.HA::2017,HAS_OBSERVATION
country::IND,observation::IND::AG.LND.AGRI.ZS::2017,HAS_OBSERVATION
country::IND,observation::IND::SE.SEC.TCAQ.UP.FE.ZS::2017,HAS_OBSERVATION
country::IND,observation::IND::SE.SEC.TCAQ.LO.FE.ZS::2017,HAS_OBSERVATION
country::IND,observation::IND::SE.SEC.PROG.FE.ZS::2017,HAS_OBSERVATION
country::IND,observation::IND::SE.SEC.ENRL.VO.FE.ZS::2017,HAS_OBSERVATION
country::IND,observation::IND::SE.SEC.ENRL.LO.TC.ZS::2017,HAS_OBSERVATION
country::IND,observation::IND::SE.SEC.ENRL::2017,HAS_OBSERVATION
country::IND,observation::IND::SE.SEC.CMPT.LO.MA.ZS::2017,HAS_OBSERVATION
country::IND,observation::IND::SE.PRM.UNER.MA.ZS::2017,HAS_OBSERVATION
country::IND,observation::IND::SE.PRM.UNER::2017,HAS_OBSERVATION
country::IND,observation::IND::SE.PRM.TCHR.FE.ZS::2017,HAS_OBSERVATION
country::IND,observation::IND::SE.PRM.TCAQ.FE.ZS::2017,HAS_OBSERVATION
country::IND,observation::IND::SE.PRM.GINT.ZS::2017,HAS_OBSERVATION
country::IND,observation::IND::SE.PRM.ENRR.FE::2017,HAS_OBSERVATION
country::IND,observation::IND::SE.PRM.ENRL::2017,HAS_OBSERVATION
country::IND,observation::IND::SE.PRM.AGES::2017,HAS_OBSERVATION
country::IND,observation::IND::SE.PRE.ENRR.MA::2017,HAS_OBSERVATION
country::IND,observation::IND::SE.PRE.DURS::2017,HAS_OBSERVATION
country::IND,observation::IND::SE.LPV.PRIM.MA::2017,HAS_OBSERVATION
country::IND,observation::IND::SE.LPV.PRIM.FE::2017,HAS_OBSERVATION
country::IND,observation::IND::SE.ENR.PRSC.FM.ZS::2017,HAS_OBSERVATION
country::IND,observation::IND::PA.NUS.PPP::2017,HAS_OBSERVATION
country::IND,observation::IND::NY.TTF.GNFS.KN::2017,HAS_OBSERVATION
country::IND,observation::IND::NY.TAX.NIND.KN::2017,HAS_OBSERVATION
country::IND,observation::IND::NY.GSR.NFCY.CN::2017,HAS_OBSERVATION
country::IND,observation::IND::NY.GNS.ICTR.CN::2017,HAS_OBSERVATION
country::IND,observation::IND::NY.GNP.PCAP.KN::2017,HAS_OBSERVATION
country::IND,observation::IND::SE.SEC.TCAQ.MA.ZS::2017,HAS_OBSERVATION
country::IND,observation::IND::SE.SEC.TCAQ.FE.ZS::2017,HAS_OBSERVATION
country::IND,observation::IND::SE.SEC.ENRR.MA::2017,HAS_OBSERVATION
country::IND,observation::IND::SE.SEC.ENRL.VO::2017,HAS_OBSERVATION
country::IND,observation::IND::SE.SEC.ENRL.GC.FE.ZS::2017,HAS_OBSERVATION
country::IND,observation::IND::SE.SEC.DURS::2017,HAS_OBSERVATION
country::IND,observation::IND::SE.SEC.CMPT.LO.FE.ZS::2017,HAS_OBSERVATION
country::IND,observation::IND::SE.PRM.UNER.MA::2017,HAS_OBSERVATION
country::IND,observation::IND::SE.PRM.TCHR::2017,HAS_OBSERVATION
country::IND,observation::IND::SE.PRM.REPT.ZS::2017,HAS_OBSERVATION
country::IND,observation::IND::SE.PRM.GINT.MA.ZS::2017,HAS_OBSERVATION
country::IND,observation::IND::SE.PRM.ENRR::2017,HAS_OBSERVATION
country::IND,observation::IND::SE.PRM.DURS::2017,HAS_OBSERVATION
country::IND,observation::IND::SE.PRM.CMPT.ZS::2017,HAS_OBSERVATION
country::IND,observation::IND::SE.PRE.ENRR.FE::2017,HAS_OBSERVATION
country::IND,observation::IND::SE.LPV.PRIM.SD.MA::2017,HAS_OBSERVATION
country::IND,observation::IND::SE.LPV.PRIM.LD.MA::2017,HAS_OBSERVATION
country::IND,observation::IND::SE.LPV.PRIM::2017,HAS_OBSERVATION
country::IND,observation::IND::SE.ENR.PRIM.FM.ZS::2017,HAS_OBSERVATION
country::IND,observation::IND::PA.NUS.GDP.PLI::2017,HAS_OBSERVATION
country::IND,observation::IND::NY.TAX.NIND.CN::2017,HAS_OBSERVATION
country::IND,observation::IND::NY.GSR.NFCY.CD::2017,HAS_OBSERVATION
country::IND,observation::IND::SE.SEC.TCHR.FE::2017,HAS_OBSERVATION
country::IND,observation::IND::SE.SEC.TCAQ.UP.MA.ZS::2017,HAS_OBSERVATION
country::IND,observation::IND::SE.SEC.TCAQ.LO.MA.ZS::2017,HAS_OBSERVATION
country::IND,observation::IND::SE.SEC.PROG.MA.ZS::2017,HAS_OBSERVATION
country::IND,observation::IND::SE.SEC.ENRR::2017,HAS_OBSERVATION
country::IND,observation::IND::SE.SEC.ENRL.TC.ZS::2017,HAS_OBSERVATION
country::IND,observation::IND::SE.SEC.ENRL.FE.ZS::2017,HAS_OBSERVATION
country::IND,observation::IND::SE.SEC.CMPT.LO.ZS::2017,HAS_OBSERVATION
country::IND,observation::IND::SE.PRM.UNER.ZS::2017,HAS_OBSERVATION
country::IND,observation::IND::SE.PRM.UNER.FE::2017,HAS_OBSERVATION
country::IND,observation::IND::SE.PRM.TCAQ.MA.ZS::2017,HAS_OBSERVATION
country::IND,observation::IND::SE.PRM.REPT.FE.ZS::2017,HAS_OBSERVATION
country::IND,observation::IND::SE.PRM.ENRR.MA::2017,HAS_OBSERVATION
country::IND,observation::IND::SE.PRM.ENRL.FE.ZS::2017,HAS_OBSERVATION
country::IND,observation::IND::SE.PRM.CMPT.FE.ZS::2017,HAS_OBSERVATION
country::IND,observation::IND::SE.LPV.PRIM.SD::2017,HAS_OBSERVATION
country::IND,observation::IND::SE.LPV.PRIM.LD::2017,HAS_OBSERVATION
country::IND,observation::IND::SE.ENR.SECO.FM.ZS::2017,HAS_OBSERVATION
country::IND,observation::IND::PA.NUS.PRVT.PLI::2017,HAS_OBSERVATION
country::IND,observation::IND::PA.NUS.ATLS::2017,HAS_OBSERVATION
country::IND,observation::IND::NY.TRF.NCTR.CD::2017,HAS_OBSERVATION
country::IND,observation::IND::SE.SEC.ENRR.FE::2017,HAS_OBSERVATION
country::IND,observation::IND::SE.SEC.ENRL.UP.TC.ZS::2017,HAS_OBSERVATION
country::IND,observation::IND::SE.SEC.ENRL.GC::2017,HAS_OBSERVATION
country::IND,observation::IND::SE.SEC.AGES::2017,HAS_OBSERVATION
country::IND,observation::IND::SE.PRM.UNER.FE.ZS::2017,HAS_OBSERVATION
country::IND,observation::IND::SE.PRM.TCAQ.ZS::2017,HAS_OBSERVATION
country::IND,observation::IND::SE.PRM.REPT.MA.ZS::2017,HAS_OBSERVATION
country::IND,observation::IND::SE.PRM.PRIV.ZS::2017,HAS_OBSERVATION
country::IND,observation::IND::SE.PRM.GINT.FE.ZS::2017,HAS_OBSERVATION
country::IND,observation::IND::SE.PRM.ENRL.TC.ZS::2017,HAS_OBSERVATION
country::IND,observation::IND::SE.PRM.CMPT.MA.ZS::2017,HAS_OBSERVATION
country::IND,observation::IND::SE.PRE.ENRR::2017,HAS_OBSERVATION
country::IND,observation::IND::SE.LPV.PRIM.SD.FE::2017,HAS_OBSERVATION
country::IND,observation::IND::SE.LPV.PRIM.LD.FE::2017,HAS_OBSERVATION
country::IND,observation::IND::SE.ENR.TERT.FM.ZS::2017,HAS_OBSERVATION
country::IND,observation::IND::SE.COM.DURS::2017,HAS_OBSERVATION
country::IND,observation::IND::PA.NUS.PRVT.PP::2017,HAS_OBSERVATION
country::IND,observation::IND::PA.NUS.FCRF::2017,HAS_OBSERVATION
country::IND,observation::IND::NY.TRF.NCTR.CN::2017,HAS_OBSERVATION
country::IND,observation::IND::NY.TAX.NIND.CD::2017,HAS_OBSERVATION
country::IND,observation::IND::NY.GNS.ICTR.ZS::2017,HAS_OBSERVATION
country::IND,observation::IND::NY.GNP.PCAP.CD::2017,HAS_OBSERVATION
country::IND,observation::IND::NY.GNP.MKTP.KD.ZG::2017,HAS_OBSERVATION
country::IND,observation::IND::NY.GNP.MKTP.CD::2017,HAS_OBSERVATION
country::IND,observation::IND::NY.GDS.TOTL.CN::2017,HAS_OBSERVATION
country::IND,observation::IND::NY.GDP.PCAP.PP.KD::2017,HAS_OBSERVATION
country::IND,observation::IND::NY.GDP.PCAP.KD::2017,HAS_OBSERVATION
country::IND,observation::IND::NY.GDP.MKTP.PP.KD::2017,HAS_OBSERVATION
country::IND,observation::IND::NY.GDP.MKTP.KD::2017,HAS_OBSERVATION
country::IND,observation::IND::NY.GDP.MINR.RT.ZS::2017,HAS_OBSERVATION
country::IND,observation::IND::NY.GDP.FCST.CN::2017,HAS_OBSERVATION
country::IND,observation::IND::NY.GDP.DEFL.ZS.AD::2017,HAS_OBSERVATION
country::IND,observation::IND::NY.GDP.COAL.RT.ZS::2017,HAS_OBSERVATION
country::IND,observation::IND::NY.ADJ.SVNG.GN.ZS::2017,HAS_OBSERVATION
country::IND,observation::IND::NY.ADJ.NNTY.PC.CD::2017,HAS_OBSERVATION
country::IND,observation::IND::NY.ADJ.NNAT.GN.ZS::2017,HAS_OBSERVATION
country::IND,observation::IND::NY.ADJ.DPEM.GN.ZS::2017,HAS_OBSERVATION
country::IND,observation::IND::NY.ADJ.DMIN.GN.ZS::2017,HAS_OBSERVATION
country::IND,observation::IND::NY.ADJ.DFOR.GN.ZS::2017,HAS_OBSERVATION
country::IND,observation::IND::NY.ADJ.AEDU.GN.ZS::2017,HAS_OBSERVATION
country::IND,observation::IND::NV.SRV.TOTL.KD.ZG::2017,HAS_OBSERVATION
country::IND,observation::IND::NV.SRV.EMPL.KD::2017,HAS_OBSERVATION
country::IND,observation::IND::NV.MNF.MTRN.ZS.UN::2017,HAS_OBSERVATION
country::IND,observation::IND::NV.IND.TOTL.KN::2017,HAS_OBSERVATION
country::IND,observation::IND::NV.IND.TOTL.CD::2017,HAS_OBSERVATION
country::IND,observation::IND::NV.IND.MANF.KD::2017,HAS_OBSERVATION
country::IND,observation::IND::NV.AGR.TOTL.KD.ZG::2017,HAS_OBSERVATION
country::IND,observation::IND::NV.AGR.EMPL.KD::2017,HAS_OBSERVATION
country::IND,observation::IND::NE.RSB.GNFS.CN::2017,HAS_OBSERVATION
country::IND,observation::IND::NE.IMP.GNFS.KD.ZG::2017,HAS_OBSERVATION
country::IND,observation::IND::NE.GDI.TOTL.ZS::2017,HAS_OBSERVATION
country::IND,observation::IND::NY.GNS.ICTR.CD::2017,HAS_OBSERVATION
country::IND,observation::IND::NY.GNP.PCAP.KD.ZG::2017,HAS_OBSERVATION
country::IND,observation::IND::NY.GNP.MKTP.PP.KD::2017,HAS_OBSERVATION
country::IND,observation::IND::NY.GNP.MKTP.KD::2017,HAS_OBSERVATION
country::IND,observation::IND::NY.GNP.ATLS.CD::2017,HAS_OBSERVATION
country::IND,observation::IND::NY.GDS.TOTL.CD::2017,HAS_OBSERVATION
country::IND,observation::IND::NY.GDP.PCAP.PP.CD::2017,HAS_OBSERVATION
country::IND,observation::IND::NY.GDP.PCAP.CN::2017,HAS_OBSERVATION
country::IND,observation::IND::NY.GDP.MKTP.PP.CD::2017,HAS_OBSERVATION
country::IND,observation::IND::NY.GDP.MKTP.CN.AD::2017,HAS_OBSERVATION
country::IND,observation::IND::NY.GDP.FRST.RT.ZS::2017,HAS_OBSERVATION
country::IND,observation::IND::NY.GDP.FCST.CD::2017,HAS_OBSERVATION
country::IND,observation::IND::NY.GDP.DEFL.ZS::2017,HAS_OBSERVATION
country::IND,observation::IND::NY.EXP.CAPM.KN::2017,HAS_OBSERVATION
country::IND,observation::IND::NY.ADJ.SVNG.CD::2017,HAS_OBSERVATION
country::IND,observation::IND::NY.ADJ.NNTY.KD.ZG::2017,HAS_OBSERVATION
country::IND,observation::IND::NY.ADJ.NNAT.CD::2017,HAS_OBSERVATION
country::IND,observation::IND::NY.ADJ.DPEM.CD::2017,HAS_OBSERVATION
country::IND,observation::IND::NY.ADJ.DMIN.CD::2017,HAS_OBSERVATION
country::IND,observation::IND::NY.ADJ.DFOR.CD::2017,HAS_OBSERVATION
country::IND,observation::IND::NY.ADJ.AEDU.CD::2017,HAS_OBSERVATION
country::IND,observation::IND::NV.SRV.TOTL.KD::2017,HAS_OBSERVATION
country::IND,observation::IND::NV.MNF.TXTL.ZS.UN::2017,HAS_OBSERVATION
country::IND,observation::IND::NV.MNF.FBTO.ZS.UN::2017,HAS_OBSERVATION
country::IND,observation::IND::NV.IND.TOTL.KD.ZG::2017,HAS_OBSERVATION
country::IND,observation::IND::NV.IND.MANF.ZS::2017,HAS_OBSERVATION
country::IND,observation::IND::NV.IND.MANF.CN::2017,HAS_OBSERVATION
country::IND,observation::IND::NV.AGR.TOTL.KD::2017,HAS_OBSERVATION
country::IND,observation::IND::NE.TRD.GNFS.ZS::2017,HAS_OBSERVATION
country::IND,observation::IND::NE.RSB.GNFS.CD::2017,HAS_OBSERVATION
country::IND,observation::IND::NY.GNS.ICTR.GN.ZS::2017,HAS_OBSERVATION
country::IND,observation::IND::NY.GNP.PCAP.PP.CD::2017,HAS_OBSERVATION
country::IND,observation::IND::NY.GNP.PCAP.CN::2017,HAS_OBSERVATION
country::IND,observation::IND::NY.GNP.MKTP.KN::2017,HAS_OBSERVATION
country::IND,observation::IND::NY.GNP.MKTP.CN::2017,HAS_OBSERVATION
country::IND,observation::IND::NY.GDS.TOTL.ZS::2017,HAS_OBSERVATION
country::IND,observation::IND::NY.GDP.PETR.RT.ZS::2017,HAS_OBSERVATION
country::IND,observation::IND::NY.GDP.PCAP.KD.ZG::2017,HAS_OBSERVATION
country::IND,observation::IND::NY.GDP.NGAS.RT.ZS::2017,HAS_OBSERVATION
country::IND,observation::IND::NY.GDP.MKTP.KD.ZG::2017,HAS_OBSERVATION
country::IND,observation::IND::NY.GDP.MKTP.CD::2017,HAS_OBSERVATION
country::IND,observation::IND::NY.GDP.FCST.KD::2017,HAS_OBSERVATION
country::IND,observation::IND::NY.GDP.DISC.CN::2017,HAS_OBSERVATION
country::IND,observation::IND::NY.GDP.DEFL.KD.ZG::2017,HAS_OBSERVATION
country::IND,observation::IND::NY.ADJ.SVNX.CD::2017,HAS_OBSERVATION
country::IND,observation::IND::NY.ADJ.NNTY.PC.KD::2017,HAS_OBSERVATION
country::IND,observation::IND::NY.ADJ.NNTY.CD::2017,HAS_OBSERVATION
country::IND,observation::IND::NY.ADJ.DRES.GN.ZS::2017,HAS_OBSERVATION
country::IND,observation::IND::NY.ADJ.DNGY.CD::2017,HAS_OBSERVATION
country::IND,observation::IND::NY.ADJ.DKAP.CD::2017,HAS_OBSERVATION
country::IND,observation::IND::NY.ADJ.DCO2.CD::2017,HAS_OBSERVATION
country::IND,observation::IND::NV.SRV.TOTL.KN::2017,HAS_OBSERVATION
country::IND,observation::IND::NV.SRV.TOTL.CD::2017,HAS_OBSERVATION
country::IND,observation::IND::NV.MNF.OTHR.ZS.UN::2017,HAS_OBSERVATION
country::IND,observation::IND::NV.IND.TOTL.ZS::2017,HAS_OBSERVATION
country::IND,observation::IND::NV.IND.TOTL.CN::2017,HAS_OBSERVATION
country::IND,observation::IND::NV.IND.MANF.KD.ZG::2017,HAS_OBSERVATION
country::IND,observation::IND::NV.IND.EMPL.KD::2017,HAS_OBSERVATION
country::IND,observation::IND::NV.AGR.TOTL.KN::2017,HAS_OBSERVATION
country::IND,observation::IND::NV.AGR.TOTL.CD::2017,HAS_OBSERVATION
country::IND,observation::IND::NE.RSB.GNFS.KN::2017,HAS_OBSERVATION
country::IND,observation::IND::NE.IMP.GNFS.KN::2017,HAS_OBSERVATION
country::IND,observation::IND::NY.GNP.PCAP.PP.KD::2017,HAS_OBSERVATION
country::IND,observation::IND::NY.GNP.PCAP.KD::2017,HAS_OBSERVATION
country::IND,observation::IND::NY.GNP.MKTP.PP.CD::2017,HAS_OBSERVATION
country::IND,observation::IND::NY.GNP.MKTP.CN.AD::2017,HAS_OBSERVATION
country::IND,observation::IND::NY.GDY.TOTL.KN::2017,HAS_OBSERVATION
country::IND,observation::IND::NY.GDP.TOTL.RT.ZS::2017,HAS_OBSERVATION
country::IND,observation::IND::NY.GDP.PCAP.KN::2017,HAS_OBSERVATION
country::IND,observation::IND::NY.GDP.PCAP.CD::2017,HAS_OBSERVATION
country::IND,observation::IND::NY.GDP.MKTP.KN::2017,HAS_OBSERVATION
country::IND,observation::IND::NY.GDP.MKTP.CN::2017,HAS_OBSERVATION
country::IND,observation::IND::NY.GDP.FCST.KN::2017,HAS_OBSERVATION
country::IND,observation::IND::NY.GDP.DISC.KN::2017,HAS_OBSERVATION
country::IND,observation::IND::NY.GDP.DEFL.KD.ZG.AD::2017,HAS_OBSERVATION
country::IND,observation::IND::NY.ADJ.SVNX.GN.ZS::2017,HAS_OBSERVATION
country::IND,observation::IND::NY.ADJ.NNTY.PC.KD.ZG::2017,HAS_OBSERVATION
country::IND,observation::IND::NY.ADJ.NNTY.KD::2017,HAS_OBSERVATION
country::IND,observation::IND::NY.ADJ.ICTR.GN.ZS::2017,HAS_OBSERVATION
country::IND,observation::IND::NY.ADJ.DNGY.GN.ZS::2017,HAS_OBSERVATION
country::IND,observation::IND::NY.ADJ.DKAP.GN.ZS::2017,HAS_OBSERVATION
country::IND,observation::IND::NY.ADJ.DCO2.GN.ZS::2017,HAS_OBSERVATION
country::IND,observation::IND::NV.SRV.TOTL.ZS::2017,HAS_OBSERVATION
country::IND,observation::IND::NV.SRV.TOTL.CN::2017,HAS_OBSERVATION
country::IND,observation::IND::NV.MNF.TECH.ZS.UN::2017,HAS_OBSERVATION
country::IND,observation::IND::NV.MNF.CHEM.ZS.UN::2017,HAS_OBSERVATION
country::IND,observation::IND::NV.IND.TOTL.KD::2017,HAS_OBSERVATION
country::IND,observation::IND::NV.IND.MANF.KN::2017,HAS_OBSERVATION
country::IND,observation::IND::NV.IND.MANF.CD::2017,HAS_OBSERVATION
country::IND,observation::IND::NV.AGR.TOTL.ZS::2017,HAS_OBSERVATION
country::IND,observation::IND::NE.GDI.TOTL.CN::2017,HAS_OBSERVATION
country::IND,observation::IND::NE.GDI.STKB.CD::2017,HAS_OBSERVATION
country::IND,observation::IND::NE.GDI.FTOT.KD::2017,HAS_OBSERVATION
country::IND,observation::IND::NE.GDI.FPRV.CN::2017,HAS_OBSERVATION
country::IND,observation::IND::NE.EXP.GNFS.KD::2017,HAS_OBSERVATION
country::IND,observation::IND::NE.DAB.TOTL.KN::2017,HAS_OBSERVATION
country::IND,observation::IND::NE.DAB.DEFL.ZS::2017,HAS_OBSERVATION
country::IND,observation::IND::NE.CON.TOTL.KD::2017,HAS_OBSERVATION
country::IND,observation::IND::NE.CON.PRVT.PP.KD::2017,HAS_OBSERVATION
country::IND,observation::IND::NE.CON.PRVT.KN::2017,HAS_OBSERVATION
country::IND,observation::IND::NE.CON.PRVT.CN::2017,HAS_OBSERVATION
country::IND,observation::IND::NE.CON.GOVT.ZS::2017,HAS_OBSERVATION
country::IND,observation::IND::NE.CON.GOVT.CN::2017,HAS_OBSERVATION
country::IND,observation::IND::MS.MIL.XPND.GD.ZS::2017,HAS_OBSERVATION
country::IND,observation::IND::MS.MIL.TOTL.P1::2017,HAS_OBSERVATION
country::IND,observation::IND::IT.NET.BBND.P2::2017,HAS_OBSERVATION
country::IND,observation::IND::IT.CEL.SETS.P2::2017,HAS_OBSERVATION
country::IND,observation::IND::IS.RRS.TOTL.KM::2017,HAS_OBSERVATION
country::IND,observation::IND::IS.AIR.GOOD.MT.K1::2017,HAS_OBSERVATION
country::IND,observation::IND::IQ.SPI.PIL3::2017,HAS_OBSERVATION
country::IND,observation::IND::NE.IMP.GNFS.KD::2017,HAS_OBSERVATION
country::IND,observation::IND::NE.GDI.TOTL.KN::2017,HAS_OBSERVATION
country::IND,observation::IND::NE.GDI.TOTL.CD::2017,HAS_OBSERVATION
country::IND,observation::IND::NE.GDI.FTOT.ZS::2017,HAS_OBSERVATION
country::IND,observation::IND::NE.GDI.FTOT.CN::2017,HAS_OBSERVATION
country::IND,observation::IND::NE.EXP.GNFS.ZS::2017,HAS_OBSERVATION
country::IND,observation::IND::NE.EXP.GNFS.CN::2017,HAS_OBSERVATION
country::IND,observation::IND::NE.DAB.TOTL.KD::2017,HAS_OBSERVATION
country::IND,observation::IND::NE.CON.TOTL.ZS::2017,HAS_OBSERVATION
country::IND,observation::IND::NE.CON.TOTL.CN::2017,HAS_OBSERVATION
country::IND,observation::IND::NE.CON.PRVT.PP.CD::2017,HAS_OBSERVATION
country::IND,observation::IND::NE.CON.PRVT.KD.ZG::2017,HAS_OBSERVATION
country::IND,observation::IND::NE.CON.PRVT.CD::2017,HAS_OBSERVATION
country::IND,observation::IND::NE.CON.GOVT.KN::2017,HAS_OBSERVATION
country::IND,observation::IND::NE.CON.GOVT.CD::2017,HAS_OBSERVATION
country::IND,observation::IND::MS.MIL.XPND.CN::2017,HAS_OBSERVATION
country::IND,observation::IND::MS.MIL.MPRT.KD::2017,HAS_OBSERVATION
country::IND,observation::IND::IT.NET.BBND::2017,HAS_OBSERVATION
country::IND,observation::IND::IT.CEL.SETS::2017,HAS_OBSERVATION
country::IND,observation::IND::IS.RRS.PASG.KM::2017,HAS_OBSERVATION
country::IND,observation::IND::IS.AIR.DPRT::2017,HAS_OBSERVATION
country::IND,observation::IND::IQ.SPI.PIL2::2017,HAS_OBSERVATION
country::IND,observation::IND::NE.IMP.GNFS.CD::2017,HAS_OBSERVATION
country::IND,observation::IND::NE.GDI.TOTL.KD::2017,HAS_OBSERVATION
country::IND,observation::IND::NE.GDI.STKB.CN::2017,HAS_OBSERVATION
country::IND,observation::IND::NE.GDI.FTOT.KD.ZG::2017,HAS_OBSERVATION
country::IND,observation::IND::NE.GDI.FPRV.ZS::2017,HAS_OBSERVATION
country::IND,observation::IND::NE.EXP.GNFS.KD.ZG::2017,HAS_OBSERVATION
country::IND,observation::IND::NE.DAB.TOTL.ZS::2017,HAS_OBSERVATION
country::IND,observation::IND::NE.DAB.TOTL.CD::2017,HAS_OBSERVATION
country::IND,observation::IND::NE.CON.TOTL.KD.ZG::2017,HAS_OBSERVATION
country::IND,observation::IND::NE.CON.PRVT.ZS::2017,HAS_OBSERVATION
country::IND,observation::IND::NE.CON.PRVT.PC.KD::2017,HAS_OBSERVATION
country::IND,observation::IND::NE.CON.PRVT.CN.AD::2017,HAS_OBSERVATION
country::IND,observation::IND::NE.CON.PCAP.PP.CD::2017,HAS_OBSERVATION
country::IND,observation::IND::NE.CON.GOVT.KD::2017,HAS_OBSERVATION
country::IND,observation::IND::MS.MIL.XPND.ZS::2017,HAS_OBSERVATION
country::IND,observation::IND::MS.MIL.TOTL.TF.ZS::2017,HAS_OBSERVATION
country::IND,observation::IND::IT.NET.USER.ZS::2017,HAS_OBSERVATION
country::IND,observation::IND::IT.NET.SECR::2017,HAS_OBSERVATION
country::IND,observation::IND::IT.MLT.MAIN::2017,HAS_OBSERVATION
country::IND,observation::IND::IS.SHP.GCNW.XQ::2017,HAS_OBSERVATION
country::IND,observation::IND::IS.AIR.PSGR::2017,HAS_OBSERVATION
country::IND,observation::IND::IQ.SPI.PIL4::2017,HAS_OBSERVATION
country::IND,observation::IND::IQ.SPI.OVRL::2017,HAS_OBSERVATION
country::IND,observation::IND::NV.AGR.TOTL.CN::2017,HAS_OBSERVATION
country::IND,observation::IND::NE.RSB.GNFS.ZS::2017,HAS_OBSERVATION
country::IND,observation::IND::NE.IMP.GNFS.ZS::2017,HAS_OBSERVATION
country::IND,observation::IND::NE.IMP.GNFS.CN::2017,HAS_OBSERVATION
country::IND,observation::IND::NE.GDI.TOTL.KD.ZG::2017,HAS_OBSERVATION
country::IND,observation::IND::NE.GDI.STKB.KN::2017,HAS_OBSERVATION
country::IND,observation::IND::NE.GDI.FTOT.KN::2017,HAS_OBSERVATION
country::IND,observation::IND::NE.GDI.FTOT.CD::2017,HAS_OBSERVATION
country::IND,observation::IND::NE.EXP.GNFS.KN::2017,HAS_OBSERVATION
country::IND,observation::IND::NE.EXP.GNFS.CD::2017,HAS_OBSERVATION
country::IND,observation::IND::NE.DAB.TOTL.CN::2017,HAS_OBSERVATION
country::IND,observation::IND::NE.CON.TOTL.KN::2017,HAS_OBSERVATION
country::IND,observation::IND::NE.CON.TOTL.CD::2017,HAS_OBSERVATION
country::IND,observation::IND::NE.CON.PRVT.PC.KD.ZG::2017,HAS_OBSERVATION
country::IND,observation::IND::NE.CON.PRVT.KD::2017,HAS_OBSERVATION
country::IND,observation::IND::NE.CON.PCAP.PP.KD::2017,HAS_OBSERVATION
country::IND,observation::IND::NE.CON.GOVT.KD.ZG::2017,HAS_OBSERVATION
country::IND,observation::IND::MS.MIL.XPRT.KD::2017,HAS_OBSERVATION
country::IND,observation::IND::MS.MIL.XPND.CD::2017,HAS_OBSERVATION
country::IND,observation::IND::IT.NET.SECR.P6::2017,HAS_OBSERVATION
country::IND,observation::IND::IT.MLT.MAIN.P2::2017,HAS_OBSERVATION
country::IND,observation::IND::IS.SHP.GOOD.TU::2017,HAS_OBSERVATION
country::IND,observation::IND::IS.RRS.GOOD.MT.K6::2017,HAS_OBSERVATION
country::IND,observation::IND::IQ.SPI.PIL5::2017,HAS_OBSERVATION
country::IND,observation::IND::IQ.SPI.PIL1::2017,HAS_OBSERVATION
country::IND,observation::IND::VC.IHR.PSRC.P5::2017,HAS_OBSERVATION
country::IND,observation::IND::VC.IDP.NWCV::2017,HAS_OBSERVATION
country::IND,observation::IND::TX.VAL.TECH.MF.ZS::2017,HAS_OBSERVATION
country::IND,observation::IND::TX.VAL.MRCH.XD.WD::2017,HAS_OBSERVATION
country::IND,observation::IND::TX.VAL.MRCH.R6.ZS::2017,HAS_OBSERVATION
country::IND,observation::IND::TX.VAL.MRCH.R2.ZS::2017,HAS_OBSERVATION
country::IND,observation::IND::TX.VAL.MRCH.CD.WT::2017,HAS_OBSERVATION
country::IND,observation::IND::TX.VAL.INSF.ZS.WT::2017,HAS_OBSERVATION
country::IND,observation::IND::TX.VAL.AGRI.ZS.UN::2017,HAS_OBSERVATION
country::IND,observation::IND::TT.PRI.MRCH.XD.WD::2017,HAS_OBSERVATION
country::IND,observation::IND::TM.VAL.OTHR.ZS.WT::2017,HAS_OBSERVATION
country::IND,observation::IND::TM.VAL.MRCH.RS.ZS::2017,HAS_OBSERVATION
country::IND,observation::IND::TM.VAL.MRCH.R3.ZS::2017,HAS_OBSERVATION
country::IND,observation::IND::TM.VAL.MRCH.HI.ZS::2017,HAS_OBSERVATION
country::IND,observation::IND::TM.VAL.MANF.ZS.UN::2017,HAS_OBSERVATION
country::IND,observation::IND::TM.VAL.FOOD.ZS.UN::2017,HAS_OBSERVATION
country::IND,observation::IND::TM.TAX.TCOM.WM.AR.ZS::2017,HAS_OBSERVATION
country::IND,observation::IND::TM.TAX.TCOM.BC.ZS::2017,HAS_OBSERVATION
country::IND,observation::IND::TM.TAX.MRCH.SM.AR.ZS::2017,HAS_OBSERVATION
country::IND,observation::IND::TM.TAX.MANF.WM.AR.ZS::2017,HAS_OBSERVATION
country::IND,observation::IND::TM.TAX.MANF.BC.ZS::2017,HAS_OBSERVATION
country::IND,observation::IND::ST.INT.XPND.CD::2017,HAS_OBSERVATION
country::IND,observation::IND::ST.INT.TRNR.CD::2017,HAS_OBSERVATION
country::IND,observation::IND::ST.INT.ARVL::2017,HAS_OBSERVATION
country::IND,observation::IND::SP.URB.GROW::2017,HAS_OBSERVATION
country::IND,observation::IND::SP.POP.TOTL.FE.ZS::2017,HAS_OBSERVATION
country::IND,observation::IND::SP.POP.DPND::2017,HAS_OBSERVATION
country::IND,observation::IND::SP.POP.7579.MA.5Y::2017,HAS_OBSERVATION
country::IND,observation::IND::SP.POP.65UP.TO.ZS::2017,HAS_OBSERVATION
country::IND,observation::IND::SP.POP.65UP.FE.ZS::2017,HAS_OBSERVATION
country::IND,observation::IND::SP.POP.6064.MA.5Y::2017,HAS_OBSERVATION
country::IND,observation::IND::SP.POP.5054.MA.5Y::2017,HAS_OBSERVATION
country::IND,observation::IND::SP.POP.4044.MA.5Y::2017,HAS_OBSERVATION
country::IND,observation::IND::SP.POP.3034.MA.5Y::2017,HAS_OBSERVATION
country::IND,observation::IND::SP.POP.2024.MA.5Y::2017,HAS_OBSERVATION
country::IND,observation::IND::SP.POP.1564.MA.ZS::2017,HAS_OBSERVATION
country::IND,observation::IND::SP.POP.1519.MA.5Y::2017,HAS_OBSERVATION
country::IND,observation::IND::SP.POP.0509.MA.5Y::2017,HAS_OBSERVATION
country::IND,observation::IND::SP.POP.0014.MA.ZS::2017,HAS_OBSERVATION
country::IND,observation::IND::SP.POP.0004.MA.5Y::2017,HAS_OBSERVATION
country::IND,observation::IND::SP.DYN.TO65.FE.ZS::2017,HAS_OBSERVATION
country::IND,observation::IND::SP.DYN.LE00.FE.IN::2017,HAS_OBSERVATION
country::IND,observation::IND::SP.DYN.AMRT.MA::2017,HAS_OBSERVATION
country::IND,observation::IND::DT.NFL.WHOL.CD::2017,HAS_OBSERVATION
country::IND,observation::IND::DT.NFL.UNDP.CD::2017,HAS_OBSERVATION
country::IND,observation::IND::DT.NFL.UNCF.CD::2017,HAS_OBSERVATION
country::IND,observation::IND::DT.NFL.PROP.CD::2017,HAS_OBSERVATION
country::IND,observation::IND::DT.NFL.PCBK.CD::2017,HAS_OBSERVATION
country::IND,observation::IND::DT.NFL.MOTH.CD::2017,HAS_OBSERVATION
country::IND,observation::IND::DT.NFL.BOND.CD::2017,HAS_OBSERVATION
country::IND,observation::IND::VC.IHR.PSRC.MA.P5::2017,HAS_OBSERVATION
country::IND,observation::IND::VC.BTL.DETH::2017,HAS_OBSERVATION
country::IND,observation::IND::TX.VAL.TECH.CD::2017,HAS_OBSERVATION
country::IND,observation::IND::TX.VAL.MRCH.WR.ZS::2017,HAS_OBSERVATION
country::IND,observation::IND::TX.VAL.MRCH.R5.ZS::2017,HAS_OBSERVATION
country::IND,observation::IND::TX.VAL.MRCH.R1.ZS::2017,HAS_OBSERVATION
country::IND,observation::IND::TX.VAL.MRCH.AL.ZS::2017,HAS_OBSERVATION
country::IND,observation::IND::TX.VAL.ICTG.ZS.UN::2017,HAS_OBSERVATION
country::IND,observation::IND::TX.UVI.MRCH.XD.WD::2017,HAS_OBSERVATION
country::IND,observation::IND::TM.VAL.TRVL.ZS.WT::2017,HAS_OBSERVATION
country::IND,observation::IND::TM.VAL.MRCH.XD.WD::2017,HAS_OBSERVATION
country::IND,observation::IND::TM.VAL.MRCH.R6.ZS::2017,HAS_OBSERVATION
country::IND,observation::IND::TM.VAL.MRCH.R2.ZS::2017,HAS_OBSERVATION
country::IND,observation::IND::TM.VAL.MRCH.CD.WT::2017,HAS_OBSERVATION
country::IND,observation::IND::TM.VAL.INSF.ZS.WT::2017,HAS_OBSERVATION
country::IND,observation::IND::TM.VAL.AGRI.ZS.UN::2017,HAS_OBSERVATION
country::IND,observation::IND::TM.TAX.TCOM.SM.FN.ZS::2017,HAS_OBSERVATION
country::IND,observation::IND::TM.TAX.MRCH.WM.FN.ZS::2017,HAS_OBSERVATION
country::IND,observation::IND::TM.TAX.MRCH.BR.ZS::2017,HAS_OBSERVATION
country::IND,observation::IND::TM.TAX.MANF.SM.FN.ZS::2017,HAS_OBSERVATION
country::IND,observation::IND::TM.QTY.MRCH.XD.WD::2017,HAS_OBSERVATION
country::IND,observation::IND::ST.INT.TVLX.CD::2017,HAS_OBSERVATION
country::IND,observation::IND::ST.INT.RCPT.XP.ZS::2017,HAS_OBSERVATION
country::IND,observation::IND::SP.RUR.TOTL.ZS::2017,HAS_OBSERVATION
country::IND,observation::IND::SP.POP.TOTL.FE.IN::2017,HAS_OBSERVATION
country::IND,observation::IND::SP.POP.GROW::2017,HAS_OBSERVATION
country::IND,observation::IND::SP.POP.BRTH.MF::2017,HAS_OBSERVATION
country::IND,observation::IND::SP.POP.7579.FE.5Y::2017,HAS_OBSERVATION
country::IND,observation::IND::SP.POP.65UP.TO::2017,HAS_OBSERVATION
country::IND,observation::IND::SP.POP.65UP.FE.IN::2017,HAS_OBSERVATION
country::IND,observation::IND::SP.POP.6064.FE.5Y::2017,HAS_OBSERVATION
country::IND,observation::IND::SP.POP.5054.FE.5Y::2017,HAS_OBSERVATION
country::IND,observation::IND::SP.POP.4044.FE.5Y::2017,HAS_OBSERVATION
country::IND,observation::IND::SP.POP.3034.FE.5Y::2017,HAS_OBSERVATION
country::IND,observation::IND::SP.POP.2024.FE.5Y::2017,HAS_OBSERVATION
country::IND,observation::IND::SP.POP.1564.MA.IN::2017,HAS_OBSERVATION
country::IND,observation::IND::SP.POP.1519.FE.5Y::2017,HAS_OBSERVATION
country::IND,observation::IND::SP.POP.0509.FE.5Y::2017,HAS_OBSERVATION
country::IND,observation::IND::SP.POP.0014.MA.IN::2017,HAS_OBSERVATION
country::IND,observation::IND::SP.POP.0004.FE.5Y::2017,HAS_OBSERVATION
country::IND,observation::IND::SP.DYN.TFRT.IN::2017,HAS_OBSERVATION
country::IND,observation::IND::SP.DYN.IMRT.MA.IN::2017,HAS_OBSERVATION
country::IND,observation::IND::SP.DYN.AMRT.FE::2017,HAS_OBSERVATION
country::IND,observation::IND::SM.POP.RHCR.EA::2017,HAS_OBSERVATION
country::IND,observation::IND::SM.POP.IDPC::2017,HAS_OBSERVATION
country::IND,observation::IND::DT.NFL.UNFP.CD::2017,HAS_OBSERVATION
country::IND,observation::IND::DT.NFL.RDBN.CD::2017,HAS_OBSERVATION
country::IND,observation::IND::DT.NFL.PNGC.CD::2017,HAS_OBSERVATION
country::IND,observation::IND::DT.NFL.PBND.CD::2017,HAS_OBSERVATION
country::IND,observation::IND::DT.NFL.MLAT.CD::2017,HAS_OBSERVATION
country::IND,observation::IND::DT.NFL.IMFC.CD::2017,HAS_OBSERVATION
country::IND,observation::IND::DT.NFL.BLAT.CD::2017,HAS_OBSERVATION
country::IND,observation::IND::DT.DOD.MWBG.CD::2017,HAS_OBSERVATION
country::IND,observation::IND::DT.DOD.DSTC.XP.ZS::2017,HAS_OBSERVATION
country::IND,observation::IND::DT.DOD.DPNG.CD::2017,HAS_OBSERVATION
country::IND,observation::IND::DT.DOD.DECT.CD::2017,HAS_OBSERVATION
country::IND,observation::IND::VC.IDP.NWDS::2017,HAS_OBSERVATION
country::IND,observation::IND::TX.VAL.TRAN.ZS.WT::2017,HAS_OBSERVATION
country::IND,observation::IND::TX.VAL.OTHR.ZS.WT::2017,HAS_OBSERVATION
country::IND,observation::IND::TX.VAL.MRCH.RS.ZS::2017,HAS_OBSERVATION
country::IND,observation::IND::TX.VAL.MRCH.R3.ZS::2017,HAS_OBSERVATION
country::IND,observation::IND::TX.VAL.MRCH.HI.ZS::2017,HAS_OBSERVATION
country::IND,observation::IND::TX.VAL.MANF.ZS.UN::2017,HAS_OBSERVATION
country::IND,observation::IND::TX.VAL.FOOD.ZS.UN::2017,HAS_OBSERVATION
country::IND,observation::IND::TX.MNF.TECH.ZS.UN::2017,HAS_OBSERVATION
country::IND,observation::IND::TM.VAL.SERV.CD.WT::2017,HAS_OBSERVATION
country::IND,observation::IND::TM.VAL.MRCH.WL.CD::2017,HAS_OBSERVATION
country::IND,observation::IND::TM.VAL.MRCH.R4.ZS::2017,HAS_OBSERVATION
country::IND,observation::IND::TM.VAL.MRCH.OR.ZS::2017,HAS_OBSERVATION
country::IND,observation::IND::TM.VAL.MMTL.ZS.UN::2017,HAS_OBSERVATION
country::IND,observation::IND::TM.VAL.FUEL.ZS.UN::2017,HAS_OBSERVATION
country::IND,observation::IND::TM.TAX.TCOM.WM.FN.ZS::2017,HAS_OBSERVATION
country::IND,observation::IND::TM.TAX.TCOM.BR.ZS::2017,HAS_OBSERVATION
country::IND,observation::IND::TM.TAX.MRCH.SM.FN.ZS::2017,HAS_OBSERVATION
country::IND,observation::IND::TM.TAX.MANF.WM.FN.ZS::2017,HAS_OBSERVATION
country::IND,observation::IND::TM.TAX.MANF.BR.ZS::2017,HAS_OBSERVATION
country::IND,observation::IND::ST.INT.XPND.MP.ZS::2017,HAS_OBSERVATION
country::IND,observation::IND::ST.INT.TRNX.CD::2017,HAS_OBSERVATION
country::IND,observation::IND::ST.INT.DPRT::2017,HAS_OBSERVATION
country::IND,observation::IND::SP.URB.TOTL::2017,HAS_OBSERVATION
country::IND,observation::IND::SP.RUR.TOTL::2017,HAS_OBSERVATION
country::IND,observation::IND::SP.POP.TOTL.MA.IN::2017,HAS_OBSERVATION
country::IND,observation::IND::SP.POP.DPND.OL::2017,HAS_OBSERVATION
country::IND,observation::IND::SP.POP.80UP.FE.5Y::2017,HAS_OBSERVATION
country::IND,observation::IND::SP.POP.7074.FE.5Y::2017,HAS_OBSERVATION
country::IND,observation::IND::SP.POP.65UP.MA.IN::2017,HAS_OBSERVATION
country::IND,observation::IND::SP.POP.6569.FE.5Y::2017,HAS_OBSERVATION
country::IND,observation::IND::SP.POP.5559.FE.5Y::2017,HAS_OBSERVATION
country::IND,observation::IND::SP.POP.4549.FE.5Y::2017,HAS_OBSERVATION
country::IND,observation::IND::SP.POP.3539.FE.5Y::2017,HAS_OBSERVATION
country::IND,observation::IND::SP.POP.2529.FE.5Y::2017,HAS_OBSERVATION
country::IND,observation::IND::SP.POP.1564.TO::2017,HAS_OBSERVATION
country::IND,observation::IND::SP.POP.1564.FE.IN::2017,HAS_OBSERVATION
country::IND,observation::IND::SP.POP.1014.FE.5Y::2017,HAS_OBSERVATION
country::IND,observation::IND::SP.POP.0014.TO::2017,HAS_OBSERVATION
country::IND,observation::IND::SP.POP.0014.FE.IN::2017,HAS_OBSERVATION
country::IND,observation::IND::SP.DYN.TO65.MA.ZS::2017,HAS_OBSERVATION
country::IND,observation::IND::SP.DYN.LE00.IN::2017,HAS_OBSERVATION
country::IND,observation::IND::SP.DYN.IMRT.FE.IN::2017,HAS_OBSERVATION
country::IND,observation::IND::SP.DYN.CBRT.IN::2017,HAS_OBSERVATION
country::IND,observation::IND::SN.ITK.DEFC.ZS::2017,HAS_OBSERVATION
country::IND,observation::IND::DT.NFL.UNCR.CD::2017,HAS_OBSERVATION
country::IND,observation::IND::DT.NFL.PRVT.CD::2017,HAS_OBSERVATION
country::IND,observation::IND::DT.NFL.PCBO.CD::2017,HAS_OBSERVATION
country::IND,observation::IND::DT.NFL.NIFC.CD::2017,HAS_OBSERVATION
country::IND,observation::IND::DT.NFL.MIBR.CD::2017,HAS_OBSERVATION
country::IND,observation::IND::VC.IHR.PSRC.FE.P5::2017,HAS_OBSERVATION
country::IND,observation::IND::TX.VAL.TRVL.ZS.WT::2017,HAS_OBSERVATION
country::IND,observation::IND::TX.VAL.SERV.CD.WT::2017,HAS_OBSERVATION
country::IND,observation::IND::TX.VAL.MRCH.WL.CD::2017,HAS_OBSERVATION
country::IND,observation::IND::TX.VAL.MRCH.R4.ZS::2017,HAS_OBSERVATION
country::IND,observation::IND::TX.VAL.MRCH.OR.ZS::2017,HAS_OBSERVATION
country::IND,observation::IND::TX.VAL.MMTL.ZS.UN::2017,HAS_OBSERVATION
country::IND,observation::IND::TX.VAL.FUEL.ZS.UN::2017,HAS_OBSERVATION
country::IND,observation::IND::TX.QTY.MRCH.XD.WD::2017,HAS_OBSERVATION
country::IND,observation::IND::TM.VAL.TRAN.ZS.WT::2017,HAS_OBSERVATION
country::IND,observation::IND::TM.VAL.MRCH.WR.ZS::2017,HAS_OBSERVATION
country::IND,observation::IND::TM.VAL.MRCH.R5.ZS::2017,HAS_OBSERVATION
country::IND,observation::IND::TM.VAL.MRCH.R1.ZS::2017,HAS_OBSERVATION
country::IND,observation::IND::TM.VAL.MRCH.AL.ZS::2017,HAS_OBSERVATION
country::IND,observation::IND::TM.VAL.ICTG.ZS.UN::2017,HAS_OBSERVATION
country::IND,observation::IND::TM.UVI.MRCH.XD.WD::2017,HAS_OBSERVATION
country::IND,observation::IND::TM.TAX.TCOM.SM.AR.ZS::2017,HAS_OBSERVATION
country::IND,observation::IND::TM.TAX.MRCH.WM.AR.ZS::2017,HAS_OBSERVATION
country::IND,observation::IND::TM.TAX.MRCH.BC.ZS::2017,HAS_OBSERVATION
country::IND,observation::IND::TM.TAX.MANF.SM.AR.ZS::2017,HAS_OBSERVATION
country::IND,observation::IND::TG.VAL.TOTL.GD.ZS::2017,HAS_OBSERVATION
country::IND,observation::IND::ST.INT.TVLR.CD::2017,HAS_OBSERVATION
country::IND,observation::IND::ST.INT.RCPT.CD::2017,HAS_OBSERVATION
country::IND,observation::IND::SP.URB.TOTL.IN.ZS::2017,HAS_OBSERVATION
country::IND,observation::IND::SP.RUR.TOTL.ZG::2017,HAS_OBSERVATION
country::IND,observation::IND::SP.POP.TOTL.MA.ZS::2017,HAS_OBSERVATION
country::IND,observation::IND::SP.POP.TOTL::2017,HAS_OBSERVATION
country::IND,observation::IND::SP.POP.DPND.YG::2017,HAS_OBSERVATION
country::IND,observation::IND::SP.POP.80UP.MA.5Y::2017,HAS_OBSERVATION
country::IND,observation::IND::SP.POP.7074.MA.5Y::2017,HAS_OBSERVATION
country::IND,observation::IND::SP.POP.65UP.MA.ZS::2017,HAS_OBSERVATION
country::IND,observation::IND::SP.POP.6569.MA.5Y::2017,HAS_OBSERVATION
country::IND,observation::IND::SP.POP.5559.MA.5Y::2017,HAS_OBSERVATION
country::IND,observation::IND::SP.POP.4549.MA.5Y::2017,HAS_OBSERVATION
country::IND,observation::IND::SP.POP.3539.MA.5Y::2017,HAS_OBSERVATION
country::IND,observation::IND::SP.POP.2529.MA.5Y::2017,HAS_OBSERVATION
country::IND,observation::IND::SP.POP.1564.TO.ZS::2017,HAS_OBSERVATION
country::IND,observation::IND::SP.POP.1564.FE.ZS::2017,HAS_OBSERVATION
country::IND,observation::IND::SP.POP.1014.MA.5Y::2017,HAS_OBSERVATION
country::IND,observation::IND::SP.POP.0014.TO.ZS::2017,HAS_OBSERVATION
country::IND,observation::IND::SP.POP.0014.FE.ZS::2017,HAS_OBSERVATION
country::IND,observation::IND::SP.DYN.LE00.MA.IN::2017,HAS_OBSERVATION
country::IND,observation::IND::SP.DYN.IMRT.IN::2017,HAS_OBSERVATION
country::IND,observation::IND::SP.DYN.CDRT.IN::2017,HAS_OBSERVATION
country::IND,observation::IND::SP.ADO.TFRT::2017,HAS_OBSERVATION
country::IND,observation::IND::SM.POP.FDIP::2017,HAS_OBSERVATION
country::IND,observation::IND::DT.ODA.ALLD.CD::2017,HAS_OBSERVATION
country::IND,observation::IND::DT.NFL.UNAI.CD::2017,HAS_OBSERVATION
country::IND,observation::IND::DT.NFL.PNGB.CD::2017,HAS_OBSERVATION
country::IND,observation::IND::DT.NFL.OFFT.CD::2017,HAS_OBSERVATION
country::IND,observation::IND::DT.NFL.MIDA.CD::2017,HAS_OBSERVATION
country::IND,observation::IND::DT.NFL.ILOG.CD::2017,HAS_OBSERVATION
country::IND,observation::IND::DT.NFL.DPNG.CD::2017,HAS_OBSERVATION
country::IND,observation::IND::IP.PAT.NRES::2017,HAS_OBSERVATION
country::IND,observation::IND::IE.PPN.WATR.CD::2017,HAS_OBSERVATION
country::IND,observation::IND::IE.PPI.WATR.CD::2017,HAS_OBSERVATION
country::IND,observation::IND::IC.BUS.NDNS.ZS::2017,HAS_OBSERVATION
country::IND,observation::IND::GF.XPD.BUDG.ZS::2017,HAS_OBSERVATION
country::IND,observation::IND::GC.XPN.TRFT.ZS::2017,HAS_OBSERVATION
country::IND,observation::IND::GC.XPN.OTHR.ZS::2017,HAS_OBSERVATION
country::IND,observation::IND::GC.XPN.INTP.CN::2017,HAS_OBSERVATION
country::IND,observation::IND::GC.XPN.COMP.CN::2017,HAS_OBSERVATION
country::IND,observation::IND::GC.TAX.TOTL.GD.ZS::2017,HAS_OBSERVATION
country::IND,observation::IND::GC.TAX.INTT.RV.ZS::2017,HAS_OBSERVATION
country::IND,observation::IND::GC.TAX.GSRV.VA.ZS::2017,HAS_OBSERVATION
country::IND,observation::IND::GC.TAX.EXPT.CN::2017,HAS_OBSERVATION
country::IND,observation::IND::GC.REV.SOCL.CN::2017,HAS_OBSERVATION
country::IND,observation::IND::GC.NLD.TOTL.CN::2017,HAS_OBSERVATION
country::IND,observation::IND::GC.LBL.TOTL.CN::2017,HAS_OBSERVATION
country::IND,observation::IND::GC.AST.TOTL.CN::2017,HAS_OBSERVATION
country::IND,observation::IND::FX.OWN.TOTL.SO.ZS::2017,HAS_OBSERVATION
country::IND,observation::IND::FX.OWN.TOTL.FE.ZS::2017,HAS_OBSERVATION
country::IND,observation::IND::FR.INR.RINR::2017,HAS_OBSERVATION
country::IND,observation::IND::FP.WPI.TOTL::2017,HAS_OBSERVATION
country::IND,observation::IND::FM.LBL.BMNY.IR.ZS::2017,HAS_OBSERVATION
country::IND,observation::IND::FM.AST.PRVT.GD.ZS::2017,HAS_OBSERVATION
country::IND,observation::IND::IP.TMK.RSCT::2017,HAS_OBSERVATION
country::IND,observation::IND::IP.JRN.ARTC.SC::2017,HAS_OBSERVATION
country::IND,observation::IND::IE.PPN.TRAN.CD::2017,HAS_OBSERVATION
country::IND,observation::IND::IE.PPI.TRAN.CD::2017,HAS_OBSERVATION
country::IND,observation::IND::GC.XPN.TRFT.CN::2017,HAS_OBSERVATION
country::IND,observation::IND::GC.XPN.OTHR.CN::2017,HAS_OBSERVATION
country::IND,observation::IND::GC.XPN.GSRV.ZS::2017,HAS_OBSERVATION
country::IND,observation::IND::GC.TAX.YPKG.ZS::2017,HAS_OBSERVATION
country::IND,observation::IND::GC.TAX.TOTL.CN::2017,HAS_OBSERVATION
country::IND,observation::IND::GC.TAX.INTT.CN::2017,HAS_OBSERVATION
country::IND,observation::IND::GC.TAX.GSRV.RV.ZS::2017,HAS_OBSERVATION
country::IND,observation::IND::GC.REV.XGRT.GD.ZS::2017,HAS_OBSERVATION
country::IND,observation::IND::GC.REV.GOTR.ZS::2017,HAS_OBSERVATION
country::IND,observation::IND::GC.NFN.TOTL.GD.ZS::2017,HAS_OBSERVATION
country::IND,observation::IND::GC.DOD.TOTL.GD.ZS::2017,HAS_OBSERVATION
country::IND,observation::IND::GB.XPD.RSDV.GD.ZS::2017,HAS_OBSERVATION
country::IND,observation::IND::FX.OWN.TOTL.PL.ZS::2017,HAS_OBSERVATION
country::IND,observation::IND::FX.OWN.TOTL.60.ZS::2017,HAS_OBSERVATION
country::IND,observation::IND::FP.CPI.TOTL.ZG::2017,HAS_OBSERVATION
country::IND,observation::IND::FM.LBL.BMNY.GD.ZS::2017,HAS_OBSERVATION
country::IND,observation::IND::FM.AST.NFRG.CN::2017,HAS_OBSERVATION
country::IND,observation::IND::IP.PAT.RESD::2017,HAS_OBSERVATION
country::IND,observation::IND::IP.IDS.NRCT::2017,HAS_OBSERVATION
country::IND,observation::IND::IE.PPN.ENGY.CD::2017,HAS_OBSERVATION
country::IND,observation::IND::IE.PPI.ENGY.CD::2017,HAS_OBSERVATION
country::IND,observation::IND::IC.BUS.NREG::2017,HAS_OBSERVATION
country::IND,observation::IND::GC.XPN.TOTL.CN::2017,HAS_OBSERVATION
country::IND,observation::IND::GC.XPN.INTP.RV.ZS::2017,HAS_OBSERVATION
country::IND,observation::IND::GC.XPN.COMP.ZS::2017,HAS_OBSERVATION
country::IND,observation::IND::GC.TAX.YPKG.CN::2017,HAS_OBSERVATION
country::IND,observation::IND::GC.TAX.IMPT.CN::2017,HAS_OBSERVATION
country::IND,observation::IND::GC.TAX.EXPT.ZS::2017,HAS_OBSERVATION
country::IND,observation::IND::GC.REV.SOCL.ZS::2017,HAS_OBSERVATION
country::IND,observation::IND::GC.NLD.TOTL.GD.ZS::2017,HAS_OBSERVATION
country::IND,observation::IND::GC.LBL.TOTL.GD.ZS::2017,HAS_OBSERVATION
country::IND,observation::IND::GC.AST.TOTL.GD.ZS::2017,HAS_OBSERVATION
country::IND,observation::IND::FX.OWN.TOTL.YG.ZS::2017,HAS_OBSERVATION
country::IND,observation::IND::FX.OWN.TOTL.MA.ZS::2017,HAS_OBSERVATION
country::IND,observation::IND::FS.AST.PRVT.GD.ZS::2017,HAS_OBSERVATION
country::IND,observation::IND::IP.TMK.NRCT::2017,HAS_OBSERVATION
country::IND,observation::IND::IP.IDS.RSCT::2017,HAS_OBSERVATION
country::IND,observation::IND::GC.XPN.TOTL.GD.ZS::2017,HAS_OBSERVATION
country::IND,observation::IND::GC.XPN.INTP.ZS::2017,HAS_OBSERVATION
country::IND,observation::IND::GC.XPN.GSRV.CN::2017,HAS_OBSERVATION
country::IND,observation::IND::GC.TAX.YPKG.RV.ZS::2017,HAS_OBSERVATION
country::IND,observation::IND::GC.TAX.IMPT.ZS::2017,HAS_OBSERVATION
country::IND,observation::IND::GC.TAX.GSRV.CN::2017,HAS_OBSERVATION
country::IND,observation::IND::GC.REV.XGRT.CN::2017,HAS_OBSERVATION
country::IND,observation::IND::GC.REV.GOTR.CN::2017,HAS_OBSERVATION
country::IND,observation::IND::GC.NFN.TOTL.CN::2017,HAS_OBSERVATION
country::IND,observation::IND::GC.DOD.TOTL.CN::2017,HAS_OBSERVATION
country::IND,observation::IND::FX.OWN.TOTL.ZS::2017,HAS_OBSERVATION
country::IND,observation::IND::FX.OWN.TOTL.OL.ZS::2017,HAS_OBSERVATION
country::IND,observation::IND::FX.OWN.TOTL.40.ZS::2017,HAS_OBSERVATION
country::IND,observation::IND::FS.AST.CGOV.GD.ZS::2017,HAS_OBSERVATION
country::IND,observation::IND::FM.AST.CGOV.ZG.M3::2017,HAS_OBSERVATION
country::IND,observation::IND::FI.RES.TOTL.CD::2017,HAS_OBSERVATION
country::IND,observation::IND::FB.AST.NPER.ZS::2017,HAS_OBSERVATION
country::IND,observation::IND::ER.H2O.INTR.PC::2017,HAS_OBSERVATION
country::IND,observation::IND::ER.H2O.FWST.ZS::2017,HAS_OBSERVATION
country::IND,observation::IND::ER.GDP.FWTL.M3.KD::2017,HAS_OBSERVATION
country::IND,observation::IND::EN.URB.MCTY.TL.ZS::2017,HAS_OBSERVATION
country::IND,observation::IND::EN.POP.DNST::2017,HAS_OBSERVATION
country::IND,observation::IND::EN.GHG.N2O.ZG.AR5::2017,HAS_OBSERVATION
country::IND,observation::IND::EN.GHG.N2O.MT.CE.AR5::2017,HAS_OBSERVATION
country::IND,observation::IND::EN.GHG.N2O.BU.MT.CE.AR5::2017,HAS_OBSERVATION
country::IND,observation::IND::EN.GHG.CO2.PI.MT.CE.AR5::2017,HAS_OBSERVATION
country::IND,observation::IND::EN.GHG.CO2.LU.OL.MT.CE.AR5::2017,HAS_OBSERVATION
country::IND,observation::IND::EN.GHG.CO2.IP.MT.CE.AR5::2017,HAS_OBSERVATION
country::IND,observation::IND::EN.GHG.CO2.AG.MT.CE.AR5::2017,HAS_OBSERVATION
country::IND,observation::IND::EN.GHG.CH4.PI.MT.CE.AR5::2017,HAS_OBSERVATION
country::IND,observation::IND::EN.GHG.CH4.FE.MT.CE.AR5::2017,HAS_OBSERVATION
country::IND,observation::IND::EN.GHG.ALL.MT.CE.AR5::2017,HAS_OBSERVATION
country::IND,observation::IND::EN.ATM.PM25.MC.T2.ZS::2017,HAS_OBSERVATION
country::IND,observation::IND::EG.USE.ELEC.KH.PC::2017,HAS_OBSERVATION
country::IND,observation::IND::EG.USE.COMM.CL.ZS::2017,HAS_OBSERVATION
country::IND,observation::IND::EG.FEC.RNEW.ZS::2017,HAS_OBSERVATION
country::IND,observation::IND::EG.ELC.PETR.ZS::2017,HAS_OBSERVATION
country::IND,observation::IND::EG.ELC.HYRO.ZS::2017,HAS_OBSERVATION
country::IND,observation::IND::EG.ELC.ACCS.UR.ZS::2017,HAS_OBSERVATION
country::IND,observation::IND::EG.CFT.ACCS.UR.ZS::2017,HAS_OBSERVATION
country::IND,observation::IND::DT.TDS.DPPG.XP.ZS::2017,HAS_OBSERVATION
country::IND,observation::IND::DT.TDS.DIMF.CD::2017,HAS_OBSERVATION
country::IND,observation::IND::DT.ODA.ODAT.XP.ZS::2017,HAS_OBSERVATION
country::IND,observation::IND::DT.ODA.ODAT.GN.ZS::2017,HAS_OBSERVATION
country::IND,observation::IND::FI.RES.XGLD.CD::2017,HAS_OBSERVATION
country::IND,observation::IND::FD.RES.LIQU.AS.ZS::2017,HAS_OBSERVATION
country::IND,observation::IND::FB.CBK.BRCH.P5::2017,HAS_OBSERVATION
country::IND,observation::IND::ER.PTD.TOTL.ZS::2017,HAS_OBSERVATION
country::IND,observation::IND::ER.H2O.INTR.K3::2017,HAS_OBSERVATION
country::IND,observation::IND::ER.H2O.FWIN.ZS::2017,HAS_OBSERVATION
country::IND,observation::IND::ER.FSH.PROD.MT::2017,HAS_OBSERVATION
country::IND,observation::IND::EN.URB.MCTY::2017,HAS_OBSERVATION
country::IND,observation::IND::EN.GHG.N2O.WA.MT.CE.AR5::2017,HAS_OBSERVATION
country::IND,observation::IND::EN.GHG.N2O.IP.MT.CE.AR5::2017,HAS_OBSERVATION
country::IND,observation::IND::EN.GHG.N2O.AG.MT.CE.AR5::2017,HAS_OBSERVATION
country::IND,observation::IND::EN.GHG.CO2.TR.MT.CE.AR5::2017,HAS_OBSERVATION
country::IND,observation::IND::EN.GHG.CO2.PC.CE.AR5::2017,HAS_OBSERVATION
country::IND,observation::IND::EN.GHG.CO2.LU.MT.CE.AR5::2017,HAS_OBSERVATION
country::IND,observation::IND::EN.GHG.CO2.IC.MT.CE.AR5::2017,HAS_OBSERVATION
country::IND,observation::IND::EN.GHG.CH4.ZG.AR5::2017,HAS_OBSERVATION
country::IND,observation::IND::EN.GHG.CH4.MT.CE.AR5::2017,HAS_OBSERVATION
country::IND,observation::IND::EN.GHG.CH4.BU.MT.CE.AR5::2017,HAS_OBSERVATION
country::IND,observation::IND::EN.GHG.ALL.LU.MT.CE.AR5::2017,HAS_OBSERVATION
country::IND,observation::IND::EN.ATM.PM25.MC.T1.ZS::2017,HAS_OBSERVATION
country::IND,observation::IND::EG.USE.CRNW.ZS::2017,HAS_OBSERVATION
country::IND,observation::IND::EG.IMP.CONS.ZS::2017,HAS_OBSERVATION
country::IND,observation::IND::EG.ELC.RNWX.ZS::2017,HAS_OBSERVATION
country::IND,observation::IND::EG.ELC.NUCL.ZS::2017,HAS_OBSERVATION
country::IND,observation::IND::EG.ELC.FOSL.ZS::2017,HAS_OBSERVATION
country::IND,observation::IND::EG.ELC.ACCS.RU.ZS::2017,HAS_OBSERVATION
country::IND,observation::IND::EG.CFT.ACCS.RU.ZS::2017,HAS_OBSERVATION
country::IND,observation::IND::DT.TDS.DPPG.GN.ZS::2017,HAS_OBSERVATION
country::IND,observation::IND::DT.TDS.DECT.GN.ZS::2017,HAS_OBSERVATION
country::IND,observation::IND::DT.ODA.ODAT.PC.ZS::2017,HAS_OBSERVATION
country::IND,observation::IND::DT.ODA.ODAT.GI.ZS::2017,HAS_OBSERVATION
country::IND,observation::IND::DT.ODA.ALLD.KD::2017,HAS_OBSERVATION
country::IND,observation::IND::FM.LBL.BMNY.ZG::2017,HAS_OBSERVATION
country::IND,observation::IND::FM.AST.PRVT.ZG.M3::2017,HAS_OBSERVATION
country::IND,observation::IND::FM.AST.DOMO.ZG.M3::2017,HAS_OBSERVATION
country::IND,observation::IND::FI.RES.TOTL.DT.ZS::2017,HAS_OBSERVATION
country::IND,observation::IND::FB.ATM.TOTL.P5::2017,HAS_OBSERVATION
country::IND,observation::IND::ER.LND.PTLD.ZS::2017,HAS_OBSERVATION
country::IND,observation::IND::ER.H2O.FWTL.K3::2017,HAS_OBSERVATION
country::IND,observation::IND::ER.H2O.FWAG.ZS::2017,HAS_OBSERVATION
country::IND,observation::IND::ER.FSH.AQUA.MT::2017,HAS_OBSERVATION
country::IND,observation::IND::EN.URB.LCTY::2017,HAS_OBSERVATION
country::IND,observation::IND::EN.GHG.TOT.ZG.AR5::2017,HAS_OBSERVATION
country::IND,observation::IND::EN.GHG.N2O.PI.MT.CE.AR5::2017,HAS_OBSERVATION
country::IND,observation::IND::EN.GHG.N2O.FE.MT.CE.AR5::2017,HAS_OBSERVATION
country::IND,observation::IND::EN.GHG.CO2.ZG.AR5::2017,HAS_OBSERVATION
country::IND,observation::IND::EN.GHG.CO2.RT.GDP.KD::2017,HAS_OBSERVATION
country::IND,observation::IND::EN.GHG.CO2.LU.OS.MT.CE.AR5::2017,HAS_OBSERVATION
country::IND,observation::IND::EN.GHG.CO2.LU.DF.MT.CE.AR5::2017,HAS_OBSERVATION
country::IND,observation::IND::EN.GHG.CO2.BU.MT.CE.AR5::2017,HAS_OBSERVATION
country::IND,observation::IND::EN.GHG.CH4.TR.MT.CE.AR5::2017,HAS_OBSERVATION
country::IND,observation::IND::EN.GHG.CH4.IC.MT.CE.AR5::2017,HAS_OBSERVATION
country::IND,observation::IND::EN.GHG.ALL.PC.CE.AR5::2017,HAS_OBSERVATION
country::IND,observation::IND::EN.ATM.PM25.MC.T3.ZS::2017,HAS_OBSERVATION
country::IND,observation::IND::EG.USE.PCAP.KG.OE::2017,HAS_OBSERVATION
country::IND,observation::IND::EG.USE.COMM.FO.ZS::2017,HAS_OBSERVATION
country::IND,observation::IND::EG.GDP.PUSE.KO.PP::2017,HAS_OBSERVATION
country::IND,observation::IND::EG.ELC.RNEW.ZS::2017,HAS_OBSERVATION
country::IND,observation::IND::EG.ELC.LOSS.ZS::2017,HAS_OBSERVATION
country::IND,observation::IND::EG.ELC.ACCS.ZS::2017,HAS_OBSERVATION
country::IND,observation::IND::EG.CFT.ACCS.ZS::2017,HAS_OBSERVATION
country::IND,observation::IND::DT.TDS.MLAT.CD::2017,HAS_OBSERVATION
country::IND,observation::IND::DT.TDS.DPPF.XP.ZS::2017,HAS_OBSERVATION
country::IND,observation::IND::DT.TDS.DECT.CD::2017,HAS_OBSERVATION
country::IND,observation::IND::DT.ODA.ODAT.KD::2017,HAS_OBSERVATION
country::IND,observation::IND::FR.INR.LEND::2017,HAS_OBSERVATION
country::IND,observation::IND::FP.CPI.TOTL::2017,HAS_OBSERVATION
country::IND,observation::IND::FM.LBL.BMNY.CN::2017,HAS_OBSERVATION
country::IND,observation::IND::FM.AST.DOMS.CN::2017,HAS_OBSERVATION
country::IND,observation::IND::FI.RES.TOTL.MO::2017,HAS_OBSERVATION
country::IND,observation::IND::FD.AST.PRVT.GD.ZS::2017,HAS_OBSERVATION
country::IND,observation::IND::FB.BNK.CAPA.ZS::2017,HAS_OBSERVATION
country::IND,observation::IND::ER.MRN.PTMR.ZS::2017,HAS_OBSERVATION
country::IND,observation::IND::ER.H2O.FWTL.ZS::2017,HAS_OBSERVATION
country::IND,observation::IND::ER.H2O.FWDM.ZS::2017,HAS_OBSERVATION
country::IND,observation::IND::ER.FSH.CAPT.MT::2017,HAS_OBSERVATION
country::IND,observation::IND::EN.URB.LCTY.UR.ZS::2017,HAS_OBSERVATION
country::IND,observation::IND::EN.GHG.N2O.TR.MT.CE.AR5::2017,HAS_OBSERVATION
country::IND,observation::IND::EN.GHG.N2O.IC.MT.CE.AR5::2017,HAS_OBSERVATION
country::IND,observation::IND::EN.GHG.FGAS.IP.MT.CE.AR5::2017,HAS_OBSERVATION
country::IND,observation::IND::EN.GHG.CO2.RT.GDP.PP.KD::2017,HAS_OBSERVATION
country::IND,observation::IND::EN.GHG.CO2.MT.CE.AR5::2017,HAS_OBSERVATION
country::IND,observation::IND::EN.GHG.CO2.LU.FL.MT.CE.AR5::2017,HAS_OBSERVATION
country::IND,observation::IND::EN.GHG.CO2.FE.MT.CE.AR5::2017,HAS_OBSERVATION
country::IND,observation::IND::EN.GHG.CH4.WA.MT.CE.AR5::2017,HAS_OBSERVATION
country::IND,observation::IND::EN.GHG.CH4.IP.MT.CE.AR5::2017,HAS_OBSERVATION
country::IND,observation::IND::EN.GHG.CH4.AG.MT.CE.AR5::2017,HAS_OBSERVATION
country::IND,observation::IND::EN.ATM.PM25.MC.ZS::2017,HAS_OBSERVATION
country::IND,observation::IND::EN.ATM.PM25.MC.M3::2017,HAS_OBSERVATION
country::IND,observation::IND::EG.USE.COMM.GD.PP.KD::2017,HAS_OBSERVATION
country::IND,observation::IND::EG.GDP.PUSE.KO.PP.KD::2017,HAS_OBSERVATION
country::IND,observation::IND::EG.ELC.RNWX.KH::2017,HAS_OBSERVATION
country::IND,observation::IND::EG.ELC.NGAS.ZS::2017,HAS_OBSERVATION
country::IND,observation::IND::EG.ELC.COAL.ZS::2017,HAS_OBSERVATION
country::IND,observation::IND::EG.EGY.PRIM.PP.KD::2017,HAS_OBSERVATION
country::IND,observation::IND::DT.TDS.MLAT.PG.ZS::2017,HAS_OBSERVATION
country::IND,observation::IND::DT.TDS.DPPG.CD::2017,HAS_OBSERVATION
country::IND,observation::IND::DT.TDS.DECT.EX.ZS::2017,HAS_OBSERVATION
country::IND,observation::IND::DT.ODA.ODAT.MP.ZS::2017,HAS_OBSERVATION
country::IND,observation::IND::DT.ODA.ODAT.CD::2017,HAS_OBSERVATION
country::IND,observation::IND::SM.POP.RHCR.EO::2018,HAS_OBSERVATION
country::IND,observation::IND::SM.POP.NETM::2018,HAS_OBSERVATION
country::IND,observation::IND::SM.POP.ASYS.EA::2018,HAS_OBSERVATION
country::IND,observation::IND::SL.UEM.TOTL.ZS::2018,HAS_OBSERVATION
country::IND,observation::IND::SL.UEM.TOTL.FE.ZS::2018,HAS_OBSERVATION
country::IND,observation::IND::SL.UEM.NEET.MA.ZS::2018,HAS_OBSERVATION
country::IND,observation::IND::SL.UEM.INTM.ZS::2018,HAS_OBSERVATION
country::IND,observation::IND::SL.UEM.BASC.MA.ZS::2018,HAS_OBSERVATION
country::IND,observation::IND::SL.UEM.ADVN.FE.ZS::2018,HAS_OBSERVATION
country::IND,observation::IND::SL.UEM.1524.MA.NE.ZS::2018,HAS_OBSERVATION
country::IND,observation::IND::SL.TLF.TOTL.FE.ZS::2018,HAS_OBSERVATION
country::IND,observation::IND::SL.TLF.INTM.ZS::2018,HAS_OBSERVATION
country::IND,observation::IND::SL.TLF.CACT.NE.ZS::2018,HAS_OBSERVATION
country::IND,observation::IND::SL.TLF.CACT.FM.NE.ZS::2018,HAS_OBSERVATION
country::IND,observation::IND::SL.TLF.BASC.MA.ZS::2018,HAS_OBSERVATION
country::IND,observation::IND::SL.TLF.ADVN.FE.ZS::2018,HAS_OBSERVATION
country::IND,observation::IND::SL.TLF.ACTI.1524.ZS::2018,HAS_OBSERVATION
country::IND,observation::IND::SL.TLF.ACTI.1524.FE.ZS::2018,HAS_OBSERVATION
country::IND,observation::IND::SL.GDP.PCAP.EM.KD::2018,HAS_OBSERVATION
country::IND,observation::IND::SL.EMP.WORK.MA.ZS::2018,HAS_OBSERVATION
country::IND,observation::IND::SL.EMP.VULN.FE.ZS::2018,HAS_OBSERVATION
country::IND,observation::IND::SL.EMP.TOTL.SP.MA.NE.ZS::2018,HAS_OBSERVATION
country::IND,observation::IND::SL.EMP.SELF.ZS::2018,HAS_OBSERVATION
country::IND,observation::IND::SL.EMP.MPYR.MA.ZS::2018,HAS_OBSERVATION
country::IND,observation::IND::SL.EMP.1524.SP.MA.ZS::2018,HAS_OBSERVATION
country::IND,observation::IND::SL.AGR.EMPL.ZS::2018,HAS_OBSERVATION
country::IND,observation::IND::SI.RMT.COST.IB.ZS::2018,HAS_OBSERVATION
country::IND,observation::IND::SH_UHC_SCI_RMNCH::2018,HAS_OBSERVATION
country::IND,observation::IND::SH_UHC_SCI::2018,HAS_OBSERVATION
country::IND,observation::IND::SH.XPD.PVTD.CH.ZS::2018,HAS_OBSERVATION
country::IND,observation::IND::SH.XPD.GHED.PP.CD::2018,HAS_OBSERVATION
country::IND,observation::IND::SH.XPD.GHED.CH.ZS::2018,HAS_OBSERVATION
country::IND,observation::IND::SH.XPD.CHEX.PP.CD::2018,HAS_OBSERVATION
country::IND,observation::IND::SH.TBS.INCD::2018,HAS_OBSERVATION
country::IND,observation::IND::DT.DOD.DSTC.ZS::2018,HAS_OBSERVATION
country::IND,observation::IND::DT.DOD.DPPG.CD::2018,HAS_OBSERVATION
country::IND,observation::IND::DT.DOD.DECT.GN.ZS::2018,HAS_OBSERVATION
country::IND,observation::IND::DC.DAC.TOTL.CD::2018,HAS_OBSERVATION
country::IND,observation::IND::DC.DAC.PRTL.CD::2018,HAS_OBSERVATION
country::IND,observation::IND::DC.DAC.NLDL.CD::2018,HAS_OBSERVATION
country::IND,observation::IND::DC.DAC.JPNL.CD::2018,HAS_OBSERVATION
country::IND,observation::IND::DC.DAC.HUNL.CD::2018,HAS_OBSERVATION
country::IND,observation::IND::DC.DAC.FINL.CD::2018,HAS_OBSERVATION
country::IND,observation::IND::DC.DAC.DEUL.CD::2018,HAS_OBSERVATION
country::IND,observation::IND::SL.UEM.TOTL.FE.NE.ZS::2018,HAS_OBSERVATION
country::IND,observation::IND::SL.UEM.NEET.MA.ME.ZS::2018,HAS_OBSERVATION
country::IND,observation::IND::SL.UEM.INTM.MA.ZS::2018,HAS_OBSERVATION
country::IND,observation::IND::SL.UEM.BASC.FE.ZS::2018,HAS_OBSERVATION
country::IND,observation::IND::SL.UEM.1524.ZS::2018,HAS_OBSERVATION
country::IND,observation::IND::SL.UEM.1524.FE.ZS::2018,HAS_OBSERVATION
country::IND,observation::IND::SL.TLF.PART.ZS::2018,HAS_OBSERVATION
country::IND,observation::IND::SL.TLF.INTM.MA.ZS::2018,HAS_OBSERVATION
country::IND,observation::IND::SL.TLF.CACT.MA.ZS::2018,HAS_OBSERVATION
country::IND,observation::IND::SL.TLF.CACT.FE.ZS::2018,HAS_OBSERVATION
country::IND,observation::IND::SL.TLF.BASC.FE.ZS::2018,HAS_OBSERVATION
country::IND,observation::IND::SL.TLF.ACTI.ZS::2018,HAS_OBSERVATION
country::IND,observation::IND::SL.TLF.ACTI.1524.NE.ZS::2018,HAS_OBSERVATION
country::IND,observation::IND::SL.TLF.ACTI.1524.FE.NE.ZS::2018,HAS_OBSERVATION
country::IND,observation::IND::SL.SRV.EMPL.ZS::2018,HAS_OBSERVATION
country::IND,observation::IND::SL.IND.EMPL.ZS::2018,HAS_OBSERVATION
country::IND,observation::IND::SL.FAM.WORK.ZS::2018,HAS_OBSERVATION
country::IND,observation::IND::SL.EMP.WORK.FE.ZS::2018,HAS_OBSERVATION
country::IND,observation::IND::SL.EMP.TOTL.SP.ZS::2018,HAS_OBSERVATION
country::IND,observation::IND::SL.EMP.TOTL.SP.FE.ZS::2018,HAS_OBSERVATION
country::IND,observation::IND::SL.EMP.SELF.MA.ZS::2018,HAS_OBSERVATION
country::IND,observation::IND::SL.EMP.MPYR.FE.ZS::2018,HAS_OBSERVATION
country::IND,observation::IND::SL.EMP.1524.SP.MA.NE.ZS::2018,HAS_OBSERVATION
country::IND,observation::IND::SL.AGR.EMPL.MA.ZS::2018,HAS_OBSERVATION
country::IND,observation::IND::SH_UHC_SCI_NCD::2018,HAS_OBSERVATION
country::IND,observation::IND::SH.XPD.OOPC.PP.CD::2018,HAS_OBSERVATION
country::IND,observation::IND::SH.XPD.GHED.PC.CD::2018,HAS_OBSERVATION
country::IND,observation::IND::SH.XPD.EHEX.PP.CD::2018,HAS_OBSERVATION
country::IND,observation::IND::SH.XPD.CHEX.PC.CD::2018,HAS_OBSERVATION
country::IND,observation::IND::DC.DAC.SWEL.CD::2018,HAS_OBSERVATION
country::IND,observation::IND::DC.DAC.POLL.CD::2018,HAS_OBSERVATION
country::IND,observation::IND::DC.DAC.LUXL.CD::2018,HAS_OBSERVATION
country::IND,observation::IND::DC.DAC.ITAL.CD::2018,HAS_OBSERVATION
country::IND,observation::IND::DC.DAC.GRCL.CD::2018,HAS_OBSERVATION
country::IND,observation::IND::DC.DAC.CZEL.CD::2018,HAS_OBSERVATION
country::IND,observation::IND::DC.DAC.BELL.CD::2018,HAS_OBSERVATION
country::IND,observation::IND::CM.MKT.TRAD.GD.ZS::2018,HAS_OBSERVATION
country::IND,observation::IND::CM.MKT.LCAP.CD::2018,HAS_OBSERVATION
country::IND,observation::IND::BX.TRF.PWKR.CD::2018,HAS_OBSERVATION
country::IND,observation::IND::SM.POP.ASYS.EO::2018,HAS_OBSERVATION
country::IND,observation::IND::SL.UEM.TOTL.MA.NE.ZS::2018,HAS_OBSERVATION
country::IND,observation::IND::SL.UEM.NEET.ME.ZS::2018,HAS_OBSERVATION
country::IND,observation::IND::SL.UEM.NEET.FE.ME.ZS::2018,HAS_OBSERVATION
country::IND,observation::IND::SL.UEM.BASC.ZS::2018,HAS_OBSERVATION
country::IND,observation::IND::SL.UEM.ADVN.MA.ZS::2018,HAS_OBSERVATION
country::IND,observation::IND::SL.UEM.1524.MA.ZS::2018,HAS_OBSERVATION
country::IND,observation::IND::SL.TLF.TOTL.IN::2018,HAS_OBSERVATION
country::IND,observation::IND::SL.TLF.PART.FE.ZS::2018,HAS_OBSERVATION
country::IND,observation::IND::SL.TLF.CACT.ZS::2018,HAS_OBSERVATION
country::IND,observation::IND::SL.TLF.CACT.FM.ZS::2018,HAS_OBSERVATION
country::IND,observation::IND::SL.TLF.BASC.ZS::2018,HAS_OBSERVATION
country::IND,observation::IND::SL.TLF.ADVN.MA.ZS::2018,HAS_OBSERVATION
country::IND,observation::IND::SL.TLF.ACTI.FE.ZS::2018,HAS_OBSERVATION
country::IND,observation::IND::SL.TLF.ACTI.1524.MA.NE.ZS::2018,HAS_OBSERVATION
country::IND,observation::IND::SL.SRV.EMPL.FE.ZS::2018,HAS_OBSERVATION
country::IND,observation::IND::SL.IND.EMPL.FE.ZS::2018,HAS_OBSERVATION
country::IND,observation::IND::SL.FAM.WORK.FE.ZS::2018,HAS_OBSERVATION
country::IND,observation::IND::SL.EMP.WORK.ZS::2018,HAS_OBSERVATION
country::IND,observation::IND::SL.EMP.VULN.MA.ZS::2018,HAS_OBSERVATION
country::IND,observation::IND::SL.EMP.TOTL.SP.MA.ZS::2018,HAS_OBSERVATION
country::IND,observation::IND::SL.EMP.SMGT.FE.ZS::2018,HAS_OBSERVATION
country::IND,observation::IND::SL.EMP.MPYR.ZS::2018,HAS_OBSERVATION
country::IND,observation::IND::SL.EMP.1524.SP.NE.ZS::2018,HAS_OBSERVATION
country::IND,observation::IND::SL.EMP.1524.SP.FE.NE.ZS::2018,HAS_OBSERVATION
country::IND,observation::IND::SH_UHC_SCI_CAPACITY::2018,HAS_OBSERVATION
country::IND,observation::IND::SH.XPD.PVTD.PC.CD::2018,HAS_OBSERVATION
country::IND,observation::IND::SH.XPD.OOPC.CH.ZS::2018,HAS_OBSERVATION
country::IND,observation::IND::SH.XPD.GHED.GD.ZS::2018,HAS_OBSERVATION
country::IND,observation::IND::DT.NFL.IFAD.CD::2018,HAS_OBSERVATION
country::IND,observation::IND::DT.NFL.CERF.CD::2018,HAS_OBSERVATION
country::IND,observation::IND::DT.DOD.MIBR.CD::2018,HAS_OBSERVATION
country::IND,observation::IND::DT.DOD.DSTC.CD::2018,HAS_OBSERVATION
country::IND,observation::IND::DT.DOD.DIMF.CD::2018,HAS_OBSERVATION
country::IND,observation::IND::DC.DAC.USAL.CD::2018,HAS_OBSERVATION
country::IND,observation::IND::DC.DAC.NORL.CD::2018,HAS_OBSERVATION
country::IND,observation::IND::DC.DAC.KORL.CD::2018,HAS_OBSERVATION
country::IND,observation::IND::DC.DAC.IRLL.CD::2018,HAS_OBSERVATION
country::IND,observation::IND::SL.UEM.TOTL.MA.ZS::2018,HAS_OBSERVATION
country::IND,observation::IND::SL.UEM.NEET.ZS::2018,HAS_OBSERVATION
country::IND,observation::IND::SL.UEM.NEET.FE.ZS::2018,HAS_OBSERVATION
country::IND,observation::IND::SL.UEM.INTM.FE.ZS::2018,HAS_OBSERVATION
country::IND,observation::IND::SL.UEM.ADVN.ZS::2018,HAS_OBSERVATION
country::IND,observation::IND::SL.UEM.1524.NE.ZS::2018,HAS_OBSERVATION
country::IND,observation::IND::SL.UEM.1524.FE.NE.ZS::2018,HAS_OBSERVATION
country::IND,observation::IND::SL.TLF.PART.MA.ZS::2018,HAS_OBSERVATION
country::IND,observation::IND::SL.TLF.INTM.FE.ZS::2018,HAS_OBSERVATION
country::IND,observation::IND::SL.TLF.CACT.MA.NE.ZS::2018,HAS_OBSERVATION
country::IND,observation::IND::SL.TLF.CACT.FE.NE.ZS::2018,HAS_OBSERVATION
country::IND,observation::IND::SL.TLF.ADVN.ZS::2018,HAS_OBSERVATION
country::IND,observation::IND::SL.TLF.ACTI.MA.ZS::2018,HAS_OBSERVATION
country::IND,observation::IND::SL.TLF.ACTI.1524.MA.ZS::2018,HAS_OBSERVATION
country::IND,observation::IND::SL.SRV.EMPL.MA.ZS::2018,HAS_OBSERVATION
country::IND,observation::IND::SL.IND.EMPL.MA.ZS::2018,HAS_OBSERVATION
country::IND,observation::IND::SL.FAM.WORK.MA.ZS::2018,HAS_OBSERVATION
country::IND,observation::IND::SL.EMP.VULN.ZS::2018,HAS_OBSERVATION
country::IND,observation::IND::SL.EMP.TOTL.SP.NE.ZS::2018,HAS_OBSERVATION
country::IND,observation::IND::SL.EMP.TOTL.SP.FE.NE.ZS::2018,HAS_OBSERVATION
country::IND,observation::IND::SL.EMP.SELF.FE.ZS::2018,HAS_OBSERVATION
country::IND,observation::IND::SL.EMP.1524.SP.ZS::2018,HAS_OBSERVATION
country::IND,observation::IND::SL.EMP.1524.SP.FE.ZS::2018,HAS_OBSERVATION
country::IND,observation::IND::SL.AGR.EMPL.FE.ZS::2018,HAS_OBSERVATION
country::IND,observation::IND::SH_UHC_SCI_ID::2018,HAS_OBSERVATION
country::IND,observation::IND::SH.XPD.PVTD.PP.CD::2018,HAS_OBSERVATION
country::IND,observation::IND::SH.XPD.OOPC.PC.CD::2018,HAS_OBSERVATION
country::IND,observation::IND::SH.XPD.GHED.GE.ZS::2018,HAS_OBSERVATION
country::IND,observation::IND::SH.XPD.EHEX.PC.CD::2018,HAS_OBSERVATION
country::IND,observation::IND::SH.XPD.CHEX.GD.ZS::2018,HAS_OBSERVATION
country::IND,observation::IND::SH.TBS.CURE.ZS::2018,HAS_OBSERVATION
country::IND,observation::IND::SH.STA.TRAF.P5::2018,HAS_OBSERVATION
country::IND,observation::IND::DT.DOD.MIDA.CD::2018,HAS_OBSERVATION
country::IND,observation::IND::DT.DOD.DSTC.IR.ZS::2018,HAS_OBSERVATION
country::IND,observation::IND::DT.DOD.DLXF.CD::2018,HAS_OBSERVATION
country::IND,observation::IND::DC.DAC.SVNL.CD::2018,HAS_OBSERVATION
country::IND,observation::IND::DC.DAC.NZLL.CD::2018,HAS_OBSERVATION
country::IND,observation::IND::DC.DAC.LTUL.CD::2018,HAS_OBSERVATION
country::IND,observation::IND::DC.DAC.GBRL.CD::2018,HAS_OBSERVATION
country::IND,observation::IND::DC.DAC.ESPL.CD::2018,HAS_OBSERVATION
country::IND,observation::IND::DC.DAC.CHEL.CD::2018,HAS_OBSERVATION
country::IND,observation::IND::SH.STA.SUIC.MA.P5::2018,HAS_OBSERVATION
country::IND,observation::IND::SH.STA.STNT.ME.MA.ZS::2018,HAS_OBSERVATION
country::IND,observation::IND::SH.STA.SMSS.ZS::2018,HAS_OBSERVATION
country::IND,observation::IND::SH.STA.POIS.P5.FE::2018,HAS_OBSERVATION
country::IND,observation::IND::SH.STA.OWGH.ME.MA.ZS::2018,HAS_OBSERVATION
country::IND,observation::IND::SH.STA.ODFC.RU.ZS::2018,HAS_OBSERVATION
country::IND,observation::IND::SH.STA.HYGN.RU.ZS::2018,HAS_OBSERVATION
country::IND,observation::IND::SH.STA.BASS.RU.ZS::2018,HAS_OBSERVATION
country::IND,observation::IND::SH.SGR.CRSK.ZS::2018,HAS_OBSERVATION
country::IND,observation::IND::SH.PRG.ANEM::2018,HAS_OBSERVATION
country::IND,observation::IND::SH.MED.PHYS.ZS::2018,HAS_OBSERVATION
country::IND,observation::IND::SH.IMM.MEAS::2018,HAS_OBSERVATION
country::IND,observation::IND::SH.H2O.SMDW.UR.ZS::2018,HAS_OBSERVATION
country::IND,observation::IND::SH.H2O.BASW.RU.ZS::2018,HAS_OBSERVATION
country::IND,observation::IND::SH.DYN.NCOM.MA.ZS::2018,HAS_OBSERVATION
country::IND,observation::IND::SH.DYN.MORT::2018,HAS_OBSERVATION
country::IND,observation::IND::SH.DYN.1519::2018,HAS_OBSERVATION
country::IND,observation::IND::SH.DTH.NMRT::2018,HAS_OBSERVATION
country::IND,observation::IND::SH.DTH.IMRT::2018,HAS_OBSERVATION
country::IND,observation::IND::SH.DTH.1014::2018,HAS_OBSERVATION
country::IND,observation::IND::SH.ANM.NPRG.ZS::2018,HAS_OBSERVATION
country::IND,observation::IND::SH.ALC.PCAP.LI::2018,HAS_OBSERVATION
country::IND,observation::IND::SE.TER.ENRR.FE::2018,HAS_OBSERVATION
country::IND,observation::IND::SE.TER.CUAT.MS.FE.ZS::2018,HAS_OBSERVATION
country::IND,observation::IND::SE.TER.CUAT.BA.ZS::2018,HAS_OBSERVATION
country::IND,observation::IND::DC.DAC.CANL.CD::2018,HAS_OBSERVATION
country::IND,observation::IND::CM.MKT.TRNR::2018,HAS_OBSERVATION
country::IND,observation::IND::CM.MKT.LCAP.GD.ZS::2018,HAS_OBSERVATION
country::IND,observation::IND::BX.TRF.PWKR.CD.DT::2018,HAS_OBSERVATION
country::IND,observation::IND::BX.KLT.DINV.WD.GD.ZS::2018,HAS_OBSERVATION
country::IND,observation::IND::BX.GSR.TOTL.CD::2018,HAS_OBSERVATION
country::IND,observation::IND::BX.GSR.INSF.ZS::2018,HAS_OBSERVATION
country::IND,observation::IND::BX.GSR.CCIS.ZS::2018,HAS_OBSERVATION
country::IND,observation::IND::BN.TRF.KOGT.CD::2018,HAS_OBSERVATION
country::IND,observation::IND::BN.KLT.DINV.CD::2018,HAS_OBSERVATION
country::IND,observation::IND::BN.GSR.FCTY.CD::2018,HAS_OBSERVATION
country::IND,observation::IND::BM.TRF.PWKR.CD.DT::2018,HAS_OBSERVATION
country::IND,observation::IND::BM.GSR.TRVL.ZS::2018,HAS_OBSERVATION
country::IND,observation::IND::BM.GSR.NFSV.CD::2018,HAS_OBSERVATION
country::IND,observation::IND::BM.GSR.FCTY.CD::2018,HAS_OBSERVATION
country::IND,observation::IND::AG.SRF.TOTL.K2::2018,HAS_OBSERVATION
country::IND,observation::IND::AG.PRD.CREL.MT::2018,HAS_OBSERVATION
country::IND,observation::IND::AG.LND.PRCP.MM::2018,HAS_OBSERVATION
country::IND,observation::IND::AG.LND.ARBL.HA.PC::2018,HAS_OBSERVATION
country::IND,observation::IND::AG.CON.FERT.ZS::2018,HAS_OBSERVATION
country::IND,observation::IND::SH.TBS.DTEC.ZS::2018,HAS_OBSERVATION
country::IND,observation::IND::SH.STA.SUIC.FE.P5::2018,HAS_OBSERVATION
country::IND,observation::IND::SH.STA.STNT.ME.FE.ZS::2018,HAS_OBSERVATION
country::IND,observation::IND::SH.STA.SMSS.UR.ZS::2018,HAS_OBSERVATION
country::IND,observation::IND::SH.STA.POIS.P5::2018,HAS_OBSERVATION
country::IND,observation::IND::SH.STA.OWGH.ME.FE.ZS::2018,HAS_OBSERVATION
country::IND,observation::IND::SH.STA.BFED.ZS::2018,HAS_OBSERVATION
country::IND,observation::IND::SH.MMR.RISK.ZS::2018,HAS_OBSERVATION
country::IND,observation::IND::SH.MED.NUMW.P3::2018,HAS_OBSERVATION
country::IND,observation::IND::SH.IMM.IDPT::2018,HAS_OBSERVATION
country::IND,observation::IND::SH.H2O.SMDW.RU.ZS::2018,HAS_OBSERVATION
country::IND,observation::IND::SH.DYN.NCOM.FE.ZS::2018,HAS_OBSERVATION
country::IND,observation::IND::SH.DYN.1014::2018,HAS_OBSERVATION
country::IND,observation::IND::SH.DTH.0509::2018,HAS_OBSERVATION
country::IND,observation::IND::SH.ANM.CHLD.ZS::2018,HAS_OBSERVATION
country::IND,observation::IND::SH.ALC.PCAP.FE.LI::2018,HAS_OBSERVATION
country::IND,observation::IND::SE.TER.ENRR::2018,HAS_OBSERVATION
country::IND,observation::IND::SE.TER.CUAT.BA.MA.ZS::2018,HAS_OBSERVATION
country::IND,observation::IND::BX.KLT.DINV.CD.WD::2018,HAS_OBSERVATION
country::IND,observation::IND::BX.GSR.ROYL.CD::2018,HAS_OBSERVATION
country::IND,observation::IND::BX.GSR.GNFS.CD::2018,HAS_OBSERVATION
country::IND,observation::IND::BX.GSR.CCIS.CD::2018,HAS_OBSERVATION
country::IND,observation::IND::BN.TRF.CURR.CD::2018,HAS_OBSERVATION
country::IND,observation::IND::BN.KAC.EOMS.CD::2018,HAS_OBSERVATION
country::IND,observation::IND::BN.FIN.TOTL.CD::2018,HAS_OBSERVATION
country::IND,observation::IND::BM.TRF.PRVT.CD::2018,HAS_OBSERVATION
country::IND,observation::IND::BM.GSR.TRAN.ZS::2018,HAS_OBSERVATION
country::IND,observation::IND::BM.GSR.MRCH.CD::2018,HAS_OBSERVATION
country::IND,observation::IND::BM.GSR.CMCP.ZS::2018,HAS_OBSERVATION
country::IND,observation::IND::AG.PRD.LVSK.XD::2018,HAS_OBSERVATION
country::IND,observation::IND::AG.LND.IRIG.AG.ZS::2018,HAS_OBSERVATION
country::IND,observation::IND::AG.LND.CROP.ZS::2018,HAS_OBSERVATION
country::IND,observation::IND::AG.LND.ARBL.HA::2018,HAS_OBSERVATION
country::IND,observation::IND::AG.CON.FERT.PT.ZS::2018,HAS_OBSERVATION
country::IND,observation::IND::SH.XPD.EHEX.CH.ZS::2018,HAS_OBSERVATION
country::IND,observation::IND::SH.VAC.TTNS.ZS::2018,HAS_OBSERVATION
country::IND,observation::IND::SH.STA.SUIC.P5::2018,HAS_OBSERVATION
country::IND,observation::IND::SH.STA.STNT.ME.ZS::2018,HAS_OBSERVATION
country::IND,observation::IND::SH.STA.POIS.P5.MA::2018,HAS_OBSERVATION
country::IND,observation::IND::SH.STA.OWGH.ME.ZS::2018,HAS_OBSERVATION
country::IND,observation::IND::SH.STA.ODFC.UR.ZS::2018,HAS_OBSERVATION
country::IND,observation::IND::SH.STA.HYGN.UR.ZS::2018,HAS_OBSERVATION
country::IND,observation::IND::SH.STA.BRTW.ZS::2018,HAS_OBSERVATION
country::IND,observation::IND::SH.STA.BASS.UR.ZS::2018,HAS_OBSERVATION
country::IND,observation::IND::SH.SGR.IRSK.ZS::2018,HAS_OBSERVATION
country::IND,observation::IND::SH.MMR.DTHS::2018,HAS_OBSERVATION
country::IND,observation::IND::SH.MED.BEDS.ZS::2018,HAS_OBSERVATION
country::IND,observation::IND::SH.H2O.SMDW.ZS::2018,HAS_OBSERVATION
country::IND,observation::IND::SH.H2O.BASW.UR.ZS::2018,HAS_OBSERVATION
country::IND,observation::IND::SH.DYN.NCOM.ZS::2018,HAS_OBSERVATION
country::IND,observation::IND::SH.DYN.MORT.FE::2018,HAS_OBSERVATION
country::IND,observation::IND::SH.DYN.2024::2018,HAS_OBSERVATION
country::IND,observation::IND::SH.DTH.1519::2018,HAS_OBSERVATION
country::IND,observation::IND::SH.ALC.PCAP.MA.LI::2018,HAS_OBSERVATION
country::IND,observation::IND::SG.GEN.PARL.ZS::2018,HAS_OBSERVATION
country::IND,observation::IND::SE.XPD.TOTL.GB.ZS::2018,HAS_OBSERVATION
country::IND,observation::IND::SE.TER.ENRR.MA::2018,HAS_OBSERVATION
country::IND,observation::IND::DC.DAC.FRAL.CD::2018,HAS_OBSERVATION
country::IND,observation::IND::DC.DAC.DNKL.CD::2018,HAS_OBSERVATION
country::IND,observation::IND::DC.DAC.CECL.CD::2018,HAS_OBSERVATION
country::IND,observation::IND::DC.DAC.AUSL.CD::2018,HAS_OBSERVATION
country::IND,observation::IND::CM.MKT.LDOM.NO::2018,HAS_OBSERVATION
country::IND,observation::IND::BX.TRF.PWKR.DT.GD.ZS::2018,HAS_OBSERVATION
country::IND,observation::IND::BX.PEF.TOTL.CD.WD::2018,HAS_OBSERVATION
country::IND,observation::IND::BX.GSR.TRAN.ZS::2018,HAS_OBSERVATION
country::IND,observation::IND::BX.GSR.MRCH.CD::2018,HAS_OBSERVATION
country::IND,observation::IND::BX.GSR.CMCP.ZS::2018,HAS_OBSERVATION
country::IND,observation::IND::BX.GRT.EXTA.CD.WD::2018,HAS_OBSERVATION
country::IND,observation::IND::BN.KLT.PTXL.CD::2018,HAS_OBSERVATION
country::IND,observation::IND::BN.GSR.GNFS.CD::2018,HAS_OBSERVATION
country::IND,observation::IND::BN.CAB.XOKA.CD::2018,HAS_OBSERVATION
country::IND,observation::IND::BM.KLT.DINV.CD.WD::2018,HAS_OBSERVATION
country::IND,observation::IND::BM.GSR.ROYL.CD::2018,HAS_OBSERVATION
country::IND,observation::IND::BM.GSR.GNFS.CD::2018,HAS_OBSERVATION
country::IND,observation::IND::AG.YLD.CREL.KG::2018,HAS_OBSERVATION
country::IND,observation::IND::AG.PRD.CROP.XD::2018,HAS_OBSERVATION
country::IND,observation::IND::AG.LND.TOTL.K2::2018,HAS_OBSERVATION
country::IND,observation::IND::AG.LND.FRST.K2::2018,HAS_OBSERVATION
country::IND,observation::IND::AG.LND.ARBL.ZS::2018,HAS_OBSERVATION
country::IND,observation::IND::AG.LND.AGRI.K2::2018,HAS_OBSERVATION
country::IND,observation::IND::SH.STA.SMSS.RU.ZS::2018,HAS_OBSERVATION
country::IND,observation::IND::SH.STA.ODFC.ZS::2018,HAS_OBSERVATION
country::IND,observation::IND::SH.STA.MMRT::2018,HAS_OBSERVATION
country::IND,observation::IND::SH.STA.HYGN.ZS::2018,HAS_OBSERVATION
country::IND,observation::IND::SH.STA.BASS.ZS::2018,HAS_OBSERVATION
country::IND,observation::IND::SH.MMR.RISK::2018,HAS_OBSERVATION
country::IND,observation::IND::SH.MLR.INCD.P3::2018,HAS_OBSERVATION
country::IND,observation::IND::SH.IMM.HEPB::2018,HAS_OBSERVATION
country::IND,observation::IND::SH.H2O.BASW.ZS::2018,HAS_OBSERVATION
country::IND,observation::IND::SH.DYN.NMRT::2018,HAS_OBSERVATION
country::IND,observation::IND::SH.DYN.MORT.MA::2018,HAS_OBSERVATION
country::IND,observation::IND::SH.DYN.AIDS.FE.ZS::2018,HAS_OBSERVATION
country::IND,observation::IND::SH.DYN.0509::2018,HAS_OBSERVATION
country::IND,observation::IND::SH.DTH.MORT::2018,HAS_OBSERVATION
country::IND,observation::IND::SH.DTH.2024::2018,HAS_OBSERVATION
country::IND,observation::IND::SH.ANM.ALLW.ZS::2018,HAS_OBSERVATION
country::IND,observation::IND::SE.XPD.TOTL.GD.ZS::2018,HAS_OBSERVATION
country::IND,observation::IND::SE.TER.TCHR.FE.ZS::2018,HAS_OBSERVATION
country::IND,observation::IND::SE.TER.ENRL.TC.ZS::2018,HAS_OBSERVATION
country::IND,observation::IND::SE.TER.CUAT.MS.ZS::2018,HAS_OBSERVATION
country::IND,observation::IND::SE.TER.CUAT.BA.FE.ZS::2018,HAS_OBSERVATION
country::IND,observation::IND::DC.DAC.AUTL.CD::2018,HAS_OBSERVATION
country::IND,observation::IND::CM.MKT.TRAD.CD::2018,HAS_OBSERVATION
country::IND,observation::IND::CM.MKT.INDX.ZG::2018,HAS_OBSERVATION
country::IND,observation::IND::BX.TRF.CURR.CD::2018,HAS_OBSERVATION
country::IND,observation::IND::BX.GSR.TRVL.ZS::2018,HAS_OBSERVATION
country::IND,observation::IND::BX.GSR.NFSV.CD::2018,HAS_OBSERVATION
country::IND,observation::IND::BX.GSR.FCTY.CD::2018,HAS_OBSERVATION
country::IND,observation::IND::BX.GRT.TECH.CD.WD::2018,HAS_OBSERVATION
country::IND,observation::IND::BN.RES.INCL.CD::2018,HAS_OBSERVATION
country::IND,observation::IND::BN.GSR.MRCH.CD::2018,HAS_OBSERVATION
country::IND,observation::IND::BN.CAB.XOKA.GD.ZS::2018,HAS_OBSERVATION
country::IND,observation::IND::BM.KLT.DINV.WD.GD.ZS::2018,HAS_OBSERVATION
country::IND,observation::IND::BM.GSR.TOTL.CD::2018,HAS_OBSERVATION
country::IND,observation::IND::BM.GSR.INSF.ZS::2018,HAS_OBSERVATION
country::IND,observation::IND::BG.GSR.NFSV.GD.ZS::2018,HAS_OBSERVATION
country::IND,observation::IND::AG.PRD.FOOD.XD::2018,HAS_OBSERVATION
country::IND,observation::IND::AG.LND.FRST.ZS::2018,HAS_OBSERVATION
country::IND,observation::IND::AG.LND.CREL.HA::2018,HAS_OBSERVATION
country::IND,observation::IND::AG.LND.AGRI.ZS::2018,HAS_OBSERVATION
country::IND,observation::IND::SE.SEC.ENRL.LO.TC.ZS::2018,HAS_OBSERVATION
country::IND,observation::IND::SE.SEC.ENRL::2018,HAS_OBSERVATION
country::IND,observation::IND::SE.SEC.CUAT.UP.FE.ZS::2018,HAS_OBSERVATION
country::IND,observation::IND::SE.SEC.CUAT.LO.ZS::2018,HAS_OBSERVATION
country::IND,observation::IND::SE.PRM.UNER.MA.ZS::2018,HAS_OBSERVATION
country::IND,observation::IND::SE.PRM.UNER::2018,HAS_OBSERVATION
country::IND,observation::IND::SE.PRM.GINT.ZS::2018,HAS_OBSERVATION
country::IND,observation::IND::SE.PRM.ENRR.FE::2018,HAS_OBSERVATION
country::IND,observation::IND::SE.PRM.ENRL::2018,HAS_OBSERVATION
country::IND,observation::IND::SE.PRM.CUAT.FE.ZS::2018,HAS_OBSERVATION
country::IND,observation::IND::SE.PRM.AGES::2018,HAS_OBSERVATION
country::IND,observation::IND::SE.PRE.ENRR.MA::2018,HAS_OBSERVATION
country::IND,observation::IND::SE.PRE.DURS::2018,HAS_OBSERVATION
country::IND,observation::IND::SE.ENR.PRSC.FM.ZS::2018,HAS_OBSERVATION
country::IND,observation::IND::SE.ADT.LITR.MA.ZS::2018,HAS_OBSERVATION
country::IND,observation::IND::SE.ADT.1524.LT.FM.ZS::2018,HAS_OBSERVATION
country::IND,observation::IND::PA.NUS.PPP::2018,HAS_OBSERVATION
country::IND,observation::IND::NY.TTF.GNFS.KN::2018,HAS_OBSERVATION
country::IND,observation::IND::NY.TAX.NIND.KN::2018,HAS_OBSERVATION
country::IND,observation::IND::NY.GSR.NFCY.CN::2018,HAS_OBSERVATION
country::IND,observation::IND::NY.GNS.ICTR.CN::2018,HAS_OBSERVATION
country::IND,observation::IND::NY.GNP.PCAP.KN::2018,HAS_OBSERVATION
country::IND,observation::IND::SE.SEC.PRIV.ZS::2018,HAS_OBSERVATION
country::IND,observation::IND::SE.SEC.ENRR.MA::2018,HAS_OBSERVATION
country::IND,observation::IND::SE.SEC.DURS::2018,HAS_OBSERVATION
country::IND,observation::IND::SE.SEC.CUAT.PO.ZS::2018,HAS_OBSERVATION
country::IND,observation::IND::SE.SEC.CUAT.LO.MA.ZS::2018,HAS_OBSERVATION
country::IND,observation::IND::SE.PRM.UNER.MA::2018,HAS_OBSERVATION
country::IND,observation::IND::SE.PRM.REPT.ZS::2018,HAS_OBSERVATION
country::IND,observation::IND::SE.PRM.GINT.MA.ZS::2018,HAS_OBSERVATION
country::IND,observation::IND::SE.PRM.ENRR::2018,HAS_OBSERVATION
country::IND,observation::IND::SE.PRM.DURS::2018,HAS_OBSERVATION
country::IND,observation::IND::SE.PRE.ENRR.FE::2018,HAS_OBSERVATION
country::IND,observation::IND::SE.ENR.PRIM.FM.ZS::2018,HAS_OBSERVATION
country::IND,observation::IND::SE.ADT.LITR.FE.ZS::2018,HAS_OBSERVATION
country::IND,observation::IND::SE.ADT.1524.LT.FE.ZS::2018,HAS_OBSERVATION
country::IND,observation::IND::PA.NUS.GDP.PLI::2018,HAS_OBSERVATION
country::IND,observation::IND::NY.TAX.NIND.CN::2018,HAS_OBSERVATION
country::IND,observation::IND::NY.GSR.NFCY.CD::2018,HAS_OBSERVATION
country::IND,observation::IND::SE.TER.CUAT.MS.MA.ZS::2018,HAS_OBSERVATION
country::IND,observation::IND::SE.SEC.ENRR::2018,HAS_OBSERVATION
country::IND,observation::IND::SE.SEC.ENRL.TC.ZS::2018,HAS_OBSERVATION
country::IND,observation::IND::SE.SEC.ENRL.FE.ZS::2018,HAS_OBSERVATION
country::IND,observation::IND::SE.SEC.CUAT.UP.MA.ZS::2018,HAS_OBSERVATION
country::IND,observation::IND::SE.SEC.CUAT.PO.FE.ZS::2018,HAS_OBSERVATION
country::IND,observation::IND::SE.PRM.UNER.ZS::2018,HAS_OBSERVATION
country::IND,observation::IND::SE.PRM.UNER.FE::2018,HAS_OBSERVATION
country::IND,observation::IND::SE.PRM.REPT.FE.ZS::2018,HAS_OBSERVATION
country::IND,observation::IND::SE.PRM.ENRR.MA::2018,HAS_OBSERVATION
country::IND,observation::IND::SE.PRM.CUAT.MA.ZS::2018,HAS_OBSERVATION
country::IND,observation::IND::SE.ENR.SECO.FM.ZS::2018,HAS_OBSERVATION
country::IND,observation::IND::SE.ADT.LITR.ZS::2018,HAS_OBSERVATION
country::IND,observation::IND::SE.ADT.1524.LT.MA.ZS::2018,HAS_OBSERVATION
country::IND,observation::IND::PA.NUS.PRVT.PLI::2018,HAS_OBSERVATION
country::IND,observation::IND::PA.NUS.ATLS::2018,HAS_OBSERVATION
country::IND,observation::IND::NY.TRF.NCTR.CD::2018,HAS_OBSERVATION
country::IND,observation::IND::SE.SEC.ENRR.FE::2018,HAS_OBSERVATION
country::IND,observation::IND::SE.SEC.ENRL.UP.TC.ZS::2018,HAS_OBSERVATION
country::IND,observation::IND::SE.SEC.CUAT.UP.ZS::2018,HAS_OBSERVATION
country::IND,observation::IND::SE.SEC.CUAT.PO.MA.ZS::2018,HAS_OBSERVATION
country::IND,observation::IND::SE.SEC.CUAT.LO.FE.ZS::2018,HAS_OBSERVATION
country::IND,observation::IND::SE.SEC.AGES::2018,HAS_OBSERVATION
country::IND,observation::IND::SE.PRM.UNER.FE.ZS::2018,HAS_OBSERVATION
country::IND,observation::IND::SE.PRM.REPT.MA.ZS::2018,HAS_OBSERVATION
country::IND,observation::IND::SE.PRM.PRIV.ZS::2018,HAS_OBSERVATION
country::IND,observation::IND::SE.PRM.GINT.FE.ZS::2018,HAS_OBSERVATION
country::IND,observation::IND::SE.PRM.CUAT.ZS::2018,HAS_OBSERVATION
country::IND,observation::IND::SE.PRE.ENRR::2018,HAS_OBSERVATION
country::IND,observation::IND::SE.ENR.TERT.FM.ZS::2018,HAS_OBSERVATION
country::IND,observation::IND::SE.COM.DURS::2018,HAS_OBSERVATION
country::IND,observation::IND::SE.ADT.1524.LT.ZS::2018,HAS_OBSERVATION
country::IND,observation::IND::PA.NUS.PRVT.PP::2018,HAS_OBSERVATION
country::IND,observation::IND::PA.NUS.FCRF::2018,HAS_OBSERVATION
country::IND,observation::IND::NY.TRF.NCTR.CN::2018,HAS_OBSERVATION
country::IND,observation::IND::NY.TAX.NIND.CD::2018,HAS_OBSERVATION
country::IND,observation::IND::NY.GNS.ICTR.ZS::2018,HAS_OBSERVATION
country::IND,observation::IND::NY.GNP.PCAP.CD::2018,HAS_OBSERVATION
country::IND,observation::IND::NY.GNP.MKTP.KD.ZG::2018,HAS_OBSERVATION
country::IND,observation::IND::NY.GNP.MKTP.CD::2018,HAS_OBSERVATION
country::IND,observation::IND::NY.GDS.TOTL.CN::2018,HAS_OBSERVATION
country::IND,observation::IND::NY.GDP.PCAP.PP.KD::2018,HAS_OBSERVATION
country::IND,observation::IND::NY.GDP.PCAP.KD::2018,HAS_OBSERVATION
country::IND,observation::IND::NY.GDP.MKTP.PP.KD::2018,HAS_OBSERVATION
country::IND,observation::IND::NY.GDP.MKTP.KD::2018,HAS_OBSERVATION
country::IND,observation::IND::NY.GDP.MINR.RT.ZS::2018,HAS_OBSERVATION
country::IND,observation::IND::NY.GDP.FCST.CN::2018,HAS_OBSERVATION
country::IND,observation::IND::NY.GDP.DEFL.ZS.AD::2018,HAS_OBSERVATION
country::IND,observation::IND::NY.GDP.COAL.RT.ZS::2018,HAS_OBSERVATION
country::IND,observation::IND::NY.ADJ.SVNG.GN.ZS::2018,HAS_OBSERVATION
country::IND,observation::IND::NY.ADJ.NNTY.PC.CD::2018,HAS_OBSERVATION
country::IND,observation::IND::NY.ADJ.NNAT.GN.ZS::2018,HAS_OBSERVATION
country::IND,observation::IND::NY.ADJ.DPEM.GN.ZS::2018,HAS_OBSERVATION
country::IND,observation::IND::NY.ADJ.DMIN.GN.ZS::2018,HAS_OBSERVATION
country::IND,observation::IND::NY.ADJ.DFOR.GN.ZS::2018,HAS_OBSERVATION
country::IND,observation::IND::NY.ADJ.AEDU.GN.ZS::2018,HAS_OBSERVATION
country::IND,observation::IND::NV.SRV.TOTL.KD.ZG::2018,HAS_OBSERVATION
country::IND,observation::IND::NV.SRV.EMPL.KD::2018,HAS_OBSERVATION
country::IND,observation::IND::NV.MNF.MTRN.ZS.UN::2018,HAS_OBSERVATION
country::IND,observation::IND::NV.IND.TOTL.KN::2018,HAS_OBSERVATION
country::IND,observation::IND::NV.IND.TOTL.CD::2018,HAS_OBSERVATION
country::IND,observation::IND::NV.IND.MANF.KD::2018,HAS_OBSERVATION
country::IND,observation::IND::NV.AGR.TOTL.KD.ZG::2018,HAS_OBSERVATION
country::IND,observation::IND::NV.AGR.EMPL.KD::2018,HAS_OBSERVATION
country::IND,observation::IND::NE.RSB.GNFS.CN::2018,HAS_OBSERVATION
country::IND,observation::IND::NE.IMP.GNFS.KD.ZG::2018,HAS_OBSERVATION
country::IND,observation::IND::NE.GDI.TOTL.ZS::2018,HAS_OBSERVATION
country::IND,observation::IND::NY.GNS.ICTR.CD::2018,HAS_OBSERVATION
country::IND,observation::IND::NY.GNP.PCAP.KD.ZG::2018,HAS_OBSERVATION
country::IND,observation::IND::NY.GNP.MKTP.PP.KD::2018,HAS_OBSERVATION
country::IND,observation::IND::NY.GNP.MKTP.KD::2018,HAS_OBSERVATION
country::IND,observation::IND::NY.GNP.ATLS.CD::2018,HAS_OBSERVATION
country::IND,observation::IND::NY.GDS.TOTL.CD::2018,HAS_OBSERVATION
country::IND,observation::IND::NY.GDP.PCAP.PP.CD::2018,HAS_OBSERVATION
country::IND,observation::IND::NY.GDP.PCAP.CN::2018,HAS_OBSERVATION
country::IND,observation::IND::NY.GDP.MKTP.PP.CD::2018,HAS_OBSERVATION
country::IND,observation::IND::NY.GDP.MKTP.CN.AD::2018,HAS_OBSERVATION
country::IND,observation::IND::NY.GDP.FRST.RT.ZS::2018,HAS_OBSERVATION
country::IND,observation::IND::NY.GDP.FCST.CD::2018,HAS_OBSERVATION
country::IND,observation::IND::NY.GDP.DEFL.ZS::2018,HAS_OBSERVATION
country::IND,observation::IND::NY.EXP.CAPM.KN::2018,HAS_OBSERVATION
country::IND,observation::IND::NY.ADJ.SVNG.CD::2018,HAS_OBSERVATION
country::IND,observation::IND::NY.ADJ.NNTY.KD.ZG::2018,HAS_OBSERVATION
country::IND,observation::IND::NY.ADJ.NNAT.CD::2018,HAS_OBSERVATION
country::IND,observation::IND::NY.ADJ.DPEM.CD::2018,HAS_OBSERVATION
country::IND,observation::IND::NY.ADJ.DMIN.CD::2018,HAS_OBSERVATION
country::IND,observation::IND::NY.ADJ.DFOR.CD::2018,HAS_OBSERVATION
country::IND,observation::IND::NY.ADJ.AEDU.CD::2018,HAS_OBSERVATION
country::IND,observation::IND::NV.SRV.TOTL.KD::2018,HAS_OBSERVATION
country::IND,observation::IND::NV.MNF.TXTL.ZS.UN::2018,HAS_OBSERVATION
country::IND,observation::IND::NV.MNF.FBTO.ZS.UN::2018,HAS_OBSERVATION
country::IND,observation::IND::NV.IND.TOTL.KD.ZG::2018,HAS_OBSERVATION
country::IND,observation::IND::NV.IND.MANF.ZS::2018,HAS_OBSERVATION
country::IND,observation::IND::NV.IND.MANF.CN::2018,HAS_OBSERVATION
country::IND,observation::IND::NV.AGR.TOTL.KD::2018,HAS_OBSERVATION
country::IND,observation::IND::NE.TRD.GNFS.ZS::2018,HAS_OBSERVATION
country::IND,observation::IND::NE.RSB.GNFS.CD::2018,HAS_OBSERVATION
country::IND,observation::IND::NY.GNS.ICTR.GN.ZS::2018,HAS_OBSERVATION
country::IND,observation::IND::NY.GNP.PCAP.PP.CD::2018,HAS_OBSERVATION
country::IND,observation::IND::NY.GNP.PCAP.CN::2018,HAS_OBSERVATION
country::IND,observation::IND::NY.GNP.MKTP.KN::2018,HAS_OBSERVATION
country::IND,observation::IND::NY.GNP.MKTP.CN::2018,HAS_OBSERVATION
country::IND,observation::IND::NY.GDS.TOTL.ZS::2018,HAS_OBSERVATION
country::IND,observation::IND::NY.GDP.PETR.RT.ZS::2018,HAS_OBSERVATION
country::IND,observation::IND::NY.GDP.PCAP.KD.ZG::2018,HAS_OBSERVATION
country::IND,observation::IND::NY.GDP.NGAS.RT.ZS::2018,HAS_OBSERVATION
country::IND,observation::IND::NY.GDP.MKTP.KD.ZG::2018,HAS_OBSERVATION
country::IND,observation::IND::NY.GDP.MKTP.CD::2018,HAS_OBSERVATION
country::IND,observation::IND::NY.GDP.FCST.KD::2018,HAS_OBSERVATION
country::IND,observation::IND::NY.GDP.DISC.CN::2018,HAS_OBSERVATION
country::IND,observation::IND::NY.GDP.DEFL.KD.ZG::2018,HAS_OBSERVATION
country::IND,observation::IND::NY.ADJ.SVNX.CD::2018,HAS_OBSERVATION
country::IND,observation::IND::NY.ADJ.NNTY.PC.KD::2018,HAS_OBSERVATION
country::IND,observation::IND::NY.ADJ.NNTY.CD::2018,HAS_OBSERVATION
country::IND,observation::IND::NY.ADJ.DRES.GN.ZS::2018,HAS_OBSERVATION
country::IND,observation::IND::NY.ADJ.DNGY.CD::2018,HAS_OBSERVATION
country::IND,observation::IND::NY.ADJ.DKAP.CD::2018,HAS_OBSERVATION
country::IND,observation::IND::NY.ADJ.DCO2.CD::2018,HAS_OBSERVATION
country::IND,observation::IND::NV.SRV.TOTL.KN::2018,HAS_OBSERVATION
country::IND,observation::IND::NV.SRV.TOTL.CD::2018,HAS_OBSERVATION
country::IND,observation::IND::NV.MNF.OTHR.ZS.UN::2018,HAS_OBSERVATION
country::IND,observation::IND::NV.IND.TOTL.ZS::2018,HAS_OBSERVATION
country::IND,observation::IND::NV.IND.TOTL.CN::2018,HAS_OBSERVATION
country::IND,observation::IND::NV.IND.MANF.KD.ZG::2018,HAS_OBSERVATION
country::IND,observation::IND::NV.IND.EMPL.KD::2018,HAS_OBSERVATION
country::IND,observation::IND::NV.AGR.TOTL.KN::2018,HAS_OBSERVATION
country::IND,observation::IND::NV.AGR.TOTL.CD::2018,HAS_OBSERVATION
country::IND,observation::IND::NE.RSB.GNFS.KN::2018,HAS_OBSERVATION
country::IND,observation::IND::NE.IMP.GNFS.KN::2018,HAS_OBSERVATION
country::IND,observation::IND::NY.GNP.PCAP.PP.KD::2018,HAS_OBSERVATION
country::IND,observation::IND::NY.GNP.PCAP.KD::2018,HAS_OBSERVATION
country::IND,observation::IND::NY.GNP.MKTP.PP.CD::2018,HAS_OBSERVATION
country::IND,observation::IND::NY.GNP.MKTP.CN.AD::2018,HAS_OBSERVATION
country::IND,observation::IND::NY.GDY.TOTL.KN::2018,HAS_OBSERVATION
country::IND,observation::IND::NY.GDP.TOTL.RT.ZS::2018,HAS_OBSERVATION
country::IND,observation::IND::NY.GDP.PCAP.KN::2018,HAS_OBSERVATION
country::IND,observation::IND::NY.GDP.PCAP.CD::2018,HAS_OBSERVATION
country::IND,observation::IND::NY.GDP.MKTP.KN::2018,HAS_OBSERVATION
country::IND,observation::IND::NY.GDP.MKTP.CN::2018,HAS_OBSERVATION
country::IND,observation::IND::NY.GDP.FCST.KN::2018,HAS_OBSERVATION
country::IND,observation::IND::NY.GDP.DISC.KN::2018,HAS_OBSERVATION
country::IND,observation::IND::NY.GDP.DEFL.KD.ZG.AD::2018,HAS_OBSERVATION
country::IND,observation::IND::NY.ADJ.SVNX.GN.ZS::2018,HAS_OBSERVATION
country::IND,observation::IND::NY.ADJ.NNTY.PC.KD.ZG::2018,HAS_OBSERVATION
country::IND,observation::IND::NY.ADJ.NNTY.KD::2018,HAS_OBSERVATION
country::IND,observation::IND::NY.ADJ.ICTR.GN.ZS::2018,HAS_OBSERVATION
country::IND,observation::IND::NY.ADJ.DNGY.GN.ZS::2018,HAS_OBSERVATION
country::IND,observation::IND::NY.ADJ.DKAP.GN.ZS::2018,HAS_OBSERVATION
country::IND,observation::IND::NY.ADJ.DCO2.GN.ZS::2018,HAS_OBSERVATION
country::IND,observation::IND::NV.SRV.TOTL.ZS::2018,HAS_OBSERVATION
country::IND,observation::IND::NV.SRV.TOTL.CN::2018,HAS_OBSERVATION
country::IND,observation::IND::NV.MNF.TECH.ZS.UN::2018,HAS_OBSERVATION
country::IND,observation::IND::NV.MNF.CHEM.ZS.UN::2018,HAS_OBSERVATION
country::IND,observation::IND::NV.IND.TOTL.KD::2018,HAS_OBSERVATION
country::IND,observation::IND::NV.IND.MANF.KN::2018,HAS_OBSERVATION
country::IND,observation::IND::NV.IND.MANF.CD::2018,HAS_OBSERVATION
country::IND,observation::IND::NV.AGR.TOTL.ZS::2018,HAS_OBSERVATION
country::IND,observation::IND::NE.GDI.TOTL.CN::2018,HAS_OBSERVATION
country::IND,observation::IND::NE.GDI.STKB.CD::2018,HAS_OBSERVATION
country::IND,observation::IND::NE.GDI.FTOT.KD::2018,HAS_OBSERVATION
country::IND,observation::IND::NE.GDI.FPRV.CN::2018,HAS_OBSERVATION
country::IND,observation::IND::NE.EXP.GNFS.KD::2018,HAS_OBSERVATION
country::IND,observation::IND::NE.DAB.TOTL.KN::2018,HAS_OBSERVATION
country::IND,observation::IND::NE.DAB.DEFL.ZS::2018,HAS_OBSERVATION
country::IND,observation::IND::NE.CON.TOTL.KD::2018,HAS_OBSERVATION
country::IND,observation::IND::NE.CON.PRVT.PP.KD::2018,HAS_OBSERVATION
country::IND,observation::IND::NE.CON.PRVT.KN::2018,HAS_OBSERVATION
country::IND,observation::IND::NE.CON.PRVT.CN::2018,HAS_OBSERVATION
country::IND,observation::IND::NE.CON.GOVT.ZS::2018,HAS_OBSERVATION
country::IND,observation::IND::NE.CON.GOVT.CN::2018,HAS_OBSERVATION
country::IND,observation::IND::MS.MIL.XPND.GD.ZS::2018,HAS_OBSERVATION
country::IND,observation::IND::MS.MIL.TOTL.P1::2018,HAS_OBSERVATION
country::IND,observation::IND::LP.LPI.OVRL.XQ::2018,HAS_OBSERVATION
country::IND,observation::IND::LP.LPI.CUST.XQ::2018,HAS_OBSERVATION
country::IND,observation::IND::IT.NET.USER.MA.ZS::2018,HAS_OBSERVATION
country::IND,observation::IND::IT.NET.BBND.P2::2018,HAS_OBSERVATION
country::IND,observation::IND::IT.CEL.SETS.P2::2018,HAS_OBSERVATION
country::IND,observation::IND::IS.RRS.TOTL.KM::2018,HAS_OBSERVATION
country::IND,observation::IND::IS.AIR.GOOD.MT.K1::2018,HAS_OBSERVATION
country::IND,observation::IND::IQ.SPI.PIL3::2018,HAS_OBSERVATION
country::IND,observation::IND::NE.IMP.GNFS.KD::2018,HAS_OBSERVATION
country::IND,observation::IND::NE.GDI.TOTL.KN::2018,HAS_OBSERVATION
country::IND,observation::IND::NE.GDI.TOTL.CD::2018,HAS_OBSERVATION
country::IND,observation::IND::NE.GDI.FTOT.ZS::2018,HAS_OBSERVATION
country::IND,observation::IND::NE.GDI.FTOT.CN::2018,HAS_OBSERVATION
country::IND,observation::IND::NE.EXP.GNFS.ZS::2018,HAS_OBSERVATION
country::IND,observation::IND::NE.EXP.GNFS.CN::2018,HAS_OBSERVATION
country::IND,observation::IND::NE.DAB.TOTL.KD::2018,HAS_OBSERVATION
country::IND,observation::IND::NE.CON.TOTL.ZS::2018,HAS_OBSERVATION
country::IND,observation::IND::NE.CON.TOTL.CN::2018,HAS_OBSERVATION
country::IND,observation::IND::NE.CON.PRVT.PP.CD::2018,HAS_OBSERVATION
country::IND,observation::IND::NE.CON.PRVT.KD.ZG::2018,HAS_OBSERVATION
country::IND,observation::IND::NE.CON.PRVT.CD::2018,HAS_OBSERVATION
country::IND,observation::IND::NE.CON.GOVT.KN::2018,HAS_OBSERVATION
country::IND,observation::IND::NE.CON.GOVT.CD::2018,HAS_OBSERVATION
country::IND,observation::IND::MS.MIL.XPND.CN::2018,HAS_OBSERVATION
country::IND,observation::IND::MS.MIL.MPRT.KD::2018,HAS_OBSERVATION
country::IND,observation::IND::LP.LPI.LOGS.XQ::2018,HAS_OBSERVATION
country::IND,observation::IND::LP.IMP.DURS.MD::2018,HAS_OBSERVATION
country::IND,observation::IND::IT.NET.USER.FE.ZS::2018,HAS_OBSERVATION
country::IND,observation::IND::IT.NET.BBND::2018,HAS_OBSERVATION
country::IND,observation::IND::IT.CEL.SETS::2018,HAS_OBSERVATION
country::IND,observation::IND::IS.RRS.PASG.KM::2018,HAS_OBSERVATION
country::IND,observation::IND::IS.AIR.DPRT::2018,HAS_OBSERVATION
country::IND,observation::IND::IQ.SPI.PIL2::2018,HAS_OBSERVATION
country::IND,observation::IND::NE.IMP.GNFS.CD::2018,HAS_OBSERVATION
country::IND,observation::IND::NE.GDI.TOTL.KD::2018,HAS_OBSERVATION
country::IND,observation::IND::NE.GDI.STKB.CN::2018,HAS_OBSERVATION
country::IND,observation::IND::NE.GDI.FTOT.KD.ZG::2018,HAS_OBSERVATION
country::IND,observation::IND::NE.GDI.FPRV.ZS::2018,HAS_OBSERVATION
country::IND,observation::IND::NE.EXP.GNFS.KD.ZG::2018,HAS_OBSERVATION
country::IND,observation::IND::NE.DAB.TOTL.ZS::2018,HAS_OBSERVATION
country::IND,observation::IND::NE.DAB.TOTL.CD::2018,HAS_OBSERVATION
country::IND,observation::IND::NE.CON.TOTL.KD.ZG::2018,HAS_OBSERVATION
country::IND,observation::IND::NE.CON.PRVT.ZS::2018,HAS_OBSERVATION
country::IND,observation::IND::NE.CON.PRVT.PC.KD::2018,HAS_OBSERVATION
country::IND,observation::IND::NE.CON.PRVT.CN.AD::2018,HAS_OBSERVATION
country::IND,observation::IND::NE.CON.PCAP.PP.CD::2018,HAS_OBSERVATION
country::IND,observation::IND::NE.CON.GOVT.KD::2018,HAS_OBSERVATION
country::IND,observation::IND::MS.MIL.XPND.ZS::2018,HAS_OBSERVATION
country::IND,observation::IND::MS.MIL.TOTL.TF.ZS::2018,HAS_OBSERVATION
country::IND,observation::IND::LP.LPI.TIME.XQ::2018,HAS_OBSERVATION
country::IND,observation::IND::LP.LPI.INFR.XQ::2018,HAS_OBSERVATION
country::IND,observation::IND::IT.NET.USER.ZS::2018,HAS_OBSERVATION
country::IND,observation::IND::IT.NET.SECR::2018,HAS_OBSERVATION
country::IND,observation::IND::IT.MLT.MAIN::2018,HAS_OBSERVATION
country::IND,observation::IND::IS.SHP.GCNW.XQ::2018,HAS_OBSERVATION
country::IND,observation::IND::IS.AIR.PSGR::2018,HAS_OBSERVATION
country::IND,observation::IND::IQ.SPI.PIL4::2018,HAS_OBSERVATION
country::IND,observation::IND::IQ.SPI.OVRL::2018,HAS_OBSERVATION
country::IND,observation::IND::NV.AGR.TOTL.CN::2018,HAS_OBSERVATION
country::IND,observation::IND::NE.RSB.GNFS.ZS::2018,HAS_OBSERVATION
country::IND,observation::IND::NE.IMP.GNFS.ZS::2018,HAS_OBSERVATION
country::IND,observation::IND::NE.IMP.GNFS.CN::2018,HAS_OBSERVATION
country::IND,observation::IND::NE.GDI.TOTL.KD.ZG::2018,HAS_OBSERVATION
country::IND,observation::IND::NE.GDI.STKB.KN::2018,HAS_OBSERVATION
country::IND,observation::IND::NE.GDI.FTOT.KN::2018,HAS_OBSERVATION
country::IND,observation::IND::NE.GDI.FTOT.CD::2018,HAS_OBSERVATION
country::IND,observation::IND::NE.EXP.GNFS.KN::2018,HAS_OBSERVATION
country::IND,observation::IND::NE.EXP.GNFS.CD::2018,HAS_OBSERVATION
country::IND,observation::IND::NE.DAB.TOTL.CN::2018,HAS_OBSERVATION
country::IND,observation::IND::NE.CON.TOTL.KN::2018,HAS_OBSERVATION
country::IND,observation::IND::NE.CON.TOTL.CD::2018,HAS_OBSERVATION
country::IND,observation::IND::NE.CON.PRVT.PC.KD.ZG::2018,HAS_OBSERVATION
country::IND,observation::IND::NE.CON.PRVT.KD::2018,HAS_OBSERVATION
country::IND,observation::IND::NE.CON.PCAP.PP.KD::2018,HAS_OBSERVATION
country::IND,observation::IND::NE.CON.GOVT.KD.ZG::2018,HAS_OBSERVATION
country::IND,observation::IND::MS.MIL.XPRT.KD::2018,HAS_OBSERVATION
country::IND,observation::IND::MS.MIL.XPND.CD::2018,HAS_OBSERVATION
country::IND,observation::IND::LP.LPI.TRAC.XQ::2018,HAS_OBSERVATION
country::IND,observation::IND::LP.LPI.ITRN.XQ::2018,HAS_OBSERVATION
country::IND,observation::IND::LP.EXP.DURS.MD::2018,HAS_OBSERVATION
country::IND,observation::IND::IT.NET.SECR.P6::2018,HAS_OBSERVATION
country::IND,observation::IND::IT.MLT.MAIN.P2::2018,HAS_OBSERVATION
country::IND,observation::IND::IS.SHP.GOOD.TU::2018,HAS_OBSERVATION
country::IND,observation::IND::IS.RRS.GOOD.MT.K6::2018,HAS_OBSERVATION
country::IND,observation::IND::IQ.SPI.PIL5::2018,HAS_OBSERVATION
country::IND,observation::IND::IQ.SPI.PIL1::2018,HAS_OBSERVATION
country::IND,observation::IND::VC.IHR.PSRC.P5::2018,HAS_OBSERVATION
country::IND,observation::IND::VC.IDP.NWCV::2018,HAS_OBSERVATION
country::IND,observation::IND::TX.VAL.TECH.MF.ZS::2018,HAS_OBSERVATION
country::IND,observation::IND::TX.VAL.MRCH.XD.WD::2018,HAS_OBSERVATION
country::IND,observation::IND::TX.VAL.MRCH.R6.ZS::2018,HAS_OBSERVATION
country::IND,observation::IND::TX.VAL.MRCH.R2.ZS::2018,HAS_OBSERVATION
country::IND,observation::IND::TX.VAL.MRCH.CD.WT::2018,HAS_OBSERVATION
country::IND,observation::IND::TX.VAL.INSF.ZS.WT::2018,HAS_OBSERVATION
country::IND,observation::IND::TX.VAL.AGRI.ZS.UN::2018,HAS_OBSERVATION
country::IND,observation::IND::TT.PRI.MRCH.XD.WD::2018,HAS_OBSERVATION
country::IND,observation::IND::TM.VAL.OTHR.ZS.WT::2018,HAS_OBSERVATION
country::IND,observation::IND::TM.VAL.MRCH.RS.ZS::2018,HAS_OBSERVATION
country::IND,observation::IND::TM.VAL.MRCH.R3.ZS::2018,HAS_OBSERVATION
country::IND,observation::IND::TM.VAL.MRCH.HI.ZS::2018,HAS_OBSERVATION
country::IND,observation::IND::TM.VAL.MANF.ZS.UN::2018,HAS_OBSERVATION
country::IND,observation::IND::TM.VAL.FOOD.ZS.UN::2018,HAS_OBSERVATION
country::IND,observation::IND::TM.TAX.TCOM.WM.AR.ZS::2018,HAS_OBSERVATION
country::IND,observation::IND::TM.TAX.TCOM.BC.ZS::2018,HAS_OBSERVATION
country::IND,observation::IND::TM.TAX.MRCH.SM.AR.ZS::2018,HAS_OBSERVATION
country::IND,observation::IND::TM.TAX.MANF.WM.AR.ZS::2018,HAS_OBSERVATION
country::IND,observation::IND::TM.TAX.MANF.BC.ZS::2018,HAS_OBSERVATION
country::IND,observation::IND::ST.INT.XPND.CD::2018,HAS_OBSERVATION
country::IND,observation::IND::ST.INT.TRNR.CD::2018,HAS_OBSERVATION
country::IND,observation::IND::ST.INT.ARVL::2018,HAS_OBSERVATION
country::IND,observation::IND::SP.URB.GROW::2018,HAS_OBSERVATION
country::IND,observation::IND::SP.POP.TOTL.FE.ZS::2018,HAS_OBSERVATION
country::IND,observation::IND::SP.POP.SCIE.RD.P6::2018,HAS_OBSERVATION
country::IND,observation::IND::SP.POP.DPND::2018,HAS_OBSERVATION
country::IND,observation::IND::SP.POP.7579.MA.5Y::2018,HAS_OBSERVATION
country::IND,observation::IND::SP.POP.65UP.TO.ZS::2018,HAS_OBSERVATION
country::IND,observation::IND::SP.POP.65UP.FE.ZS::2018,HAS_OBSERVATION
country::IND,observation::IND::SP.POP.6064.MA.5Y::2018,HAS_OBSERVATION
country::IND,observation::IND::SP.POP.5054.MA.5Y::2018,HAS_OBSERVATION
country::IND,observation::IND::SP.POP.4044.MA.5Y::2018,HAS_OBSERVATION
country::IND,observation::IND::SP.POP.3034.MA.5Y::2018,HAS_OBSERVATION
country::IND,observation::IND::SP.POP.2024.MA.5Y::2018,HAS_OBSERVATION
country::IND,observation::IND::SP.POP.1564.MA.ZS::2018,HAS_OBSERVATION
country::IND,observation::IND::SP.POP.1519.MA.5Y::2018,HAS_OBSERVATION
country::IND,observation::IND::SP.POP.0509.MA.5Y::2018,HAS_OBSERVATION
country::IND,observation::IND::SP.POP.0014.MA.ZS::2018,HAS_OBSERVATION
country::IND,observation::IND::SP.POP.0004.MA.5Y::2018,HAS_OBSERVATION
country::IND,observation::IND::SP.DYN.TO65.FE.ZS::2018,HAS_OBSERVATION
country::IND,observation::IND::SP.DYN.LE00.FE.IN::2018,HAS_OBSERVATION
country::IND,observation::IND::SP.DYN.AMRT.MA::2018,HAS_OBSERVATION
country::IND,observation::IND::DT.NFL.WHOL.CD::2018,HAS_OBSERVATION
country::IND,observation::IND::DT.NFL.UNDP.CD::2018,HAS_OBSERVATION
country::IND,observation::IND::DT.NFL.UNCF.CD::2018,HAS_OBSERVATION
country::IND,observation::IND::DT.NFL.PROP.CD::2018,HAS_OBSERVATION
country::IND,observation::IND::DT.NFL.PCBK.CD::2018,HAS_OBSERVATION
country::IND,observation::IND::DT.NFL.MOTH.CD::2018,HAS_OBSERVATION
country::IND,observation::IND::DT.NFL.BOND.CD::2018,HAS_OBSERVATION
country::IND,observation::IND::VC.IHR.PSRC.MA.P5::2018,HAS_OBSERVATION
country::IND,observation::IND::VC.BTL.DETH::2018,HAS_OBSERVATION
country::IND,observation::IND::TX.VAL.TECH.CD::2018,HAS_OBSERVATION
country::IND,observation::IND::TX.VAL.MRCH.WR.ZS::2018,HAS_OBSERVATION
country::IND,observation::IND::TX.VAL.MRCH.R5.ZS::2018,HAS_OBSERVATION
country::IND,observation::IND::TX.VAL.MRCH.R1.ZS::2018,HAS_OBSERVATION
country::IND,observation::IND::TX.VAL.MRCH.AL.ZS::2018,HAS_OBSERVATION
country::IND,observation::IND::TX.VAL.ICTG.ZS.UN::2018,HAS_OBSERVATION
country::IND,observation::IND::TX.UVI.MRCH.XD.WD::2018,HAS_OBSERVATION
country::IND,observation::IND::TM.VAL.TRVL.ZS.WT::2018,HAS_OBSERVATION
country::IND,observation::IND::TM.VAL.MRCH.XD.WD::2018,HAS_OBSERVATION
country::IND,observation::IND::TM.VAL.MRCH.R6.ZS::2018,HAS_OBSERVATION
country::IND,observation::IND::TM.VAL.MRCH.R2.ZS::2018,HAS_OBSERVATION
country::IND,observation::IND::TM.VAL.MRCH.CD.WT::2018,HAS_OBSERVATION
country::IND,observation::IND::TM.VAL.INSF.ZS.WT::2018,HAS_OBSERVATION
country::IND,observation::IND::TM.VAL.AGRI.ZS.UN::2018,HAS_OBSERVATION
country::IND,observation::IND::TM.TAX.TCOM.SM.FN.ZS::2018,HAS_OBSERVATION
country::IND,observation::IND::TM.TAX.MRCH.WM.FN.ZS::2018,HAS_OBSERVATION
country::IND,observation::IND::TM.TAX.MRCH.BR.ZS::2018,HAS_OBSERVATION
country::IND,observation::IND::TM.TAX.MANF.SM.FN.ZS::2018,HAS_OBSERVATION
country::IND,observation::IND::TM.QTY.MRCH.XD.WD::2018,HAS_OBSERVATION
country::IND,observation::IND::ST.INT.TVLX.CD::2018,HAS_OBSERVATION
country::IND,observation::IND::ST.INT.RCPT.XP.ZS::2018,HAS_OBSERVATION
country::IND,observation::IND::SP.RUR.TOTL.ZS::2018,HAS_OBSERVATION
country::IND,observation::IND::SP.POP.TOTL.FE.IN::2018,HAS_OBSERVATION
country::IND,observation::IND::SP.POP.GROW::2018,HAS_OBSERVATION
country::IND,observation::IND::SP.POP.BRTH.MF::2018,HAS_OBSERVATION
country::IND,observation::IND::SP.POP.7579.FE.5Y::2018,HAS_OBSERVATION
country::IND,observation::IND::SP.POP.65UP.TO::2018,HAS_OBSERVATION
country::IND,observation::IND::SP.POP.65UP.FE.IN::2018,HAS_OBSERVATION
country::IND,observation::IND::SP.POP.6064.FE.5Y::2018,HAS_OBSERVATION
country::IND,observation::IND::SP.POP.5054.FE.5Y::2018,HAS_OBSERVATION
country::IND,observation::IND::SP.POP.4044.FE.5Y::2018,HAS_OBSERVATION
country::IND,observation::IND::SP.POP.3034.FE.5Y::2018,HAS_OBSERVATION
country::IND,observation::IND::SP.POP.2024.FE.5Y::2018,HAS_OBSERVATION
country::IND,observation::IND::SP.POP.1564.MA.IN::2018,HAS_OBSERVATION
country::IND,observation::IND::SP.POP.1519.FE.5Y::2018,HAS_OBSERVATION
country::IND,observation::IND::SP.POP.0509.FE.5Y::2018,HAS_OBSERVATION
country::IND,observation::IND::SP.POP.0014.MA.IN::2018,HAS_OBSERVATION
country::IND,observation::IND::SP.POP.0004.FE.5Y::2018,HAS_OBSERVATION
country::IND,observation::IND::SP.DYN.TFRT.IN::2018,HAS_OBSERVATION
country::IND,observation::IND::SP.DYN.IMRT.MA.IN::2018,HAS_OBSERVATION
country::IND,observation::IND::SP.DYN.AMRT.FE::2018,HAS_OBSERVATION
country::IND,observation::IND::SN.ITK.SALT.ZS::2018,HAS_OBSERVATION
country::IND,observation::IND::SM.POP.RHCR.EA::2018,HAS_OBSERVATION
country::IND,observation::IND::SM.POP.IDPC::2018,HAS_OBSERVATION
country::IND,observation::IND::SL.UEM.TOTL.NE.ZS::2018,HAS_OBSERVATION
country::IND,observation::IND::DT.NFL.UNFP.CD::2018,HAS_OBSERVATION
country::IND,observation::IND::DT.NFL.RDBN.CD::2018,HAS_OBSERVATION
country::IND,observation::IND::DT.NFL.PNGC.CD::2018,HAS_OBSERVATION
country::IND,observation::IND::DT.NFL.PBND.CD::2018,HAS_OBSERVATION
country::IND,observation::IND::DT.NFL.MLAT.CD::2018,HAS_OBSERVATION
country::IND,observation::IND::DT.NFL.IMFC.CD::2018,HAS_OBSERVATION
country::IND,observation::IND::DT.NFL.FAOG.CD::2018,HAS_OBSERVATION
country::IND,observation::IND::DT.NFL.BLAT.CD::2018,HAS_OBSERVATION
country::IND,observation::IND::DT.DOD.MWBG.CD::2018,HAS_OBSERVATION
country::IND,observation::IND::DT.DOD.DSTC.XP.ZS::2018,HAS_OBSERVATION
country::IND,observation::IND::DT.DOD.DPNG.CD::2018,HAS_OBSERVATION
country::IND,observation::IND::DT.DOD.DECT.CD::2018,HAS_OBSERVATION
country::IND,observation::IND::VC.IDP.NWDS::2018,HAS_OBSERVATION
country::IND,observation::IND::TX.VAL.TRAN.ZS.WT::2018,HAS_OBSERVATION
country::IND,observation::IND::TX.VAL.OTHR.ZS.WT::2018,HAS_OBSERVATION
country::IND,observation::IND::TX.VAL.MRCH.RS.ZS::2018,HAS_OBSERVATION
country::IND,observation::IND::TX.VAL.MRCH.R3.ZS::2018,HAS_OBSERVATION
country::IND,observation::IND::TX.VAL.MRCH.HI.ZS::2018,HAS_OBSERVATION
country::IND,observation::IND::TX.VAL.MANF.ZS.UN::2018,HAS_OBSERVATION
country::IND,observation::IND::TX.VAL.FOOD.ZS.UN::2018,HAS_OBSERVATION
country::IND,observation::IND::TX.MNF.TECH.ZS.UN::2018,HAS_OBSERVATION
country::IND,observation::IND::TM.VAL.SERV.CD.WT::2018,HAS_OBSERVATION
country::IND,observation::IND::TM.VAL.MRCH.WL.CD::2018,HAS_OBSERVATION
country::IND,observation::IND::TM.VAL.MRCH.R4.ZS::2018,HAS_OBSERVATION
country::IND,observation::IND::TM.VAL.MRCH.OR.ZS::2018,HAS_OBSERVATION
country::IND,observation::IND::TM.VAL.MMTL.ZS.UN::2018,HAS_OBSERVATION
country::IND,observation::IND::TM.VAL.FUEL.ZS.UN::2018,HAS_OBSERVATION
country::IND,observation::IND::TM.TAX.TCOM.WM.FN.ZS::2018,HAS_OBSERVATION
country::IND,observation::IND::TM.TAX.TCOM.BR.ZS::2018,HAS_OBSERVATION
country::IND,observation::IND::TM.TAX.MRCH.SM.FN.ZS::2018,HAS_OBSERVATION
country::IND,observation::IND::TM.TAX.MANF.WM.FN.ZS::2018,HAS_OBSERVATION
country::IND,observation::IND::TM.TAX.MANF.BR.ZS::2018,HAS_OBSERVATION
country::IND,observation::IND::ST.INT.XPND.MP.ZS::2018,HAS_OBSERVATION
country::IND,observation::IND::ST.INT.TRNX.CD::2018,HAS_OBSERVATION
country::IND,observation::IND::ST.INT.DPRT::2018,HAS_OBSERVATION
country::IND,observation::IND::SP.URB.TOTL::2018,HAS_OBSERVATION
country::IND,observation::IND::SP.RUR.TOTL::2018,HAS_OBSERVATION
country::IND,observation::IND::SP.POP.TOTL.MA.IN::2018,HAS_OBSERVATION
country::IND,observation::IND::SP.POP.TECH.RD.P6::2018,HAS_OBSERVATION
country::IND,observation::IND::SP.POP.DPND.OL::2018,HAS_OBSERVATION
country::IND,observation::IND::SP.POP.80UP.FE.5Y::2018,HAS_OBSERVATION
country::IND,observation::IND::SP.POP.7074.FE.5Y::2018,HAS_OBSERVATION
country::IND,observation::IND::SP.POP.65UP.MA.IN::2018,HAS_OBSERVATION
country::IND,observation::IND::SP.POP.6569.FE.5Y::2018,HAS_OBSERVATION
country::IND,observation::IND::SP.POP.5559.FE.5Y::2018,HAS_OBSERVATION
country::IND,observation::IND::SP.POP.4549.FE.5Y::2018,HAS_OBSERVATION
country::IND,observation::IND::SP.POP.3539.FE.5Y::2018,HAS_OBSERVATION
country::IND,observation::IND::SP.POP.2529.FE.5Y::2018,HAS_OBSERVATION
country::IND,observation::IND::SP.POP.1564.TO::2018,HAS_OBSERVATION
country::IND,observation::IND::SP.POP.1564.FE.IN::2018,HAS_OBSERVATION
country::IND,observation::IND::SP.POP.1014.FE.5Y::2018,HAS_OBSERVATION
country::IND,observation::IND::SP.POP.0014.TO::2018,HAS_OBSERVATION
country::IND,observation::IND::SP.POP.0014.FE.IN::2018,HAS_OBSERVATION
country::IND,observation::IND::SP.DYN.TO65.MA.ZS::2018,HAS_OBSERVATION
country::IND,observation::IND::SP.DYN.LE00.IN::2018,HAS_OBSERVATION
country::IND,observation::IND::SP.DYN.IMRT.FE.IN::2018,HAS_OBSERVATION
country::IND,observation::IND::SP.DYN.CBRT.IN::2018,HAS_OBSERVATION
country::IND,observation::IND::SN.ITK.VITA.ZS::2018,HAS_OBSERVATION
country::IND,observation::IND::SN.ITK.DEFC.ZS::2018,HAS_OBSERVATION
country::IND,observation::IND::DT.NFL.UNCR.CD::2018,HAS_OBSERVATION
country::IND,observation::IND::DT.NFL.PRVT.CD::2018,HAS_OBSERVATION
country::IND,observation::IND::DT.NFL.PCBO.CD::2018,HAS_OBSERVATION
country::IND,observation::IND::DT.NFL.NIFC.CD::2018,HAS_OBSERVATION
country::IND,observation::IND::DT.NFL.MIBR.CD::2018,HAS_OBSERVATION
country::IND,observation::IND::VC.IHR.PSRC.FE.P5::2018,HAS_OBSERVATION
country::IND,observation::IND::TX.VAL.TRVL.ZS.WT::2018,HAS_OBSERVATION
country::IND,observation::IND::TX.VAL.SERV.CD.WT::2018,HAS_OBSERVATION
country::IND,observation::IND::TX.VAL.MRCH.WL.CD::2018,HAS_OBSERVATION
country::IND,observation::IND::TX.VAL.MRCH.R4.ZS::2018,HAS_OBSERVATION
country::IND,observation::IND::TX.VAL.MRCH.OR.ZS::2018,HAS_OBSERVATION
country::IND,observation::IND::TX.VAL.MMTL.ZS.UN::2018,HAS_OBSERVATION
country::IND,observation::IND::TX.VAL.FUEL.ZS.UN::2018,HAS_OBSERVATION
country::IND,observation::IND::TX.QTY.MRCH.XD.WD::2018,HAS_OBSERVATION
country::IND,observation::IND::TM.VAL.TRAN.ZS.WT::2018,HAS_OBSERVATION
country::IND,observation::IND::TM.VAL.MRCH.WR.ZS::2018,HAS_OBSERVATION
country::IND,observation::IND::TM.VAL.MRCH.R5.ZS::2018,HAS_OBSERVATION
country::IND,observation::IND::TM.VAL.MRCH.R1.ZS::2018,HAS_OBSERVATION
country::IND,observation::IND::TM.VAL.MRCH.AL.ZS::2018,HAS_OBSERVATION
country::IND,observation::IND::TM.VAL.ICTG.ZS.UN::2018,HAS_OBSERVATION
country::IND,observation::IND::TM.UVI.MRCH.XD.WD::2018,HAS_OBSERVATION
country::IND,observation::IND::TM.TAX.TCOM.SM.AR.ZS::2018,HAS_OBSERVATION
country::IND,observation::IND::TM.TAX.MRCH.WM.AR.ZS::2018,HAS_OBSERVATION
country::IND,observation::IND::TM.TAX.MRCH.BC.ZS::2018,HAS_OBSERVATION
country::IND,observation::IND::TM.TAX.MANF.SM.AR.ZS::2018,HAS_OBSERVATION
country::IND,observation::IND::TG.VAL.TOTL.GD.ZS::2018,HAS_OBSERVATION
country::IND,observation::IND::ST.INT.TVLR.CD::2018,HAS_OBSERVATION
country::IND,observation::IND::ST.INT.RCPT.CD::2018,HAS_OBSERVATION
country::IND,observation::IND::SP.URB.TOTL.IN.ZS::2018,HAS_OBSERVATION
country::IND,observation::IND::SP.RUR.TOTL.ZG::2018,HAS_OBSERVATION
country::IND,observation::IND::SP.POP.TOTL.MA.ZS::2018,HAS_OBSERVATION
country::IND,observation::IND::SP.POP.TOTL::2018,HAS_OBSERVATION
country::IND,observation::IND::SP.POP.DPND.YG::2018,HAS_OBSERVATION
country::IND,observation::IND::SP.POP.80UP.MA.5Y::2018,HAS_OBSERVATION
country::IND,observation::IND::SP.POP.7074.MA.5Y::2018,HAS_OBSERVATION
country::IND,observation::IND::SP.POP.65UP.MA.ZS::2018,HAS_OBSERVATION
country::IND,observation::IND::SP.POP.6569.MA.5Y::2018,HAS_OBSERVATION
country::IND,observation::IND::SP.POP.5559.MA.5Y::2018,HAS_OBSERVATION
country::IND,observation::IND::SP.POP.4549.MA.5Y::2018,HAS_OBSERVATION
country::IND,observation::IND::SP.POP.3539.MA.5Y::2018,HAS_OBSERVATION
country::IND,observation::IND::SP.POP.2529.MA.5Y::2018,HAS_OBSERVATION
country::IND,observation::IND::SP.POP.1564.TO.ZS::2018,HAS_OBSERVATION
country::IND,observation::IND::SP.POP.1564.FE.ZS::2018,HAS_OBSERVATION
country::IND,observation::IND::SP.POP.1014.MA.5Y::2018,HAS_OBSERVATION
country::IND,observation::IND::SP.POP.0014.TO.ZS::2018,HAS_OBSERVATION
country::IND,observation::IND::SP.POP.0014.FE.ZS::2018,HAS_OBSERVATION
country::IND,observation::IND::SP.DYN.LE00.MA.IN::2018,HAS_OBSERVATION
country::IND,observation::IND::SP.DYN.IMRT.IN::2018,HAS_OBSERVATION
country::IND,observation::IND::SP.DYN.CDRT.IN::2018,HAS_OBSERVATION
country::IND,observation::IND::SP.ADO.TFRT::2018,HAS_OBSERVATION
country::IND,observation::IND::SM.POP.FDIP::2018,HAS_OBSERVATION
country::IND,observation::IND::DT.ODA.ALLD.CD::2018,HAS_OBSERVATION
country::IND,observation::IND::DT.NFL.UNAI.CD::2018,HAS_OBSERVATION
country::IND,observation::IND::DT.NFL.PNGB.CD::2018,HAS_OBSERVATION
country::IND,observation::IND::DT.NFL.OFFT.CD::2018,HAS_OBSERVATION
country::IND,observation::IND::DT.NFL.MIDA.CD::2018,HAS_OBSERVATION
country::IND,observation::IND::DT.NFL.ILOG.CD::2018,HAS_OBSERVATION
country::IND,observation::IND::DT.NFL.DPNG.CD::2018,HAS_OBSERVATION
country::IND,observation::IND::IP.PAT.NRES::2018,HAS_OBSERVATION
country::IND,observation::IND::IE.PPN.WATR.CD::2018,HAS_OBSERVATION
country::IND,observation::IND::IE.PPI.WATR.CD::2018,HAS_OBSERVATION
country::IND,observation::IND::IC.BUS.NDNS.ZS::2018,HAS_OBSERVATION
country::IND,observation::IND::GF.XPD.BUDG.ZS::2018,HAS_OBSERVATION
country::IND,observation::IND::GC.XPN.TRFT.ZS::2018,HAS_OBSERVATION
country::IND,observation::IND::GC.XPN.OTHR.ZS::2018,HAS_OBSERVATION
country::IND,observation::IND::GC.XPN.INTP.CN::2018,HAS_OBSERVATION
country::IND,observation::IND::GC.XPN.COMP.CN::2018,HAS_OBSERVATION
country::IND,observation::IND::GC.TAX.TOTL.GD.ZS::2018,HAS_OBSERVATION
country::IND,observation::IND::GC.TAX.INTT.RV.ZS::2018,HAS_OBSERVATION
country::IND,observation::IND::GC.TAX.GSRV.VA.ZS::2018,HAS_OBSERVATION
country::IND,observation::IND::GC.TAX.EXPT.CN::2018,HAS_OBSERVATION
country::IND,observation::IND::GC.REV.SOCL.CN::2018,HAS_OBSERVATION
country::IND,observation::IND::GC.NLD.TOTL.CN::2018,HAS_OBSERVATION
country::IND,observation::IND::GC.LBL.TOTL.CN::2018,HAS_OBSERVATION
country::IND,observation::IND::GC.AST.TOTL.CN::2018,HAS_OBSERVATION
country::IND,observation::IND::FR.INR.RINR::2018,HAS_OBSERVATION
country::IND,observation::IND::FP.WPI.TOTL::2018,HAS_OBSERVATION
country::IND,observation::IND::FM.LBL.BMNY.IR.ZS::2018,HAS_OBSERVATION
country::IND,observation::IND::FM.AST.PRVT.GD.ZS::2018,HAS_OBSERVATION
country::IND,observation::IND::IP.TMK.RSCT::2018,HAS_OBSERVATION
country::IND,observation::IND::IP.JRN.ARTC.SC::2018,HAS_OBSERVATION
country::IND,observation::IND::IE.PPN.TRAN.CD::2018,HAS_OBSERVATION
country::IND,observation::IND::IE.PPI.TRAN.CD::2018,HAS_OBSERVATION
country::IND,observation::IND::GC.XPN.TRFT.CN::2018,HAS_OBSERVATION
country::IND,observation::IND::GC.XPN.OTHR.CN::2018,HAS_OBSERVATION
country::IND,observation::IND::GC.XPN.GSRV.ZS::2018,HAS_OBSERVATION
country::IND,observation::IND::GC.TAX.YPKG.ZS::2018,HAS_OBSERVATION
country::IND,observation::IND::GC.TAX.TOTL.CN::2018,HAS_OBSERVATION
country::IND,observation::IND::GC.TAX.INTT.CN::2018,HAS_OBSERVATION
country::IND,observation::IND::GC.TAX.GSRV.RV.ZS::2018,HAS_OBSERVATION
country::IND,observation::IND::GC.REV.XGRT.GD.ZS::2018,HAS_OBSERVATION
country::IND,observation::IND::GC.REV.GOTR.ZS::2018,HAS_OBSERVATION
country::IND,observation::IND::GC.NFN.TOTL.GD.ZS::2018,HAS_OBSERVATION
country::IND,observation::IND::GC.DOD.TOTL.GD.ZS::2018,HAS_OBSERVATION
country::IND,observation::IND::GB.XPD.RSDV.GD.ZS::2018,HAS_OBSERVATION
country::IND,observation::IND::FP.CPI.TOTL.ZG::2018,HAS_OBSERVATION
country::IND,observation::IND::FM.LBL.BMNY.GD.ZS::2018,HAS_OBSERVATION
country::IND,observation::IND::FM.AST.NFRG.CN::2018,HAS_OBSERVATION
country::IND,observation::IND::IP.PAT.RESD::2018,HAS_OBSERVATION
country::IND,observation::IND::IP.IDS.NRCT::2018,HAS_OBSERVATION
country::IND,observation::IND::IE.PPN.ENGY.CD::2018,HAS_OBSERVATION
country::IND,observation::IND::IE.PPI.ENGY.CD::2018,HAS_OBSERVATION
country::IND,observation::IND::IC.BUS.NREG::2018,HAS_OBSERVATION
country::IND,observation::IND::GC.XPN.TOTL.CN::2018,HAS_OBSERVATION
country::IND,observation::IND::GC.XPN.INTP.RV.ZS::2018,HAS_OBSERVATION
country::IND,observation::IND::GC.XPN.COMP.ZS::2018,HAS_OBSERVATION
country::IND,observation::IND::GC.TAX.YPKG.CN::2018,HAS_OBSERVATION
country::IND,observation::IND::GC.TAX.OTHR.CN::2018,HAS_OBSERVATION
country::IND,observation::IND::GC.TAX.IMPT.CN::2018,HAS_OBSERVATION
country::IND,observation::IND::GC.TAX.EXPT.ZS::2018,HAS_OBSERVATION
country::IND,observation::IND::GC.REV.SOCL.ZS::2018,HAS_OBSERVATION
country::IND,observation::IND::GC.NLD.TOTL.GD.ZS::2018,HAS_OBSERVATION
country::IND,observation::IND::GC.LBL.TOTL.GD.ZS::2018,HAS_OBSERVATION
country::IND,observation::IND::GC.AST.TOTL.GD.ZS::2018,HAS_OBSERVATION
country::IND,observation::IND::FS.AST.PRVT.GD.ZS::2018,HAS_OBSERVATION
country::IND,observation::IND::IP.TMK.NRCT::2018,HAS_OBSERVATION
country::IND,observation::IND::IP.IDS.RSCT::2018,HAS_OBSERVATION
country::IND,observation::IND::GC.XPN.TOTL.GD.ZS::2018,HAS_OBSERVATION
country::IND,observation::IND::GC.XPN.INTP.ZS::2018,HAS_OBSERVATION
country::IND,observation::IND::GC.XPN.GSRV.CN::2018,HAS_OBSERVATION
country::IND,observation::IND::GC.TAX.YPKG.RV.ZS::2018,HAS_OBSERVATION
country::IND,observation::IND::GC.TAX.OTHR.RV.ZS::2018,HAS_OBSERVATION
country::IND,observation::IND::GC.TAX.IMPT.ZS::2018,HAS_OBSERVATION
country::IND,observation::IND::GC.TAX.GSRV.CN::2018,HAS_OBSERVATION
country::IND,observation::IND::GC.REV.XGRT.CN::2018,HAS_OBSERVATION
country::IND,observation::IND::GC.REV.GOTR.CN::2018,HAS_OBSERVATION
country::IND,observation::IND::GC.NFN.TOTL.CN::2018,HAS_OBSERVATION
country::IND,observation::IND::GC.DOD.TOTL.CN::2018,HAS_OBSERVATION
country::IND,observation::IND::FS.AST.CGOV.GD.ZS::2018,HAS_OBSERVATION
country::IND,observation::IND::FM.AST.CGOV.ZG.M3::2018,HAS_OBSERVATION
country::IND,observation::IND::FI.RES.TOTL.CD::2018,HAS_OBSERVATION
country::IND,observation::IND::FB.AST.NPER.ZS::2018,HAS_OBSERVATION
country::IND,observation::IND::ER.H2O.INTR.PC::2018,HAS_OBSERVATION
country::IND,observation::IND::ER.H2O.FWST.ZS::2018,HAS_OBSERVATION
country::IND,observation::IND::ER.GDP.FWTL.M3.KD::2018,HAS_OBSERVATION
country::IND,observation::IND::EN.URB.MCTY.TL.ZS::2018,HAS_OBSERVATION
country::IND,observation::IND::EN.POP.SLUM.UR.ZS::2018,HAS_OBSERVATION
country::IND,observation::IND::EN.POP.DNST::2018,HAS_OBSERVATION
country::IND,observation::IND::EN.GHG.N2O.ZG.AR5::2018,HAS_OBSERVATION
country::IND,observation::IND::EN.GHG.N2O.MT.CE.AR5::2018,HAS_OBSERVATION
country::IND,observation::IND::EN.GHG.N2O.BU.MT.CE.AR5::2018,HAS_OBSERVATION
country::IND,observation::IND::EN.GHG.CO2.PI.MT.CE.AR5::2018,HAS_OBSERVATION
country::IND,observation::IND::EN.GHG.CO2.LU.OL.MT.CE.AR5::2018,HAS_OBSERVATION
country::IND,observation::IND::EN.GHG.CO2.IP.MT.CE.AR5::2018,HAS_OBSERVATION
country::IND,observation::IND::EN.GHG.CO2.AG.MT.CE.AR5::2018,HAS_OBSERVATION
country::IND,observation::IND::EN.GHG.CH4.PI.MT.CE.AR5::2018,HAS_OBSERVATION
country::IND,observation::IND::EN.GHG.CH4.FE.MT.CE.AR5::2018,HAS_OBSERVATION
country::IND,observation::IND::EN.GHG.ALL.MT.CE.AR5::2018,HAS_OBSERVATION
country::IND,observation::IND::EG.USE.ELEC.KH.PC::2018,HAS_OBSERVATION
country::IND,observation::IND::EG.USE.COMM.CL.ZS::2018,HAS_OBSERVATION
country::IND,observation::IND::EG.FEC.RNEW.ZS::2018,HAS_OBSERVATION
country::IND,observation::IND::EG.ELC.PETR.ZS::2018,HAS_OBSERVATION
country::IND,observation::IND::EG.ELC.HYRO.ZS::2018,HAS_OBSERVATION
country::IND,observation::IND::EG.ELC.ACCS.UR.ZS::2018,HAS_OBSERVATION
country::IND,observation::IND::EG.CFT.ACCS.UR.ZS::2018,HAS_OBSERVATION
country::IND,observation::IND::DT.TDS.DPPG.XP.ZS::2018,HAS_OBSERVATION
country::IND,observation::IND::DT.TDS.DIMF.CD::2018,HAS_OBSERVATION
country::IND,observation::IND::DT.ODA.ODAT.XP.ZS::2018,HAS_OBSERVATION
country::IND,observation::IND::DT.ODA.ODAT.GN.ZS::2018,HAS_OBSERVATION
country::IND,observation::IND::FI.RES.XGLD.CD::2018,HAS_OBSERVATION
country::IND,observation::IND::FD.RES.LIQU.AS.ZS::2018,HAS_OBSERVATION
country::IND,observation::IND::FB.CBK.BRCH.P5::2018,HAS_OBSERVATION
country::IND,observation::IND::ER.PTD.TOTL.ZS::2018,HAS_OBSERVATION
country::IND,observation::IND::ER.H2O.INTR.K3::2018,HAS_OBSERVATION
country::IND,observation::IND::ER.H2O.FWIN.ZS::2018,HAS_OBSERVATION
country::IND,observation::IND::ER.FSH.PROD.MT::2018,HAS_OBSERVATION
country::IND,observation::IND::EN.URB.MCTY::2018,HAS_OBSERVATION
country::IND,observation::IND::EN.MAM.THRD.NO::2018,HAS_OBSERVATION
country::IND,observation::IND::EN.GHG.N2O.WA.MT.CE.AR5::2018,HAS_OBSERVATION
country::IND,observation::IND::EN.GHG.N2O.IP.MT.CE.AR5::2018,HAS_OBSERVATION
country::IND,observation::IND::EN.GHG.N2O.AG.MT.CE.AR5::2018,HAS_OBSERVATION
country::IND,observation::IND::EN.GHG.CO2.TR.MT.CE.AR5::2018,HAS_OBSERVATION
country::IND,observation::IND::EN.GHG.CO2.PC.CE.AR5::2018,HAS_OBSERVATION
country::IND,observation::IND::EN.GHG.CO2.LU.MT.CE.AR5::2018,HAS_OBSERVATION
country::IND,observation::IND::EN.GHG.CO2.IC.MT.CE.AR5::2018,HAS_OBSERVATION
country::IND,observation::IND::EN.GHG.CH4.ZG.AR5::2018,HAS_OBSERVATION
country::IND,observation::IND::EN.GHG.CH4.MT.CE.AR5::2018,HAS_OBSERVATION
country::IND,observation::IND::EN.GHG.CH4.BU.MT.CE.AR5::2018,HAS_OBSERVATION
country::IND,observation::IND::EN.GHG.ALL.LU.MT.CE.AR5::2018,HAS_OBSERVATION
country::IND,observation::IND::EN.BIR.THRD.NO::2018,HAS_OBSERVATION
country::IND,observation::IND::EG.USE.CRNW.ZS::2018,HAS_OBSERVATION
country::IND,observation::IND::EG.IMP.CONS.ZS::2018,HAS_OBSERVATION
country::IND,observation::IND::EG.ELC.RNWX.ZS::2018,HAS_OBSERVATION
country::IND,observation::IND::EG.ELC.NUCL.ZS::2018,HAS_OBSERVATION
country::IND,observation::IND::EG.ELC.FOSL.ZS::2018,HAS_OBSERVATION
country::IND,observation::IND::EG.ELC.ACCS.RU.ZS::2018,HAS_OBSERVATION
country::IND,observation::IND::EG.CFT.ACCS.RU.ZS::2018,HAS_OBSERVATION
country::IND,observation::IND::DT.TDS.DPPG.GN.ZS::2018,HAS_OBSERVATION
country::IND,observation::IND::DT.TDS.DECT.GN.ZS::2018,HAS_OBSERVATION
country::IND,observation::IND::DT.ODA.ODAT.PC.ZS::2018,HAS_OBSERVATION
country::IND,observation::IND::DT.ODA.ODAT.GI.ZS::2018,HAS_OBSERVATION
country::IND,observation::IND::DT.ODA.ALLD.KD::2018,HAS_OBSERVATION
country::IND,observation::IND::FM.LBL.BMNY.ZG::2018,HAS_OBSERVATION
country::IND,observation::IND::FM.AST.PRVT.ZG.M3::2018,HAS_OBSERVATION
country::IND,observation::IND::FM.AST.DOMO.ZG.M3::2018,HAS_OBSERVATION
country::IND,observation::IND::FI.RES.TOTL.DT.ZS::2018,HAS_OBSERVATION
country::IND,observation::IND::FB.ATM.TOTL.P5::2018,HAS_OBSERVATION
country::IND,observation::IND::ER.LND.PTLD.ZS::2018,HAS_OBSERVATION
country::IND,observation::IND::ER.H2O.FWTL.K3::2018,HAS_OBSERVATION
country::IND,observation::IND::ER.H2O.FWAG.ZS::2018,HAS_OBSERVATION
country::IND,observation::IND::ER.FSH.AQUA.MT::2018,HAS_OBSERVATION
country::IND,observation::IND::EN.URB.LCTY::2018,HAS_OBSERVATION
country::IND,observation::IND::EN.GHG.TOT.ZG.AR5::2018,HAS_OBSERVATION
country::IND,observation::IND::EN.GHG.N2O.PI.MT.CE.AR5::2018,HAS_OBSERVATION
country::IND,observation::IND::EN.GHG.N2O.FE.MT.CE.AR5::2018,HAS_OBSERVATION
country::IND,observation::IND::EN.GHG.CO2.ZG.AR5::2018,HAS_OBSERVATION
country::IND,observation::IND::EN.GHG.CO2.RT.GDP.KD::2018,HAS_OBSERVATION
country::IND,observation::IND::EN.GHG.CO2.LU.OS.MT.CE.AR5::2018,HAS_OBSERVATION
country::IND,observation::IND::EN.GHG.CO2.LU.DF.MT.CE.AR5::2018,HAS_OBSERVATION
country::IND,observation::IND::EN.GHG.CO2.BU.MT.CE.AR5::2018,HAS_OBSERVATION
country::IND,observation::IND::EN.GHG.CH4.TR.MT.CE.AR5::2018,HAS_OBSERVATION
country::IND,observation::IND::EN.GHG.CH4.IC.MT.CE.AR5::2018,HAS_OBSERVATION
country::IND,observation::IND::EN.GHG.ALL.PC.CE.AR5::2018,HAS_OBSERVATION
country::IND,observation::IND::EG.USE.PCAP.KG.OE::2018,HAS_OBSERVATION
country::IND,observation::IND::EG.USE.COMM.FO.ZS::2018,HAS_OBSERVATION
country::IND,observation::IND::EG.GDP.PUSE.KO.PP::2018,HAS_OBSERVATION
country::IND,observation::IND::EG.ELC.RNEW.ZS::2018,HAS_OBSERVATION
country::IND,observation::IND::EG.ELC.LOSS.ZS::2018,HAS_OBSERVATION
country::IND,observation::IND::EG.ELC.ACCS.ZS::2018,HAS_OBSERVATION
country::IND,observation::IND::EG.CFT.ACCS.ZS::2018,HAS_OBSERVATION
country::IND,observation::IND::DT.TDS.MLAT.CD::2018,HAS_OBSERVATION
country::IND,observation::IND::DT.TDS.DPPF.XP.ZS::2018,HAS_OBSERVATION
country::IND,observation::IND::DT.TDS.DECT.CD::2018,HAS_OBSERVATION
country::IND,observation::IND::DT.ODA.ODAT.KD::2018,HAS_OBSERVATION
country::IND,observation::IND::FR.INR.LEND::2018,HAS_OBSERVATION
country::IND,observation::IND::FP.CPI.TOTL::2018,HAS_OBSERVATION
country::IND,observation::IND::FM.LBL.BMNY.CN::2018,HAS_OBSERVATION
country::IND,observation::IND::FM.AST.DOMS.CN::2018,HAS_OBSERVATION
country::IND,observation::IND::FI.RES.TOTL.MO::2018,HAS_OBSERVATION
country::IND,observation::IND::FD.AST.PRVT.GD.ZS::2018,HAS_OBSERVATION
country::IND,observation::IND::FB.BNK.CAPA.ZS::2018,HAS_OBSERVATION
country::IND,observation::IND::ER.MRN.PTMR.ZS::2018,HAS_OBSERVATION
country::IND,observation::IND::ER.H2O.FWTL.ZS::2018,HAS_OBSERVATION
country::IND,observation::IND::ER.H2O.FWDM.ZS::2018,HAS_OBSERVATION
country::IND,observation::IND::ER.FSH.CAPT.MT::2018,HAS_OBSERVATION
country::IND,observation::IND::EN.URB.LCTY.UR.ZS::2018,HAS_OBSERVATION
country::IND,observation::IND::EN.HPT.THRD.NO::2018,HAS_OBSERVATION
country::IND,observation::IND::EN.GHG.N2O.TR.MT.CE.AR5::2018,HAS_OBSERVATION
country::IND,observation::IND::EN.GHG.N2O.IC.MT.CE.AR5::2018,HAS_OBSERVATION
country::IND,observation::IND::EN.GHG.FGAS.IP.MT.CE.AR5::2018,HAS_OBSERVATION
country::IND,observation::IND::EN.GHG.CO2.RT.GDP.PP.KD::2018,HAS_OBSERVATION
country::IND,observation::IND::EN.GHG.CO2.MT.CE.AR5::2018,HAS_OBSERVATION
country::IND,observation::IND::EN.GHG.CO2.LU.FL.MT.CE.AR5::2018,HAS_OBSERVATION
country::IND,observation::IND::EN.GHG.CO2.FE.MT.CE.AR5::2018,HAS_OBSERVATION
country::IND,observation::IND::EN.GHG.CH4.WA.MT.CE.AR5::2018,HAS_OBSERVATION
country::IND,observation::IND::EN.GHG.CH4.IP.MT.CE.AR5::2018,HAS_OBSERVATION
country::IND,observation::IND::EN.GHG.CH4.AG.MT.CE.AR5::2018,HAS_OBSERVATION
country::IND,observation::IND::EN.FSH.THRD.NO::2018,HAS_OBSERVATION
country::IND,observation::IND::EN.ATM.PM25.MC.M3::2018,HAS_OBSERVATION
country::IND,observation::IND::EG.USE.COMM.GD.PP.KD::2018,HAS_OBSERVATION
country::IND,observation::IND::EG.GDP.PUSE.KO.PP.KD::2018,HAS_OBSERVATION
country::IND,observation::IND::EG.ELC.RNWX.KH::2018,HAS_OBSERVATION
country::IND,observation::IND::EG.ELC.NGAS.ZS::2018,HAS_OBSERVATION
country::IND,observation::IND::EG.ELC.COAL.ZS::2018,HAS_OBSERVATION
country::IND,observation::IND::EG.EGY.PRIM.PP.KD::2018,HAS_OBSERVATION
country::IND,observation::IND::DT.TDS.MLAT.PG.ZS::2018,HAS_OBSERVATION
country::IND,observation::IND::DT.TDS.DPPG.CD::2018,HAS_OBSERVATION
country::IND,observation::IND::DT.TDS.DECT.EX.ZS::2018,HAS_OBSERVATION
country::IND,observation::IND::DT.ODA.ODAT.MP.ZS::2018,HAS_OBSERVATION
country::IND,observation::IND::DT.ODA.ODAT.CD::2018,HAS_OBSERVATION
country::IND,observation::IND::SM.POP.RHCR.EO::2019,HAS_OBSERVATION
country::IND,observation::IND::SM.POP.NETM::2019,HAS_OBSERVATION
country::IND,observation::IND::SM.POP.ASYS.EA::2019,HAS_OBSERVATION
country::IND,observation::IND::SL.UEM.TOTL.ZS::2019,HAS_OBSERVATION
country::IND,observation::IND::SL.UEM.TOTL.FE.ZS::2019,HAS_OBSERVATION
country::IND,observation::IND::SL.UEM.NEET.MA.ZS::2019,HAS_OBSERVATION
country::IND,observation::IND::SL.UEM.INTM.ZS::2019,HAS_OBSERVATION
country::IND,observation::IND::SL.UEM.BASC.MA.ZS::2019,HAS_OBSERVATION
country::IND,observation::IND::SL.UEM.ADVN.FE.ZS::2019,HAS_OBSERVATION
country::IND,observation::IND::SL.UEM.1524.MA.NE.ZS::2019,HAS_OBSERVATION
country::IND,observation::IND::SL.TLF.TOTL.FE.ZS::2019,HAS_OBSERVATION
country::IND,observation::IND::SL.TLF.INTM.ZS::2019,HAS_OBSERVATION
country::IND,observation::IND::SL.TLF.CACT.NE.ZS::2019,HAS_OBSERVATION
country::IND,observation::IND::SL.TLF.CACT.FM.NE.ZS::2019,HAS_OBSERVATION
country::IND,observation::IND::SL.TLF.BASC.MA.ZS::2019,HAS_OBSERVATION
country::IND,observation::IND::SL.TLF.ADVN.FE.ZS::2019,HAS_OBSERVATION
country::IND,observation::IND::SL.TLF.ACTI.1524.ZS::2019,HAS_OBSERVATION
country::IND,observation::IND::SL.TLF.ACTI.1524.FE.ZS::2019,HAS_OBSERVATION
country::IND,observation::IND::SL.GDP.PCAP.EM.KD::2019,HAS_OBSERVATION
country::IND,observation::IND::SL.EMP.WORK.MA.ZS::2019,HAS_OBSERVATION
country::IND,observation::IND::SL.EMP.VULN.FE.ZS::2019,HAS_OBSERVATION
country::IND,observation::IND::SL.EMP.TOTL.SP.MA.NE.ZS::2019,HAS_OBSERVATION
country::IND,observation::IND::SL.EMP.SELF.ZS::2019,HAS_OBSERVATION
country::IND,observation::IND::SL.EMP.MPYR.MA.ZS::2019,HAS_OBSERVATION
country::IND,observation::IND::SL.EMP.1524.SP.MA.ZS::2019,HAS_OBSERVATION
country::IND,observation::IND::SL.AGR.EMPL.ZS::2019,HAS_OBSERVATION
country::IND,observation::IND::SI.RMT.COST.IB.ZS::2019,HAS_OBSERVATION
country::IND,observation::IND::SH_UHC_SCI_RMNCH::2019,HAS_OBSERVATION
country::IND,observation::IND::SH_UHC_SCI::2019,HAS_OBSERVATION
country::IND,observation::IND::SH.XPD.PVTD.CH.ZS::2019,HAS_OBSERVATION
country::IND,observation::IND::SH.XPD.GHED.PP.CD::2019,HAS_OBSERVATION
country::IND,observation::IND::SH.XPD.GHED.CH.ZS::2019,HAS_OBSERVATION
country::IND,observation::IND::SH.XPD.CHEX.PP.CD::2019,HAS_OBSERVATION
country::IND,observation::IND::SH.TBS.INCD::2019,HAS_OBSERVATION
country::IND,observation::IND::DT.DOD.DSTC.ZS::2019,HAS_OBSERVATION
country::IND,observation::IND::DT.DOD.DPPG.CD::2019,HAS_OBSERVATION
country::IND,observation::IND::DT.DOD.DECT.GN.ZS::2019,HAS_OBSERVATION
country::IND,observation::IND::DC.DAC.TOTL.CD::2019,HAS_OBSERVATION
country::IND,observation::IND::DC.DAC.PRTL.CD::2019,HAS_OBSERVATION
country::IND,observation::IND::DC.DAC.NLDL.CD::2019,HAS_OBSERVATION
country::IND,observation::IND::DC.DAC.JPNL.CD::2019,HAS_OBSERVATION
country::IND,observation::IND::DC.DAC.HUNL.CD::2019,HAS_OBSERVATION
country::IND,observation::IND::DC.DAC.FINL.CD::2019,HAS_OBSERVATION
country::IND,observation::IND::DC.DAC.DEUL.CD::2019,HAS_OBSERVATION
country::IND,observation::IND::SL.UEM.TOTL.FE.NE.ZS::2019,HAS_OBSERVATION
country::IND,observation::IND::SL.UEM.NEET.MA.ME.ZS::2019,HAS_OBSERVATION
country::IND,observation::IND::SL.UEM.INTM.MA.ZS::2019,HAS_OBSERVATION
country::IND,observation::IND::SL.UEM.BASC.FE.ZS::2019,HAS_OBSERVATION
country::IND,observation::IND::SL.UEM.1524.ZS::2019,HAS_OBSERVATION
country::IND,observation::IND::SL.UEM.1524.FE.ZS::2019,HAS_OBSERVATION
country::IND,observation::IND::SL.TLF.PART.ZS::2019,HAS_OBSERVATION
country::IND,observation::IND::SL.TLF.INTM.MA.ZS::2019,HAS_OBSERVATION
country::IND,observation::IND::SL.TLF.CACT.MA.ZS::2019,HAS_OBSERVATION
country::IND,observation::IND::SL.TLF.CACT.FE.ZS::2019,HAS_OBSERVATION
country::IND,observation::IND::SL.TLF.BASC.FE.ZS::2019,HAS_OBSERVATION
country::IND,observation::IND::SL.TLF.ACTI.ZS::2019,HAS_OBSERVATION
country::IND,observation::IND::SL.TLF.ACTI.1524.NE.ZS::2019,HAS_OBSERVATION
country::IND,observation::IND::SL.TLF.ACTI.1524.FE.NE.ZS::2019,HAS_OBSERVATION
country::IND,observation::IND::SL.SRV.EMPL.ZS::2019,HAS_OBSERVATION
country::IND,observation::IND::SL.IND.EMPL.ZS::2019,HAS_OBSERVATION
country::IND,observation::IND::SL.FAM.WORK.ZS::2019,HAS_OBSERVATION
country::IND,observation::IND::SL.EMP.WORK.FE.ZS::2019,HAS_OBSERVATION
country::IND,observation::IND::SL.EMP.TOTL.SP.ZS::2019,HAS_OBSERVATION
country::IND,observation::IND::SL.EMP.TOTL.SP.FE.ZS::2019,HAS_OBSERVATION
country::IND,observation::IND::SL.EMP.SELF.MA.ZS::2019,HAS_OBSERVATION
country::IND,observation::IND::SL.EMP.MPYR.FE.ZS::2019,HAS_OBSERVATION
country::IND,observation::IND::SL.EMP.1524.SP.MA.NE.ZS::2019,HAS_OBSERVATION
country::IND,observation::IND::SL.AGR.EMPL.MA.ZS::2019,HAS_OBSERVATION
country::IND,observation::IND::SH_UHC_SCI_NCD::2019,HAS_OBSERVATION
country::IND,observation::IND::SH.XPD.OOPC.PP.CD::2019,HAS_OBSERVATION
country::IND,observation::IND::SH.XPD.GHED.PC.CD::2019,HAS_OBSERVATION
country::IND,observation::IND::SH.XPD.EHEX.PP.CD::2019,HAS_OBSERVATION
country::IND,observation::IND::SH.XPD.CHEX.PC.CD::2019,HAS_OBSERVATION
country::IND,observation::IND::DC.DAC.SWEL.CD::2019,HAS_OBSERVATION
country::IND,observation::IND::DC.DAC.POLL.CD::2019,HAS_OBSERVATION
country::IND,observation::IND::DC.DAC.LUXL.CD::2019,HAS_OBSERVATION
country::IND,observation::IND::DC.DAC.ITAL.CD::2019,HAS_OBSERVATION
country::IND,observation::IND::DC.DAC.GRCL.CD::2019,HAS_OBSERVATION
country::IND,observation::IND::DC.DAC.CZEL.CD::2019,HAS_OBSERVATION
country::IND,observation::IND::DC.DAC.BELL.CD::2019,HAS_OBSERVATION
country::IND,observation::IND::CM.MKT.TRAD.GD.ZS::2019,HAS_OBSERVATION
country::IND,observation::IND::CM.MKT.LCAP.CD::2019,HAS_OBSERVATION
country::IND,observation::IND::BX.TRF.PWKR.CD::2019,HAS_OBSERVATION
country::IND,observation::IND::SM.POP.ASYS.EO::2019,HAS_OBSERVATION
country::IND,observation::IND::SL.UEM.TOTL.MA.NE.ZS::2019,HAS_OBSERVATION
country::IND,observation::IND::SL.UEM.NEET.ME.ZS::2019,HAS_OBSERVATION
country::IND,observation::IND::SL.UEM.NEET.FE.ME.ZS::2019,HAS_OBSERVATION
country::IND,observation::IND::SL.UEM.BASC.ZS::2019,HAS_OBSERVATION
country::IND,observation::IND::SL.UEM.ADVN.MA.ZS::2019,HAS_OBSERVATION
country::IND,observation::IND::SL.UEM.1524.MA.ZS::2019,HAS_OBSERVATION
country::IND,observation::IND::SL.TLF.TOTL.IN::2019,HAS_OBSERVATION
country::IND,observation::IND::SL.TLF.PART.FE.ZS::2019,HAS_OBSERVATION
country::IND,observation::IND::SL.TLF.CACT.ZS::2019,HAS_OBSERVATION
country::IND,observation::IND::SL.TLF.CACT.FM.ZS::2019,HAS_OBSERVATION
country::IND,observation::IND::SL.TLF.BASC.ZS::2019,HAS_OBSERVATION
country::IND,observation::IND::SL.TLF.ADVN.MA.ZS::2019,HAS_OBSERVATION
country::IND,observation::IND::SL.TLF.ACTI.FE.ZS::2019,HAS_OBSERVATION
country::IND,observation::IND::SL.TLF.ACTI.1524.MA.NE.ZS::2019,HAS_OBSERVATION
country::IND,observation::IND::SL.SRV.EMPL.FE.ZS::2019,HAS_OBSERVATION
country::IND,observation::IND::SL.IND.EMPL.FE.ZS::2019,HAS_OBSERVATION
country::IND,observation::IND::SL.FAM.WORK.FE.ZS::2019,HAS_OBSERVATION
country::IND,observation::IND::SL.EMP.WORK.ZS::2019,HAS_OBSERVATION
country::IND,observation::IND::SL.EMP.VULN.MA.ZS::2019,HAS_OBSERVATION
country::IND,observation::IND::SL.EMP.TOTL.SP.MA.ZS::2019,HAS_OBSERVATION
country::IND,observation::IND::SL.EMP.SMGT.FE.ZS::2019,HAS_OBSERVATION
country::IND,observation::IND::SL.EMP.MPYR.ZS::2019,HAS_OBSERVATION
country::IND,observation::IND::SL.EMP.1524.SP.NE.ZS::2019,HAS_OBSERVATION
country::IND,observation::IND::SL.EMP.1524.SP.FE.NE.ZS::2019,HAS_OBSERVATION
country::IND,observation::IND::SH_UHC_SCI_CAPACITY::2019,HAS_OBSERVATION
country::IND,observation::IND::SH.XPD.PVTD.PC.CD::2019,HAS_OBSERVATION
country::IND,observation::IND::SH.XPD.OOPC.CH.ZS::2019,HAS_OBSERVATION
country::IND,observation::IND::SH.XPD.GHED.GD.ZS::2019,HAS_OBSERVATION
country::IND,observation::IND::DT.NFL.IFAD.CD::2019,HAS_OBSERVATION
country::IND,observation::IND::DT.DOD.MIBR.CD::2019,HAS_OBSERVATION
country::IND,observation::IND::DT.DOD.DSTC.CD::2019,HAS_OBSERVATION
country::IND,observation::IND::DT.DOD.DIMF.CD::2019,HAS_OBSERVATION
country::IND,observation::IND::DC.DAC.USAL.CD::2019,HAS_OBSERVATION
country::IND,observation::IND::DC.DAC.NORL.CD::2019,HAS_OBSERVATION
country::IND,observation::IND::DC.DAC.KORL.CD::2019,HAS_OBSERVATION
country::IND,observation::IND::DC.DAC.IRLL.CD::2019,HAS_OBSERVATION
country::IND,observation::IND::SL.UEM.TOTL.MA.ZS::2019,HAS_OBSERVATION
country::IND,observation::IND::SL.UEM.NEET.ZS::2019,HAS_OBSERVATION
country::IND,observation::IND::SL.UEM.NEET.FE.ZS::2019,HAS_OBSERVATION
country::IND,observation::IND::SL.UEM.INTM.FE.ZS::2019,HAS_OBSERVATION
country::IND,observation::IND::SL.UEM.ADVN.ZS::2019,HAS_OBSERVATION
country::IND,observation::IND::SL.UEM.1524.NE.ZS::2019,HAS_OBSERVATION
country::IND,observation::IND::SL.UEM.1524.FE.NE.ZS::2019,HAS_OBSERVATION
country::IND,observation::IND::SL.TLF.PART.MA.ZS::2019,HAS_OBSERVATION
country::IND,observation::IND::SL.TLF.INTM.FE.ZS::2019,HAS_OBSERVATION
country::IND,observation::IND::SL.TLF.CACT.MA.NE.ZS::2019,HAS_OBSERVATION
country::IND,observation::IND::SL.TLF.CACT.FE.NE.ZS::2019,HAS_OBSERVATION
country::IND,observation::IND::SL.TLF.ADVN.ZS::2019,HAS_OBSERVATION
country::IND,observation::IND::SL.TLF.ACTI.MA.ZS::2019,HAS_OBSERVATION
country::IND,observation::IND::SL.TLF.ACTI.1524.MA.ZS::2019,HAS_OBSERVATION
country::IND,observation::IND::SL.SRV.EMPL.MA.ZS::2019,HAS_OBSERVATION
country::IND,observation::IND::SL.IND.EMPL.MA.ZS::2019,HAS_OBSERVATION
country::IND,observation::IND::SL.FAM.WORK.MA.ZS::2019,HAS_OBSERVATION
country::IND,observation::IND::SL.EMP.VULN.ZS::2019,HAS_OBSERVATION
country::IND,observation::IND::SL.EMP.TOTL.SP.NE.ZS::2019,HAS_OBSERVATION
country::IND,observation::IND::SL.EMP.TOTL.SP.FE.NE.ZS::2019,HAS_OBSERVATION
country::IND,observation::IND::SL.EMP.SELF.FE.ZS::2019,HAS_OBSERVATION
country::IND,observation::IND::SL.EMP.1524.SP.ZS::2019,HAS_OBSERVATION
country::IND,observation::IND::SL.EMP.1524.SP.FE.ZS::2019,HAS_OBSERVATION
country::IND,observation::IND::SL.AGR.EMPL.FE.ZS::2019,HAS_OBSERVATION
country::IND,observation::IND::SI.POV.MPUN::2019,HAS_OBSERVATION
country::IND,observation::IND::SH_UHC_SCI_ID::2019,HAS_OBSERVATION
country::IND,observation::IND::SH.XPD.PVTD.PP.CD::2019,HAS_OBSERVATION
country::IND,observation::IND::SH.XPD.OOPC.PC.CD::2019,HAS_OBSERVATION
country::IND,observation::IND::SH.XPD.GHED.GE.ZS::2019,HAS_OBSERVATION
country::IND,observation::IND::SH.XPD.EHEX.PC.CD::2019,HAS_OBSERVATION
country::IND,observation::IND::SH.XPD.CHEX.GD.ZS::2019,HAS_OBSERVATION
country::IND,observation::IND::SH.TBS.CURE.ZS::2019,HAS_OBSERVATION
country::IND,observation::IND::SH.STA.TRAF.P5::2019,HAS_OBSERVATION
country::IND,observation::IND::DT.DOD.MIDA.CD::2019,HAS_OBSERVATION
country::IND,observation::IND::DT.DOD.DSTC.IR.ZS::2019,HAS_OBSERVATION
country::IND,observation::IND::DT.DOD.DLXF.CD::2019,HAS_OBSERVATION
country::IND,observation::IND::DC.DAC.NZLL.CD::2019,HAS_OBSERVATION
country::IND,observation::IND::DC.DAC.LTUL.CD::2019,HAS_OBSERVATION
country::IND,observation::IND::DC.DAC.ISLL.CD::2019,HAS_OBSERVATION
country::IND,observation::IND::DC.DAC.GBRL.CD::2019,HAS_OBSERVATION
country::IND,observation::IND::DC.DAC.ESPL.CD::2019,HAS_OBSERVATION
country::IND,observation::IND::DC.DAC.CHEL.CD::2019,HAS_OBSERVATION
country::IND,observation::IND::SH.STA.SUIC.MA.P5::2019,HAS_OBSERVATION
country::IND,observation::IND::SH.STA.STNT.ME.MA.ZS::2019,HAS_OBSERVATION
country::IND,observation::IND::SH.STA.SMSS.ZS::2019,HAS_OBSERVATION
country::IND,observation::IND::SH.STA.POIS.P5.FE::2019,HAS_OBSERVATION
country::IND,observation::IND::SH.STA.OWGH.ME.MA.ZS::2019,HAS_OBSERVATION
country::IND,observation::IND::SH.STA.ODFC.RU.ZS::2019,HAS_OBSERVATION
country::IND,observation::IND::SH.STA.HYGN.RU.ZS::2019,HAS_OBSERVATION
country::IND,observation::IND::SH.STA.BASS.RU.ZS::2019,HAS_OBSERVATION
country::IND,observation::IND::SH.STA.AIRP.MA.P5::2019,HAS_OBSERVATION
country::IND,observation::IND::SH.SGR.CRSK.ZS::2019,HAS_OBSERVATION
country::IND,observation::IND::SH.PRG.ANEM::2019,HAS_OBSERVATION
country::IND,observation::IND::SH.MED.PHYS.ZS::2019,HAS_OBSERVATION
country::IND,observation::IND::SH.IMM.MEAS::2019,HAS_OBSERVATION
country::IND,observation::IND::SH.H2O.SMDW.UR.ZS::2019,HAS_OBSERVATION
country::IND,observation::IND::SH.H2O.BASW.RU.ZS::2019,HAS_OBSERVATION
country::IND,observation::IND::SH.DYN.NCOM.MA.ZS::2019,HAS_OBSERVATION
country::IND,observation::IND::SH.DYN.MORT::2019,HAS_OBSERVATION
country::IND,observation::IND::SH.DYN.1519::2019,HAS_OBSERVATION
country::IND,observation::IND::SH.DTH.NMRT::2019,HAS_OBSERVATION
country::IND,observation::IND::SH.DTH.IMRT::2019,HAS_OBSERVATION
country::IND,observation::IND::SH.DTH.1014::2019,HAS_OBSERVATION
country::IND,observation::IND::SH.ANM.NPRG.ZS::2019,HAS_OBSERVATION
country::IND,observation::IND::SH.ALC.PCAP.LI::2019,HAS_OBSERVATION
country::IND,observation::IND::SE.TER.ENRR.FE::2019,HAS_OBSERVATION
country::IND,observation::IND::SE.TER.CUAT.ST.MA.ZS::2019,HAS_OBSERVATION
country::IND,observation::IND::SE.TER.CUAT.BA.ZS::2019,HAS_OBSERVATION
country::IND,observation::IND::SE.SEC.TCHR::2019,HAS_OBSERVATION
country::IND,observation::IND::DC.DAC.CANL.CD::2019,HAS_OBSERVATION
country::IND,observation::IND::CM.MKT.TRNR::2019,HAS_OBSERVATION
country::IND,observation::IND::CM.MKT.LCAP.GD.ZS::2019,HAS_OBSERVATION
country::IND,observation::IND::BX.TRF.PWKR.CD.DT::2019,HAS_OBSERVATION
country::IND,observation::IND::BX.KLT.DINV.WD.GD.ZS::2019,HAS_OBSERVATION
country::IND,observation::IND::BX.GSR.TOTL.CD::2019,HAS_OBSERVATION
country::IND,observation::IND::BX.GSR.INSF.ZS::2019,HAS_OBSERVATION
country::IND,observation::IND::BX.GSR.CCIS.ZS::2019,HAS_OBSERVATION
country::IND,observation::IND::BN.TRF.KOGT.CD::2019,HAS_OBSERVATION
country::IND,observation::IND::BN.KLT.DINV.CD::2019,HAS_OBSERVATION
country::IND,observation::IND::BN.GSR.FCTY.CD::2019,HAS_OBSERVATION
country::IND,observation::IND::BM.TRF.PWKR.CD.DT::2019,HAS_OBSERVATION
country::IND,observation::IND::BM.GSR.TRVL.ZS::2019,HAS_OBSERVATION
country::IND,observation::IND::BM.GSR.NFSV.CD::2019,HAS_OBSERVATION
country::IND,observation::IND::BM.GSR.FCTY.CD::2019,HAS_OBSERVATION
country::IND,observation::IND::AG.SRF.TOTL.K2::2019,HAS_OBSERVATION
country::IND,observation::IND::AG.PRD.CREL.MT::2019,HAS_OBSERVATION
country::IND,observation::IND::AG.LND.PRCP.MM::2019,HAS_OBSERVATION
country::IND,observation::IND::AG.LND.ARBL.HA.PC::2019,HAS_OBSERVATION
country::IND,observation::IND::AG.CON.FERT.ZS::2019,HAS_OBSERVATION
country::IND,observation::IND::SH.TBS.DTEC.ZS::2019,HAS_OBSERVATION
country::IND,observation::IND::SH.STA.WASH.P5::2019,HAS_OBSERVATION
country::IND,observation::IND::SH.STA.SUIC.FE.P5::2019,HAS_OBSERVATION
country::IND,observation::IND::SH.STA.STNT.ME.FE.ZS::2019,HAS_OBSERVATION
country::IND,observation::IND::SH.STA.SMSS.UR.ZS::2019,HAS_OBSERVATION
country::IND,observation::IND::SH.STA.POIS.P5::2019,HAS_OBSERVATION
country::IND,observation::IND::SH.STA.OWGH.ME.FE.ZS::2019,HAS_OBSERVATION
country::IND,observation::IND::SH.STA.AIRP.FE.P5::2019,HAS_OBSERVATION
country::IND,observation::IND::SH.MMR.RISK.ZS::2019,HAS_OBSERVATION
country::IND,observation::IND::SH.IMM.IDPT::2019,HAS_OBSERVATION
country::IND,observation::IND::SH.H2O.SMDW.RU.ZS::2019,HAS_OBSERVATION
country::IND,observation::IND::SH.DYN.NCOM.FE.ZS::2019,HAS_OBSERVATION
country::IND,observation::IND::SH.DYN.1014::2019,HAS_OBSERVATION
country::IND,observation::IND::SH.DTH.NCOM.ZS::2019,HAS_OBSERVATION
country::IND,observation::IND::SH.DTH.COMM.ZS::2019,HAS_OBSERVATION
country::IND,observation::IND::SH.DTH.0509::2019,HAS_OBSERVATION
country::IND,observation::IND::SH.ANM.CHLD.ZS::2019,HAS_OBSERVATION
country::IND,observation::IND::SH.ALC.PCAP.FE.LI::2019,HAS_OBSERVATION
country::IND,observation::IND::SG.TIM.UWRK.MA::2019,HAS_OBSERVATION
country::IND,observation::IND::SE.TER.ENRR::2019,HAS_OBSERVATION
country::IND,observation::IND::SE.TER.CUAT.ST.FE.ZS::2019,HAS_OBSERVATION
country::IND,observation::IND::SE.TER.CUAT.BA.MA.ZS::2019,HAS_OBSERVATION
country::IND,observation::IND::SE.SEC.TCAQ.ZS::2019,HAS_OBSERVATION
country::IND,observation::IND::BX.KLT.DINV.CD.WD::2019,HAS_OBSERVATION
country::IND,observation::IND::BX.GSR.ROYL.CD::2019,HAS_OBSERVATION
country::IND,observation::IND::BX.GSR.GNFS.CD::2019,HAS_OBSERVATION
country::IND,observation::IND::BX.GSR.CCIS.CD::2019,HAS_OBSERVATION
country::IND,observation::IND::BN.TRF.CURR.CD::2019,HAS_OBSERVATION
country::IND,observation::IND::BN.KAC.EOMS.CD::2019,HAS_OBSERVATION
country::IND,observation::IND::BN.FIN.TOTL.CD::2019,HAS_OBSERVATION
country::IND,observation::IND::BM.TRF.PRVT.CD::2019,HAS_OBSERVATION
country::IND,observation::IND::BM.GSR.TRAN.ZS::2019,HAS_OBSERVATION
country::IND,observation::IND::BM.GSR.MRCH.CD::2019,HAS_OBSERVATION
country::IND,observation::IND::BM.GSR.CMCP.ZS::2019,HAS_OBSERVATION
country::IND,observation::IND::AG.PRD.LVSK.XD::2019,HAS_OBSERVATION
country::IND,observation::IND::AG.LND.IRIG.AG.ZS::2019,HAS_OBSERVATION
country::IND,observation::IND::AG.LND.CROP.ZS::2019,HAS_OBSERVATION
country::IND,observation::IND::AG.LND.ARBL.HA::2019,HAS_OBSERVATION
country::IND,observation::IND::AG.CON.FERT.PT.ZS::2019,HAS_OBSERVATION
country::IND,observation::IND::SH.XPD.EHEX.CH.ZS::2019,HAS_OBSERVATION
country::IND,observation::IND::SH.VAC.TTNS.ZS::2019,HAS_OBSERVATION
country::IND,observation::IND::SH.STA.SUIC.P5::2019,HAS_OBSERVATION
country::IND,observation::IND::SH.STA.STNT.ME.ZS::2019,HAS_OBSERVATION
country::IND,observation::IND::SH.STA.POIS.P5.MA::2019,HAS_OBSERVATION
country::IND,observation::IND::SH.STA.OWGH.ME.ZS::2019,HAS_OBSERVATION
country::IND,observation::IND::SH.STA.ODFC.UR.ZS::2019,HAS_OBSERVATION
country::IND,observation::IND::SH.STA.HYGN.UR.ZS::2019,HAS_OBSERVATION
country::IND,observation::IND::SH.STA.BRTW.ZS::2019,HAS_OBSERVATION
country::IND,observation::IND::SH.STA.BASS.UR.ZS::2019,HAS_OBSERVATION
country::IND,observation::IND::SH.STA.AIRP.P5::2019,HAS_OBSERVATION
country::IND,observation::IND::SH.SGR.IRSK.ZS::2019,HAS_OBSERVATION
country::IND,observation::IND::SH.MMR.DTHS::2019,HAS_OBSERVATION
country::IND,observation::IND::SH.MED.BEDS.ZS::2019,HAS_OBSERVATION
country::IND,observation::IND::SH.H2O.SMDW.ZS::2019,HAS_OBSERVATION
country::IND,observation::IND::SH.H2O.BASW.UR.ZS::2019,HAS_OBSERVATION
country::IND,observation::IND::SH.DYN.NCOM.ZS::2019,HAS_OBSERVATION
country::IND,observation::IND::SH.DYN.MORT.FE::2019,HAS_OBSERVATION
country::IND,observation::IND::SH.DYN.2024::2019,HAS_OBSERVATION
country::IND,observation::IND::SH.DTH.OCVD.ZS::2019,HAS_OBSERVATION
country::IND,observation::IND::SH.DTH.INJR.ZS::2019,HAS_OBSERVATION
country::IND,observation::IND::SH.DTH.1519::2019,HAS_OBSERVATION
country::IND,observation::IND::SH.ALC.PCAP.MA.LI::2019,HAS_OBSERVATION
country::IND,observation::IND::SG.GEN.PARL.ZS::2019,HAS_OBSERVATION
country::IND,observation::IND::SE.XPD.TOTL.GB.ZS::2019,HAS_OBSERVATION
country::IND,observation::IND::SE.TER.ENRR.MA::2019,HAS_OBSERVATION
country::IND,observation::IND::SE.TER.CUAT.ST.ZS::2019,HAS_OBSERVATION
country::IND,observation::IND::DC.DAC.FRAL.CD::2019,HAS_OBSERVATION
country::IND,observation::IND::DC.DAC.DNKL.CD::2019,HAS_OBSERVATION
country::IND,observation::IND::DC.DAC.CECL.CD::2019,HAS_OBSERVATION
country::IND,observation::IND::DC.DAC.AUSL.CD::2019,HAS_OBSERVATION
country::IND,observation::IND::CM.MKT.LDOM.NO::2019,HAS_OBSERVATION
country::IND,observation::IND::BX.TRF.PWKR.DT.GD.ZS::2019,HAS_OBSERVATION
country::IND,observation::IND::BX.PEF.TOTL.CD.WD::2019,HAS_OBSERVATION
country::IND,observation::IND::BX.GSR.TRAN.ZS::2019,HAS_OBSERVATION
country::IND,observation::IND::BX.GSR.MRCH.CD::2019,HAS_OBSERVATION
country::IND,observation::IND::BX.GSR.CMCP.ZS::2019,HAS_OBSERVATION
country::IND,observation::IND::BX.GRT.EXTA.CD.WD::2019,HAS_OBSERVATION
country::IND,observation::IND::BN.KLT.PTXL.CD::2019,HAS_OBSERVATION
country::IND,observation::IND::BN.GSR.GNFS.CD::2019,HAS_OBSERVATION
country::IND,observation::IND::BN.CAB.XOKA.CD::2019,HAS_OBSERVATION
country::IND,observation::IND::BM.KLT.DINV.CD.WD::2019,HAS_OBSERVATION
country::IND,observation::IND::BM.GSR.ROYL.CD::2019,HAS_OBSERVATION
country::IND,observation::IND::BM.GSR.GNFS.CD::2019,HAS_OBSERVATION
country::IND,observation::IND::AG.YLD.CREL.KG::2019,HAS_OBSERVATION
country::IND,observation::IND::AG.PRD.CROP.XD::2019,HAS_OBSERVATION
country::IND,observation::IND::AG.LND.TOTL.K2::2019,HAS_OBSERVATION
country::IND,observation::IND::AG.LND.FRST.K2::2019,HAS_OBSERVATION
country::IND,observation::IND::AG.LND.ARBL.ZS::2019,HAS_OBSERVATION
country::IND,observation::IND::AG.LND.AGRI.K2::2019,HAS_OBSERVATION
country::IND,observation::IND::SH.STA.SMSS.RU.ZS::2019,HAS_OBSERVATION
country::IND,observation::IND::SH.STA.ODFC.ZS::2019,HAS_OBSERVATION
country::IND,observation::IND::SH.STA.MMRT::2019,HAS_OBSERVATION
country::IND,observation::IND::SH.STA.HYGN.ZS::2019,HAS_OBSERVATION
country::IND,observation::IND::SH.STA.BASS.ZS::2019,HAS_OBSERVATION
country::IND,observation::IND::SH.MMR.RISK::2019,HAS_OBSERVATION
country::IND,observation::IND::SH.MLR.INCD.P3::2019,HAS_OBSERVATION
country::IND,observation::IND::SH.IMM.HEPB::2019,HAS_OBSERVATION
country::IND,observation::IND::SH.H2O.BASW.ZS::2019,HAS_OBSERVATION
country::IND,observation::IND::SH.DYN.NMRT::2019,HAS_OBSERVATION
country::IND,observation::IND::SH.DYN.MORT.MA::2019,HAS_OBSERVATION
country::IND,observation::IND::SH.DYN.AIDS.FE.ZS::2019,HAS_OBSERVATION
country::IND,observation::IND::SH.DYN.0509::2019,HAS_OBSERVATION
country::IND,observation::IND::SH.DTH.MORT::2019,HAS_OBSERVATION
country::IND,observation::IND::SH.DTH.2024::2019,HAS_OBSERVATION
country::IND,observation::IND::SH.ANM.ALLW.ZS::2019,HAS_OBSERVATION
country::IND,observation::IND::SG.TIM.UWRK.FE::2019,HAS_OBSERVATION
country::IND,observation::IND::SE.XPD.TOTL.GD.ZS::2019,HAS_OBSERVATION
country::IND,observation::IND::SE.TER.TCHR.FE.ZS::2019,HAS_OBSERVATION
country::IND,observation::IND::SE.TER.CUAT.BA.FE.ZS::2019,HAS_OBSERVATION
country::IND,observation::IND::SE.SEC.TCHR.FE.ZS::2019,HAS_OBSERVATION
country::IND,observation::IND::SE.SEC.TCAQ.UP.ZS::2019,HAS_OBSERVATION
country::IND,observation::IND::SE.SEC.TCAQ.LO.ZS::2019,HAS_OBSERVATION
country::IND,observation::IND::DC.DAC.AUTL.CD::2019,HAS_OBSERVATION
country::IND,observation::IND::CM.MKT.TRAD.CD::2019,HAS_OBSERVATION
country::IND,observation::IND::CM.MKT.INDX.ZG::2019,HAS_OBSERVATION
country::IND,observation::IND::BX.TRF.CURR.CD::2019,HAS_OBSERVATION
country::IND,observation::IND::BX.GSR.TRVL.ZS::2019,HAS_OBSERVATION
country::IND,observation::IND::BX.GSR.NFSV.CD::2019,HAS_OBSERVATION
country::IND,observation::IND::BX.GSR.FCTY.CD::2019,HAS_OBSERVATION
country::IND,observation::IND::BX.GRT.TECH.CD.WD::2019,HAS_OBSERVATION
country::IND,observation::IND::BN.RES.INCL.CD::2019,HAS_OBSERVATION
country::IND,observation::IND::BN.GSR.MRCH.CD::2019,HAS_OBSERVATION
country::IND,observation::IND::BN.CAB.XOKA.GD.ZS::2019,HAS_OBSERVATION
country::IND,observation::IND::BM.KLT.DINV.WD.GD.ZS::2019,HAS_OBSERVATION
country::IND,observation::IND::BM.GSR.TOTL.CD::2019,HAS_OBSERVATION
country::IND,observation::IND::BM.GSR.INSF.ZS::2019,HAS_OBSERVATION
country::IND,observation::IND::BG.GSR.NFSV.GD.ZS::2019,HAS_OBSERVATION
country::IND,observation::IND::AG.PRD.FOOD.XD::2019,HAS_OBSERVATION
country::IND,observation::IND::AG.LND.FRST.ZS::2019,HAS_OBSERVATION
country::IND,observation::IND::AG.LND.CREL.HA::2019,HAS_OBSERVATION
country::IND,observation::IND::AG.LND.AGRI.ZS::2019,HAS_OBSERVATION
country::IND,observation::IND::SE.SEC.TCAQ.UP.FE.ZS::2019,HAS_OBSERVATION
country::IND,observation::IND::SE.SEC.TCAQ.LO.FE.ZS::2019,HAS_OBSERVATION
country::IND,observation::IND::SE.SEC.ENRL::2019,HAS_OBSERVATION
country::IND,observation::IND::SE.SEC.CUAT.LO.ZS::2019,HAS_OBSERVATION
country::IND,observation::IND::SE.SEC.CMPT.LO.MA.ZS::2019,HAS_OBSERVATION
country::IND,observation::IND::SE.PRM.UNER.MA.ZS::2019,HAS_OBSERVATION
country::IND,observation::IND::SE.PRM.UNER::2019,HAS_OBSERVATION
country::IND,observation::IND::SE.PRM.TCHR.FE.ZS::2019,HAS_OBSERVATION
country::IND,observation::IND::SE.PRM.TCAQ.FE.ZS::2019,HAS_OBSERVATION
country::IND,observation::IND::SE.PRM.PRSL.ZS::2019,HAS_OBSERVATION
country::IND,observation::IND::SE.PRM.PRS5.MA.ZS::2019,HAS_OBSERVATION
country::IND,observation::IND::SE.PRM.ENRR.FE::2019,HAS_OBSERVATION
country::IND,observation::IND::SE.PRM.ENRL::2019,HAS_OBSERVATION
country::IND,observation::IND::SE.PRM.CUAT.FE.ZS::2019,HAS_OBSERVATION
country::IND,observation::IND::SE.PRM.AGES::2019,HAS_OBSERVATION
country::IND,observation::IND::SE.PRE.ENRR.MA::2019,HAS_OBSERVATION
country::IND,observation::IND::SE.PRE.DURS::2019,HAS_OBSERVATION
country::IND,observation::IND::SE.ENR.PRSC.FM.ZS::2019,HAS_OBSERVATION
country::IND,observation::IND::SE.ADT.LITR.MA.ZS::2019,HAS_OBSERVATION
country::IND,observation::IND::SE.ADT.1524.LT.FM.ZS::2019,HAS_OBSERVATION
country::IND,observation::IND::PA.NUS.PPP::2019,HAS_OBSERVATION
country::IND,observation::IND::NY.TTF.GNFS.KN::2019,HAS_OBSERVATION
country::IND,observation::IND::NY.TAX.NIND.KN::2019,HAS_OBSERVATION
country::IND,observation::IND::NY.GSR.NFCY.CN::2019,HAS_OBSERVATION
country::IND,observation::IND::NY.GNS.ICTR.CN::2019,HAS_OBSERVATION
country::IND,observation::IND::NY.GNP.PCAP.KN::2019,HAS_OBSERVATION
country::IND,observation::IND::SE.SEC.TCAQ.MA.ZS::2019,HAS_OBSERVATION
country::IND,observation::IND::SE.SEC.TCAQ.FE.ZS::2019,HAS_OBSERVATION
country::IND,observation::IND::SE.SEC.PRIV.ZS::2019,HAS_OBSERVATION
country::IND,observation::IND::SE.SEC.ENRR.MA::2019,HAS_OBSERVATION
country::IND,observation::IND::SE.SEC.DURS::2019,HAS_OBSERVATION
country::IND,observation::IND::SE.SEC.CUAT.LO.MA.ZS::2019,HAS_OBSERVATION
country::IND,observation::IND::SE.SEC.CMPT.LO.FE.ZS::2019,HAS_OBSERVATION
country::IND,observation::IND::SE.PRM.UNER.MA::2019,HAS_OBSERVATION
country::IND,observation::IND::SE.PRM.TCHR::2019,HAS_OBSERVATION
country::IND,observation::IND::SE.PRM.PRSL.MA.ZS::2019,HAS_OBSERVATION
country::IND,observation::IND::SE.PRM.PRS5.FE.ZS::2019,HAS_OBSERVATION
country::IND,observation::IND::SE.PRM.ENRR::2019,HAS_OBSERVATION
country::IND,observation::IND::SE.PRM.DURS::2019,HAS_OBSERVATION
country::IND,observation::IND::SE.PRM.CMPT.ZS::2019,HAS_OBSERVATION
country::IND,observation::IND::SE.PRE.ENRR.FE::2019,HAS_OBSERVATION
country::IND,observation::IND::SE.ENR.PRIM.FM.ZS::2019,HAS_OBSERVATION
country::IND,observation::IND::SE.ADT.LITR.FE.ZS::2019,HAS_OBSERVATION
country::IND,observation::IND::SE.ADT.1524.LT.FE.ZS::2019,HAS_OBSERVATION
country::IND,observation::IND::PA.NUS.GDP.PLI::2019,HAS_OBSERVATION
country::IND,observation::IND::NY.TAX.NIND.CN::2019,HAS_OBSERVATION
country::IND,observation::IND::NY.GSR.NFCY.CD::2019,HAS_OBSERVATION
country::IND,observation::IND::SE.SEC.TCHR.FE::2019,HAS_OBSERVATION
country::IND,observation::IND::SE.SEC.TCAQ.UP.MA.ZS::2019,HAS_OBSERVATION
country::IND,observation::IND::SE.SEC.TCAQ.LO.MA.ZS::2019,HAS_OBSERVATION
country::IND,observation::IND::SE.SEC.ENRR::2019,HAS_OBSERVATION
country::IND,observation::IND::SE.SEC.CMPT.LO.ZS::2019,HAS_OBSERVATION
country::IND,observation::IND::SE.PRM.UNER.ZS::2019,HAS_OBSERVATION
country::IND,observation::IND::SE.PRM.UNER.FE::2019,HAS_OBSERVATION
country::IND,observation::IND::SE.PRM.TCAQ.MA.ZS::2019,HAS_OBSERVATION
country::IND,observation::IND::SE.PRM.PRS5.ZS::2019,HAS_OBSERVATION
country::IND,observation::IND::SE.PRM.ENRR.MA::2019,HAS_OBSERVATION
country::IND,observation::IND::SE.PRM.CUAT.MA.ZS::2019,HAS_OBSERVATION
country::IND,observation::IND::SE.PRM.CMPT.FE.ZS::2019,HAS_OBSERVATION
country::IND,observation::IND::SE.ENR.SECO.FM.ZS::2019,HAS_OBSERVATION
country::IND,observation::IND::SE.ADT.LITR.ZS::2019,HAS_OBSERVATION
country::IND,observation::IND::SE.ADT.1524.LT.MA.ZS::2019,HAS_OBSERVATION
country::IND,observation::IND::PA.NUS.PRVT.PLI::2019,HAS_OBSERVATION
country::IND,observation::IND::PA.NUS.ATLS::2019,HAS_OBSERVATION
country::IND,observation::IND::NY.TRF.NCTR.CD::2019,HAS_OBSERVATION
country::IND,observation::IND::SE.SEC.ENRR.FE::2019,HAS_OBSERVATION
country::IND,observation::IND::SE.SEC.CUAT.LO.FE.ZS::2019,HAS_OBSERVATION
country::IND,observation::IND::SE.SEC.AGES::2019,HAS_OBSERVATION
country::IND,observation::IND::SE.PRM.UNER.FE.ZS::2019,HAS_OBSERVATION
country::IND,observation::IND::SE.PRM.TCAQ.ZS::2019,HAS_OBSERVATION
country::IND,observation::IND::SE.PRM.PRSL.FE.ZS::2019,HAS_OBSERVATION
country::IND,observation::IND::SE.PRM.PRIV.ZS::2019,HAS_OBSERVATION
country::IND,observation::IND::SE.PRM.CUAT.ZS::2019,HAS_OBSERVATION
country::IND,observation::IND::SE.PRM.CMPT.MA.ZS::2019,HAS_OBSERVATION
country::IND,observation::IND::SE.PRE.ENRR::2019,HAS_OBSERVATION
country::IND,observation::IND::SE.ENR.TERT.FM.ZS::2019,HAS_OBSERVATION
country::IND,observation::IND::SE.COM.DURS::2019,HAS_OBSERVATION
country::IND,observation::IND::SE.ADT.1524.LT.ZS::2019,HAS_OBSERVATION
country::IND,observation::IND::PA.NUS.PRVT.PP::2019,HAS_OBSERVATION
country::IND,observation::IND::PA.NUS.FCRF::2019,HAS_OBSERVATION
country::IND,observation::IND::NY.TRF.NCTR.CN::2019,HAS_OBSERVATION
country::IND,observation::IND::NY.TAX.NIND.CD::2019,HAS_OBSERVATION
country::IND,observation::IND::NY.GNS.ICTR.ZS::2019,HAS_OBSERVATION
country::IND,observation::IND::NY.GNP.PCAP.CD::2019,HAS_OBSERVATION
country::IND,observation::IND::NY.GNP.MKTP.KD.ZG::2019,HAS_OBSERVATION
country::IND,observation::IND::NY.GNP.MKTP.CD::2019,HAS_OBSERVATION
country::IND,observation::IND::NY.GDS.TOTL.CN::2019,HAS_OBSERVATION
country::IND,observation::IND::NY.GDP.PCAP.PP.KD::2019,HAS_OBSERVATION
country::IND,observation::IND::NY.GDP.PCAP.KD::2019,HAS_OBSERVATION
country::IND,observation::IND::NY.GDP.MKTP.PP.KD::2019,HAS_OBSERVATION
country::IND,observation::IND::NY.GDP.MKTP.KD::2019,HAS_OBSERVATION
country::IND,observation::IND::NY.GDP.MINR.RT.ZS::2019,HAS_OBSERVATION
country::IND,observation::IND::NY.GDP.FCST.CN::2019,HAS_OBSERVATION
country::IND,observation::IND::NY.GDP.DEFL.ZS.AD::2019,HAS_OBSERVATION
country::IND,observation::IND::NY.GDP.COAL.RT.ZS::2019,HAS_OBSERVATION
country::IND,observation::IND::NY.ADJ.SVNG.GN.ZS::2019,HAS_OBSERVATION
country::IND,observation::IND::NY.ADJ.NNTY.PC.CD::2019,HAS_OBSERVATION
country::IND,observation::IND::NY.ADJ.NNAT.GN.ZS::2019,HAS_OBSERVATION
country::IND,observation::IND::NY.ADJ.DPEM.GN.ZS::2019,HAS_OBSERVATION
country::IND,observation::IND::NY.ADJ.DMIN.GN.ZS::2019,HAS_OBSERVATION
country::IND,observation::IND::NY.ADJ.DFOR.GN.ZS::2019,HAS_OBSERVATION
country::IND,observation::IND::NY.ADJ.AEDU.GN.ZS::2019,HAS_OBSERVATION
country::IND,observation::IND::NV.SRV.TOTL.KD.ZG::2019,HAS_OBSERVATION
country::IND,observation::IND::NV.SRV.EMPL.KD::2019,HAS_OBSERVATION
country::IND,observation::IND::NV.MNF.MTRN.ZS.UN::2019,HAS_OBSERVATION
country::IND,observation::IND::NV.IND.TOTL.KN::2019,HAS_OBSERVATION
country::IND,observation::IND::NV.IND.TOTL.CD::2019,HAS_OBSERVATION
country::IND,observation::IND::NV.IND.MANF.KD::2019,HAS_OBSERVATION
country::IND,observation::IND::NV.AGR.TOTL.KD.ZG::2019,HAS_OBSERVATION
country::IND,observation::IND::NV.AGR.EMPL.KD::2019,HAS_OBSERVATION
country::IND,observation::IND::NE.RSB.GNFS.CN::2019,HAS_OBSERVATION
country::IND,observation::IND::NE.IMP.GNFS.KD.ZG::2019,HAS_OBSERVATION
country::IND,observation::IND::NE.GDI.TOTL.ZS::2019,HAS_OBSERVATION
country::IND,observation::IND::NY.GNS.ICTR.CD::2019,HAS_OBSERVATION
country::IND,observation::IND::NY.GNP.PCAP.KD.ZG::2019,HAS_OBSERVATION
country::IND,observation::IND::NY.GNP.MKTP.PP.KD::2019,HAS_OBSERVATION
country::IND,observation::IND::NY.GNP.MKTP.KD::2019,HAS_OBSERVATION
country::IND,observation::IND::NY.GNP.ATLS.CD::2019,HAS_OBSERVATION
country::IND,observation::IND::NY.GDS.TOTL.CD::2019,HAS_OBSERVATION
country::IND,observation::IND::NY.GDP.PCAP.PP.CD::2019,HAS_OBSERVATION
country::IND,observation::IND::NY.GDP.PCAP.CN::2019,HAS_OBSERVATION
country::IND,observation::IND::NY.GDP.MKTP.PP.CD::2019,HAS_OBSERVATION
country::IND,observation::IND::NY.GDP.MKTP.CN.AD::2019,HAS_OBSERVATION
country::IND,observation::IND::NY.GDP.FRST.RT.ZS::2019,HAS_OBSERVATION
country::IND,observation::IND::NY.GDP.FCST.CD::2019,HAS_OBSERVATION
country::IND,observation::IND::NY.GDP.DEFL.ZS::2019,HAS_OBSERVATION
country::IND,observation::IND::NY.EXP.CAPM.KN::2019,HAS_OBSERVATION
country::IND,observation::IND::NY.ADJ.SVNG.CD::2019,HAS_OBSERVATION
country::IND,observation::IND::NY.ADJ.NNTY.KD.ZG::2019,HAS_OBSERVATION
country::IND,observation::IND::NY.ADJ.NNAT.CD::2019,HAS_OBSERVATION
country::IND,observation::IND::NY.ADJ.DPEM.CD::2019,HAS_OBSERVATION
country::IND,observation::IND::NY.ADJ.DMIN.CD::2019,HAS_OBSERVATION
country::IND,observation::IND::NY.ADJ.DFOR.CD::2019,HAS_OBSERVATION
country::IND,observation::IND::NY.ADJ.AEDU.CD::2019,HAS_OBSERVATION
country::IND,observation::IND::NV.SRV.TOTL.KD::2019,HAS_OBSERVATION
country::IND,observation::IND::NV.MNF.TXTL.ZS.UN::2019,HAS_OBSERVATION
country::IND,observation::IND::NV.MNF.FBTO.ZS.UN::2019,HAS_OBSERVATION
country::IND,observation::IND::NV.IND.TOTL.KD.ZG::2019,HAS_OBSERVATION
country::IND,observation::IND::NV.IND.MANF.ZS::2019,HAS_OBSERVATION
country::IND,observation::IND::NV.IND.MANF.CN::2019,HAS_OBSERVATION
country::IND,observation::IND::NV.AGR.TOTL.KD::2019,HAS_OBSERVATION
country::IND,observation::IND::NE.TRD.GNFS.ZS::2019,HAS_OBSERVATION
country::IND,observation::IND::NE.RSB.GNFS.CD::2019,HAS_OBSERVATION
country::IND,observation::IND::NY.GNS.ICTR.GN.ZS::2019,HAS_OBSERVATION
country::IND,observation::IND::NY.GNP.PCAP.PP.CD::2019,HAS_OBSERVATION
country::IND,observation::IND::NY.GNP.PCAP.CN::2019,HAS_OBSERVATION
country::IND,observation::IND::NY.GNP.MKTP.KN::2019,HAS_OBSERVATION
country::IND,observation::IND::NY.GNP.MKTP.CN::2019,HAS_OBSERVATION
country::IND,observation::IND::NY.GDS.TOTL.ZS::2019,HAS_OBSERVATION
country::IND,observation::IND::NY.GDP.PETR.RT.ZS::2019,HAS_OBSERVATION
country::IND,observation::IND::NY.GDP.PCAP.KD.ZG::2019,HAS_OBSERVATION
country::IND,observation::IND::NY.GDP.NGAS.RT.ZS::2019,HAS_OBSERVATION
country::IND,observation::IND::NY.GDP.MKTP.KD.ZG::2019,HAS_OBSERVATION
country::IND,observation::IND::NY.GDP.MKTP.CD::2019,HAS_OBSERVATION
country::IND,observation::IND::NY.GDP.FCST.KD::2019,HAS_OBSERVATION
country::IND,observation::IND::NY.GDP.DISC.CN::2019,HAS_OBSERVATION
country::IND,observation::IND::NY.GDP.DEFL.KD.ZG::2019,HAS_OBSERVATION
country::IND,observation::IND::NY.ADJ.SVNX.CD::2019,HAS_OBSERVATION
country::IND,observation::IND::NY.ADJ.NNTY.PC.KD::2019,HAS_OBSERVATION
country::IND,observation::IND::NY.ADJ.NNTY.CD::2019,HAS_OBSERVATION
country::IND,observation::IND::NY.ADJ.DRES.GN.ZS::2019,HAS_OBSERVATION
country::IND,observation::IND::NY.ADJ.DNGY.CD::2019,HAS_OBSERVATION
country::IND,observation::IND::NY.ADJ.DKAP.CD::2019,HAS_OBSERVATION
country::IND,observation::IND::NY.ADJ.DCO2.CD::2019,HAS_OBSERVATION
country::IND,observation::IND::NV.SRV.TOTL.KN::2019,HAS_OBSERVATION
country::IND,observation::IND::NV.SRV.TOTL.CD::2019,HAS_OBSERVATION
country::IND,observation::IND::NV.MNF.OTHR.ZS.UN::2019,HAS_OBSERVATION
country::IND,observation::IND::NV.IND.TOTL.ZS::2019,HAS_OBSERVATION
country::IND,observation::IND::NV.IND.TOTL.CN::2019,HAS_OBSERVATION
country::IND,observation::IND::NV.IND.MANF.KD.ZG::2019,HAS_OBSERVATION
country::IND,observation::IND::NV.IND.EMPL.KD::2019,HAS_OBSERVATION
country::IND,observation::IND::NV.AGR.TOTL.KN::2019,HAS_OBSERVATION
country::IND,observation::IND::NV.AGR.TOTL.CD::2019,HAS_OBSERVATION
country::IND,observation::IND::NE.RSB.GNFS.KN::2019,HAS_OBSERVATION
country::IND,observation::IND::NE.IMP.GNFS.KN::2019,HAS_OBSERVATION
country::IND,observation::IND::NY.GNP.PCAP.PP.KD::2019,HAS_OBSERVATION
country::IND,observation::IND::NY.GNP.PCAP.KD::2019,HAS_OBSERVATION
country::IND,observation::IND::NY.GNP.MKTP.PP.CD::2019,HAS_OBSERVATION
country::IND,observation::IND::NY.GNP.MKTP.CN.AD::2019,HAS_OBSERVATION
country::IND,observation::IND::NY.GDY.TOTL.KN::2019,HAS_OBSERVATION
country::IND,observation::IND::NY.GDP.TOTL.RT.ZS::2019,HAS_OBSERVATION
country::IND,observation::IND::NY.GDP.PCAP.KN::2019,HAS_OBSERVATION
country::IND,observation::IND::NY.GDP.PCAP.CD::2019,HAS_OBSERVATION
country::IND,observation::IND::NY.GDP.MKTP.KN::2019,HAS_OBSERVATION
country::IND,observation::IND::NY.GDP.MKTP.CN::2019,HAS_OBSERVATION
country::IND,observation::IND::NY.GDP.FCST.KN::2019,HAS_OBSERVATION
country::IND,observation::IND::NY.GDP.DISC.KN::2019,HAS_OBSERVATION
country::IND,observation::IND::NY.GDP.DEFL.KD.ZG.AD::2019,HAS_OBSERVATION
country::IND,observation::IND::NY.ADJ.SVNX.GN.ZS::2019,HAS_OBSERVATION
country::IND,observation::IND::NY.ADJ.NNTY.PC.KD.ZG::2019,HAS_OBSERVATION
country::IND,observation::IND::NY.ADJ.NNTY.KD::2019,HAS_OBSERVATION
country::IND,observation::IND::NY.ADJ.ICTR.GN.ZS::2019,HAS_OBSERVATION
country::IND,observation::IND::NY.ADJ.DNGY.GN.ZS::2019,HAS_OBSERVATION
country::IND,observation::IND::NY.ADJ.DKAP.GN.ZS::2019,HAS_OBSERVATION
country::IND,observation::IND::NY.ADJ.DCO2.GN.ZS::2019,HAS_OBSERVATION
country::IND,observation::IND::NV.SRV.TOTL.ZS::2019,HAS_OBSERVATION
country::IND,observation::IND::NV.SRV.TOTL.CN::2019,HAS_OBSERVATION
country::IND,observation::IND::NV.MNF.TECH.ZS.UN::2019,HAS_OBSERVATION
country::IND,observation::IND::NV.MNF.CHEM.ZS.UN::2019,HAS_OBSERVATION
country::IND,observation::IND::NV.IND.TOTL.KD::2019,HAS_OBSERVATION
country::IND,observation::IND::NV.IND.MANF.KN::2019,HAS_OBSERVATION
country::IND,observation::IND::NV.IND.MANF.CD::2019,HAS_OBSERVATION
country::IND,observation::IND::NV.AGR.TOTL.ZS::2019,HAS_OBSERVATION
country::IND,observation::IND::NE.GDI.TOTL.CN::2019,HAS_OBSERVATION
country::IND,observation::IND::NE.GDI.STKB.CD::2019,HAS_OBSERVATION
country::IND,observation::IND::NE.GDI.FTOT.KD::2019,HAS_OBSERVATION
country::IND,observation::IND::NE.GDI.FPRV.CN::2019,HAS_OBSERVATION
country::IND,observation::IND::NE.EXP.GNFS.KD::2019,HAS_OBSERVATION
country::IND,observation::IND::NE.DAB.TOTL.KN::2019,HAS_OBSERVATION
country::IND,observation::IND::NE.DAB.DEFL.ZS::2019,HAS_OBSERVATION
country::IND,observation::IND::NE.CON.TOTL.KD::2019,HAS_OBSERVATION
country::IND,observation::IND::NE.CON.PRVT.PP.KD::2019,HAS_OBSERVATION
country::IND,observation::IND::NE.CON.PRVT.KN::2019,HAS_OBSERVATION
country::IND,observation::IND::NE.CON.PRVT.CN::2019,HAS_OBSERVATION
country::IND,observation::IND::NE.CON.GOVT.ZS::2019,HAS_OBSERVATION
country::IND,observation::IND::NE.CON.GOVT.CN::2019,HAS_OBSERVATION
country::IND,observation::IND::MS.MIL.XPND.GD.ZS::2019,HAS_OBSERVATION
country::IND,observation::IND::MS.MIL.TOTL.P1::2019,HAS_OBSERVATION
country::IND,observation::IND::IT.NET.BBND.P2::2019,HAS_OBSERVATION
country::IND,observation::IND::IT.CEL.SETS.P2::2019,HAS_OBSERVATION
country::IND,observation::IND::IS.RRS.TOTL.KM::2019,HAS_OBSERVATION
country::IND,observation::IND::IS.AIR.GOOD.MT.K1::2019,HAS_OBSERVATION
country::IND,observation::IND::IQ.SPI.PIL3::2019,HAS_OBSERVATION
country::IND,observation::IND::NE.IMP.GNFS.KD::2019,HAS_OBSERVATION
country::IND,observation::IND::NE.GDI.TOTL.KN::2019,HAS_OBSERVATION
country::IND,observation::IND::NE.GDI.TOTL.CD::2019,HAS_OBSERVATION
country::IND,observation::IND::NE.GDI.FTOT.ZS::2019,HAS_OBSERVATION
country::IND,observation::IND::NE.GDI.FTOT.CN::2019,HAS_OBSERVATION
country::IND,observation::IND::NE.EXP.GNFS.ZS::2019,HAS_OBSERVATION
country::IND,observation::IND::NE.EXP.GNFS.CN::2019,HAS_OBSERVATION
country::IND,observation::IND::NE.DAB.TOTL.KD::2019,HAS_OBSERVATION
country::IND,observation::IND::NE.CON.TOTL.ZS::2019,HAS_OBSERVATION
country::IND,observation::IND::NE.CON.TOTL.CN::2019,HAS_OBSERVATION
country::IND,observation::IND::NE.CON.PRVT.PP.CD::2019,HAS_OBSERVATION
country::IND,observation::IND::NE.CON.PRVT.KD.ZG::2019,HAS_OBSERVATION
country::IND,observation::IND::NE.CON.PRVT.CD::2019,HAS_OBSERVATION
country::IND,observation::IND::NE.CON.GOVT.KN::2019,HAS_OBSERVATION
country::IND,observation::IND::NE.CON.GOVT.CD::2019,HAS_OBSERVATION
country::IND,observation::IND::MS.MIL.XPND.CN::2019,HAS_OBSERVATION
country::IND,observation::IND::MS.MIL.MPRT.KD::2019,HAS_OBSERVATION
country::IND,observation::IND::IT.NET.BBND::2019,HAS_OBSERVATION
country::IND,observation::IND::IT.CEL.SETS::2019,HAS_OBSERVATION
country::IND,observation::IND::IS.RRS.PASG.KM::2019,HAS_OBSERVATION
country::IND,observation::IND::IS.AIR.DPRT::2019,HAS_OBSERVATION
country::IND,observation::IND::IQ.SPI.PIL2::2019,HAS_OBSERVATION
country::IND,observation::IND::NE.IMP.GNFS.CD::2019,HAS_OBSERVATION
country::IND,observation::IND::NE.GDI.TOTL.KD::2019,HAS_OBSERVATION
country::IND,observation::IND::NE.GDI.STKB.CN::2019,HAS_OBSERVATION
country::IND,observation::IND::NE.GDI.FTOT.KD.ZG::2019,HAS_OBSERVATION
country::IND,observation::IND::NE.GDI.FPRV.ZS::2019,HAS_OBSERVATION
country::IND,observation::IND::NE.EXP.GNFS.KD.ZG::2019,HAS_OBSERVATION
country::IND,observation::IND::NE.DAB.TOTL.ZS::2019,HAS_OBSERVATION
country::IND,observation::IND::NE.DAB.TOTL.CD::2019,HAS_OBSERVATION
country::IND,observation::IND::NE.CON.TOTL.KD.ZG::2019,HAS_OBSERVATION
country::IND,observation::IND::NE.CON.PRVT.ZS::2019,HAS_OBSERVATION
country::IND,observation::IND::NE.CON.PRVT.PC.KD::2019,HAS_OBSERVATION
country::IND,observation::IND::NE.CON.PRVT.CN.AD::2019,HAS_OBSERVATION
country::IND,observation::IND::NE.CON.PCAP.PP.CD::2019,HAS_OBSERVATION
country::IND,observation::IND::NE.CON.GOVT.KD::2019,HAS_OBSERVATION
country::IND,observation::IND::MS.MIL.XPND.ZS::2019,HAS_OBSERVATION
country::IND,observation::IND::MS.MIL.TOTL.TF.ZS::2019,HAS_OBSERVATION
country::IND,observation::IND::IT.NET.USER.ZS::2019,HAS_OBSERVATION
country::IND,observation::IND::IT.NET.SECR::2019,HAS_OBSERVATION
country::IND,observation::IND::IT.MLT.MAIN::2019,HAS_OBSERVATION
country::IND,observation::IND::IS.SHP.GCNW.XQ::2019,HAS_OBSERVATION
country::IND,observation::IND::IS.AIR.PSGR::2019,HAS_OBSERVATION
country::IND,observation::IND::IQ.SPI.PIL4::2019,HAS_OBSERVATION
country::IND,observation::IND::IQ.SPI.OVRL::2019,HAS_OBSERVATION
country::IND,observation::IND::NV.AGR.TOTL.CN::2019,HAS_OBSERVATION
country::IND,observation::IND::NE.RSB.GNFS.ZS::2019,HAS_OBSERVATION
country::IND,observation::IND::NE.IMP.GNFS.ZS::2019,HAS_OBSERVATION
country::IND,observation::IND::NE.IMP.GNFS.CN::2019,HAS_OBSERVATION
country::IND,observation::IND::NE.GDI.TOTL.KD.ZG::2019,HAS_OBSERVATION
country::IND,observation::IND::NE.GDI.STKB.KN::2019,HAS_OBSERVATION
country::IND,observation::IND::NE.GDI.FTOT.KN::2019,HAS_OBSERVATION
country::IND,observation::IND::NE.GDI.FTOT.CD::2019,HAS_OBSERVATION
country::IND,observation::IND::NE.EXP.GNFS.KN::2019,HAS_OBSERVATION
country::IND,observation::IND::NE.EXP.GNFS.CD::2019,HAS_OBSERVATION
country::IND,observation::IND::NE.DAB.TOTL.CN::2019,HAS_OBSERVATION
country::IND,observation::IND::NE.CON.TOTL.KN::2019,HAS_OBSERVATION
country::IND,observation::IND::NE.CON.TOTL.CD::2019,HAS_OBSERVATION
country::IND,observation::IND::NE.CON.PRVT.PC.KD.ZG::2019,HAS_OBSERVATION
country::IND,observation::IND::NE.CON.PRVT.KD::2019,HAS_OBSERVATION
country::IND,observation::IND::NE.CON.PCAP.PP.KD::2019,HAS_OBSERVATION
country::IND,observation::IND::NE.CON.GOVT.KD.ZG::2019,HAS_OBSERVATION
country::IND,observation::IND::MS.MIL.XPRT.KD::2019,HAS_OBSERVATION
country::IND,observation::IND::MS.MIL.XPND.CD::2019,HAS_OBSERVATION
country::IND,observation::IND::IT.NET.SECR.P6::2019,HAS_OBSERVATION
country::IND,observation::IND::IT.MLT.MAIN.P2::2019,HAS_OBSERVATION
country::IND,observation::IND::IS.SHP.GOOD.TU::2019,HAS_OBSERVATION
country::IND,observation::IND::IS.RRS.GOOD.MT.K6::2019,HAS_OBSERVATION
country::IND,observation::IND::IQ.SPI.PIL5::2019,HAS_OBSERVATION
country::IND,observation::IND::IQ.SPI.PIL1::2019,HAS_OBSERVATION
country::IND,observation::IND::VC.IHR.PSRC.P5::2019,HAS_OBSERVATION
country::IND,observation::IND::VC.IDP.NWCV::2019,HAS_OBSERVATION
country::IND,observation::IND::TX.VAL.TECH.MF.ZS::2019,HAS_OBSERVATION
country::IND,observation::IND::TX.VAL.MRCH.XD.WD::2019,HAS_OBSERVATION
country::IND,observation::IND::TX.VAL.MRCH.R6.ZS::2019,HAS_OBSERVATION
country::IND,observation::IND::TX.VAL.MRCH.R2.ZS::2019,HAS_OBSERVATION
country::IND,observation::IND::TX.VAL.MRCH.CD.WT::2019,HAS_OBSERVATION
country::IND,observation::IND::TX.VAL.INSF.ZS.WT::2019,HAS_OBSERVATION
country::IND,observation::IND::TX.VAL.AGRI.ZS.UN::2019,HAS_OBSERVATION
country::IND,observation::IND::TT.PRI.MRCH.XD.WD::2019,HAS_OBSERVATION
country::IND,observation::IND::TM.VAL.OTHR.ZS.WT::2019,HAS_OBSERVATION
country::IND,observation::IND::TM.VAL.MRCH.RS.ZS::2019,HAS_OBSERVATION
country::IND,observation::IND::TM.VAL.MRCH.R3.ZS::2019,HAS_OBSERVATION
country::IND,observation::IND::TM.VAL.MRCH.HI.ZS::2019,HAS_OBSERVATION
country::IND,observation::IND::TM.VAL.MANF.ZS.UN::2019,HAS_OBSERVATION
country::IND,observation::IND::TM.VAL.FOOD.ZS.UN::2019,HAS_OBSERVATION
country::IND,observation::IND::TM.TAX.TCOM.WM.AR.ZS::2019,HAS_OBSERVATION
country::IND,observation::IND::TM.TAX.TCOM.BC.ZS::2019,HAS_OBSERVATION
country::IND,observation::IND::TM.TAX.MRCH.SM.AR.ZS::2019,HAS_OBSERVATION
country::IND,observation::IND::TM.TAX.MANF.WM.AR.ZS::2019,HAS_OBSERVATION
country::IND,observation::IND::TM.TAX.MANF.BC.ZS::2019,HAS_OBSERVATION
country::IND,observation::IND::ST.INT.XPND.CD::2019,HAS_OBSERVATION
country::IND,observation::IND::ST.INT.TRNR.CD::2019,HAS_OBSERVATION
country::IND,observation::IND::ST.INT.ARVL::2019,HAS_OBSERVATION
country::IND,observation::IND::SP.URB.GROW::2019,HAS_OBSERVATION
country::IND,observation::IND::SP.POP.TOTL.FE.ZS::2019,HAS_OBSERVATION
country::IND,observation::IND::SP.POP.DPND::2019,HAS_OBSERVATION
country::IND,observation::IND::SP.POP.7579.MA.5Y::2019,HAS_OBSERVATION
country::IND,observation::IND::SP.POP.65UP.TO.ZS::2019,HAS_OBSERVATION
country::IND,observation::IND::SP.POP.65UP.FE.ZS::2019,HAS_OBSERVATION
country::IND,observation::IND::SP.POP.6064.MA.5Y::2019,HAS_OBSERVATION
country::IND,observation::IND::SP.POP.5054.MA.5Y::2019,HAS_OBSERVATION
country::IND,observation::IND::SP.POP.4044.MA.5Y::2019,HAS_OBSERVATION
country::IND,observation::IND::SP.POP.3034.MA.5Y::2019,HAS_OBSERVATION
country::IND,observation::IND::SP.POP.2024.MA.5Y::2019,HAS_OBSERVATION
country::IND,observation::IND::SP.POP.1564.MA.ZS::2019,HAS_OBSERVATION
country::IND,observation::IND::SP.POP.1519.MA.5Y::2019,HAS_OBSERVATION
country::IND,observation::IND::SP.POP.0509.MA.5Y::2019,HAS_OBSERVATION
country::IND,observation::IND::SP.POP.0014.MA.ZS::2019,HAS_OBSERVATION
country::IND,observation::IND::SP.POP.0004.MA.5Y::2019,HAS_OBSERVATION
country::IND,observation::IND::SP.DYN.TO65.FE.ZS::2019,HAS_OBSERVATION
country::IND,observation::IND::SP.DYN.LE00.FE.IN::2019,HAS_OBSERVATION
country::IND,observation::IND::SP.DYN.AMRT.MA::2019,HAS_OBSERVATION
country::IND,observation::IND::DT.NFL.WHOL.CD::2019,HAS_OBSERVATION
country::IND,observation::IND::DT.NFL.UNDP.CD::2019,HAS_OBSERVATION
country::IND,observation::IND::DT.NFL.UNCF.CD::2019,HAS_OBSERVATION
country::IND,observation::IND::DT.NFL.PROP.CD::2019,HAS_OBSERVATION
country::IND,observation::IND::DT.NFL.PCBK.CD::2019,HAS_OBSERVATION
country::IND,observation::IND::DT.NFL.MOTH.CD::2019,HAS_OBSERVATION
country::IND,observation::IND::DT.NFL.BOND.CD::2019,HAS_OBSERVATION
country::IND,observation::IND::VC.IHR.PSRC.MA.P5::2019,HAS_OBSERVATION
country::IND,observation::IND::VC.BTL.DETH::2019,HAS_OBSERVATION
country::IND,observation::IND::TX.VAL.TECH.CD::2019,HAS_OBSERVATION
country::IND,observation::IND::TX.VAL.MRCH.WR.ZS::2019,HAS_OBSERVATION
country::IND,observation::IND::TX.VAL.MRCH.R5.ZS::2019,HAS_OBSERVATION
country::IND,observation::IND::TX.VAL.MRCH.R1.ZS::2019,HAS_OBSERVATION
country::IND,observation::IND::TX.VAL.MRCH.AL.ZS::2019,HAS_OBSERVATION
country::IND,observation::IND::TX.VAL.ICTG.ZS.UN::2019,HAS_OBSERVATION
country::IND,observation::IND::TX.UVI.MRCH.XD.WD::2019,HAS_OBSERVATION
country::IND,observation::IND::TM.VAL.TRVL.ZS.WT::2019,HAS_OBSERVATION
country::IND,observation::IND::TM.VAL.MRCH.XD.WD::2019,HAS_OBSERVATION
country::IND,observation::IND::TM.VAL.MRCH.R6.ZS::2019,HAS_OBSERVATION
country::IND,observation::IND::TM.VAL.MRCH.R2.ZS::2019,HAS_OBSERVATION
country::IND,observation::IND::TM.VAL.MRCH.CD.WT::2019,HAS_OBSERVATION
country::IND,observation::IND::TM.VAL.INSF.ZS.WT::2019,HAS_OBSERVATION
country::IND,observation::IND::TM.VAL.AGRI.ZS.UN::2019,HAS_OBSERVATION
country::IND,observation::IND::TM.TAX.TCOM.SM.FN.ZS::2019,HAS_OBSERVATION
country::IND,observation::IND::TM.TAX.MRCH.WM.FN.ZS::2019,HAS_OBSERVATION
country::IND,observation::IND::TM.TAX.MRCH.BR.ZS::2019,HAS_OBSERVATION
country::IND,observation::IND::TM.TAX.MANF.SM.FN.ZS::2019,HAS_OBSERVATION
country::IND,observation::IND::TM.QTY.MRCH.XD.WD::2019,HAS_OBSERVATION
country::IND,observation::IND::ST.INT.TVLX.CD::2019,HAS_OBSERVATION
country::IND,observation::IND::ST.INT.RCPT.XP.ZS::2019,HAS_OBSERVATION
country::IND,observation::IND::SP.RUR.TOTL.ZS::2019,HAS_OBSERVATION
country::IND,observation::IND::SP.POP.TOTL.FE.IN::2019,HAS_OBSERVATION
country::IND,observation::IND::SP.POP.GROW::2019,HAS_OBSERVATION
country::IND,observation::IND::SP.POP.BRTH.MF::2019,HAS_OBSERVATION
country::IND,observation::IND::SP.POP.7579.FE.5Y::2019,HAS_OBSERVATION
country::IND,observation::IND::SP.POP.65UP.TO::2019,HAS_OBSERVATION
country::IND,observation::IND::SP.POP.65UP.FE.IN::2019,HAS_OBSERVATION
country::IND,observation::IND::SP.POP.6064.FE.5Y::2019,HAS_OBSERVATION
country::IND,observation::IND::SP.POP.5054.FE.5Y::2019,HAS_OBSERVATION
country::IND,observation::IND::SP.POP.4044.FE.5Y::2019,HAS_OBSERVATION
country::IND,observation::IND::SP.POP.3034.FE.5Y::2019,HAS_OBSERVATION
country::IND,observation::IND::SP.POP.2024.FE.5Y::2019,HAS_OBSERVATION
country::IND,observation::IND::SP.POP.1564.MA.IN::2019,HAS_OBSERVATION
country::IND,observation::IND::SP.POP.1519.FE.5Y::2019,HAS_OBSERVATION
country::IND,observation::IND::SP.POP.0509.FE.5Y::2019,HAS_OBSERVATION
country::IND,observation::IND::SP.POP.0014.MA.IN::2019,HAS_OBSERVATION
country::IND,observation::IND::SP.POP.0004.FE.5Y::2019,HAS_OBSERVATION
country::IND,observation::IND::SP.DYN.TFRT.IN::2019,HAS_OBSERVATION
country::IND,observation::IND::SP.DYN.IMRT.MA.IN::2019,HAS_OBSERVATION
country::IND,observation::IND::SP.DYN.AMRT.FE::2019,HAS_OBSERVATION
country::IND,observation::IND::SM.POP.RHCR.EA::2019,HAS_OBSERVATION
country::IND,observation::IND::SM.POP.IDPC::2019,HAS_OBSERVATION
country::IND,observation::IND::SL.UEM.TOTL.NE.ZS::2019,HAS_OBSERVATION
country::IND,observation::IND::DT.NFL.UNFP.CD::2019,HAS_OBSERVATION
country::IND,observation::IND::DT.NFL.RDBN.CD::2019,HAS_OBSERVATION
country::IND,observation::IND::DT.NFL.PNGC.CD::2019,HAS_OBSERVATION
country::IND,observation::IND::DT.NFL.PBND.CD::2019,HAS_OBSERVATION
country::IND,observation::IND::DT.NFL.MLAT.CD::2019,HAS_OBSERVATION
country::IND,observation::IND::DT.NFL.IMFC.CD::2019,HAS_OBSERVATION
country::IND,observation::IND::DT.NFL.FAOG.CD::2019,HAS_OBSERVATION
country::IND,observation::IND::DT.NFL.BLAT.CD::2019,HAS_OBSERVATION
country::IND,observation::IND::DT.DOD.MWBG.CD::2019,HAS_OBSERVATION
country::IND,observation::IND::DT.DOD.DSTC.XP.ZS::2019,HAS_OBSERVATION
country::IND,observation::IND::DT.DOD.DPNG.CD::2019,HAS_OBSERVATION
country::IND,observation::IND::DT.DOD.DECT.CD::2019,HAS_OBSERVATION
country::IND,observation::IND::VC.IDP.NWDS::2019,HAS_OBSERVATION
country::IND,observation::IND::TX.VAL.TRAN.ZS.WT::2019,HAS_OBSERVATION
country::IND,observation::IND::TX.VAL.OTHR.ZS.WT::2019,HAS_OBSERVATION
country::IND,observation::IND::TX.VAL.MRCH.RS.ZS::2019,HAS_OBSERVATION
country::IND,observation::IND::TX.VAL.MRCH.R3.ZS::2019,HAS_OBSERVATION
country::IND,observation::IND::TX.VAL.MRCH.HI.ZS::2019,HAS_OBSERVATION
country::IND,observation::IND::TX.VAL.MANF.ZS.UN::2019,HAS_OBSERVATION
country::IND,observation::IND::TX.VAL.FOOD.ZS.UN::2019,HAS_OBSERVATION
country::IND,observation::IND::TX.MNF.TECH.ZS.UN::2019,HAS_OBSERVATION
country::IND,observation::IND::TM.VAL.SERV.CD.WT::2019,HAS_OBSERVATION
country::IND,observation::IND::TM.VAL.MRCH.WL.CD::2019,HAS_OBSERVATION
country::IND,observation::IND::TM.VAL.MRCH.R4.ZS::2019,HAS_OBSERVATION
country::IND,observation::IND::TM.VAL.MRCH.OR.ZS::2019,HAS_OBSERVATION
country::IND,observation::IND::TM.VAL.MMTL.ZS.UN::2019,HAS_OBSERVATION
country::IND,observation::IND::TM.VAL.FUEL.ZS.UN::2019,HAS_OBSERVATION
country::IND,observation::IND::TM.TAX.TCOM.WM.FN.ZS::2019,HAS_OBSERVATION
country::IND,observation::IND::TM.TAX.TCOM.BR.ZS::2019,HAS_OBSERVATION
country::IND,observation::IND::TM.TAX.MRCH.SM.FN.ZS::2019,HAS_OBSERVATION
country::IND,observation::IND::TM.TAX.MANF.WM.FN.ZS::2019,HAS_OBSERVATION
country::IND,observation::IND::TM.TAX.MANF.BR.ZS::2019,HAS_OBSERVATION
country::IND,observation::IND::ST.INT.XPND.MP.ZS::2019,HAS_OBSERVATION
country::IND,observation::IND::ST.INT.TRNX.CD::2019,HAS_OBSERVATION
country::IND,observation::IND::ST.INT.DPRT::2019,HAS_OBSERVATION
country::IND,observation::IND::SP.URB.TOTL::2019,HAS_OBSERVATION
country::IND,observation::IND::SP.RUR.TOTL::2019,HAS_OBSERVATION
country::IND,observation::IND::SP.POP.TOTL.MA.IN::2019,HAS_OBSERVATION
country::IND,observation::IND::SP.POP.DPND.OL::2019,HAS_OBSERVATION
country::IND,observation::IND::SP.POP.80UP.FE.5Y::2019,HAS_OBSERVATION
country::IND,observation::IND::SP.POP.7074.FE.5Y::2019,HAS_OBSERVATION
country::IND,observation::IND::SP.POP.65UP.MA.IN::2019,HAS_OBSERVATION
country::IND,observation::IND::SP.POP.6569.FE.5Y::2019,HAS_OBSERVATION
country::IND,observation::IND::SP.POP.5559.FE.5Y::2019,HAS_OBSERVATION
country::IND,observation::IND::SP.POP.4549.FE.5Y::2019,HAS_OBSERVATION
country::IND,observation::IND::SP.POP.3539.FE.5Y::2019,HAS_OBSERVATION
country::IND,observation::IND::SP.POP.2529.FE.5Y::2019,HAS_OBSERVATION
country::IND,observation::IND::SP.POP.1564.TO::2019,HAS_OBSERVATION
country::IND,observation::IND::SP.POP.1564.FE.IN::2019,HAS_OBSERVATION
country::IND,observation::IND::SP.POP.1014.FE.5Y::2019,HAS_OBSERVATION
country::IND,observation::IND::SP.POP.0014.TO::2019,HAS_OBSERVATION
country::IND,observation::IND::SP.POP.0014.FE.IN::2019,HAS_OBSERVATION
country::IND,observation::IND::SP.DYN.TO65.MA.ZS::2019,HAS_OBSERVATION
country::IND,observation::IND::SP.DYN.LE00.IN::2019,HAS_OBSERVATION
country::IND,observation::IND::SP.DYN.IMRT.FE.IN::2019,HAS_OBSERVATION
country::IND,observation::IND::SP.DYN.CBRT.IN::2019,HAS_OBSERVATION
country::IND,observation::IND::SN.ITK.DEFC.ZS::2019,HAS_OBSERVATION
country::IND,observation::IND::DT.NFL.UNCR.CD::2019,HAS_OBSERVATION
country::IND,observation::IND::DT.NFL.PRVT.CD::2019,HAS_OBSERVATION
country::IND,observation::IND::DT.NFL.PCBO.CD::2019,HAS_OBSERVATION
country::IND,observation::IND::DT.NFL.NIFC.CD::2019,HAS_OBSERVATION
country::IND,observation::IND::DT.NFL.MIBR.CD::2019,HAS_OBSERVATION
country::IND,observation::IND::VC.IHR.PSRC.FE.P5::2019,HAS_OBSERVATION
country::IND,observation::IND::TX.VAL.TRVL.ZS.WT::2019,HAS_OBSERVATION
country::IND,observation::IND::TX.VAL.SERV.CD.WT::2019,HAS_OBSERVATION
country::IND,observation::IND::TX.VAL.MRCH.WL.CD::2019,HAS_OBSERVATION
country::IND,observation::IND::TX.VAL.MRCH.R4.ZS::2019,HAS_OBSERVATION
country::IND,observation::IND::TX.VAL.MRCH.OR.ZS::2019,HAS_OBSERVATION
country::IND,observation::IND::TX.VAL.MMTL.ZS.UN::2019,HAS_OBSERVATION
country::IND,observation::IND::TX.VAL.FUEL.ZS.UN::2019,HAS_OBSERVATION
country::IND,observation::IND::TX.QTY.MRCH.XD.WD::2019,HAS_OBSERVATION
country::IND,observation::IND::TM.VAL.TRAN.ZS.WT::2019,HAS_OBSERVATION
country::IND,observation::IND::TM.VAL.MRCH.WR.ZS::2019,HAS_OBSERVATION
country::IND,observation::IND::TM.VAL.MRCH.R5.ZS::2019,HAS_OBSERVATION
country::IND,observation::IND::TM.VAL.MRCH.R1.ZS::2019,HAS_OBSERVATION
country::IND,observation::IND::TM.VAL.MRCH.AL.ZS::2019,HAS_OBSERVATION
country::IND,observation::IND::TM.VAL.ICTG.ZS.UN::2019,HAS_OBSERVATION
country::IND,observation::IND::TM.UVI.MRCH.XD.WD::2019,HAS_OBSERVATION
country::IND,observation::IND::TM.TAX.TCOM.SM.AR.ZS::2019,HAS_OBSERVATION
country::IND,observation::IND::TM.TAX.MRCH.WM.AR.ZS::2019,HAS_OBSERVATION
country::IND,observation::IND::TM.TAX.MRCH.BC.ZS::2019,HAS_OBSERVATION
country::IND,observation::IND::TM.TAX.MANF.SM.AR.ZS::2019,HAS_OBSERVATION
country::IND,observation::IND::TG.VAL.TOTL.GD.ZS::2019,HAS_OBSERVATION
country::IND,observation::IND::ST.INT.TVLR.CD::2019,HAS_OBSERVATION
country::IND,observation::IND::ST.INT.RCPT.CD::2019,HAS_OBSERVATION
country::IND,observation::IND::SP.URB.TOTL.IN.ZS::2019,HAS_OBSERVATION
country::IND,observation::IND::SP.RUR.TOTL.ZG::2019,HAS_OBSERVATION
country::IND,observation::IND::SP.POP.TOTL.MA.ZS::2019,HAS_OBSERVATION
country::IND,observation::IND::SP.POP.TOTL::2019,HAS_OBSERVATION
country::IND,observation::IND::SP.POP.DPND.YG::2019,HAS_OBSERVATION
country::IND,observation::IND::SP.POP.80UP.MA.5Y::2019,HAS_OBSERVATION
country::IND,observation::IND::SP.POP.7074.MA.5Y::2019,HAS_OBSERVATION
country::IND,observation::IND::SP.POP.65UP.MA.ZS::2019,HAS_OBSERVATION
country::IND,observation::IND::SP.POP.6569.MA.5Y::2019,HAS_OBSERVATION
country::IND,observation::IND::SP.POP.5559.MA.5Y::2019,HAS_OBSERVATION
country::IND,observation::IND::SP.POP.4549.MA.5Y::2019,HAS_OBSERVATION
country::IND,observation::IND::SP.POP.3539.MA.5Y::2019,HAS_OBSERVATION
country::IND,observation::IND::SP.POP.2529.MA.5Y::2019,HAS_OBSERVATION
country::IND,observation::IND::SP.POP.1564.TO.ZS::2019,HAS_OBSERVATION
country::IND,observation::IND::SP.POP.1564.FE.ZS::2019,HAS_OBSERVATION
country::IND,observation::IND::SP.POP.1014.MA.5Y::2019,HAS_OBSERVATION
country::IND,observation::IND::SP.POP.0014.TO.ZS::2019,HAS_OBSERVATION
country::IND,observation::IND::SP.POP.0014.FE.ZS::2019,HAS_OBSERVATION
country::IND,observation::IND::SP.DYN.LE00.MA.IN::2019,HAS_OBSERVATION
country::IND,observation::IND::SP.DYN.IMRT.IN::2019,HAS_OBSERVATION
country::IND,observation::IND::SP.DYN.CDRT.IN::2019,HAS_OBSERVATION
country::IND,observation::IND::SP.ADO.TFRT::2019,HAS_OBSERVATION
country::IND,observation::IND::SM.POP.FDIP::2019,HAS_OBSERVATION
country::IND,observation::IND::DT.ODA.ALLD.CD::2019,HAS_OBSERVATION
country::IND,observation::IND::DT.NFL.UNAI.CD::2019,HAS_OBSERVATION
country::IND,observation::IND::DT.NFL.PNGB.CD::2019,HAS_OBSERVATION
country::IND,observation::IND::DT.NFL.OFFT.CD::2019,HAS_OBSERVATION
country::IND,observation::IND::DT.NFL.MIDA.CD::2019,HAS_OBSERVATION
country::IND,observation::IND::DT.NFL.ILOG.CD::2019,HAS_OBSERVATION
country::IND,observation::IND::DT.NFL.DPNG.CD::2019,HAS_OBSERVATION
country::IND,observation::IND::IP.PAT.NRES::2019,HAS_OBSERVATION
country::IND,observation::IND::IC.BUS.NDNS.ZS::2019,HAS_OBSERVATION
country::IND,observation::IND::GF.XPD.BUDG.ZS::2019,HAS_OBSERVATION
country::IND,observation::IND::FR.INR.RINR::2019,HAS_OBSERVATION
country::IND,observation::IND::FP.WPI.TOTL::2019,HAS_OBSERVATION
country::IND,observation::IND::FM.LBL.BMNY.IR.ZS::2019,HAS_OBSERVATION
country::IND,observation::IND::FM.AST.PRVT.GD.ZS::2019,HAS_OBSERVATION
country::IND,observation::IND::IP.TMK.RSCT::2019,HAS_OBSERVATION
country::IND,observation::IND::IP.JRN.ARTC.SC::2019,HAS_OBSERVATION
country::IND,observation::IND::IE.PPN.TRAN.CD::2019,HAS_OBSERVATION
country::IND,observation::IND::IE.PPI.TRAN.CD::2019,HAS_OBSERVATION
country::IND,observation::IND::GB.XPD.RSDV.GD.ZS::2019,HAS_OBSERVATION
country::IND,observation::IND::FP.CPI.TOTL.ZG::2019,HAS_OBSERVATION
country::IND,observation::IND::FM.LBL.BMNY.GD.ZS::2019,HAS_OBSERVATION
country::IND,observation::IND::FM.AST.NFRG.CN::2019,HAS_OBSERVATION
country::IND,observation::IND::IP.PAT.RESD::2019,HAS_OBSERVATION
country::IND,observation::IND::IP.IDS.NRCT::2019,HAS_OBSERVATION
country::IND,observation::IND::IE.PPN.ENGY.CD::2019,HAS_OBSERVATION
country::IND,observation::IND::IE.PPI.ENGY.CD::2019,HAS_OBSERVATION
country::IND,observation::IND::IC.BUS.NREG::2019,HAS_OBSERVATION
country::IND,observation::IND::FS.AST.PRVT.GD.ZS::2019,HAS_OBSERVATION
country::IND,observation::IND::IP.TMK.NRCT::2019,HAS_OBSERVATION
country::IND,observation::IND::IP.IDS.RSCT::2019,HAS_OBSERVATION
country::IND,observation::IND::FS.AST.CGOV.GD.ZS::2019,HAS_OBSERVATION
country::IND,observation::IND::FM.AST.CGOV.ZG.M3::2019,HAS_OBSERVATION
country::IND,observation::IND::FI.RES.TOTL.CD::2019,HAS_OBSERVATION
country::IND,observation::IND::FB.AST.NPER.ZS::2019,HAS_OBSERVATION
country::IND,observation::IND::ER.H2O.INTR.PC::2019,HAS_OBSERVATION
country::IND,observation::IND::ER.H2O.FWST.ZS::2019,HAS_OBSERVATION
country::IND,observation::IND::ER.GDP.FWTL.M3.KD::2019,HAS_OBSERVATION
country::IND,observation::IND::EN.URB.MCTY.TL.ZS::2019,HAS_OBSERVATION
country::IND,observation::IND::EN.POP.SLUM.UR.ZS::2019,HAS_OBSERVATION
country::IND,observation::IND::EN.POP.DNST::2019,HAS_OBSERVATION
country::IND,observation::IND::EN.GHG.N2O.ZG.AR5::2019,HAS_OBSERVATION
country::IND,observation::IND::EN.GHG.N2O.MT.CE.AR5::2019,HAS_OBSERVATION
country::IND,observation::IND::EN.GHG.N2O.BU.MT.CE.AR5::2019,HAS_OBSERVATION
country::IND,observation::IND::EN.GHG.CO2.PI.MT.CE.AR5::2019,HAS_OBSERVATION
country::IND,observation::IND::EN.GHG.CO2.LU.OL.MT.CE.AR5::2019,HAS_OBSERVATION
country::IND,observation::IND::EN.GHG.CO2.IP.MT.CE.AR5::2019,HAS_OBSERVATION
country::IND,observation::IND::EN.GHG.CO2.AG.MT.CE.AR5::2019,HAS_OBSERVATION
country::IND,observation::IND::EN.GHG.CH4.PI.MT.CE.AR5::2019,HAS_OBSERVATION
country::IND,observation::IND::EN.GHG.CH4.FE.MT.CE.AR5::2019,HAS_OBSERVATION
country::IND,observation::IND::EN.GHG.ALL.MT.CE.AR5::2019,HAS_OBSERVATION
country::IND,observation::IND::EG.USE.ELEC.KH.PC::2019,HAS_OBSERVATION
country::IND,observation::IND::EG.USE.COMM.CL.ZS::2019,HAS_OBSERVATION
country::IND,observation::IND::EG.FEC.RNEW.ZS::2019,HAS_OBSERVATION
country::IND,observation::IND::EG.ELC.PETR.ZS::2019,HAS_OBSERVATION
country::IND,observation::IND::EG.ELC.HYRO.ZS::2019,HAS_OBSERVATION
country::IND,observation::IND::EG.ELC.ACCS.UR.ZS::2019,HAS_OBSERVATION
country::IND,observation::IND::EG.CFT.ACCS.UR.ZS::2019,HAS_OBSERVATION
country::IND,observation::IND::DT.TDS.DPPG.XP.ZS::2019,HAS_OBSERVATION
country::IND,observation::IND::DT.TDS.DIMF.CD::2019,HAS_OBSERVATION
country::IND,observation::IND::DT.ODA.ODAT.GN.ZS::2019,HAS_OBSERVATION
country::IND,observation::IND::FI.RES.XGLD.CD::2019,HAS_OBSERVATION
country::IND,observation::IND::FD.RES.LIQU.AS.ZS::2019,HAS_OBSERVATION
country::IND,observation::IND::FB.CBK.BRCH.P5::2019,HAS_OBSERVATION
country::IND,observation::IND::ER.PTD.TOTL.ZS::2019,HAS_OBSERVATION
country::IND,observation::IND::ER.H2O.INTR.K3::2019,HAS_OBSERVATION
country::IND,observation::IND::ER.H2O.FWIN.ZS::2019,HAS_OBSERVATION
country::IND,observation::IND::ER.FSH.PROD.MT::2019,HAS_OBSERVATION
country::IND,observation::IND::EN.URB.MCTY::2019,HAS_OBSERVATION
country::IND,observation::IND::EN.GHG.N2O.WA.MT.CE.AR5::2019,HAS_OBSERVATION
country::IND,observation::IND::EN.GHG.N2O.IP.MT.CE.AR5::2019,HAS_OBSERVATION
country::IND,observation::IND::EN.GHG.N2O.AG.MT.CE.AR5::2019,HAS_OBSERVATION
country::IND,observation::IND::EN.GHG.CO2.TR.MT.CE.AR5::2019,HAS_OBSERVATION
country::IND,observation::IND::EN.GHG.CO2.PC.CE.AR5::2019,HAS_OBSERVATION
country::IND,observation::IND::EN.GHG.CO2.LU.MT.CE.AR5::2019,HAS_OBSERVATION
country::IND,observation::IND::EN.GHG.CO2.IC.MT.CE.AR5::2019,HAS_OBSERVATION
country::IND,observation::IND::EN.GHG.CH4.ZG.AR5::2019,HAS_OBSERVATION
country::IND,observation::IND::EN.GHG.CH4.MT.CE.AR5::2019,HAS_OBSERVATION
country::IND,observation::IND::EN.GHG.CH4.BU.MT.CE.AR5::2019,HAS_OBSERVATION
country::IND,observation::IND::EN.GHG.ALL.LU.MT.CE.AR5::2019,HAS_OBSERVATION
country::IND,observation::IND::EG.USE.CRNW.ZS::2019,HAS_OBSERVATION
country::IND,observation::IND::EG.IMP.CONS.ZS::2019,HAS_OBSERVATION
country::IND,observation::IND::EG.ELC.RNWX.ZS::2019,HAS_OBSERVATION
country::IND,observation::IND::EG.ELC.NUCL.ZS::2019,HAS_OBSERVATION
country::IND,observation::IND::EG.ELC.FOSL.ZS::2019,HAS_OBSERVATION
country::IND,observation::IND::EG.ELC.ACCS.RU.ZS::2019,HAS_OBSERVATION
country::IND,observation::IND::EG.CFT.ACCS.RU.ZS::2019,HAS_OBSERVATION
country::IND,observation::IND::DT.TDS.DPPG.GN.ZS::2019,HAS_OBSERVATION
country::IND,observation::IND::DT.TDS.DECT.GN.ZS::2019,HAS_OBSERVATION
country::IND,observation::IND::DT.ODA.ODAT.PC.ZS::2019,HAS_OBSERVATION
country::IND,observation::IND::DT.ODA.ODAT.GI.ZS::2019,HAS_OBSERVATION
country::IND,observation::IND::DT.ODA.ALLD.KD::2019,HAS_OBSERVATION
country::IND,observation::IND::FM.LBL.BMNY.ZG::2019,HAS_OBSERVATION
country::IND,observation::IND::FM.AST.PRVT.ZG.M3::2019,HAS_OBSERVATION
country::IND,observation::IND::FM.AST.DOMO.ZG.M3::2019,HAS_OBSERVATION
country::IND,observation::IND::FI.RES.TOTL.DT.ZS::2019,HAS_OBSERVATION
country::IND,observation::IND::FB.ATM.TOTL.P5::2019,HAS_OBSERVATION
country::IND,observation::IND::ER.LND.PTLD.ZS::2019,HAS_OBSERVATION
country::IND,observation::IND::ER.H2O.FWTL.K3::2019,HAS_OBSERVATION
country::IND,observation::IND::ER.H2O.FWAG.ZS::2019,HAS_OBSERVATION
country::IND,observation::IND::ER.FSH.AQUA.MT::2019,HAS_OBSERVATION
country::IND,observation::IND::EN.URB.LCTY::2019,HAS_OBSERVATION
country::IND,observation::IND::EN.GHG.TOT.ZG.AR5::2019,HAS_OBSERVATION
country::IND,observation::IND::EN.GHG.N2O.PI.MT.CE.AR5::2019,HAS_OBSERVATION
country::IND,observation::IND::EN.GHG.N2O.FE.MT.CE.AR5::2019,HAS_OBSERVATION
country::IND,observation::IND::EN.GHG.CO2.ZG.AR5::2019,HAS_OBSERVATION
country::IND,observation::IND::EN.GHG.CO2.RT.GDP.KD::2019,HAS_OBSERVATION
country::IND,observation::IND::EN.GHG.CO2.LU.OS.MT.CE.AR5::2019,HAS_OBSERVATION
country::IND,observation::IND::EN.GHG.CO2.LU.DF.MT.CE.AR5::2019,HAS_OBSERVATION
country::IND,observation::IND::EN.GHG.CO2.BU.MT.CE.AR5::2019,HAS_OBSERVATION
country::IND,observation::IND::EN.GHG.CH4.TR.MT.CE.AR5::2019,HAS_OBSERVATION
country::IND,observation::IND::EN.GHG.CH4.IC.MT.CE.AR5::2019,HAS_OBSERVATION
country::IND,observation::IND::EN.GHG.ALL.PC.CE.AR5::2019,HAS_OBSERVATION
country::IND,observation::IND::EG.USE.PCAP.KG.OE::2019,HAS_OBSERVATION
country::IND,observation::IND::EG.USE.COMM.FO.ZS::2019,HAS_OBSERVATION
country::IND,observation::IND::EG.GDP.PUSE.KO.PP::2019,HAS_OBSERVATION
country::IND,observation::IND::EG.ELC.RNEW.ZS::2019,HAS_OBSERVATION
country::IND,observation::IND::EG.ELC.LOSS.ZS::2019,HAS_OBSERVATION
country::IND,observation::IND::EG.ELC.ACCS.ZS::2019,HAS_OBSERVATION
country::IND,observation::IND::EG.CFT.ACCS.ZS::2019,HAS_OBSERVATION
country::IND,observation::IND::DT.TDS.MLAT.CD::2019,HAS_OBSERVATION
country::IND,observation::IND::DT.TDS.DPPF.XP.ZS::2019,HAS_OBSERVATION
country::IND,observation::IND::DT.TDS.DECT.CD::2019,HAS_OBSERVATION
country::IND,observation::IND::DT.ODA.ODAT.KD::2019,HAS_OBSERVATION
country::IND,observation::IND::FR.INR.LEND::2019,HAS_OBSERVATION
country::IND,observation::IND::FP.CPI.TOTL::2019,HAS_OBSERVATION
country::IND,observation::IND::FM.LBL.BMNY.CN::2019,HAS_OBSERVATION
country::IND,observation::IND::FM.AST.DOMS.CN::2019,HAS_OBSERVATION
country::IND,observation::IND::FI.RES.TOTL.MO::2019,HAS_OBSERVATION
country::IND,observation::IND::FD.AST.PRVT.GD.ZS::2019,HAS_OBSERVATION
country::IND,observation::IND::FB.BNK.CAPA.ZS::2019,HAS_OBSERVATION
country::IND,observation::IND::ER.MRN.PTMR.ZS::2019,HAS_OBSERVATION
country::IND,observation::IND::ER.H2O.FWTL.ZS::2019,HAS_OBSERVATION
country::IND,observation::IND::ER.H2O.FWDM.ZS::2019,HAS_OBSERVATION
country::IND,observation::IND::ER.FSH.CAPT.MT::2019,HAS_OBSERVATION
country::IND,observation::IND::EN.URB.LCTY.UR.ZS::2019,HAS_OBSERVATION
country::IND,observation::IND::EN.GHG.N2O.TR.MT.CE.AR5::2019,HAS_OBSERVATION
country::IND,observation::IND::EN.GHG.N2O.IC.MT.CE.AR5::2019,HAS_OBSERVATION
country::IND,observation::IND::EN.GHG.FGAS.IP.MT.CE.AR5::2019,HAS_OBSERVATION
country::IND,observation::IND::EN.GHG.CO2.RT.GDP.PP.KD::2019,HAS_OBSERVATION
country::IND,observation::IND::EN.GHG.CO2.MT.CE.AR5::2019,HAS_OBSERVATION
country::IND,observation::IND::EN.GHG.CO2.LU.FL.MT.CE.AR5::2019,HAS_OBSERVATION
country::IND,observation::IND::EN.GHG.CO2.FE.MT.CE.AR5::2019,HAS_OBSERVATION
country::IND,observation::IND::EN.GHG.CH4.WA.MT.CE.AR5::2019,HAS_OBSERVATION
country::IND,observation::IND::EN.GHG.CH4.IP.MT.CE.AR5::2019,HAS_OBSERVATION
country::IND,observation::IND::EN.GHG.CH4.AG.MT.CE.AR5::2019,HAS_OBSERVATION
country::IND,observation::IND::EN.ATM.PM25.MC.M3::2019,HAS_OBSERVATION
country::IND,observation::IND::EG.USE.COMM.GD.PP.KD::2019,HAS_OBSERVATION
country::IND,observation::IND::EG.GDP.PUSE.KO.PP.KD::2019,HAS_OBSERVATION
country::IND,observation::IND::EG.ELC.RNWX.KH::2019,HAS_OBSERVATION
country::IND,observation::IND::EG.ELC.NGAS.ZS::2019,HAS_OBSERVATION
country::IND,observation::IND::EG.ELC.COAL.ZS::2019,HAS_OBSERVATION
country::IND,observation::IND::EG.EGY.PRIM.PP.KD::2019,HAS_OBSERVATION
country::IND,observation::IND::DT.TDS.MLAT.PG.ZS::2019,HAS_OBSERVATION
country::IND,observation::IND::DT.TDS.DPPG.CD::2019,HAS_OBSERVATION
country::IND,observation::IND::DT.TDS.DECT.EX.ZS::2019,HAS_OBSERVATION
country::IND,observation::IND::DT.ODA.ODAT.MP.ZS::2019,HAS_OBSERVATION
country::IND,observation::IND::DT.ODA.ODAT.CD::2019,HAS_OBSERVATION
country::IND,observation::IND::SM.POP.RHCR.EO::2020,HAS_OBSERVATION
country::IND,observation::IND::SM.POP.NETM::2020,HAS_OBSERVATION
country::IND,observation::IND::SM.POP.ASYS.EA::2020,HAS_OBSERVATION
country::IND,observation::IND::SL.UEM.TOTL.ZS::2020,HAS_OBSERVATION
country::IND,observation::IND::SL.UEM.TOTL.FE.ZS::2020,HAS_OBSERVATION
country::IND,observation::IND::SL.UEM.NEET.MA.ZS::2020,HAS_OBSERVATION
country::IND,observation::IND::SL.UEM.INTM.ZS::2020,HAS_OBSERVATION
country::IND,observation::IND::SL.UEM.BASC.MA.ZS::2020,HAS_OBSERVATION
country::IND,observation::IND::SL.UEM.ADVN.FE.ZS::2020,HAS_OBSERVATION
country::IND,observation::IND::SL.UEM.1524.MA.NE.ZS::2020,HAS_OBSERVATION
country::IND,observation::IND::SL.TLF.TOTL.FE.ZS::2020,HAS_OBSERVATION
country::IND,observation::IND::SL.TLF.INTM.ZS::2020,HAS_OBSERVATION
country::IND,observation::IND::SL.TLF.CACT.NE.ZS::2020,HAS_OBSERVATION
country::IND,observation::IND::SL.TLF.CACT.FM.NE.ZS::2020,HAS_OBSERVATION
country::IND,observation::IND::SL.TLF.BASC.MA.ZS::2020,HAS_OBSERVATION
country::IND,observation::IND::SL.TLF.ADVN.FE.ZS::2020,HAS_OBSERVATION
country::IND,observation::IND::SL.TLF.ACTI.1524.ZS::2020,HAS_OBSERVATION
country::IND,observation::IND::SL.TLF.ACTI.1524.FE.ZS::2020,HAS_OBSERVATION
country::IND,observation::IND::SL.GDP.PCAP.EM.KD::2020,HAS_OBSERVATION
country::IND,observation::IND::SL.EMP.WORK.MA.ZS::2020,HAS_OBSERVATION
country::IND,observation::IND::SL.EMP.VULN.FE.ZS::2020,HAS_OBSERVATION
country::IND,observation::IND::SL.EMP.TOTL.SP.MA.NE.ZS::2020,HAS_OBSERVATION
country::IND,observation::IND::SL.EMP.SELF.ZS::2020,HAS_OBSERVATION
country::IND,observation::IND::SL.EMP.MPYR.MA.ZS::2020,HAS_OBSERVATION
country::IND,observation::IND::SL.EMP.1524.SP.MA.ZS::2020,HAS_OBSERVATION
country::IND,observation::IND::SL.AGR.EMPL.ZS::2020,HAS_OBSERVATION
country::IND,observation::IND::SI.RMT.COST.IB.ZS::2020,HAS_OBSERVATION
country::IND,observation::IND::SH_UHC_SCI_RMNCH::2020,HAS_OBSERVATION
country::IND,observation::IND::SH_UHC_SCI::2020,HAS_OBSERVATION
country::IND,observation::IND::SH.XPD.PVTD.CH.ZS::2020,HAS_OBSERVATION
country::IND,observation::IND::SH.XPD.GHED.PP.CD::2020,HAS_OBSERVATION
country::IND,observation::IND::SH.XPD.GHED.CH.ZS::2020,HAS_OBSERVATION
country::IND,observation::IND::SH.XPD.CHEX.PP.CD::2020,HAS_OBSERVATION
country::IND,observation::IND::SH.TBS.INCD::2020,HAS_OBSERVATION
country::IND,observation::IND::DT.DOD.DSTC.ZS::2020,HAS_OBSERVATION
country::IND,observation::IND::DT.DOD.DPPG.CD::2020,HAS_OBSERVATION
country::IND,observation::IND::DT.DOD.DECT.GN.ZS::2020,HAS_OBSERVATION
country::IND,observation::IND::DC.DAC.TOTL.CD::2020,HAS_OBSERVATION
country::IND,observation::IND::DC.DAC.PRTL.CD::2020,HAS_OBSERVATION
country::IND,observation::IND::DC.DAC.NLDL.CD::2020,HAS_OBSERVATION
country::IND,observation::IND::DC.DAC.JPNL.CD::2020,HAS_OBSERVATION
country::IND,observation::IND::DC.DAC.HUNL.CD::2020,HAS_OBSERVATION
country::IND,observation::IND::DC.DAC.FINL.CD::2020,HAS_OBSERVATION
country::IND,observation::IND::DC.DAC.DEUL.CD::2020,HAS_OBSERVATION
country::IND,observation::IND::SL.UEM.TOTL.FE.NE.ZS::2020,HAS_OBSERVATION
country::IND,observation::IND::SL.UEM.NEET.MA.ME.ZS::2020,HAS_OBSERVATION
country::IND,observation::IND::SL.UEM.INTM.MA.ZS::2020,HAS_OBSERVATION
country::IND,observation::IND::SL.UEM.BASC.FE.ZS::2020,HAS_OBSERVATION
country::IND,observation::IND::SL.UEM.1524.ZS::2020,HAS_OBSERVATION
country::IND,observation::IND::SL.UEM.1524.FE.ZS::2020,HAS_OBSERVATION
country::IND,observation::IND::SL.TLF.PART.ZS::2020,HAS_OBSERVATION
country::IND,observation::IND::SL.TLF.INTM.MA.ZS::2020,HAS_OBSERVATION
country::IND,observation::IND::SL.TLF.CACT.MA.ZS::2020,HAS_OBSERVATION
country::IND,observation::IND::SL.TLF.CACT.FE.ZS::2020,HAS_OBSERVATION
country::IND,observation::IND::SL.TLF.BASC.FE.ZS::2020,HAS_OBSERVATION
country::IND,observation::IND::SL.TLF.ACTI.ZS::2020,HAS_OBSERVATION
country::IND,observation::IND::SL.TLF.ACTI.1524.NE.ZS::2020,HAS_OBSERVATION
country::IND,observation::IND::SL.TLF.ACTI.1524.FE.NE.ZS::2020,HAS_OBSERVATION
country::IND,observation::IND::SL.SRV.EMPL.ZS::2020,HAS_OBSERVATION
country::IND,observation::IND::SL.IND.EMPL.ZS::2020,HAS_OBSERVATION
country::IND,observation::IND::SL.FAM.WORK.ZS::2020,HAS_OBSERVATION
country::IND,observation::IND::SL.EMP.WORK.FE.ZS::2020,HAS_OBSERVATION
country::IND,observation::IND::SL.EMP.TOTL.SP.ZS::2020,HAS_OBSERVATION
country::IND,observation::IND::SL.EMP.TOTL.SP.FE.ZS::2020,HAS_OBSERVATION
country::IND,observation::IND::SL.EMP.SELF.MA.ZS::2020,HAS_OBSERVATION
country::IND,observation::IND::SL.EMP.MPYR.FE.ZS::2020,HAS_OBSERVATION
country::IND,observation::IND::SL.EMP.1524.SP.MA.NE.ZS::2020,HAS_OBSERVATION
country::IND,observation::IND::SL.AGR.EMPL.MA.ZS::2020,HAS_OBSERVATION
country::IND,observation::IND::SH_UHC_SCI_NCD::2020,HAS_OBSERVATION
country::IND,observation::IND::SH.XPD.OOPC.PP.CD::2020,HAS_OBSERVATION
country::IND,observation::IND::SH.XPD.GHED.PC.CD::2020,HAS_OBSERVATION
country::IND,observation::IND::SH.XPD.EHEX.PP.CD::2020,HAS_OBSERVATION
country::IND,observation::IND::SH.XPD.CHEX.PC.CD::2020,HAS_OBSERVATION
country::IND,observation::IND::DC.DAC.SWEL.CD::2020,HAS_OBSERVATION
country::IND,observation::IND::DC.DAC.POLL.CD::2020,HAS_OBSERVATION
country::IND,observation::IND::DC.DAC.LUXL.CD::2020,HAS_OBSERVATION
country::IND,observation::IND::DC.DAC.ITAL.CD::2020,HAS_OBSERVATION
country::IND,observation::IND::DC.DAC.CZEL.CD::2020,HAS_OBSERVATION
country::IND,observation::IND::DC.DAC.BELL.CD::2020,HAS_OBSERVATION
country::IND,observation::IND::CM.MKT.TRAD.GD.ZS::2020,HAS_OBSERVATION
country::IND,observation::IND::CM.MKT.LCAP.CD::2020,HAS_OBSERVATION
country::IND,observation::IND::BX.TRF.PWKR.CD::2020,HAS_OBSERVATION
country::IND,observation::IND::SM.POP.ASYS.EO::2020,HAS_OBSERVATION
country::IND,observation::IND::SL.UEM.TOTL.MA.NE.ZS::2020,HAS_OBSERVATION
country::IND,observation::IND::SL.UEM.NEET.ME.ZS::2020,HAS_OBSERVATION
country::IND,observation::IND::SL.UEM.NEET.FE.ME.ZS::2020,HAS_OBSERVATION
country::IND,observation::IND::SL.UEM.BASC.ZS::2020,HAS_OBSERVATION
country::IND,observation::IND::SL.UEM.ADVN.MA.ZS::2020,HAS_OBSERVATION
country::IND,observation::IND::SL.UEM.1524.MA.ZS::2020,HAS_OBSERVATION
country::IND,observation::IND::SL.TLF.TOTL.IN::2020,HAS_OBSERVATION
country::IND,observation::IND::SL.TLF.PART.FE.ZS::2020,HAS_OBSERVATION
country::IND,observation::IND::SL.TLF.CACT.ZS::2020,HAS_OBSERVATION
country::IND,observation::IND::SL.TLF.CACT.FM.ZS::2020,HAS_OBSERVATION
country::IND,observation::IND::SL.TLF.BASC.ZS::2020,HAS_OBSERVATION
country::IND,observation::IND::SL.TLF.ADVN.MA.ZS::2020,HAS_OBSERVATION
country::IND,observation::IND::SL.TLF.ACTI.FE.ZS::2020,HAS_OBSERVATION
country::IND,observation::IND::SL.TLF.ACTI.1524.MA.NE.ZS::2020,HAS_OBSERVATION
country::IND,observation::IND::SL.SRV.EMPL.FE.ZS::2020,HAS_OBSERVATION
country::IND,observation::IND::SL.IND.EMPL.FE.ZS::2020,HAS_OBSERVATION
country::IND,observation::IND::SL.FAM.WORK.FE.ZS::2020,HAS_OBSERVATION
country::IND,observation::IND::SL.EMP.WORK.ZS::2020,HAS_OBSERVATION
country::IND,observation::IND::SL.EMP.VULN.MA.ZS::2020,HAS_OBSERVATION
country::IND,observation::IND::SL.EMP.TOTL.SP.MA.ZS::2020,HAS_OBSERVATION
country::IND,observation::IND::SL.EMP.SMGT.FE.ZS::2020,HAS_OBSERVATION
country::IND,observation::IND::SL.EMP.MPYR.ZS::2020,HAS_OBSERVATION
country::IND,observation::IND::SL.EMP.1524.SP.NE.ZS::2020,HAS_OBSERVATION
country::IND,observation::IND::SL.EMP.1524.SP.FE.NE.ZS::2020,HAS_OBSERVATION
country::IND,observation::IND::SH_UHC_SCI_CAPACITY::2020,HAS_OBSERVATION
country::IND,observation::IND::SH.XPD.PVTD.PC.CD::2020,HAS_OBSERVATION
country::IND,observation::IND::SH.XPD.OOPC.CH.ZS::2020,HAS_OBSERVATION
country::IND,observation::IND::SH.XPD.GHED.GD.ZS::2020,HAS_OBSERVATION
country::IND,observation::IND::DT.NFL.IFAD.CD::2020,HAS_OBSERVATION
country::IND,observation::IND::DT.DOD.MIBR.CD::2020,HAS_OBSERVATION
country::IND,observation::IND::DT.DOD.DSTC.CD::2020,HAS_OBSERVATION
country::IND,observation::IND::DT.DOD.DIMF.CD::2020,HAS_OBSERVATION
country::IND,observation::IND::DC.DAC.USAL.CD::2020,HAS_OBSERVATION
country::IND,observation::IND::DC.DAC.NORL.CD::2020,HAS_OBSERVATION
country::IND,observation::IND::DC.DAC.KORL.CD::2020,HAS_OBSERVATION
country::IND,observation::IND::DC.DAC.IRLL.CD::2020,HAS_OBSERVATION
country::IND,observation::IND::SL.UEM.TOTL.MA.ZS::2020,HAS_OBSERVATION
country::IND,observation::IND::SL.UEM.NEET.ZS::2020,HAS_OBSERVATION
country::IND,observation::IND::SL.UEM.NEET.FE.ZS::2020,HAS_OBSERVATION
country::IND,observation::IND::SL.UEM.INTM.FE.ZS::2020,HAS_OBSERVATION
country::IND,observation::IND::SL.UEM.ADVN.ZS::2020,HAS_OBSERVATION
country::IND,observation::IND::SL.UEM.1524.NE.ZS::2020,HAS_OBSERVATION
country::IND,observation::IND::SL.UEM.1524.FE.NE.ZS::2020,HAS_OBSERVATION
country::IND,observation::IND::SL.TLF.PART.MA.ZS::2020,HAS_OBSERVATION
country::IND,observation::IND::SL.TLF.INTM.FE.ZS::2020,HAS_OBSERVATION
country::IND,observation::IND::SL.TLF.CACT.MA.NE.ZS::2020,HAS_OBSERVATION
country::IND,observation::IND::SL.TLF.CACT.FE.NE.ZS::2020,HAS_OBSERVATION
country::IND,observation::IND::SL.TLF.ADVN.ZS::2020,HAS_OBSERVATION
country::IND,observation::IND::SL.TLF.ACTI.MA.ZS::2020,HAS_OBSERVATION
country::IND,observation::IND::SL.TLF.ACTI.1524.MA.ZS::2020,HAS_OBSERVATION
country::IND,observation::IND::SL.SRV.EMPL.MA.ZS::2020,HAS_OBSERVATION
country::IND,observation::IND::SL.IND.EMPL.MA.ZS::2020,HAS_OBSERVATION
country::IND,observation::IND::SL.FAM.WORK.MA.ZS::2020,HAS_OBSERVATION
country::IND,observation::IND::SL.EMP.VULN.ZS::2020,HAS_OBSERVATION
country::IND,observation::IND::SL.EMP.TOTL.SP.NE.ZS::2020,HAS_OBSERVATION
country::IND,observation::IND::SL.EMP.TOTL.SP.FE.NE.ZS::2020,HAS_OBSERVATION
country::IND,observation::IND::SL.EMP.SELF.FE.ZS::2020,HAS_OBSERVATION
country::IND,observation::IND::SL.EMP.1524.SP.ZS::2020,HAS_OBSERVATION
country::IND,observation::IND::SL.EMP.1524.SP.FE.ZS::2020,HAS_OBSERVATION
country::IND,observation::IND::SL.AGR.EMPL.FE.ZS::2020,HAS_OBSERVATION
country::IND,observation::IND::SH_UHC_SCI_ID::2020,HAS_OBSERVATION
country::IND,observation::IND::SH.XPD.PVTD.PP.CD::2020,HAS_OBSERVATION
country::IND,observation::IND::SH.XPD.OOPC.PC.CD::2020,HAS_OBSERVATION
country::IND,observation::IND::SH.XPD.GHED.GE.ZS::2020,HAS_OBSERVATION
country::IND,observation::IND::SH.XPD.EHEX.PC.CD::2020,HAS_OBSERVATION
country::IND,observation::IND::SH.XPD.CHEX.GD.ZS::2020,HAS_OBSERVATION
country::IND,observation::IND::SH.TBS.CURE.ZS::2020,HAS_OBSERVATION
country::IND,observation::IND::SH.STA.WAST.ZS::2020,HAS_OBSERVATION
country::IND,observation::IND::DT.DOD.MIDA.CD::2020,HAS_OBSERVATION
country::IND,observation::IND::DT.DOD.DSTC.IR.ZS::2020,HAS_OBSERVATION
country::IND,observation::IND::DT.DOD.DLXF.CD::2020,HAS_OBSERVATION
country::IND,observation::IND::DC.DAC.NZLL.CD::2020,HAS_OBSERVATION
country::IND,observation::IND::DC.DAC.LTUL.CD::2020,HAS_OBSERVATION
country::IND,observation::IND::DC.DAC.GBRL.CD::2020,HAS_OBSERVATION
country::IND,observation::IND::DC.DAC.ESPL.CD::2020,HAS_OBSERVATION
country::IND,observation::IND::DC.DAC.CHEL.CD::2020,HAS_OBSERVATION
country::IND,observation::IND::SH.SVR.WAST.MA.ZS::2020,HAS_OBSERVATION
country::IND,observation::IND::SH.STA.WAST.FE.ZS::2020,HAS_OBSERVATION
country::IND,observation::IND::SH.STA.SUIC.MA.P5::2020,HAS_OBSERVATION
country::IND,observation::IND::SH.STA.STNT.ME.MA.ZS::2020,HAS_OBSERVATION
country::IND,observation::IND::SH.STA.SMSS.ZS::2020,HAS_OBSERVATION
country::IND,observation::IND::SH.STA.POIS.P5.FE::2020,HAS_OBSERVATION
country::IND,observation::IND::SH.STA.OWGH.ME.MA.ZS::2020,HAS_OBSERVATION
country::IND,observation::IND::SH.STA.ODFC.RU.ZS::2020,HAS_OBSERVATION
country::IND,observation::IND::SH.STA.MALN.MA.ZS::2020,HAS_OBSERVATION
country::IND,observation::IND::SH.STA.HYGN.RU.ZS::2020,HAS_OBSERVATION
country::IND,observation::IND::SH.STA.BASS.RU.ZS::2020,HAS_OBSERVATION
country::IND,observation::IND::SH.SGR.CRSK.ZS::2020,HAS_OBSERVATION
country::IND,observation::IND::SH.PRG.ANEM::2020,HAS_OBSERVATION
country::IND,observation::IND::SH.MED.PHYS.ZS::2020,HAS_OBSERVATION
country::IND,observation::IND::SH.IMM.MEAS::2020,HAS_OBSERVATION
country::IND,observation::IND::SH.H2O.SMDW.UR.ZS::2020,HAS_OBSERVATION
country::IND,observation::IND::SH.H2O.BASW.RU.ZS::2020,HAS_OBSERVATION
country::IND,observation::IND::SH.DYN.NCOM.MA.ZS::2020,HAS_OBSERVATION
country::IND,observation::IND::SH.DYN.MORT::2020,HAS_OBSERVATION
country::IND,observation::IND::SH.DYN.1519::2020,HAS_OBSERVATION
country::IND,observation::IND::SH.DTH.NMRT::2020,HAS_OBSERVATION
country::IND,observation::IND::SH.DTH.IMRT::2020,HAS_OBSERVATION
country::IND,observation::IND::SH.DTH.1014::2020,HAS_OBSERVATION
country::IND,observation::IND::SH.ANM.NPRG.ZS::2020,HAS_OBSERVATION
country::IND,observation::IND::SH.ALC.PCAP.LI::2020,HAS_OBSERVATION
country::IND,observation::IND::SE.TER.ENRR.FE::2020,HAS_OBSERVATION
country::IND,observation::IND::SE.TER.CUAT.MS.FE.ZS::2020,HAS_OBSERVATION
country::IND,observation::IND::SE.TER.CUAT.BA.ZS::2020,HAS_OBSERVATION
country::IND,observation::IND::SE.SEC.UNER.LO.MA.ZS::2020,HAS_OBSERVATION
country::IND,observation::IND::SE.SEC.TCHR::2020,HAS_OBSERVATION
country::IND,observation::IND::DC.DAC.CANL.CD::2020,HAS_OBSERVATION
country::IND,observation::IND::CM.MKT.TRNR::2020,HAS_OBSERVATION
country::IND,observation::IND::CM.MKT.LCAP.GD.ZS::2020,HAS_OBSERVATION
country::IND,observation::IND::BX.TRF.PWKR.CD.DT::2020,HAS_OBSERVATION
country::IND,observation::IND::BX.KLT.DINV.WD.GD.ZS::2020,HAS_OBSERVATION
country::IND,observation::IND::BX.GSR.TOTL.CD::2020,HAS_OBSERVATION
country::IND,observation::IND::BX.GSR.INSF.ZS::2020,HAS_OBSERVATION
country::IND,observation::IND::BX.GSR.CCIS.ZS::2020,HAS_OBSERVATION
country::IND,observation::IND::BN.TRF.KOGT.CD::2020,HAS_OBSERVATION
country::IND,observation::IND::BN.KLT.DINV.CD::2020,HAS_OBSERVATION
country::IND,observation::IND::BN.GSR.FCTY.CD::2020,HAS_OBSERVATION
country::IND,observation::IND::BM.TRF.PWKR.CD.DT::2020,HAS_OBSERVATION
country::IND,observation::IND::BM.GSR.TRVL.ZS::2020,HAS_OBSERVATION
country::IND,observation::IND::BM.GSR.NFSV.CD::2020,HAS_OBSERVATION
country::IND,observation::IND::BM.GSR.FCTY.CD::2020,HAS_OBSERVATION
country::IND,observation::IND::AG.SRF.TOTL.K2::2020,HAS_OBSERVATION
country::IND,observation::IND::AG.PRD.CREL.MT::2020,HAS_OBSERVATION
country::IND,observation::IND::AG.LND.PRCP.MM::2020,HAS_OBSERVATION
country::IND,observation::IND::AG.LND.ARBL.HA.PC::2020,HAS_OBSERVATION
country::IND,observation::IND::AG.CON.FERT.ZS::2020,HAS_OBSERVATION
country::IND,observation::IND::SH.TBS.DTEC.ZS::2020,HAS_OBSERVATION
country::IND,observation::IND::SH.SVR.WAST.FE.ZS::2020,HAS_OBSERVATION
country::IND,observation::IND::SH.STA.SUIC.FE.P5::2020,HAS_OBSERVATION
country::IND,observation::IND::SH.STA.STNT.ME.FE.ZS::2020,HAS_OBSERVATION
country::IND,observation::IND::SH.STA.SMSS.UR.ZS::2020,HAS_OBSERVATION
country::IND,observation::IND::SH.STA.POIS.P5::2020,HAS_OBSERVATION
country::IND,observation::IND::SH.STA.OWGH.ME.FE.ZS::2020,HAS_OBSERVATION
country::IND,observation::IND::SH.STA.MALN.FE.ZS::2020,HAS_OBSERVATION
country::IND,observation::IND::SH.PRV.SMOK.MA::2020,HAS_OBSERVATION
country::IND,observation::IND::SH.MMR.RISK.ZS::2020,HAS_OBSERVATION
country::IND,observation::IND::SH.MED.NUMW.P3::2020,HAS_OBSERVATION
country::IND,observation::IND::SH.IMM.IDPT::2020,HAS_OBSERVATION
country::IND,observation::IND::SH.H2O.SMDW.RU.ZS::2020,HAS_OBSERVATION
country::IND,observation::IND::SH.DYN.NCOM.FE.ZS::2020,HAS_OBSERVATION
country::IND,observation::IND::SH.DYN.1014::2020,HAS_OBSERVATION
country::IND,observation::IND::SH.DTH.NCOM.ZS::2020,HAS_OBSERVATION
country::IND,observation::IND::SH.DTH.COMM.ZS::2020,HAS_OBSERVATION
country::IND,observation::IND::SH.DTH.0509::2020,HAS_OBSERVATION
country::IND,observation::IND::SH.ALC.PCAP.FE.LI::2020,HAS_OBSERVATION
country::IND,observation::IND::SE.TER.ENRR::2020,HAS_OBSERVATION
country::IND,observation::IND::SE.TER.CUAT.BA.MA.ZS::2020,HAS_OBSERVATION
country::IND,observation::IND::SE.SEC.UNER.LO.FE.ZS::2020,HAS_OBSERVATION
country::IND,observation::IND::SE.SEC.TCAQ.ZS::2020,HAS_OBSERVATION
country::IND,observation::IND::BX.KLT.DINV.CD.WD::2020,HAS_OBSERVATION
country::IND,observation::IND::BX.GSR.ROYL.CD::2020,HAS_OBSERVATION
country::IND,observation::IND::BX.GSR.GNFS.CD::2020,HAS_OBSERVATION
country::IND,observation::IND::BX.GSR.CCIS.CD::2020,HAS_OBSERVATION
country::IND,observation::IND::BN.TRF.CURR.CD::2020,HAS_OBSERVATION
country::IND,observation::IND::BN.KAC.EOMS.CD::2020,HAS_OBSERVATION
country::IND,observation::IND::BN.FIN.TOTL.CD::2020,HAS_OBSERVATION
country::IND,observation::IND::BM.TRF.PRVT.CD::2020,HAS_OBSERVATION
country::IND,observation::IND::BM.GSR.TRAN.ZS::2020,HAS_OBSERVATION
country::IND,observation::IND::BM.GSR.MRCH.CD::2020,HAS_OBSERVATION
country::IND,observation::IND::BM.GSR.CMCP.ZS::2020,HAS_OBSERVATION
country::IND,observation::IND::AG.PRD.LVSK.XD::2020,HAS_OBSERVATION
country::IND,observation::IND::AG.LND.IRIG.AG.ZS::2020,HAS_OBSERVATION
country::IND,observation::IND::AG.LND.CROP.ZS::2020,HAS_OBSERVATION
country::IND,observation::IND::AG.LND.ARBL.HA::2020,HAS_OBSERVATION
country::IND,observation::IND::AG.CON.FERT.PT.ZS::2020,HAS_OBSERVATION
country::IND,observation::IND::SH.XPD.EHEX.CH.ZS::2020,HAS_OBSERVATION
country::IND,observation::IND::SH.VAC.TTNS.ZS::2020,HAS_OBSERVATION
country::IND,observation::IND::SH.SVR.WAST.ZS::2020,HAS_OBSERVATION
country::IND,observation::IND::SH.STA.WAST.MA.ZS::2020,HAS_OBSERVATION
country::IND,observation::IND::SH.STA.SUIC.P5::2020,HAS_OBSERVATION
country::IND,observation::IND::SH.STA.STNT.ME.ZS::2020,HAS_OBSERVATION
country::IND,observation::IND::SH.STA.STNT.FE.ZS::2020,HAS_OBSERVATION
country::IND,observation::IND::SH.STA.POIS.P5.MA::2020,HAS_OBSERVATION
country::IND,observation::IND::SH.STA.OWGH.ME.ZS::2020,HAS_OBSERVATION
country::IND,observation::IND::SH.STA.OWGH.FE.ZS::2020,HAS_OBSERVATION
country::IND,observation::IND::SH.STA.ODFC.UR.ZS::2020,HAS_OBSERVATION
country::IND,observation::IND::SH.STA.MALN.ZS::2020,HAS_OBSERVATION
country::IND,observation::IND::SH.STA.HYGN.UR.ZS::2020,HAS_OBSERVATION
country::IND,observation::IND::SH.STA.BRTW.ZS::2020,HAS_OBSERVATION
country::IND,observation::IND::SH.STA.BASS.UR.ZS::2020,HAS_OBSERVATION
country::IND,observation::IND::SH.SGR.IRSK.ZS::2020,HAS_OBSERVATION
country::IND,observation::IND::SH.PRV.SMOK::2020,HAS_OBSERVATION
country::IND,observation::IND::SH.MMR.DTHS::2020,HAS_OBSERVATION
country::IND,observation::IND::SH.MED.BEDS.ZS::2020,HAS_OBSERVATION
country::IND,observation::IND::SH.H2O.SMDW.ZS::2020,HAS_OBSERVATION
country::IND,observation::IND::SH.H2O.BASW.UR.ZS::2020,HAS_OBSERVATION
country::IND,observation::IND::SH.DYN.NCOM.ZS::2020,HAS_OBSERVATION
country::IND,observation::IND::SH.DYN.MORT.FE::2020,HAS_OBSERVATION
country::IND,observation::IND::SH.DYN.2024::2020,HAS_OBSERVATION
country::IND,observation::IND::SH.DTH.OCVD.ZS::2020,HAS_OBSERVATION
country::IND,observation::IND::SH.DTH.INJR.ZS::2020,HAS_OBSERVATION
country::IND,observation::IND::SH.DTH.1519::2020,HAS_OBSERVATION
country::IND,observation::IND::SH.ALC.PCAP.MA.LI::2020,HAS_OBSERVATION
country::IND,observation::IND::SG.GEN.PARL.ZS::2020,HAS_OBSERVATION
country::IND,observation::IND::SE.XPD.TOTL.GB.ZS::2020,HAS_OBSERVATION
country::IND,observation::IND::SE.TER.ENRR.MA::2020,HAS_OBSERVATION
country::IND,observation::IND::DC.DAC.FRAL.CD::2020,HAS_OBSERVATION
country::IND,observation::IND::DC.DAC.DNKL.CD::2020,HAS_OBSERVATION
country::IND,observation::IND::DC.DAC.CECL.CD::2020,HAS_OBSERVATION
country::IND,observation::IND::DC.DAC.AUSL.CD::2020,HAS_OBSERVATION
country::IND,observation::IND::CM.MKT.LDOM.NO::2020,HAS_OBSERVATION
country::IND,observation::IND::BX.TRF.PWKR.DT.GD.ZS::2020,HAS_OBSERVATION
country::IND,observation::IND::BX.PEF.TOTL.CD.WD::2020,HAS_OBSERVATION
country::IND,observation::IND::BX.GSR.TRAN.ZS::2020,HAS_OBSERVATION
country::IND,observation::IND::BX.GSR.MRCH.CD::2020,HAS_OBSERVATION
country::IND,observation::IND::BX.GSR.CMCP.ZS::2020,HAS_OBSERVATION
country::IND,observation::IND::BX.GRT.EXTA.CD.WD::2020,HAS_OBSERVATION
country::IND,observation::IND::BN.KLT.PTXL.CD::2020,HAS_OBSERVATION
country::IND,observation::IND::BN.GSR.GNFS.CD::2020,HAS_OBSERVATION
country::IND,observation::IND::BN.CAB.XOKA.CD::2020,HAS_OBSERVATION
country::IND,observation::IND::BM.KLT.DINV.CD.WD::2020,HAS_OBSERVATION
country::IND,observation::IND::BM.GSR.ROYL.CD::2020,HAS_OBSERVATION
country::IND,observation::IND::BM.GSR.GNFS.CD::2020,HAS_OBSERVATION
country::IND,observation::IND::AG.YLD.CREL.KG::2020,HAS_OBSERVATION
country::IND,observation::IND::AG.PRD.CROP.XD::2020,HAS_OBSERVATION
country::IND,observation::IND::AG.LND.TOTL.K2::2020,HAS_OBSERVATION
country::IND,observation::IND::AG.LND.FRST.K2::2020,HAS_OBSERVATION
country::IND,observation::IND::AG.LND.ARBL.ZS::2020,HAS_OBSERVATION
country::IND,observation::IND::AG.LND.AGRI.K2::2020,HAS_OBSERVATION
country::IND,observation::IND::SH.STA.STNT.ZS::2020,HAS_OBSERVATION
country::IND,observation::IND::SH.STA.STNT.MA.ZS::2020,HAS_OBSERVATION
country::IND,observation::IND::SH.STA.SMSS.RU.ZS::2020,HAS_OBSERVATION
country::IND,observation::IND::SH.STA.OWGH.ZS::2020,HAS_OBSERVATION
country::IND,observation::IND::SH.STA.OWGH.MA.ZS::2020,HAS_OBSERVATION
country::IND,observation::IND::SH.STA.ODFC.ZS::2020,HAS_OBSERVATION
country::IND,observation::IND::SH.STA.MMRT::2020,HAS_OBSERVATION
country::IND,observation::IND::SH.STA.HYGN.ZS::2020,HAS_OBSERVATION
country::IND,observation::IND::SH.STA.BASS.ZS::2020,HAS_OBSERVATION
country::IND,observation::IND::SH.PRV.SMOK.FE::2020,HAS_OBSERVATION
country::IND,observation::IND::SH.MMR.RISK::2020,HAS_OBSERVATION
country::IND,observation::IND::SH.MLR.INCD.P3::2020,HAS_OBSERVATION
country::IND,observation::IND::SH.IMM.HEPB::2020,HAS_OBSERVATION
country::IND,observation::IND::SH.H2O.BASW.ZS::2020,HAS_OBSERVATION
country::IND,observation::IND::SH.DYN.NMRT::2020,HAS_OBSERVATION
country::IND,observation::IND::SH.DYN.MORT.MA::2020,HAS_OBSERVATION
country::IND,observation::IND::SH.DYN.AIDS.FE.ZS::2020,HAS_OBSERVATION
country::IND,observation::IND::SH.DYN.0509::2020,HAS_OBSERVATION
country::IND,observation::IND::SH.DTH.MORT::2020,HAS_OBSERVATION
country::IND,observation::IND::SH.DTH.2024::2020,HAS_OBSERVATION
country::IND,observation::IND::SH.ANM.ALLW.ZS::2020,HAS_OBSERVATION
country::IND,observation::IND::SE.XPD.TOTL.GD.ZS::2020,HAS_OBSERVATION
country::IND,observation::IND::SE.TER.TCHR.FE.ZS::2020,HAS_OBSERVATION
country::IND,observation::IND::SE.TER.CUAT.MS.ZS::2020,HAS_OBSERVATION
country::IND,observation::IND::SE.TER.CUAT.BA.FE.ZS::2020,HAS_OBSERVATION
country::IND,observation::IND::SE.SEC.TCHR.FE.ZS::2020,HAS_OBSERVATION
country::IND,observation::IND::SE.SEC.TCAQ.UP.ZS::2020,HAS_OBSERVATION
country::IND,observation::IND::SE.SEC.TCAQ.LO.ZS::2020,HAS_OBSERVATION
country::IND,observation::IND::DC.DAC.AUTL.CD::2020,HAS_OBSERVATION
country::IND,observation::IND::CM.MKT.TRAD.CD::2020,HAS_OBSERVATION
country::IND,observation::IND::CM.MKT.INDX.ZG::2020,HAS_OBSERVATION
country::IND,observation::IND::BX.TRF.CURR.CD::2020,HAS_OBSERVATION
country::IND,observation::IND::BX.GSR.TRVL.ZS::2020,HAS_OBSERVATION
country::IND,observation::IND::BX.GSR.NFSV.CD::2020,HAS_OBSERVATION
country::IND,observation::IND::BX.GSR.FCTY.CD::2020,HAS_OBSERVATION
country::IND,observation::IND::BX.GRT.TECH.CD.WD::2020,HAS_OBSERVATION
country::IND,observation::IND::BN.RES.INCL.CD::2020,HAS_OBSERVATION
country::IND,observation::IND::BN.GSR.MRCH.CD::2020,HAS_OBSERVATION
country::IND,observation::IND::BN.CAB.XOKA.GD.ZS::2020,HAS_OBSERVATION
country::IND,observation::IND::BM.KLT.DINV.WD.GD.ZS::2020,HAS_OBSERVATION
country::IND,observation::IND::BM.GSR.TOTL.CD::2020,HAS_OBSERVATION
country::IND,observation::IND::BM.GSR.INSF.ZS::2020,HAS_OBSERVATION
country::IND,observation::IND::BG.GSR.NFSV.GD.ZS::2020,HAS_OBSERVATION
country::IND,observation::IND::AG.PRD.FOOD.XD::2020,HAS_OBSERVATION
country::IND,observation::IND::AG.LND.FRST.ZS::2020,HAS_OBSERVATION
country::IND,observation::IND::AG.LND.CREL.HA::2020,HAS_OBSERVATION
country::IND,observation::IND::AG.LND.AGRI.ZS::2020,HAS_OBSERVATION
country::IND,observation::IND::SE.SEC.TCAQ.UP.FE.ZS::2020,HAS_OBSERVATION
country::IND,observation::IND::SE.SEC.TCAQ.LO.FE.ZS::2020,HAS_OBSERVATION
country::IND,observation::IND::SE.SEC.ENRL::2020,HAS_OBSERVATION
country::IND,observation::IND::SE.SEC.CUAT.UP.FE.ZS::2020,HAS_OBSERVATION
country::IND,observation::IND::SE.SEC.CUAT.LO.ZS::2020,HAS_OBSERVATION
country::IND,observation::IND::SE.SEC.CMPT.LO.MA.ZS::2020,HAS_OBSERVATION
country::IND,observation::IND::SE.PRM.UNER.MA.ZS::2020,HAS_OBSERVATION
country::IND,observation::IND::SE.PRM.UNER::2020,HAS_OBSERVATION
country::IND,observation::IND::SE.PRM.TCHR.FE.ZS::2020,HAS_OBSERVATION
country::IND,observation::IND::SE.PRM.TCAQ.FE.ZS::2020,HAS_OBSERVATION
country::IND,observation::IND::SE.PRM.PRSL.ZS::2020,HAS_OBSERVATION
country::IND,observation::IND::SE.PRM.PRS5.MA.ZS::2020,HAS_OBSERVATION
country::IND,observation::IND::SE.PRM.ENRR.FE::2020,HAS_OBSERVATION
country::IND,observation::IND::SE.PRM.ENRL::2020,HAS_OBSERVATION
country::IND,observation::IND::SE.PRM.CUAT.FE.ZS::2020,HAS_OBSERVATION
country::IND,observation::IND::SE.PRM.AGES::2020,HAS_OBSERVATION
country::IND,observation::IND::SE.PRE.ENRR.MA::2020,HAS_OBSERVATION
country::IND,observation::IND::SE.PRE.DURS::2020,HAS_OBSERVATION
country::IND,observation::IND::SE.ENR.PRSC.FM.ZS::2020,HAS_OBSERVATION
country::IND,observation::IND::SE.ADT.LITR.MA.ZS::2020,HAS_OBSERVATION
country::IND,observation::IND::SE.ADT.1524.LT.FM.ZS::2020,HAS_OBSERVATION
country::IND,observation::IND::PA.NUS.PPP::2020,HAS_OBSERVATION
country::IND,observation::IND::NY.TTF.GNFS.KN::2020,HAS_OBSERVATION
country::IND,observation::IND::NY.TAX.NIND.KN::2020,HAS_OBSERVATION
country::IND,observation::IND::NY.GSR.NFCY.CN::2020,HAS_OBSERVATION
country::IND,observation::IND::NY.GNS.ICTR.CN::2020,HAS_OBSERVATION
country::IND,observation::IND::NY.GNP.PCAP.KN::2020,HAS_OBSERVATION
country::IND,observation::IND::SE.SEC.TCAQ.MA.ZS::2020,HAS_OBSERVATION
country::IND,observation::IND::SE.SEC.TCAQ.FE.ZS::2020,HAS_OBSERVATION
country::IND,observation::IND::SE.SEC.PRIV.ZS::2020,HAS_OBSERVATION
country::IND,observation::IND::SE.SEC.ENRR.MA::2020,HAS_OBSERVATION
country::IND,observation::IND::SE.SEC.DURS::2020,HAS_OBSERVATION
country::IND,observation::IND::SE.SEC.CUAT.PO.ZS::2020,HAS_OBSERVATION
country::IND,observation::IND::SE.SEC.CUAT.LO.MA.ZS::2020,HAS_OBSERVATION
country::IND,observation::IND::SE.SEC.CMPT.LO.FE.ZS::2020,HAS_OBSERVATION
country::IND,observation::IND::SE.PRM.UNER.MA::2020,HAS_OBSERVATION
country::IND,observation::IND::SE.PRM.TCHR::2020,HAS_OBSERVATION
country::IND,observation::IND::SE.PRM.PRSL.MA.ZS::2020,HAS_OBSERVATION
country::IND,observation::IND::SE.PRM.PRS5.FE.ZS::2020,HAS_OBSERVATION
country::IND,observation::IND::SE.PRM.ENRR::2020,HAS_OBSERVATION
country::IND,observation::IND::SE.PRM.DURS::2020,HAS_OBSERVATION
country::IND,observation::IND::SE.PRM.CMPT.ZS::2020,HAS_OBSERVATION
country::IND,observation::IND::SE.PRE.TCAQ.ZS::2020,HAS_OBSERVATION
country::IND,observation::IND::SE.PRE.ENRR.FE::2020,HAS_OBSERVATION
country::IND,observation::IND::SE.ENR.PRIM.FM.ZS::2020,HAS_OBSERVATION
country::IND,observation::IND::SE.ADT.LITR.FE.ZS::2020,HAS_OBSERVATION
country::IND,observation::IND::SE.ADT.1524.LT.FE.ZS::2020,HAS_OBSERVATION
country::IND,observation::IND::PA.NUS.GDP.PLI::2020,HAS_OBSERVATION
country::IND,observation::IND::NY.TAX.NIND.CN::2020,HAS_OBSERVATION
country::IND,observation::IND::NY.GSR.NFCY.CD::2020,HAS_OBSERVATION
country::IND,observation::IND::SE.TER.CUAT.MS.MA.ZS::2020,HAS_OBSERVATION
country::IND,observation::IND::SE.SEC.UNER.LO.ZS::2020,HAS_OBSERVATION
country::IND,observation::IND::SE.SEC.TCHR.FE::2020,HAS_OBSERVATION
country::IND,observation::IND::SE.SEC.TCAQ.UP.MA.ZS::2020,HAS_OBSERVATION
country::IND,observation::IND::SE.SEC.TCAQ.LO.MA.ZS::2020,HAS_OBSERVATION
country::IND,observation::IND::SE.SEC.ENRR::2020,HAS_OBSERVATION
country::IND,observation::IND::SE.SEC.CUAT.UP.MA.ZS::2020,HAS_OBSERVATION
country::IND,observation::IND::SE.SEC.CUAT.PO.FE.ZS::2020,HAS_OBSERVATION
country::IND,observation::IND::SE.SEC.CMPT.LO.ZS::2020,HAS_OBSERVATION
country::IND,observation::IND::SE.PRM.UNER.ZS::2020,HAS_OBSERVATION
country::IND,observation::IND::SE.PRM.UNER.FE::2020,HAS_OBSERVATION
country::IND,observation::IND::SE.PRM.TCAQ.MA.ZS::2020,HAS_OBSERVATION
country::IND,observation::IND::SE.PRM.PRS5.ZS::2020,HAS_OBSERVATION
country::IND,observation::IND::SE.PRM.ENRR.MA::2020,HAS_OBSERVATION
country::IND,observation::IND::SE.PRM.CUAT.MA.ZS::2020,HAS_OBSERVATION
country::IND,observation::IND::SE.PRM.CMPT.FE.ZS::2020,HAS_OBSERVATION
country::IND,observation::IND::SE.PRE.TCAQ.FE.ZS::2020,HAS_OBSERVATION
country::IND,observation::IND::SE.ENR.SECO.FM.ZS::2020,HAS_OBSERVATION
country::IND,observation::IND::SE.ADT.LITR.ZS::2020,HAS_OBSERVATION
country::IND,observation::IND::SE.ADT.1524.LT.MA.ZS::2020,HAS_OBSERVATION
country::IND,observation::IND::PA.NUS.PRVT.PLI::2020,HAS_OBSERVATION
country::IND,observation::IND::PA.NUS.ATLS::2020,HAS_OBSERVATION
country::IND,observation::IND::NY.TRF.NCTR.CD::2020,HAS_OBSERVATION
country::IND,observation::IND::SE.SEC.ENRR.FE::2020,HAS_OBSERVATION
country::IND,observation::IND::SE.SEC.CUAT.UP.ZS::2020,HAS_OBSERVATION
country::IND,observation::IND::SE.SEC.CUAT.PO.MA.ZS::2020,HAS_OBSERVATION
country::IND,observation::IND::SE.SEC.CUAT.LO.FE.ZS::2020,HAS_OBSERVATION
country::IND,observation::IND::SE.SEC.AGES::2020,HAS_OBSERVATION
country::IND,observation::IND::SE.PRM.UNER.FE.ZS::2020,HAS_OBSERVATION
country::IND,observation::IND::SE.PRM.TCAQ.ZS::2020,HAS_OBSERVATION
country::IND,observation::IND::SE.PRM.PRSL.FE.ZS::2020,HAS_OBSERVATION
country::IND,observation::IND::SE.PRM.PRIV.ZS::2020,HAS_OBSERVATION
country::IND,observation::IND::SE.PRM.CUAT.ZS::2020,HAS_OBSERVATION
country::IND,observation::IND::SE.PRM.CMPT.MA.ZS::2020,HAS_OBSERVATION
country::IND,observation::IND::SE.PRE.TCAQ.MA.ZS::2020,HAS_OBSERVATION
country::IND,observation::IND::SE.PRE.ENRR::2020,HAS_OBSERVATION
country::IND,observation::IND::SE.ENR.TERT.FM.ZS::2020,HAS_OBSERVATION
country::IND,observation::IND::SE.COM.DURS::2020,HAS_OBSERVATION
country::IND,observation::IND::SE.ADT.1524.LT.ZS::2020,HAS_OBSERVATION
country::IND,observation::IND::PA.NUS.PRVT.PP::2020,HAS_OBSERVATION
country::IND,observation::IND::PA.NUS.FCRF::2020,HAS_OBSERVATION
country::IND,observation::IND::NY.TRF.NCTR.CN::2020,HAS_OBSERVATION
country::IND,observation::IND::NY.TAX.NIND.CD::2020,HAS_OBSERVATION
country::IND,observation::IND::NY.GNS.ICTR.ZS::2020,HAS_OBSERVATION
country::IND,observation::IND::NY.GNP.PCAP.CD::2020,HAS_OBSERVATION
country::IND,observation::IND::NY.GNP.MKTP.KD.ZG::2020,HAS_OBSERVATION
country::IND,observation::IND::NY.GNP.MKTP.CD::2020,HAS_OBSERVATION
country::IND,observation::IND::NY.GDS.TOTL.CN::2020,HAS_OBSERVATION
country::IND,observation::IND::NY.GDP.PCAP.PP.KD::2020,HAS_OBSERVATION
country::IND,observation::IND::NY.GDP.PCAP.KD::2020,HAS_OBSERVATION
country::IND,observation::IND::NY.GDP.MKTP.PP.KD::2020,HAS_OBSERVATION
country::IND,observation::IND::NY.GDP.MKTP.KD::2020,HAS_OBSERVATION
country::IND,observation::IND::NY.GDP.MINR.RT.ZS::2020,HAS_OBSERVATION
country::IND,observation::IND::NY.GDP.FCST.CN::2020,HAS_OBSERVATION
country::IND,observation::IND::NY.GDP.DEFL.ZS.AD::2020,HAS_OBSERVATION
country::IND,observation::IND::NY.GDP.COAL.RT.ZS::2020,HAS_OBSERVATION
country::IND,observation::IND::NY.ADJ.SVNG.GN.ZS::2020,HAS_OBSERVATION
country::IND,observation::IND::NY.ADJ.NNTY.PC.CD::2020,HAS_OBSERVATION
country::IND,observation::IND::NY.ADJ.NNAT.GN.ZS::2020,HAS_OBSERVATION
country::IND,observation::IND::NY.ADJ.DPEM.GN.ZS::2020,HAS_OBSERVATION
country::IND,observation::IND::NY.ADJ.DMIN.GN.ZS::2020,HAS_OBSERVATION
country::IND,observation::IND::NY.ADJ.DFOR.GN.ZS::2020,HAS_OBSERVATION
country::IND,observation::IND::NY.ADJ.AEDU.GN.ZS::2020,HAS_OBSERVATION
country::IND,observation::IND::NV.SRV.TOTL.KD.ZG::2020,HAS_OBSERVATION
country::IND,observation::IND::NV.SRV.EMPL.KD::2020,HAS_OBSERVATION
country::IND,observation::IND::NV.MNF.MTRN.ZS.UN::2020,HAS_OBSERVATION
country::IND,observation::IND::NV.IND.TOTL.KN::2020,HAS_OBSERVATION
country::IND,observation::IND::NV.IND.TOTL.CD::2020,HAS_OBSERVATION
country::IND,observation::IND::NV.IND.MANF.KD::2020,HAS_OBSERVATION
country::IND,observation::IND::NV.AGR.TOTL.KD.ZG::2020,HAS_OBSERVATION
country::IND,observation::IND::NV.AGR.EMPL.KD::2020,HAS_OBSERVATION
country::IND,observation::IND::NE.RSB.GNFS.CN::2020,HAS_OBSERVATION
country::IND,observation::IND::NE.IMP.GNFS.KD.ZG::2020,HAS_OBSERVATION
country::IND,observation::IND::NE.GDI.TOTL.ZS::2020,HAS_OBSERVATION
country::IND,observation::IND::NY.GNS.ICTR.CD::2020,HAS_OBSERVATION
country::IND,observation::IND::NY.GNP.PCAP.KD.ZG::2020,HAS_OBSERVATION
country::IND,observation::IND::NY.GNP.MKTP.PP.KD::2020,HAS_OBSERVATION
country::IND,observation::IND::NY.GNP.MKTP.KD::2020,HAS_OBSERVATION
country::IND,observation::IND::NY.GNP.ATLS.CD::2020,HAS_OBSERVATION
country::IND,observation::IND::NY.GDS.TOTL.CD::2020,HAS_OBSERVATION
country::IND,observation::IND::NY.GDP.PCAP.PP.CD::2020,HAS_OBSERVATION
country::IND,observation::IND::NY.GDP.PCAP.CN::2020,HAS_OBSERVATION
country::IND,observation::IND::NY.GDP.MKTP.PP.CD::2020,HAS_OBSERVATION
country::IND,observation::IND::NY.GDP.MKTP.CN.AD::2020,HAS_OBSERVATION
country::IND,observation::IND::NY.GDP.FRST.RT.ZS::2020,HAS_OBSERVATION
country::IND,observation::IND::NY.GDP.FCST.CD::2020,HAS_OBSERVATION
country::IND,observation::IND::NY.GDP.DEFL.ZS::2020,HAS_OBSERVATION
country::IND,observation::IND::NY.EXP.CAPM.KN::2020,HAS_OBSERVATION
country::IND,observation::IND::NY.ADJ.SVNG.CD::2020,HAS_OBSERVATION
country::IND,observation::IND::NY.ADJ.NNTY.KD.ZG::2020,HAS_OBSERVATION
country::IND,observation::IND::NY.ADJ.NNAT.CD::2020,HAS_OBSERVATION
country::IND,observation::IND::NY.ADJ.DPEM.CD::2020,HAS_OBSERVATION
country::IND,observation::IND::NY.ADJ.DMIN.CD::2020,HAS_OBSERVATION
country::IND,observation::IND::NY.ADJ.DFOR.CD::2020,HAS_OBSERVATION
country::IND,observation::IND::NY.ADJ.AEDU.CD::2020,HAS_OBSERVATION
country::IND,observation::IND::NV.SRV.TOTL.KD::2020,HAS_OBSERVATION
country::IND,observation::IND::NV.MNF.TXTL.ZS.UN::2020,HAS_OBSERVATION
country::IND,observation::IND::NV.MNF.FBTO.ZS.UN::2020,HAS_OBSERVATION
country::IND,observation::IND::NV.IND.TOTL.KD.ZG::2020,HAS_OBSERVATION
country::IND,observation::IND::NV.IND.MANF.ZS::2020,HAS_OBSERVATION
country::IND,observation::IND::NV.IND.MANF.CN::2020,HAS_OBSERVATION
country::IND,observation::IND::NV.AGR.TOTL.KD::2020,HAS_OBSERVATION
country::IND,observation::IND::NE.TRD.GNFS.ZS::2020,HAS_OBSERVATION
country::IND,observation::IND::NE.RSB.GNFS.CD::2020,HAS_OBSERVATION
country::IND,observation::IND::NY.GNS.ICTR.GN.ZS::2020,HAS_OBSERVATION
country::IND,observation::IND::NY.GNP.PCAP.PP.CD::2020,HAS_OBSERVATION
country::IND,observation::IND::NY.GNP.PCAP.CN::2020,HAS_OBSERVATION
country::IND,observation::IND::NY.GNP.MKTP.KN::2020,HAS_OBSERVATION
country::IND,observation::IND::NY.GNP.MKTP.CN::2020,HAS_OBSERVATION
country::IND,observation::IND::NY.GDS.TOTL.ZS::2020,HAS_OBSERVATION
country::IND,observation::IND::NY.GDP.PETR.RT.ZS::2020,HAS_OBSERVATION
country::IND,observation::IND::NY.GDP.PCAP.KD.ZG::2020,HAS_OBSERVATION
country::IND,observation::IND::NY.GDP.NGAS.RT.ZS::2020,HAS_OBSERVATION
country::IND,observation::IND::NY.GDP.MKTP.KD.ZG::2020,HAS_OBSERVATION
country::IND,observation::IND::NY.GDP.MKTP.CD::2020,HAS_OBSERVATION
country::IND,observation::IND::NY.GDP.FCST.KD::2020,HAS_OBSERVATION
country::IND,observation::IND::NY.GDP.DISC.CN::2020,HAS_OBSERVATION
country::IND,observation::IND::NY.GDP.DEFL.KD.ZG::2020,HAS_OBSERVATION
country::IND,observation::IND::NY.ADJ.SVNX.CD::2020,HAS_OBSERVATION
country::IND,observation::IND::NY.ADJ.NNTY.PC.KD::2020,HAS_OBSERVATION
country::IND,observation::IND::NY.ADJ.NNTY.CD::2020,HAS_OBSERVATION
country::IND,observation::IND::NY.ADJ.DRES.GN.ZS::2020,HAS_OBSERVATION
country::IND,observation::IND::NY.ADJ.DNGY.CD::2020,HAS_OBSERVATION
country::IND,observation::IND::NY.ADJ.DKAP.CD::2020,HAS_OBSERVATION
country::IND,observation::IND::NY.ADJ.DCO2.CD::2020,HAS_OBSERVATION
country::IND,observation::IND::NV.SRV.TOTL.KN::2020,HAS_OBSERVATION
country::IND,observation::IND::NV.SRV.TOTL.CD::2020,HAS_OBSERVATION
country::IND,observation::IND::NV.MNF.OTHR.ZS.UN::2020,HAS_OBSERVATION
country::IND,observation::IND::NV.IND.TOTL.ZS::2020,HAS_OBSERVATION
country::IND,observation::IND::NV.IND.TOTL.CN::2020,HAS_OBSERVATION
country::IND,observation::IND::NV.IND.MANF.KD.ZG::2020,HAS_OBSERVATION
country::IND,observation::IND::NV.IND.EMPL.KD::2020,HAS_OBSERVATION
country::IND,observation::IND::NV.AGR.TOTL.KN::2020,HAS_OBSERVATION
country::IND,observation::IND::NV.AGR.TOTL.CD::2020,HAS_OBSERVATION
country::IND,observation::IND::NE.RSB.GNFS.KN::2020,HAS_OBSERVATION
country::IND,observation::IND::NE.IMP.GNFS.KN::2020,HAS_OBSERVATION
country::IND,observation::IND::NY.GNP.PCAP.PP.KD::2020,HAS_OBSERVATION
country::IND,observation::IND::NY.GNP.PCAP.KD::2020,HAS_OBSERVATION
country::IND,observation::IND::NY.GNP.MKTP.PP.CD::2020,HAS_OBSERVATION
country::IND,observation::IND::NY.GNP.MKTP.CN.AD::2020,HAS_OBSERVATION
country::IND,observation::IND::NY.GDY.TOTL.KN::2020,HAS_OBSERVATION
country::IND,observation::IND::NY.GDP.TOTL.RT.ZS::2020,HAS_OBSERVATION
country::IND,observation::IND::NY.GDP.PCAP.KN::2020,HAS_OBSERVATION
country::IND,observation::IND::NY.GDP.PCAP.CD::2020,HAS_OBSERVATION
country::IND,observation::IND::NY.GDP.MKTP.KN::2020,HAS_OBSERVATION
country::IND,observation::IND::NY.GDP.MKTP.CN::2020,HAS_OBSERVATION
country::IND,observation::IND::NY.GDP.FCST.KN::2020,HAS_OBSERVATION
country::IND,observation::IND::NY.GDP.DISC.KN::2020,HAS_OBSERVATION
country::IND,observation::IND::NY.GDP.DEFL.KD.ZG.AD::2020,HAS_OBSERVATION
country::IND,observation::IND::NY.ADJ.SVNX.GN.ZS::2020,HAS_OBSERVATION
country::IND,observation::IND::NY.ADJ.NNTY.PC.KD.ZG::2020,HAS_OBSERVATION
country::IND,observation::IND::NY.ADJ.NNTY.KD::2020,HAS_OBSERVATION
country::IND,observation::IND::NY.ADJ.ICTR.GN.ZS::2020,HAS_OBSERVATION
country::IND,observation::IND::NY.ADJ.DNGY.GN.ZS::2020,HAS_OBSERVATION
country::IND,observation::IND::NY.ADJ.DKAP.GN.ZS::2020,HAS_OBSERVATION
country::IND,observation::IND::NY.ADJ.DCO2.GN.ZS::2020,HAS_OBSERVATION
country::IND,observation::IND::NV.SRV.TOTL.ZS::2020,HAS_OBSERVATION
country::IND,observation::IND::NV.SRV.TOTL.CN::2020,HAS_OBSERVATION
country::IND,observation::IND::NV.MNF.TECH.ZS.UN::2020,HAS_OBSERVATION
country::IND,observation::IND::NV.MNF.CHEM.ZS.UN::2020,HAS_OBSERVATION
country::IND,observation::IND::NV.IND.TOTL.KD::2020,HAS_OBSERVATION
country::IND,observation::IND::NV.IND.MANF.KN::2020,HAS_OBSERVATION
country::IND,observation::IND::NV.IND.MANF.CD::2020,HAS_OBSERVATION
country::IND,observation::IND::NV.AGR.TOTL.ZS::2020,HAS_OBSERVATION
country::IND,observation::IND::NE.GDI.TOTL.CN::2020,HAS_OBSERVATION
country::IND,observation::IND::NE.GDI.STKB.CD::2020,HAS_OBSERVATION
country::IND,observation::IND::NE.GDI.FTOT.KD::2020,HAS_OBSERVATION
country::IND,observation::IND::NE.GDI.FPRV.CN::2020,HAS_OBSERVATION
country::IND,observation::IND::NE.EXP.GNFS.KD::2020,HAS_OBSERVATION
country::IND,observation::IND::NE.DAB.TOTL.KN::2020,HAS_OBSERVATION
country::IND,observation::IND::NE.DAB.DEFL.ZS::2020,HAS_OBSERVATION
country::IND,observation::IND::NE.CON.TOTL.KD::2020,HAS_OBSERVATION
country::IND,observation::IND::NE.CON.PRVT.PP.KD::2020,HAS_OBSERVATION
country::IND,observation::IND::NE.CON.PRVT.KN::2020,HAS_OBSERVATION
country::IND,observation::IND::NE.CON.PRVT.CN::2020,HAS_OBSERVATION
country::IND,observation::IND::NE.CON.GOVT.ZS::2020,HAS_OBSERVATION
country::IND,observation::IND::NE.CON.GOVT.CN::2020,HAS_OBSERVATION
country::IND,observation::IND::MS.MIL.XPND.GD.ZS::2020,HAS_OBSERVATION
country::IND,observation::IND::MS.MIL.TOTL.P1::2020,HAS_OBSERVATION
country::IND,observation::IND::IT.NET.BBND.P2::2020,HAS_OBSERVATION
country::IND,observation::IND::IT.CEL.SETS.P2::2020,HAS_OBSERVATION
country::IND,observation::IND::IS.RRS.TOTL.KM::2020,HAS_OBSERVATION
country::IND,observation::IND::IS.AIR.GOOD.MT.K1::2020,HAS_OBSERVATION
country::IND,observation::IND::IQ.SPI.PIL3::2020,HAS_OBSERVATION
country::IND,observation::IND::NE.IMP.GNFS.KD::2020,HAS_OBSERVATION
country::IND,observation::IND::NE.GDI.TOTL.KN::2020,HAS_OBSERVATION
country::IND,observation::IND::NE.GDI.TOTL.CD::2020,HAS_OBSERVATION
country::IND,observation::IND::NE.GDI.FTOT.ZS::2020,HAS_OBSERVATION
country::IND,observation::IND::NE.GDI.FTOT.CN::2020,HAS_OBSERVATION
country::IND,observation::IND::NE.EXP.GNFS.ZS::2020,HAS_OBSERVATION
country::IND,observation::IND::NE.EXP.GNFS.CN::2020,HAS_OBSERVATION
country::IND,observation::IND::NE.DAB.TOTL.KD::2020,HAS_OBSERVATION
country::IND,observation::IND::NE.CON.TOTL.ZS::2020,HAS_OBSERVATION
country::IND,observation::IND::NE.CON.TOTL.CN::2020,HAS_OBSERVATION
country::IND,observation::IND::NE.CON.PRVT.PP.CD::2020,HAS_OBSERVATION
country::IND,observation::IND::NE.CON.PRVT.KD.ZG::2020,HAS_OBSERVATION
country::IND,observation::IND::NE.CON.PRVT.CD::2020,HAS_OBSERVATION
country::IND,observation::IND::NE.CON.GOVT.KN::2020,HAS_OBSERVATION
country::IND,observation::IND::NE.CON.GOVT.CD::2020,HAS_OBSERVATION
country::IND,observation::IND::MS.MIL.XPND.CN::2020,HAS_OBSERVATION
country::IND,observation::IND::MS.MIL.MPRT.KD::2020,HAS_OBSERVATION
country::IND,observation::IND::IT.NET.BBND::2020,HAS_OBSERVATION
country::IND,observation::IND::IT.CEL.SETS::2020,HAS_OBSERVATION
country::IND,observation::IND::IS.RRS.PASG.KM::2020,HAS_OBSERVATION
country::IND,observation::IND::IS.AIR.DPRT::2020,HAS_OBSERVATION
country::IND,observation::IND::IQ.SPI.PIL2::2020,HAS_OBSERVATION
country::IND,observation::IND::NE.IMP.GNFS.CD::2020,HAS_OBSERVATION
country::IND,observation::IND::NE.GDI.TOTL.KD::2020,HAS_OBSERVATION
country::IND,observation::IND::NE.GDI.STKB.CN::2020,HAS_OBSERVATION
country::IND,observation::IND::NE.GDI.FTOT.KD.ZG::2020,HAS_OBSERVATION
country::IND,observation::IND::NE.GDI.FPRV.ZS::2020,HAS_OBSERVATION
country::IND,observation::IND::NE.EXP.GNFS.KD.ZG::2020,HAS_OBSERVATION
country::IND,observation::IND::NE.DAB.TOTL.ZS::2020,HAS_OBSERVATION
country::IND,observation::IND::NE.DAB.TOTL.CD::2020,HAS_OBSERVATION
country::IND,observation::IND::NE.CON.TOTL.KD.ZG::2020,HAS_OBSERVATION
country::IND,observation::IND::NE.CON.PRVT.ZS::2020,HAS_OBSERVATION
country::IND,observation::IND::NE.CON.PRVT.PC.KD::2020,HAS_OBSERVATION
country::IND,observation::IND::NE.CON.PRVT.CN.AD::2020,HAS_OBSERVATION
country::IND,observation::IND::NE.CON.PCAP.PP.CD::2020,HAS_OBSERVATION
country::IND,observation::IND::NE.CON.GOVT.KD::2020,HAS_OBSERVATION
country::IND,observation::IND::MS.MIL.XPND.ZS::2020,HAS_OBSERVATION
country::IND,observation::IND::MS.MIL.TOTL.TF.ZS::2020,HAS_OBSERVATION
country::IND,observation::IND::IT.NET.USER.ZS::2020,HAS_OBSERVATION
country::IND,observation::IND::IT.NET.SECR::2020,HAS_OBSERVATION
country::IND,observation::IND::IT.MLT.MAIN::2020,HAS_OBSERVATION
country::IND,observation::IND::IS.SHP.GCNW.XQ::2020,HAS_OBSERVATION
country::IND,observation::IND::IS.AIR.PSGR::2020,HAS_OBSERVATION
country::IND,observation::IND::IQ.SPI.PIL4::2020,HAS_OBSERVATION
country::IND,observation::IND::IQ.SPI.OVRL::2020,HAS_OBSERVATION
country::IND,observation::IND::NV.AGR.TOTL.CN::2020,HAS_OBSERVATION
country::IND,observation::IND::NE.RSB.GNFS.ZS::2020,HAS_OBSERVATION
country::IND,observation::IND::NE.IMP.GNFS.ZS::2020,HAS_OBSERVATION
country::IND,observation::IND::NE.IMP.GNFS.CN::2020,HAS_OBSERVATION
country::IND,observation::IND::NE.GDI.TOTL.KD.ZG::2020,HAS_OBSERVATION
country::IND,observation::IND::NE.GDI.STKB.KN::2020,HAS_OBSERVATION
country::IND,observation::IND::NE.GDI.FTOT.KN::2020,HAS_OBSERVATION
country::IND,observation::IND::NE.GDI.FTOT.CD::2020,HAS_OBSERVATION
country::IND,observation::IND::NE.EXP.GNFS.KN::2020,HAS_OBSERVATION
country::IND,observation::IND::NE.EXP.GNFS.CD::2020,HAS_OBSERVATION
country::IND,observation::IND::NE.DAB.TOTL.CN::2020,HAS_OBSERVATION
country::IND,observation::IND::NE.CON.TOTL.KN::2020,HAS_OBSERVATION
country::IND,observation::IND::NE.CON.TOTL.CD::2020,HAS_OBSERVATION
country::IND,observation::IND::NE.CON.PRVT.PC.KD.ZG::2020,HAS_OBSERVATION
country::IND,observation::IND::NE.CON.PRVT.KD::2020,HAS_OBSERVATION
country::IND,observation::IND::NE.CON.PCAP.PP.KD::2020,HAS_OBSERVATION
country::IND,observation::IND::NE.CON.GOVT.KD.ZG::2020,HAS_OBSERVATION
country::IND,observation::IND::MS.MIL.XPRT.KD::2020,HAS_OBSERVATION
country::IND,observation::IND::MS.MIL.XPND.CD::2020,HAS_OBSERVATION
country::IND,observation::IND::IT.NET.SECR.P6::2020,HAS_OBSERVATION
country::IND,observation::IND::IT.MLT.MAIN.P2::2020,HAS_OBSERVATION
country::IND,observation::IND::IS.SHP.GOOD.TU::2020,HAS_OBSERVATION
country::IND,observation::IND::IS.RRS.GOOD.MT.K6::2020,HAS_OBSERVATION
country::IND,observation::IND::IQ.SPI.PIL5::2020,HAS_OBSERVATION
country::IND,observation::IND::IQ.SPI.PIL1::2020,HAS_OBSERVATION
country::IND,observation::IND::VC.IHR.PSRC.P5::2020,HAS_OBSERVATION
country::IND,observation::IND::VC.IDP.NWCV::2020,HAS_OBSERVATION
country::IND,observation::IND::TX.VAL.TECH.MF.ZS::2020,HAS_OBSERVATION
country::IND,observation::IND::TX.VAL.MRCH.XD.WD::2020,HAS_OBSERVATION
country::IND,observation::IND::TX.VAL.MRCH.R6.ZS::2020,HAS_OBSERVATION
country::IND,observation::IND::TX.VAL.MRCH.R2.ZS::2020,HAS_OBSERVATION
country::IND,observation::IND::TX.VAL.MRCH.CD.WT::2020,HAS_OBSERVATION
country::IND,observation::IND::TX.VAL.INSF.ZS.WT::2020,HAS_OBSERVATION
country::IND,observation::IND::TX.VAL.AGRI.ZS.UN::2020,HAS_OBSERVATION
country::IND,observation::IND::TT.PRI.MRCH.XD.WD::2020,HAS_OBSERVATION
country::IND,observation::IND::TM.VAL.OTHR.ZS.WT::2020,HAS_OBSERVATION
country::IND,observation::IND::TM.VAL.MRCH.RS.ZS::2020,HAS_OBSERVATION
country::IND,observation::IND::TM.VAL.MRCH.R3.ZS::2020,HAS_OBSERVATION
country::IND,observation::IND::TM.VAL.MRCH.HI.ZS::2020,HAS_OBSERVATION
country::IND,observation::IND::TM.VAL.MANF.ZS.UN::2020,HAS_OBSERVATION
country::IND,observation::IND::TM.VAL.FOOD.ZS.UN::2020,HAS_OBSERVATION
country::IND,observation::IND::TM.TAX.TCOM.WM.AR.ZS::2020,HAS_OBSERVATION
country::IND,observation::IND::TM.TAX.TCOM.BC.ZS::2020,HAS_OBSERVATION
country::IND,observation::IND::TM.TAX.MRCH.SM.AR.ZS::2020,HAS_OBSERVATION
country::IND,observation::IND::TM.TAX.MANF.WM.AR.ZS::2020,HAS_OBSERVATION
country::IND,observation::IND::TM.TAX.MANF.BC.ZS::2020,HAS_OBSERVATION
country::IND,observation::IND::ST.INT.XPND.CD::2020,HAS_OBSERVATION
country::IND,observation::IND::ST.INT.TRNR.CD::2020,HAS_OBSERVATION
country::IND,observation::IND::SP.URB.GROW::2020,HAS_OBSERVATION
country::IND,observation::IND::SP.POP.TOTL.FE.ZS::2020,HAS_OBSERVATION
country::IND,observation::IND::SP.POP.SCIE.RD.P6::2020,HAS_OBSERVATION
country::IND,observation::IND::SP.POP.DPND::2020,HAS_OBSERVATION
country::IND,observation::IND::SP.POP.7579.MA.5Y::2020,HAS_OBSERVATION
country::IND,observation::IND::SP.POP.65UP.TO.ZS::2020,HAS_OBSERVATION
country::IND,observation::IND::SP.POP.65UP.FE.ZS::2020,HAS_OBSERVATION
country::IND,observation::IND::SP.POP.6064.MA.5Y::2020,HAS_OBSERVATION
country::IND,observation::IND::SP.POP.5054.MA.5Y::2020,HAS_OBSERVATION
country::IND,observation::IND::SP.POP.4044.MA.5Y::2020,HAS_OBSERVATION
country::IND,observation::IND::SP.POP.3034.MA.5Y::2020,HAS_OBSERVATION
country::IND,observation::IND::SP.POP.2024.MA.5Y::2020,HAS_OBSERVATION
country::IND,observation::IND::SP.POP.1564.MA.ZS::2020,HAS_OBSERVATION
country::IND,observation::IND::SP.POP.1519.MA.5Y::2020,HAS_OBSERVATION
country::IND,observation::IND::SP.POP.0509.MA.5Y::2020,HAS_OBSERVATION
country::IND,observation::IND::SP.POP.0014.MA.ZS::2020,HAS_OBSERVATION
country::IND,observation::IND::SP.POP.0004.MA.5Y::2020,HAS_OBSERVATION
country::IND,observation::IND::SP.DYN.TO65.FE.ZS::2020,HAS_OBSERVATION
country::IND,observation::IND::SP.DYN.LE00.FE.IN::2020,HAS_OBSERVATION
country::IND,observation::IND::SP.DYN.AMRT.MA::2020,HAS_OBSERVATION
country::IND,observation::IND::SM.POP.TOTL.ZS::2020,HAS_OBSERVATION
country::IND,observation::IND::DT.NFL.WHOL.CD::2020,HAS_OBSERVATION
country::IND,observation::IND::DT.NFL.UNDP.CD::2020,HAS_OBSERVATION
country::IND,observation::IND::DT.NFL.UNCF.CD::2020,HAS_OBSERVATION
country::IND,observation::IND::DT.NFL.PROP.CD::2020,HAS_OBSERVATION
country::IND,observation::IND::DT.NFL.PCBK.CD::2020,HAS_OBSERVATION
country::IND,observation::IND::DT.NFL.MOTH.CD::2020,HAS_OBSERVATION
country::IND,observation::IND::DT.NFL.BOND.CD::2020,HAS_OBSERVATION
country::IND,observation::IND::VC.IHR.PSRC.MA.P5::2020,HAS_OBSERVATION
country::IND,observation::IND::VC.BTL.DETH::2020,HAS_OBSERVATION
country::IND,observation::IND::TX.VAL.TECH.CD::2020,HAS_OBSERVATION
country::IND,observation::IND::TX.VAL.MRCH.WR.ZS::2020,HAS_OBSERVATION
country::IND,observation::IND::TX.VAL.MRCH.R5.ZS::2020,HAS_OBSERVATION
country::IND,observation::IND::TX.VAL.MRCH.R1.ZS::2020,HAS_OBSERVATION
country::IND,observation::IND::TX.VAL.MRCH.AL.ZS::2020,HAS_OBSERVATION
country::IND,observation::IND::TX.VAL.ICTG.ZS.UN::2020,HAS_OBSERVATION
country::IND,observation::IND::TX.UVI.MRCH.XD.WD::2020,HAS_OBSERVATION
country::IND,observation::IND::TM.VAL.TRVL.ZS.WT::2020,HAS_OBSERVATION
country::IND,observation::IND::TM.VAL.MRCH.XD.WD::2020,HAS_OBSERVATION
country::IND,observation::IND::TM.VAL.MRCH.R6.ZS::2020,HAS_OBSERVATION
country::IND,observation::IND::TM.VAL.MRCH.R2.ZS::2020,HAS_OBSERVATION
country::IND,observation::IND::TM.VAL.MRCH.CD.WT::2020,HAS_OBSERVATION
country::IND,observation::IND::TM.VAL.INSF.ZS.WT::2020,HAS_OBSERVATION
country::IND,observation::IND::TM.VAL.AGRI.ZS.UN::2020,HAS_OBSERVATION
country::IND,observation::IND::TM.TAX.TCOM.SM.FN.ZS::2020,HAS_OBSERVATION
country::IND,observation::IND::TM.TAX.MRCH.WM.FN.ZS::2020,HAS_OBSERVATION
country::IND,observation::IND::TM.TAX.MRCH.BR.ZS::2020,HAS_OBSERVATION
country::IND,observation::IND::TM.TAX.MANF.SM.FN.ZS::2020,HAS_OBSERVATION
country::IND,observation::IND::TM.QTY.MRCH.XD.WD::2020,HAS_OBSERVATION
country::IND,observation::IND::ST.INT.TVLX.CD::2020,HAS_OBSERVATION
country::IND,observation::IND::ST.INT.RCPT.XP.ZS::2020,HAS_OBSERVATION
country::IND,observation::IND::SP.RUR.TOTL.ZS::2020,HAS_OBSERVATION
country::IND,observation::IND::SP.POP.TOTL.FE.IN::2020,HAS_OBSERVATION
country::IND,observation::IND::SP.POP.GROW::2020,HAS_OBSERVATION
country::IND,observation::IND::SP.POP.BRTH.MF::2020,HAS_OBSERVATION
country::IND,observation::IND::SP.POP.7579.FE.5Y::2020,HAS_OBSERVATION
country::IND,observation::IND::SP.POP.65UP.TO::2020,HAS_OBSERVATION
country::IND,observation::IND::SP.POP.65UP.FE.IN::2020,HAS_OBSERVATION
country::IND,observation::IND::SP.POP.6064.FE.5Y::2020,HAS_OBSERVATION
country::IND,observation::IND::SP.POP.5054.FE.5Y::2020,HAS_OBSERVATION
country::IND,observation::IND::SP.POP.4044.FE.5Y::2020,HAS_OBSERVATION
country::IND,observation::IND::SP.POP.3034.FE.5Y::2020,HAS_OBSERVATION
country::IND,observation::IND::SP.POP.2024.FE.5Y::2020,HAS_OBSERVATION
country::IND,observation::IND::SP.POP.1564.MA.IN::2020,HAS_OBSERVATION
country::IND,observation::IND::SP.POP.1519.FE.5Y::2020,HAS_OBSERVATION
country::IND,observation::IND::SP.POP.0509.FE.5Y::2020,HAS_OBSERVATION
country::IND,observation::IND::SP.POP.0014.MA.IN::2020,HAS_OBSERVATION
country::IND,observation::IND::SP.POP.0004.FE.5Y::2020,HAS_OBSERVATION
country::IND,observation::IND::SP.DYN.TFRT.IN::2020,HAS_OBSERVATION
country::IND,observation::IND::SP.DYN.IMRT.MA.IN::2020,HAS_OBSERVATION
country::IND,observation::IND::SP.DYN.AMRT.FE::2020,HAS_OBSERVATION
country::IND,observation::IND::SM.POP.TOTL::2020,HAS_OBSERVATION
country::IND,observation::IND::SM.POP.RHCR.EA::2020,HAS_OBSERVATION
country::IND,observation::IND::SM.POP.IDPC::2020,HAS_OBSERVATION
country::IND,observation::IND::SL.UEM.TOTL.NE.ZS::2020,HAS_OBSERVATION
country::IND,observation::IND::DT.NFL.WFPG.CD::2020,HAS_OBSERVATION
country::IND,observation::IND::DT.NFL.UNFP.CD::2020,HAS_OBSERVATION
country::IND,observation::IND::DT.NFL.RDBN.CD::2020,HAS_OBSERVATION
country::IND,observation::IND::DT.NFL.PNGC.CD::2020,HAS_OBSERVATION
country::IND,observation::IND::DT.NFL.PBND.CD::2020,HAS_OBSERVATION
country::IND,observation::IND::DT.NFL.MLAT.CD::2020,HAS_OBSERVATION
country::IND,observation::IND::DT.NFL.IMFC.CD::2020,HAS_OBSERVATION
country::IND,observation::IND::DT.NFL.FAOG.CD::2020,HAS_OBSERVATION
country::IND,observation::IND::DT.NFL.BLAT.CD::2020,HAS_OBSERVATION
country::IND,observation::IND::DT.DOD.MWBG.CD::2020,HAS_OBSERVATION
country::IND,observation::IND::DT.DOD.DSTC.XP.ZS::2020,HAS_OBSERVATION
country::IND,observation::IND::DT.DOD.DPNG.CD::2020,HAS_OBSERVATION
country::IND,observation::IND::DT.DOD.DECT.CD::2020,HAS_OBSERVATION
country::IND,observation::IND::VC.IDP.NWDS::2020,HAS_OBSERVATION
country::IND,observation::IND::TX.VAL.TRAN.ZS.WT::2020,HAS_OBSERVATION
country::IND,observation::IND::TX.VAL.OTHR.ZS.WT::2020,HAS_OBSERVATION
country::IND,observation::IND::TX.VAL.MRCH.RS.ZS::2020,HAS_OBSERVATION
country::IND,observation::IND::TX.VAL.MRCH.R3.ZS::2020,HAS_OBSERVATION
country::IND,observation::IND::TX.VAL.MRCH.HI.ZS::2020,HAS_OBSERVATION
country::IND,observation::IND::TX.VAL.MANF.ZS.UN::2020,HAS_OBSERVATION
country::IND,observation::IND::TX.VAL.FOOD.ZS.UN::2020,HAS_OBSERVATION
country::IND,observation::IND::TX.MNF.TECH.ZS.UN::2020,HAS_OBSERVATION
country::IND,observation::IND::TM.VAL.SERV.CD.WT::2020,HAS_OBSERVATION
country::IND,observation::IND::TM.VAL.MRCH.WL.CD::2020,HAS_OBSERVATION
country::IND,observation::IND::TM.VAL.MRCH.R4.ZS::2020,HAS_OBSERVATION
country::IND,observation::IND::TM.VAL.MRCH.OR.ZS::2020,HAS_OBSERVATION
country::IND,observation::IND::TM.VAL.MMTL.ZS.UN::2020,HAS_OBSERVATION
country::IND,observation::IND::TM.VAL.FUEL.ZS.UN::2020,HAS_OBSERVATION
country::IND,observation::IND::TM.TAX.TCOM.WM.FN.ZS::2020,HAS_OBSERVATION
country::IND,observation::IND::TM.TAX.TCOM.BR.ZS::2020,HAS_OBSERVATION
country::IND,observation::IND::TM.TAX.MRCH.SM.FN.ZS::2020,HAS_OBSERVATION
country::IND,observation::IND::TM.TAX.MANF.WM.FN.ZS::2020,HAS_OBSERVATION
country::IND,observation::IND::TM.TAX.MANF.BR.ZS::2020,HAS_OBSERVATION
country::IND,observation::IND::ST.INT.XPND.MP.ZS::2020,HAS_OBSERVATION
country::IND,observation::IND::ST.INT.TRNX.CD::2020,HAS_OBSERVATION
country::IND,observation::IND::SP.URB.TOTL::2020,HAS_OBSERVATION
country::IND,observation::IND::SP.RUR.TOTL::2020,HAS_OBSERVATION
country::IND,observation::IND::SP.POP.TOTL.MA.IN::2020,HAS_OBSERVATION
country::IND,observation::IND::SP.POP.DPND.OL::2020,HAS_OBSERVATION
country::IND,observation::IND::SP.POP.80UP.FE.5Y::2020,HAS_OBSERVATION
country::IND,observation::IND::SP.POP.7074.FE.5Y::2020,HAS_OBSERVATION
country::IND,observation::IND::SP.POP.65UP.MA.IN::2020,HAS_OBSERVATION
country::IND,observation::IND::SP.POP.6569.FE.5Y::2020,HAS_OBSERVATION
country::IND,observation::IND::SP.POP.5559.FE.5Y::2020,HAS_OBSERVATION
country::IND,observation::IND::SP.POP.4549.FE.5Y::2020,HAS_OBSERVATION
country::IND,observation::IND::SP.POP.3539.FE.5Y::2020,HAS_OBSERVATION
country::IND,observation::IND::SP.POP.2529.FE.5Y::2020,HAS_OBSERVATION
country::IND,observation::IND::SP.POP.1564.TO::2020,HAS_OBSERVATION
country::IND,observation::IND::SP.POP.1564.FE.IN::2020,HAS_OBSERVATION
country::IND,observation::IND::SP.POP.1014.FE.5Y::2020,HAS_OBSERVATION
country::IND,observation::IND::SP.POP.0014.TO::2020,HAS_OBSERVATION
country::IND,observation::IND::SP.POP.0014.FE.IN::2020,HAS_OBSERVATION
country::IND,observation::IND::SP.DYN.TO65.MA.ZS::2020,HAS_OBSERVATION
country::IND,observation::IND::SP.DYN.LE00.IN::2020,HAS_OBSERVATION
country::IND,observation::IND::SP.DYN.IMRT.FE.IN::2020,HAS_OBSERVATION
country::IND,observation::IND::SP.DYN.CBRT.IN::2020,HAS_OBSERVATION
country::IND,observation::IND::SN.ITK.VITA.ZS::2020,HAS_OBSERVATION
country::IND,observation::IND::SN.ITK.DEFC.ZS::2020,HAS_OBSERVATION
country::IND,observation::IND::DT.NFL.UNIDO.CD::2020,HAS_OBSERVATION
country::IND,observation::IND::DT.NFL.UNCR.CD::2020,HAS_OBSERVATION
country::IND,observation::IND::DT.NFL.PRVT.CD::2020,HAS_OBSERVATION
country::IND,observation::IND::DT.NFL.PCBO.CD::2020,HAS_OBSERVATION
country::IND,observation::IND::DT.NFL.NIFC.CD::2020,HAS_OBSERVATION
country::IND,observation::IND::DT.NFL.MIBR.CD::2020,HAS_OBSERVATION
country::IND,observation::IND::VC.IHR.PSRC.FE.P5::2020,HAS_OBSERVATION
country::IND,observation::IND::TX.VAL.TRVL.ZS.WT::2020,HAS_OBSERVATION
country::IND,observation::IND::TX.VAL.SERV.CD.WT::2020,HAS_OBSERVATION
country::IND,observation::IND::TX.VAL.MRCH.WL.CD::2020,HAS_OBSERVATION
country::IND,observation::IND::TX.VAL.MRCH.R4.ZS::2020,HAS_OBSERVATION
country::IND,observation::IND::TX.VAL.MRCH.OR.ZS::2020,HAS_OBSERVATION
country::IND,observation::IND::TX.VAL.MMTL.ZS.UN::2020,HAS_OBSERVATION
country::IND,observation::IND::TX.VAL.FUEL.ZS.UN::2020,HAS_OBSERVATION
country::IND,observation::IND::TX.QTY.MRCH.XD.WD::2020,HAS_OBSERVATION
country::IND,observation::IND::TM.VAL.TRAN.ZS.WT::2020,HAS_OBSERVATION
country::IND,observation::IND::TM.VAL.MRCH.WR.ZS::2020,HAS_OBSERVATION
country::IND,observation::IND::TM.VAL.MRCH.R5.ZS::2020,HAS_OBSERVATION
country::IND,observation::IND::TM.VAL.MRCH.R1.ZS::2020,HAS_OBSERVATION
country::IND,observation::IND::TM.VAL.MRCH.AL.ZS::2020,HAS_OBSERVATION
country::IND,observation::IND::TM.VAL.ICTG.ZS.UN::2020,HAS_OBSERVATION
country::IND,observation::IND::TM.UVI.MRCH.XD.WD::2020,HAS_OBSERVATION
country::IND,observation::IND::TM.TAX.TCOM.SM.AR.ZS::2020,HAS_OBSERVATION
country::IND,observation::IND::TM.TAX.MRCH.WM.AR.ZS::2020,HAS_OBSERVATION
country::IND,observation::IND::TM.TAX.MRCH.BC.ZS::2020,HAS_OBSERVATION
country::IND,observation::IND::TM.TAX.MANF.SM.AR.ZS::2020,HAS_OBSERVATION
country::IND,observation::IND::TG.VAL.TOTL.GD.ZS::2020,HAS_OBSERVATION
country::IND,observation::IND::ST.INT.TVLR.CD::2020,HAS_OBSERVATION
country::IND,observation::IND::ST.INT.RCPT.CD::2020,HAS_OBSERVATION
country::IND,observation::IND::SP.URB.TOTL.IN.ZS::2020,HAS_OBSERVATION
country::IND,observation::IND::SP.RUR.TOTL.ZG::2020,HAS_OBSERVATION
country::IND,observation::IND::SP.POP.TOTL.MA.ZS::2020,HAS_OBSERVATION
country::IND,observation::IND::SP.POP.TOTL::2020,HAS_OBSERVATION
country::IND,observation::IND::SP.POP.DPND.YG::2020,HAS_OBSERVATION
country::IND,observation::IND::SP.POP.80UP.MA.5Y::2020,HAS_OBSERVATION
country::IND,observation::IND::SP.POP.7074.MA.5Y::2020,HAS_OBSERVATION
country::IND,observation::IND::SP.POP.65UP.MA.ZS::2020,HAS_OBSERVATION
country::IND,observation::IND::SP.POP.6569.MA.5Y::2020,HAS_OBSERVATION
country::IND,observation::IND::SP.POP.5559.MA.5Y::2020,HAS_OBSERVATION
country::IND,observation::IND::SP.POP.4549.MA.5Y::2020,HAS_OBSERVATION
country::IND,observation::IND::SP.POP.3539.MA.5Y::2020,HAS_OBSERVATION
country::IND,observation::IND::SP.POP.2529.MA.5Y::2020,HAS_OBSERVATION
country::IND,observation::IND::SP.POP.1564.TO.ZS::2020,HAS_OBSERVATION
country::IND,observation::IND::SP.POP.1564.FE.ZS::2020,HAS_OBSERVATION
country::IND,observation::IND::SP.POP.1014.MA.5Y::2020,HAS_OBSERVATION
country::IND,observation::IND::SP.POP.0014.TO.ZS::2020,HAS_OBSERVATION
country::IND,observation::IND::SP.POP.0014.FE.ZS::2020,HAS_OBSERVATION
country::IND,observation::IND::SP.DYN.LE00.MA.IN::2020,HAS_OBSERVATION
country::IND,observation::IND::SP.DYN.IMRT.IN::2020,HAS_OBSERVATION
country::IND,observation::IND::SP.DYN.CDRT.IN::2020,HAS_OBSERVATION
country::IND,observation::IND::SP.ADO.TFRT::2020,HAS_OBSERVATION
country::IND,observation::IND::SM.POP.FDIP::2020,HAS_OBSERVATION
country::IND,observation::IND::DT.ODA.ALLD.CD::2020,HAS_OBSERVATION
country::IND,observation::IND::DT.NFL.PNGB.CD::2020,HAS_OBSERVATION
country::IND,observation::IND::DT.NFL.OFFT.CD::2020,HAS_OBSERVATION
country::IND,observation::IND::DT.NFL.MIDA.CD::2020,HAS_OBSERVATION
country::IND,observation::IND::DT.NFL.ILOG.CD::2020,HAS_OBSERVATION
country::IND,observation::IND::DT.NFL.DPNG.CD::2020,HAS_OBSERVATION
country::IND,observation::IND::IP.PAT.NRES::2020,HAS_OBSERVATION
country::IND,observation::IND::IC.BUS.NDNS.ZS::2020,HAS_OBSERVATION
country::IND,observation::IND::HD_HCIP_OVRL_TO::2020,HAS_OBSERVATION
country::IND,observation::IND::HD_HCIP_OTJL_MA::2020,HAS_OBSERVATION
country::IND,observation::IND::HD_HCIP_HLTH_FE::2020,HAS_OBSERVATION
country::IND,observation::IND::GF.XPD.BUDG.ZS::2020,HAS_OBSERVATION
country::IND,observation::IND::FR.INR.RINR::2020,HAS_OBSERVATION
country::IND,observation::IND::FP.WPI.TOTL::2020,HAS_OBSERVATION
country::IND,observation::IND::FM.LBL.BMNY.IR.ZS::2020,HAS_OBSERVATION
country::IND,observation::IND::FM.AST.PRVT.GD.ZS::2020,HAS_OBSERVATION
country::IND,observation::IND::IP.TMK.RSCT::2020,HAS_OBSERVATION
country::IND,observation::IND::IP.JRN.ARTC.SC::2020,HAS_OBSERVATION
country::IND,observation::IND::IE.PPN.TRAN.CD::2020,HAS_OBSERVATION
country::IND,observation::IND::IE.PPI.TRAN.CD::2020,HAS_OBSERVATION
country::IND,observation::IND::HD_HCIP_OVRL_MA::2020,HAS_OBSERVATION
country::IND,observation::IND::HD_HCIP_OTJL_FE::2020,HAS_OBSERVATION
country::IND,observation::IND::HD_HCIP_EDUC_TO::2020,HAS_OBSERVATION
country::IND,observation::IND::GB.XPD.RSDV.GD.ZS::2020,HAS_OBSERVATION
country::IND,observation::IND::FP.CPI.TOTL.ZG::2020,HAS_OBSERVATION
country::IND,observation::IND::FM.LBL.BMNY.GD.ZS::2020,HAS_OBSERVATION
country::IND,observation::IND::FM.AST.NFRG.CN::2020,HAS_OBSERVATION
country::IND,observation::IND::IP.PAT.RESD::2020,HAS_OBSERVATION
country::IND,observation::IND::IP.IDS.NRCT::2020,HAS_OBSERVATION
country::IND,observation::IND::IE.PPN.ENGY.CD::2020,HAS_OBSERVATION
country::IND,observation::IND::IE.PPI.ENGY.CD::2020,HAS_OBSERVATION
country::IND,observation::IND::IC.BUS.NREG::2020,HAS_OBSERVATION
country::IND,observation::IND::HD_HCIP_OTJL_TO::2020,HAS_OBSERVATION
country::IND,observation::IND::HD_HCIP_HLTH_MA::2020,HAS_OBSERVATION
country::IND,observation::IND::HD_HCIP_EDUC_FE::2020,HAS_OBSERVATION
country::IND,observation::IND::FS.AST.PRVT.GD.ZS::2020,HAS_OBSERVATION
country::IND,observation::IND::IP.TMK.NRCT::2020,HAS_OBSERVATION
country::IND,observation::IND::IP.IDS.RSCT::2020,HAS_OBSERVATION
country::IND,observation::IND::HD_HCIP_OVRL_FE::2020,HAS_OBSERVATION
country::IND,observation::IND::HD_HCIP_HLTH_TO::2020,HAS_OBSERVATION
country::IND,observation::IND::HD_HCIP_EDUC_MA::2020,HAS_OBSERVATION
country::IND,observation::IND::FS.AST.CGOV.GD.ZS::2020,HAS_OBSERVATION
country::IND,observation::IND::FM.AST.CGOV.ZG.M3::2020,HAS_OBSERVATION
country::IND,observation::IND::FI.RES.TOTL.CD::2020,HAS_OBSERVATION
country::IND,observation::IND::FB.AST.NPER.ZS::2020,HAS_OBSERVATION
country::IND,observation::IND::ER.H2O.INTR.PC::2020,HAS_OBSERVATION
country::IND,observation::IND::ER.H2O.FWST.ZS::2020,HAS_OBSERVATION
country::IND,observation::IND::ER.GDP.FWTL.M3.KD::2020,HAS_OBSERVATION
country::IND,observation::IND::EN.URB.MCTY.TL.ZS::2020,HAS_OBSERVATION
country::IND,observation::IND::EN.POP.DNST::2020,HAS_OBSERVATION
country::IND,observation::IND::EN.GHG.N2O.ZG.AR5::2020,HAS_OBSERVATION
country::IND,observation::IND::EN.GHG.N2O.MT.CE.AR5::2020,HAS_OBSERVATION
country::IND,observation::IND::EN.GHG.N2O.BU.MT.CE.AR5::2020,HAS_OBSERVATION
country::IND,observation::IND::EN.GHG.CO2.PI.MT.CE.AR5::2020,HAS_OBSERVATION
country::IND,observation::IND::EN.GHG.CO2.LU.OL.MT.CE.AR5::2020,HAS_OBSERVATION
country::IND,observation::IND::EN.GHG.CO2.IP.MT.CE.AR5::2020,HAS_OBSERVATION
country::IND,observation::IND::EN.GHG.CO2.AG.MT.CE.AR5::2020,HAS_OBSERVATION
country::IND,observation::IND::EN.GHG.CH4.PI.MT.CE.AR5::2020,HAS_OBSERVATION
country::IND,observation::IND::EN.GHG.CH4.FE.MT.CE.AR5::2020,HAS_OBSERVATION
country::IND,observation::IND::EN.GHG.ALL.MT.CE.AR5::2020,HAS_OBSERVATION
country::IND,observation::IND::EG.USE.ELEC.KH.PC::2020,HAS_OBSERVATION
country::IND,observation::IND::EG.USE.COMM.CL.ZS::2020,HAS_OBSERVATION
country::IND,observation::IND::EG.FEC.RNEW.ZS::2020,HAS_OBSERVATION
country::IND,observation::IND::EG.ELC.PETR.ZS::2020,HAS_OBSERVATION
country::IND,observation::IND::EG.ELC.HYRO.ZS::2020,HAS_OBSERVATION
country::IND,observation::IND::EG.ELC.ACCS.UR.ZS::2020,HAS_OBSERVATION
country::IND,observation::IND::EG.CFT.ACCS.UR.ZS::2020,HAS_OBSERVATION
country::IND,observation::IND::DT.TDS.DPPG.XP.ZS::2020,HAS_OBSERVATION
country::IND,observation::IND::DT.TDS.DIMF.CD::2020,HAS_OBSERVATION
country::IND,observation::IND::DT.ODA.ODAT.GN.ZS::2020,HAS_OBSERVATION
country::IND,observation::IND::FI.RES.XGLD.CD::2020,HAS_OBSERVATION
country::IND,observation::IND::FD.RES.LIQU.AS.ZS::2020,HAS_OBSERVATION
country::IND,observation::IND::FB.CBK.BRCH.P5::2020,HAS_OBSERVATION
country::IND,observation::IND::ER.PTD.TOTL.ZS::2020,HAS_OBSERVATION
country::IND,observation::IND::ER.H2O.INTR.K3::2020,HAS_OBSERVATION
country::IND,observation::IND::ER.H2O.FWIN.ZS::2020,HAS_OBSERVATION
country::IND,observation::IND::ER.FSH.PROD.MT::2020,HAS_OBSERVATION
country::IND,observation::IND::EN.URB.MCTY::2020,HAS_OBSERVATION
country::IND,observation::IND::EN.GHG.N2O.WA.MT.CE.AR5::2020,HAS_OBSERVATION
country::IND,observation::IND::EN.GHG.N2O.IP.MT.CE.AR5::2020,HAS_OBSERVATION
country::IND,observation::IND::EN.GHG.N2O.AG.MT.CE.AR5::2020,HAS_OBSERVATION
country::IND,observation::IND::EN.GHG.CO2.TR.MT.CE.AR5::2020,HAS_OBSERVATION
country::IND,observation::IND::EN.GHG.CO2.PC.CE.AR5::2020,HAS_OBSERVATION
country::IND,observation::IND::EN.GHG.CO2.LU.MT.CE.AR5::2020,HAS_OBSERVATION
country::IND,observation::IND::EN.GHG.CO2.IC.MT.CE.AR5::2020,HAS_OBSERVATION
country::IND,observation::IND::EN.GHG.CH4.ZG.AR5::2020,HAS_OBSERVATION
country::IND,observation::IND::EN.GHG.CH4.MT.CE.AR5::2020,HAS_OBSERVATION
country::IND,observation::IND::EN.GHG.CH4.BU.MT.CE.AR5::2020,HAS_OBSERVATION
country::IND,observation::IND::EN.GHG.ALL.LU.MT.CE.AR5::2020,HAS_OBSERVATION
country::IND,observation::IND::EG.USE.CRNW.ZS::2020,HAS_OBSERVATION
country::IND,observation::IND::EG.IMP.CONS.ZS::2020,HAS_OBSERVATION
country::IND,observation::IND::EG.ELC.RNWX.ZS::2020,HAS_OBSERVATION
country::IND,observation::IND::EG.ELC.NUCL.ZS::2020,HAS_OBSERVATION
country::IND,observation::IND::EG.ELC.FOSL.ZS::2020,HAS_OBSERVATION
country::IND,observation::IND::EG.ELC.ACCS.RU.ZS::2020,HAS_OBSERVATION
country::IND,observation::IND::EG.CFT.ACCS.RU.ZS::2020,HAS_OBSERVATION
country::IND,observation::IND::DT.TDS.DPPG.GN.ZS::2020,HAS_OBSERVATION
country::IND,observation::IND::DT.TDS.DECT.GN.ZS::2020,HAS_OBSERVATION
country::IND,observation::IND::DT.ODA.ODAT.PC.ZS::2020,HAS_OBSERVATION
country::IND,observation::IND::DT.ODA.ODAT.GI.ZS::2020,HAS_OBSERVATION
country::IND,observation::IND::DT.ODA.ALLD.KD::2020,HAS_OBSERVATION
country::IND,observation::IND::FM.LBL.BMNY.ZG::2020,HAS_OBSERVATION
country::IND,observation::IND::FM.AST.PRVT.ZG.M3::2020,HAS_OBSERVATION
country::IND,observation::IND::FM.AST.DOMO.ZG.M3::2020,HAS_OBSERVATION
country::IND,observation::IND::FI.RES.TOTL.DT.ZS::2020,HAS_OBSERVATION
country::IND,observation::IND::FB.ATM.TOTL.P5::2020,HAS_OBSERVATION
country::IND,observation::IND::ER.LND.PTLD.ZS::2020,HAS_OBSERVATION
country::IND,observation::IND::ER.H2O.FWTL.K3::2020,HAS_OBSERVATION
country::IND,observation::IND::ER.H2O.FWAG.ZS::2020,HAS_OBSERVATION
country::IND,observation::IND::ER.FSH.AQUA.MT::2020,HAS_OBSERVATION
country::IND,observation::IND::EN.URB.LCTY::2020,HAS_OBSERVATION
country::IND,observation::IND::EN.GHG.TOT.ZG.AR5::2020,HAS_OBSERVATION
country::IND,observation::IND::EN.GHG.N2O.PI.MT.CE.AR5::2020,HAS_OBSERVATION
country::IND,observation::IND::EN.GHG.N2O.FE.MT.CE.AR5::2020,HAS_OBSERVATION
country::IND,observation::IND::EN.GHG.CO2.ZG.AR5::2020,HAS_OBSERVATION
country::IND,observation::IND::EN.GHG.CO2.RT.GDP.KD::2020,HAS_OBSERVATION
country::IND,observation::IND::EN.GHG.CO2.LU.OS.MT.CE.AR5::2020,HAS_OBSERVATION
country::IND,observation::IND::EN.GHG.CO2.LU.DF.MT.CE.AR5::2020,HAS_OBSERVATION
country::IND,observation::IND::EN.GHG.CO2.BU.MT.CE.AR5::2020,HAS_OBSERVATION
country::IND,observation::IND::EN.GHG.CH4.TR.MT.CE.AR5::2020,HAS_OBSERVATION
country::IND,observation::IND::EN.GHG.CH4.IC.MT.CE.AR5::2020,HAS_OBSERVATION
country::IND,observation::IND::EN.GHG.ALL.PC.CE.AR5::2020,HAS_OBSERVATION
country::IND,observation::IND::EG.USE.PCAP.KG.OE::2020,HAS_OBSERVATION
country::IND,observation::IND::EG.USE.COMM.FO.ZS::2020,HAS_OBSERVATION
country::IND,observation::IND::EG.GDP.PUSE.KO.PP::2020,HAS_OBSERVATION
country::IND,observation::IND::EG.ELC.RNEW.ZS::2020,HAS_OBSERVATION
country::IND,observation::IND::EG.ELC.LOSS.ZS::2020,HAS_OBSERVATION
country::IND,observation::IND::EG.ELC.ACCS.ZS::2020,HAS_OBSERVATION
country::IND,observation::IND::EG.CFT.ACCS.ZS::2020,HAS_OBSERVATION
country::IND,observation::IND::DT.TDS.MLAT.CD::2020,HAS_OBSERVATION
country::IND,observation::IND::DT.TDS.DPPF.XP.ZS::2020,HAS_OBSERVATION
country::IND,observation::IND::DT.TDS.DECT.CD::2020,HAS_OBSERVATION
country::IND,observation::IND::DT.ODA.ODAT.KD::2020,HAS_OBSERVATION
country::IND,observation::IND::FR.INR.LEND::2020,HAS_OBSERVATION
country::IND,observation::IND::FP.CPI.TOTL::2020,HAS_OBSERVATION
country::IND,observation::IND::FM.LBL.BMNY.CN::2020,HAS_OBSERVATION
country::IND,observation::IND::FM.AST.DOMS.CN::2020,HAS_OBSERVATION
country::IND,observation::IND::FI.RES.TOTL.MO::2020,HAS_OBSERVATION
country::IND,observation::IND::FD.AST.PRVT.GD.ZS::2020,HAS_OBSERVATION
country::IND,observation::IND::FB.BNK.CAPA.ZS::2020,HAS_OBSERVATION
country::IND,observation::IND::ER.MRN.PTMR.ZS::2020,HAS_OBSERVATION
country::IND,observation::IND::ER.H2O.FWTL.ZS::2020,HAS_OBSERVATION
country::IND,observation::IND::ER.H2O.FWDM.ZS::2020,HAS_OBSERVATION
country::IND,observation::IND::ER.FSH.CAPT.MT::2020,HAS_OBSERVATION
country::IND,observation::IND::EN.URB.LCTY.UR.ZS::2020,HAS_OBSERVATION
country::IND,observation::IND::EN.GHG.N2O.TR.MT.CE.AR5::2020,HAS_OBSERVATION
country::IND,observation::IND::EN.GHG.N2O.IC.MT.CE.AR5::2020,HAS_OBSERVATION
country::IND,observation::IND::EN.GHG.FGAS.IP.MT.CE.AR5::2020,HAS_OBSERVATION
country::IND,observation::IND::EN.GHG.CO2.RT.GDP.PP.KD::2020,HAS_OBSERVATION
country::IND,observation::IND::EN.GHG.CO2.MT.CE.AR5::2020,HAS_OBSERVATION
country::IND,observation::IND::EN.GHG.CO2.LU.FL.MT.CE.AR5::2020,HAS_OBSERVATION
country::IND,observation::IND::EN.GHG.CO2.FE.MT.CE.AR5::2020,HAS_OBSERVATION
country::IND,observation::IND::EN.GHG.CH4.WA.MT.CE.AR5::2020,HAS_OBSERVATION
country::IND,observation::IND::EN.GHG.CH4.IP.MT.CE.AR5::2020,HAS_OBSERVATION
country::IND,observation::IND::EN.GHG.CH4.AG.MT.CE.AR5::2020,HAS_OBSERVATION
country::IND,observation::IND::EN.ATM.PM25.MC.M3::2020,HAS_OBSERVATION
country::IND,observation::IND::EG.USE.COMM.GD.PP.KD::2020,HAS_OBSERVATION
country::IND,observation::IND::EG.GDP.PUSE.KO.PP.KD::2020,HAS_OBSERVATION
country::IND,observation::IND::EG.ELC.RNWX.KH::2020,HAS_OBSERVATION
country::IND,observation::IND::EG.ELC.NGAS.ZS::2020,HAS_OBSERVATION
country::IND,observation::IND::EG.ELC.COAL.ZS::2020,HAS_OBSERVATION
country::IND,observation::IND::EG.EGY.PRIM.PP.KD::2020,HAS_OBSERVATION
country::IND,observation::IND::DT.TDS.MLAT.PG.ZS::2020,HAS_OBSERVATION
country::IND,observation::IND::DT.TDS.DPPG.CD::2020,HAS_OBSERVATION
country::IND,observation::IND::DT.TDS.DECT.EX.ZS::2020,HAS_OBSERVATION
country::IND,observation::IND::DT.ODA.ODAT.MP.ZS::2020,HAS_OBSERVATION
country::IND,observation::IND::DT.ODA.ODAT.CD::2020,HAS_OBSERVATION
country::IND,observation::IND::SM.POP.RHCR.EO::2021,HAS_OBSERVATION
country::IND,observation::IND::SM.POP.NETM::2021,HAS_OBSERVATION
country::IND,observation::IND::SM.POP.ASYS.EA::2021,HAS_OBSERVATION
country::IND,observation::IND::SL.UEM.TOTL.ZS::2021,HAS_OBSERVATION
country::IND,observation::IND::SL.UEM.TOTL.FE.ZS::2021,HAS_OBSERVATION
country::IND,observation::IND::SL.UEM.NEET.MA.ZS::2021,HAS_OBSERVATION
country::IND,observation::IND::SL.UEM.INTM.ZS::2021,HAS_OBSERVATION
country::IND,observation::IND::SL.UEM.BASC.MA.ZS::2021,HAS_OBSERVATION
country::IND,observation::IND::SL.UEM.ADVN.FE.ZS::2021,HAS_OBSERVATION
country::IND,observation::IND::SL.UEM.1524.MA.NE.ZS::2021,HAS_OBSERVATION
country::IND,observation::IND::SL.TLF.TOTL.FE.ZS::2021,HAS_OBSERVATION
country::IND,observation::IND::SL.TLF.INTM.ZS::2021,HAS_OBSERVATION
country::IND,observation::IND::SL.TLF.CACT.NE.ZS::2021,HAS_OBSERVATION
country::IND,observation::IND::SL.TLF.CACT.FM.NE.ZS::2021,HAS_OBSERVATION
country::IND,observation::IND::SL.TLF.BASC.MA.ZS::2021,HAS_OBSERVATION
country::IND,observation::IND::SL.TLF.ADVN.FE.ZS::2021,HAS_OBSERVATION
country::IND,observation::IND::SL.TLF.ACTI.1524.ZS::2021,HAS_OBSERVATION
country::IND,observation::IND::SL.TLF.ACTI.1524.FE.ZS::2021,HAS_OBSERVATION
country::IND,observation::IND::SL.GDP.PCAP.EM.KD::2021,HAS_OBSERVATION
country::IND,observation::IND::SL.EMP.WORK.MA.ZS::2021,HAS_OBSERVATION
country::IND,observation::IND::SL.EMP.VULN.FE.ZS::2021,HAS_OBSERVATION
country::IND,observation::IND::SL.EMP.TOTL.SP.MA.NE.ZS::2021,HAS_OBSERVATION
country::IND,observation::IND::SL.EMP.SELF.ZS::2021,HAS_OBSERVATION
country::IND,observation::IND::SL.EMP.MPYR.MA.ZS::2021,HAS_OBSERVATION
country::IND,observation::IND::SL.EMP.1524.SP.MA.ZS::2021,HAS_OBSERVATION
country::IND,observation::IND::SL.AGR.EMPL.ZS::2021,HAS_OBSERVATION
country::IND,observation::IND::SI.RMT.COST.IB.ZS::2021,HAS_OBSERVATION
country::IND,observation::IND::SH_UHC_SCI_RMNCH::2021,HAS_OBSERVATION
country::IND,observation::IND::SH_UHC_SCI::2021,HAS_OBSERVATION
country::IND,observation::IND::SH.XPD.PVTD.CH.ZS::2021,HAS_OBSERVATION
country::IND,observation::IND::SH.XPD.GHED.PP.CD::2021,HAS_OBSERVATION
country::IND,observation::IND::SH.XPD.GHED.CH.ZS::2021,HAS_OBSERVATION
country::IND,observation::IND::SH.XPD.CHEX.PP.CD::2021,HAS_OBSERVATION
country::IND,observation::IND::SH.TBS.INCD::2021,HAS_OBSERVATION
country::IND,observation::IND::DT.DOD.DSTC.ZS::2021,HAS_OBSERVATION
country::IND,observation::IND::DT.DOD.DPPG.CD::2021,HAS_OBSERVATION
country::IND,observation::IND::DT.DOD.DECT.GN.ZS::2021,HAS_OBSERVATION
country::IND,observation::IND::DC.DAC.TOTL.CD::2021,HAS_OBSERVATION
country::IND,observation::IND::DC.DAC.PRTL.CD::2021,HAS_OBSERVATION
country::IND,observation::IND::DC.DAC.NLDL.CD::2021,HAS_OBSERVATION
country::IND,observation::IND::DC.DAC.JPNL.CD::2021,HAS_OBSERVATION
country::IND,observation::IND::DC.DAC.HUNL.CD::2021,HAS_OBSERVATION
country::IND,observation::IND::DC.DAC.FINL.CD::2021,HAS_OBSERVATION
country::IND,observation::IND::DC.DAC.DEUL.CD::2021,HAS_OBSERVATION
country::IND,observation::IND::SL.UEM.TOTL.FE.NE.ZS::2021,HAS_OBSERVATION
country::IND,observation::IND::SL.UEM.NEET.MA.ME.ZS::2021,HAS_OBSERVATION
country::IND,observation::IND::SL.UEM.INTM.MA.ZS::2021,HAS_OBSERVATION
country::IND,observation::IND::SL.UEM.BASC.FE.ZS::2021,HAS_OBSERVATION
country::IND,observation::IND::SL.UEM.1524.ZS::2021,HAS_OBSERVATION
country::IND,observation::IND::SL.UEM.1524.FE.ZS::2021,HAS_OBSERVATION
country::IND,observation::IND::SL.TLF.PART.ZS::2021,HAS_OBSERVATION
country::IND,observation::IND::SL.TLF.INTM.MA.ZS::2021,HAS_OBSERVATION
country::IND,observation::IND::SL.TLF.CACT.MA.ZS::2021,HAS_OBSERVATION
country::IND,observation::IND::SL.TLF.CACT.FE.ZS::2021,HAS_OBSERVATION
country::IND,observation::IND::SL.TLF.BASC.FE.ZS::2021,HAS_OBSERVATION
country::IND,observation::IND::SL.TLF.ACTI.ZS::2021,HAS_OBSERVATION
country::IND,observation::IND::SL.TLF.ACTI.1524.NE.ZS::2021,HAS_OBSERVATION
country::IND,observation::IND::SL.TLF.ACTI.1524.FE.NE.ZS::2021,HAS_OBSERVATION
country::IND,observation::IND::SL.SRV.EMPL.ZS::2021,HAS_OBSERVATION
country::IND,observation::IND::SL.IND.EMPL.ZS::2021,HAS_OBSERVATION
country::IND,observation::IND::SL.FAM.WORK.ZS::2021,HAS_OBSERVATION
country::IND,observation::IND::SL.EMP.WORK.FE.ZS::2021,HAS_OBSERVATION
country::IND,observation::IND::SL.EMP.TOTL.SP.ZS::2021,HAS_OBSERVATION
country::IND,observation::IND::SL.EMP.TOTL.SP.FE.ZS::2021,HAS_OBSERVATION
country::IND,observation::IND::SL.EMP.SELF.MA.ZS::2021,HAS_OBSERVATION
country::IND,observation::IND::SL.EMP.MPYR.FE.ZS::2021,HAS_OBSERVATION
country::IND,observation::IND::SL.EMP.1524.SP.MA.NE.ZS::2021,HAS_OBSERVATION
country::IND,observation::IND::SL.AGR.EMPL.MA.ZS::2021,HAS_OBSERVATION
country::IND,observation::IND::SH_UHC_SCI_NCD::2021,HAS_OBSERVATION
country::IND,observation::IND::SH.XPD.OOPC.PP.CD::2021,HAS_OBSERVATION
country::IND,observation::IND::SH.XPD.GHED.PC.CD::2021,HAS_OBSERVATION
country::IND,observation::IND::SH.XPD.EHEX.PP.CD::2021,HAS_OBSERVATION
country::IND,observation::IND::SH.XPD.CHEX.PC.CD::2021,HAS_OBSERVATION
country::IND,observation::IND::DC.DAC.SWEL.CD::2021,HAS_OBSERVATION
country::IND,observation::IND::DC.DAC.POLL.CD::2021,HAS_OBSERVATION
country::IND,observation::IND::DC.DAC.LUXL.CD::2021,HAS_OBSERVATION
country::IND,observation::IND::DC.DAC.ITAL.CD::2021,HAS_OBSERVATION
country::IND,observation::IND::DC.DAC.ESTL.CD::2021,HAS_OBSERVATION
country::IND,observation::IND::DC.DAC.CZEL.CD::2021,HAS_OBSERVATION
country::IND,observation::IND::DC.DAC.BELL.CD::2021,HAS_OBSERVATION
country::IND,observation::IND::CM.MKT.TRAD.GD.ZS::2021,HAS_OBSERVATION
country::IND,observation::IND::CM.MKT.LCAP.CD::2021,HAS_OBSERVATION
country::IND,observation::IND::BX.TRF.PWKR.CD::2021,HAS_OBSERVATION
country::IND,observation::IND::SM.POP.ASYS.EO::2021,HAS_OBSERVATION
country::IND,observation::IND::SL.UEM.TOTL.MA.NE.ZS::2021,HAS_OBSERVATION
country::IND,observation::IND::SL.UEM.NEET.ME.ZS::2021,HAS_OBSERVATION
country::IND,observation::IND::SL.UEM.NEET.FE.ME.ZS::2021,HAS_OBSERVATION
country::IND,observation::IND::SL.UEM.BASC.ZS::2021,HAS_OBSERVATION
country::IND,observation::IND::SL.UEM.ADVN.MA.ZS::2021,HAS_OBSERVATION
country::IND,observation::IND::SL.UEM.1524.MA.ZS::2021,HAS_OBSERVATION
country::IND,observation::IND::SL.TLF.TOTL.IN::2021,HAS_OBSERVATION
country::IND,observation::IND::SL.TLF.PART.FE.ZS::2021,HAS_OBSERVATION
country::IND,observation::IND::SL.TLF.CACT.ZS::2021,HAS_OBSERVATION
country::IND,observation::IND::SL.TLF.CACT.FM.ZS::2021,HAS_OBSERVATION
country::IND,observation::IND::SL.TLF.BASC.ZS::2021,HAS_OBSERVATION
country::IND,observation::IND::SL.TLF.ADVN.MA.ZS::2021,HAS_OBSERVATION
country::IND,observation::IND::SL.TLF.ACTI.FE.ZS::2021,HAS_OBSERVATION
country::IND,observation::IND::SL.TLF.ACTI.1524.MA.NE.ZS::2021,HAS_OBSERVATION
country::IND,observation::IND::SL.SRV.EMPL.FE.ZS::2021,HAS_OBSERVATION
country::IND,observation::IND::SL.IND.EMPL.FE.ZS::2021,HAS_OBSERVATION
country::IND,observation::IND::SL.FAM.WORK.FE.ZS::2021,HAS_OBSERVATION
country::IND,observation::IND::SL.EMP.WORK.ZS::2021,HAS_OBSERVATION
country::IND,observation::IND::SL.EMP.VULN.MA.ZS::2021,HAS_OBSERVATION
country::IND,observation::IND::SL.EMP.TOTL.SP.MA.ZS::2021,HAS_OBSERVATION
country::IND,observation::IND::SL.EMP.SMGT.FE.ZS::2021,HAS_OBSERVATION
country::IND,observation::IND::SL.EMP.MPYR.ZS::2021,HAS_OBSERVATION
country::IND,observation::IND::SL.EMP.1524.SP.NE.ZS::2021,HAS_OBSERVATION
country::IND,observation::IND::SL.EMP.1524.SP.FE.NE.ZS::2021,HAS_OBSERVATION
country::IND,observation::IND::SI.RMT.COST.OB.ZS::2021,HAS_OBSERVATION
country::IND,observation::IND::SH_UHC_SCI_CAPACITY::2021,HAS_OBSERVATION
country::IND,observation::IND::SH.XPD.PVTD.PC.CD::2021,HAS_OBSERVATION
country::IND,observation::IND::SH.XPD.OOPC.CH.ZS::2021,HAS_OBSERVATION
country::IND,observation::IND::SH.XPD.GHED.GD.ZS::2021,HAS_OBSERVATION
country::IND,observation::IND::DT.NFL.IFAD.CD::2021,HAS_OBSERVATION
country::IND,observation::IND::DT.DOD.MIBR.CD::2021,HAS_OBSERVATION
country::IND,observation::IND::DT.DOD.DSTC.CD::2021,HAS_OBSERVATION
country::IND,observation::IND::DT.DOD.DIMF.CD::2021,HAS_OBSERVATION
country::IND,observation::IND::DC.DAC.USAL.CD::2021,HAS_OBSERVATION
country::IND,observation::IND::DC.DAC.NORL.CD::2021,HAS_OBSERVATION
country::IND,observation::IND::DC.DAC.KORL.CD::2021,HAS_OBSERVATION
country::IND,observation::IND::DC.DAC.IRLL.CD::2021,HAS_OBSERVATION
country::IND,observation::IND::SL.UEM.TOTL.MA.ZS::2021,HAS_OBSERVATION
country::IND,observation::IND::SL.UEM.NEET.ZS::2021,HAS_OBSERVATION
country::IND,observation::IND::SL.UEM.NEET.FE.ZS::2021,HAS_OBSERVATION
country::IND,observation::IND::SL.UEM.INTM.FE.ZS::2021,HAS_OBSERVATION
country::IND,observation::IND::SL.UEM.ADVN.ZS::2021,HAS_OBSERVATION
country::IND,observation::IND::SL.UEM.1524.NE.ZS::2021,HAS_OBSERVATION
country::IND,observation::IND::SL.UEM.1524.FE.NE.ZS::2021,HAS_OBSERVATION
country::IND,observation::IND::SL.TLF.PART.MA.ZS::2021,HAS_OBSERVATION
country::IND,observation::IND::SL.TLF.INTM.FE.ZS::2021,HAS_OBSERVATION
country::IND,observation::IND::SL.TLF.CACT.MA.NE.ZS::2021,HAS_OBSERVATION
country::IND,observation::IND::SL.TLF.CACT.FE.NE.ZS::2021,HAS_OBSERVATION
country::IND,observation::IND::SL.TLF.ADVN.ZS::2021,HAS_OBSERVATION
country::IND,observation::IND::SL.TLF.ACTI.MA.ZS::2021,HAS_OBSERVATION
country::IND,observation::IND::SL.TLF.ACTI.1524.MA.ZS::2021,HAS_OBSERVATION
country::IND,observation::IND::SL.SRV.EMPL.MA.ZS::2021,HAS_OBSERVATION
country::IND,observation::IND::SL.IND.EMPL.MA.ZS::2021,HAS_OBSERVATION
country::IND,observation::IND::SL.FAM.WORK.MA.ZS::2021,HAS_OBSERVATION
country::IND,observation::IND::SL.EMP.VULN.ZS::2021,HAS_OBSERVATION
country::IND,observation::IND::SL.EMP.TOTL.SP.NE.ZS::2021,HAS_OBSERVATION
country::IND,observation::IND::SL.EMP.TOTL.SP.FE.NE.ZS::2021,HAS_OBSERVATION
country::IND,observation::IND::SL.EMP.SELF.FE.ZS::2021,HAS_OBSERVATION
country::IND,observation::IND::SL.EMP.1524.SP.ZS::2021,HAS_OBSERVATION
country::IND,observation::IND::SL.EMP.1524.SP.FE.ZS::2021,HAS_OBSERVATION
country::IND,observation::IND::SL.AGR.EMPL.FE.ZS::2021,HAS_OBSERVATION
country::IND,observation::IND::SH_UHC_SCI_ID::2021,HAS_OBSERVATION
country::IND,observation::IND::SH.XPD.PVTD.PP.CD::2021,HAS_OBSERVATION
country::IND,observation::IND::SH.XPD.OOPC.PC.CD::2021,HAS_OBSERVATION
country::IND,observation::IND::SH.XPD.GHED.GE.ZS::2021,HAS_OBSERVATION
country::IND,observation::IND::SH.XPD.EHEX.PC.CD::2021,HAS_OBSERVATION
country::IND,observation::IND::SH.XPD.CHEX.GD.ZS::2021,HAS_OBSERVATION
country::IND,observation::IND::SH.TBS.CURE.ZS::2021,HAS_OBSERVATION
country::IND,observation::IND::DT.DOD.MIDA.CD::2021,HAS_OBSERVATION
country::IND,observation::IND::DT.DOD.DSTC.IR.ZS::2021,HAS_OBSERVATION
country::IND,observation::IND::DT.DOD.DLXF.CD::2021,HAS_OBSERVATION
country::IND,observation::IND::DC.DAC.SVNL.CD::2021,HAS_OBSERVATION
country::IND,observation::IND::DC.DAC.NZLL.CD::2021,HAS_OBSERVATION
country::IND,observation::IND::DC.DAC.LTUL.CD::2021,HAS_OBSERVATION
country::IND,observation::IND::DC.DAC.ISLL.CD::2021,HAS_OBSERVATION
country::IND,observation::IND::DC.DAC.GBRL.CD::2021,HAS_OBSERVATION
country::IND,observation::IND::DC.DAC.ESPL.CD::2021,HAS_OBSERVATION
country::IND,observation::IND::DC.DAC.CHEL.CD::2021,HAS_OBSERVATION
country::IND,observation::IND::SH.STA.SUIC.MA.P5::2021,HAS_OBSERVATION
country::IND,observation::IND::SH.STA.STNT.ME.MA.ZS::2021,HAS_OBSERVATION
country::IND,observation::IND::SH.STA.SMSS.ZS::2021,HAS_OBSERVATION
country::IND,observation::IND::SH.STA.POIS.P5.FE::2021,HAS_OBSERVATION
country::IND,observation::IND::SH.STA.OWGH.ME.MA.ZS::2021,HAS_OBSERVATION
country::IND,observation::IND::SH.STA.ORTH::2021,HAS_OBSERVATION
country::IND,observation::IND::SH.STA.ODFC.RU.ZS::2021,HAS_OBSERVATION
country::IND,observation::IND::SH.STA.HYGN.RU.ZS::2021,HAS_OBSERVATION
country::IND,observation::IND::SH.STA.BRTC.ZS::2021,HAS_OBSERVATION
country::IND,observation::IND::SH.STA.BASS.RU.ZS::2021,HAS_OBSERVATION
country::IND,observation::IND::SH.SGR.CRSK.ZS::2021,HAS_OBSERVATION
country::IND,observation::IND::SH.PRG.ANEM::2021,HAS_OBSERVATION
country::IND,observation::IND::SH.MLR.TRET.ZS::2021,HAS_OBSERVATION
country::IND,observation::IND::SH.IMM.MEAS::2021,HAS_OBSERVATION
country::IND,observation::IND::SH.H2O.SMDW.UR.ZS::2021,HAS_OBSERVATION
country::IND,observation::IND::SH.H2O.BASW.RU.ZS::2021,HAS_OBSERVATION
country::IND,observation::IND::SH.DYN.NCOM.MA.ZS::2021,HAS_OBSERVATION
country::IND,observation::IND::SH.DYN.MORT::2021,HAS_OBSERVATION
country::IND,observation::IND::SH.DYN.1519::2021,HAS_OBSERVATION
country::IND,observation::IND::SH.DTH.NMRT::2021,HAS_OBSERVATION
country::IND,observation::IND::SH.DTH.IMRT::2021,HAS_OBSERVATION
country::IND,observation::IND::SH.DTH.1014::2021,HAS_OBSERVATION
country::IND,observation::IND::SH.ANM.NPRG.ZS::2021,HAS_OBSERVATION
country::IND,observation::IND::SG.VAW.NEGL.ZS::2021,HAS_OBSERVATION
country::IND,observation::IND::SG.DMK.SRCR.FN.ZS::2021,HAS_OBSERVATION
country::IND,observation::IND::SE.TER.ENRR.FE::2021,HAS_OBSERVATION
country::IND,observation::IND::SE.TER.CUAT.ST.MA.ZS::2021,HAS_OBSERVATION
country::IND,observation::IND::SE.SEC.UNER.LO.MA.ZS::2021,HAS_OBSERVATION
country::IND,observation::IND::SE.SEC.TCHR::2021,HAS_OBSERVATION
country::IND,observation::IND::DC.DAC.CANL.CD::2021,HAS_OBSERVATION
country::IND,observation::IND::CM.MKT.TRNR::2021,HAS_OBSERVATION
country::IND,observation::IND::CM.MKT.LCAP.GD.ZS::2021,HAS_OBSERVATION
country::IND,observation::IND::BX.TRF.PWKR.CD.DT::2021,HAS_OBSERVATION
country::IND,observation::IND::BX.KLT.DINV.WD.GD.ZS::2021,HAS_OBSERVATION
country::IND,observation::IND::BX.GSR.TOTL.CD::2021,HAS_OBSERVATION
country::IND,observation::IND::BX.GSR.INSF.ZS::2021,HAS_OBSERVATION
country::IND,observation::IND::BX.GSR.CCIS.ZS::2021,HAS_OBSERVATION
country::IND,observation::IND::BN.TRF.KOGT.CD::2021,HAS_OBSERVATION
country::IND,observation::IND::BN.KLT.DINV.CD::2021,HAS_OBSERVATION
country::IND,observation::IND::BN.GSR.FCTY.CD::2021,HAS_OBSERVATION
country::IND,observation::IND::BM.TRF.PWKR.CD.DT::2021,HAS_OBSERVATION
country::IND,observation::IND::BM.GSR.TRVL.ZS::2021,HAS_OBSERVATION
country::IND,observation::IND::BM.GSR.NFSV.CD::2021,HAS_OBSERVATION
country::IND,observation::IND::BM.GSR.FCTY.CD::2021,HAS_OBSERVATION
country::IND,observation::IND::AG.SRF.TOTL.K2::2021,HAS_OBSERVATION
country::IND,observation::IND::AG.PRD.CREL.MT::2021,HAS_OBSERVATION
country::IND,observation::IND::AG.LND.PRCP.MM::2021,HAS_OBSERVATION
country::IND,observation::IND::AG.LND.ARBL.HA.PC::2021,HAS_OBSERVATION
country::IND,observation::IND::AG.CON.FERT.ZS::2021,HAS_OBSERVATION
country::IND,observation::IND::SH.TBS.DTEC.ZS::2021,HAS_OBSERVATION
country::IND,observation::IND::SH.STA.SUIC.FE.P5::2021,HAS_OBSERVATION
country::IND,observation::IND::SH.STA.STNT.ME.FE.ZS::2021,HAS_OBSERVATION
country::IND,observation::IND::SH.STA.SMSS.UR.ZS::2021,HAS_OBSERVATION
country::IND,observation::IND::SH.STA.POIS.P5::2021,HAS_OBSERVATION
country::IND,observation::IND::SH.STA.OWGH.ME.FE.ZS::2021,HAS_OBSERVATION
country::IND,observation::IND::SH.STA.ORCF.ZS::2021,HAS_OBSERVATION
country::IND,observation::IND::SH.STA.ARIC.ZS::2021,HAS_OBSERVATION
country::IND,observation::IND::SH.PRV.SMOK.MA::2021,HAS_OBSERVATION
country::IND,observation::IND::SH.MMR.RISK.ZS::2021,HAS_OBSERVATION
country::IND,observation::IND::SH.MLR.NETS.ZS::2021,HAS_OBSERVATION
country::IND,observation::IND::SH.IMM.IDPT::2021,HAS_OBSERVATION
country::IND,observation::IND::SH.H2O.SMDW.RU.ZS::2021,HAS_OBSERVATION
country::IND,observation::IND::SH.FPL.SATM.ZS::2021,HAS_OBSERVATION
country::IND,observation::IND::SH.DYN.NCOM.FE.ZS::2021,HAS_OBSERVATION
country::IND,observation::IND::SH.DYN.1014::2021,HAS_OBSERVATION
country::IND,observation::IND::SH.DTH.NCOM.ZS::2021,HAS_OBSERVATION
country::IND,observation::IND::SH.DTH.COMM.ZS::2021,HAS_OBSERVATION
country::IND,observation::IND::SH.DTH.0509::2021,HAS_OBSERVATION
country::IND,observation::IND::SG.VAW.GOES.ZS::2021,HAS_OBSERVATION
country::IND,observation::IND::SG.DMK.ALLD.FN.ZS::2021,HAS_OBSERVATION
country::IND,observation::IND::SE.TER.ENRR::2021,HAS_OBSERVATION
country::IND,observation::IND::SE.TER.CUAT.ST.FE.ZS::2021,HAS_OBSERVATION
country::IND,observation::IND::SE.SEC.UNER.LO.FE.ZS::2021,HAS_OBSERVATION
country::IND,observation::IND::SE.SEC.TCAQ.ZS::2021,HAS_OBSERVATION
country::IND,observation::IND::BX.KLT.DINV.CD.WD::2021,HAS_OBSERVATION
country::IND,observation::IND::BX.GSR.ROYL.CD::2021,HAS_OBSERVATION
country::IND,observation::IND::BX.GSR.GNFS.CD::2021,HAS_OBSERVATION
country::IND,observation::IND::BX.GSR.CCIS.CD::2021,HAS_OBSERVATION
country::IND,observation::IND::BN.TRF.CURR.CD::2021,HAS_OBSERVATION
country::IND,observation::IND::BN.KAC.EOMS.CD::2021,HAS_OBSERVATION
country::IND,observation::IND::BN.FIN.TOTL.CD::2021,HAS_OBSERVATION
country::IND,observation::IND::BM.TRF.PRVT.CD::2021,HAS_OBSERVATION
country::IND,observation::IND::BM.GSR.TRAN.ZS::2021,HAS_OBSERVATION
country::IND,observation::IND::BM.GSR.MRCH.CD::2021,HAS_OBSERVATION
country::IND,observation::IND::BM.GSR.CMCP.ZS::2021,HAS_OBSERVATION
country::IND,observation::IND::AG.PRD.LVSK.XD::2021,HAS_OBSERVATION
country::IND,observation::IND::AG.LND.IRIG.AG.ZS::2021,HAS_OBSERVATION
country::IND,observation::IND::AG.LND.CROP.ZS::2021,HAS_OBSERVATION
country::IND,observation::IND::AG.LND.ARBL.HA::2021,HAS_OBSERVATION
country::IND,observation::IND::AG.CON.FERT.PT.ZS::2021,HAS_OBSERVATION
country::IND,observation::IND::SH.XPD.EHEX.CH.ZS::2021,HAS_OBSERVATION
country::IND,observation::IND::SH.VAC.TTNS.ZS::2021,HAS_OBSERVATION
country::IND,observation::IND::SH.STA.SUIC.P5::2021,HAS_OBSERVATION
country::IND,observation::IND::SH.STA.STNT.ME.ZS::2021,HAS_OBSERVATION
country::IND,observation::IND::SH.STA.POIS.P5.MA::2021,HAS_OBSERVATION
country::IND,observation::IND::SH.STA.OWGH.ME.ZS::2021,HAS_OBSERVATION
country::IND,observation::IND::SH.STA.ODFC.UR.ZS::2021,HAS_OBSERVATION
country::IND,observation::IND::SH.STA.HYGN.UR.ZS::2021,HAS_OBSERVATION
country::IND,observation::IND::SH.STA.BASS.UR.ZS::2021,HAS_OBSERVATION
country::IND,observation::IND::SH.SGR.IRSK.ZS::2021,HAS_OBSERVATION
country::IND,observation::IND::SH.PRV.SMOK::2021,HAS_OBSERVATION
country::IND,observation::IND::SH.MMR.DTHS::2021,HAS_OBSERVATION
country::IND,observation::IND::SH.MED.BEDS.ZS::2021,HAS_OBSERVATION
country::IND,observation::IND::SH.H2O.SMDW.ZS::2021,HAS_OBSERVATION
country::IND,observation::IND::SH.H2O.BASW.UR.ZS::2021,HAS_OBSERVATION
country::IND,observation::IND::SH.DYN.NCOM.ZS::2021,HAS_OBSERVATION
country::IND,observation::IND::SH.DYN.MORT.FE::2021,HAS_OBSERVATION
country::IND,observation::IND::SH.DYN.2024::2021,HAS_OBSERVATION
country::IND,observation::IND::SH.DTH.OCVD.ZS::2021,HAS_OBSERVATION
country::IND,observation::IND::SH.DTH.INJR.ZS::2021,HAS_OBSERVATION
country::IND,observation::IND::SH.DTH.1519::2021,HAS_OBSERVATION
country::IND,observation::IND::SG.VAW.REAS.ZS::2021,HAS_OBSERVATION
country::IND,observation::IND::SG.VAW.ARGU.ZS::2021,HAS_OBSERVATION
country::IND,observation::IND::SG.GEN.PARL.ZS::2021,HAS_OBSERVATION
country::IND,observation::IND::SE.XPD.TOTL.GB.ZS::2021,HAS_OBSERVATION
country::IND,observation::IND::SE.TER.ENRR.MA::2021,HAS_OBSERVATION
country::IND,observation::IND::SE.TER.CUAT.ST.ZS::2021,HAS_OBSERVATION
country::IND,observation::IND::DC.DAC.FRAL.CD::2021,HAS_OBSERVATION
country::IND,observation::IND::DC.DAC.DNKL.CD::2021,HAS_OBSERVATION
country::IND,observation::IND::DC.DAC.CECL.CD::2021,HAS_OBSERVATION
country::IND,observation::IND::DC.DAC.AUSL.CD::2021,HAS_OBSERVATION
country::IND,observation::IND::CM.MKT.LDOM.NO::2021,HAS_OBSERVATION
country::IND,observation::IND::BX.TRF.PWKR.DT.GD.ZS::2021,HAS_OBSERVATION
country::IND,observation::IND::BX.PEF.TOTL.CD.WD::2021,HAS_OBSERVATION
country::IND,observation::IND::BX.GSR.TRAN.ZS::2021,HAS_OBSERVATION
country::IND,observation::IND::BX.GSR.MRCH.CD::2021,HAS_OBSERVATION
country::IND,observation::IND::BX.GSR.CMCP.ZS::2021,HAS_OBSERVATION
country::IND,observation::IND::BX.GRT.EXTA.CD.WD::2021,HAS_OBSERVATION
country::IND,observation::IND::BN.KLT.PTXL.CD::2021,HAS_OBSERVATION
country::IND,observation::IND::BN.GSR.GNFS.CD::2021,HAS_OBSERVATION
country::IND,observation::IND::BN.CAB.XOKA.CD::2021,HAS_OBSERVATION
country::IND,observation::IND::BM.KLT.DINV.CD.WD::2021,HAS_OBSERVATION
country::IND,observation::IND::BM.GSR.ROYL.CD::2021,HAS_OBSERVATION
country::IND,observation::IND::BM.GSR.GNFS.CD::2021,HAS_OBSERVATION
country::IND,observation::IND::AG.YLD.CREL.KG::2021,HAS_OBSERVATION
country::IND,observation::IND::AG.PRD.CROP.XD::2021,HAS_OBSERVATION
country::IND,observation::IND::AG.LND.TOTL.K2::2021,HAS_OBSERVATION
country::IND,observation::IND::AG.LND.FRST.K2::2021,HAS_OBSERVATION
country::IND,observation::IND::AG.LND.ARBL.ZS::2021,HAS_OBSERVATION
country::IND,observation::IND::AG.LND.AGRI.K2::2021,HAS_OBSERVATION
country::IND,observation::IND::SH.STA.SMSS.RU.ZS::2021,HAS_OBSERVATION
country::IND,observation::IND::SH.STA.ODFC.ZS::2021,HAS_OBSERVATION
country::IND,observation::IND::SH.STA.MMRT::2021,HAS_OBSERVATION
country::IND,observation::IND::SH.STA.HYGN.ZS::2021,HAS_OBSERVATION
country::IND,observation::IND::SH.STA.BASS.ZS::2021,HAS_OBSERVATION
country::IND,observation::IND::SH.STA.ANVC.ZS::2021,HAS_OBSERVATION
country::IND,observation::IND::SH.PRV.SMOK.FE::2021,HAS_OBSERVATION
country::IND,observation::IND::SH.MMR.RISK::2021,HAS_OBSERVATION
country::IND,observation::IND::SH.MLR.INCD.P3::2021,HAS_OBSERVATION
country::IND,observation::IND::SH.IMM.HEPB::2021,HAS_OBSERVATION
country::IND,observation::IND::SH.H2O.BASW.ZS::2021,HAS_OBSERVATION
country::IND,observation::IND::SH.DYN.NMRT::2021,HAS_OBSERVATION
country::IND,observation::IND::SH.DYN.MORT.MA::2021,HAS_OBSERVATION
country::IND,observation::IND::SH.DYN.AIDS.FE.ZS::2021,HAS_OBSERVATION
country::IND,observation::IND::SH.DYN.0509::2021,HAS_OBSERVATION
country::IND,observation::IND::SH.DTH.MORT::2021,HAS_OBSERVATION
country::IND,observation::IND::SH.DTH.2024::2021,HAS_OBSERVATION
country::IND,observation::IND::SH.ANM.ALLW.ZS::2021,HAS_OBSERVATION
country::IND,observation::IND::SG.VAW.REFU.ZS::2021,HAS_OBSERVATION
country::IND,observation::IND::SG.VAW.BURN.ZS::2021,HAS_OBSERVATION
country::IND,observation::IND::SE.XPD.TOTL.GD.ZS::2021,HAS_OBSERVATION
country::IND,observation::IND::SE.TER.TCHR.FE.ZS::2021,HAS_OBSERVATION
country::IND,observation::IND::SE.SEC.TCHR.FE.ZS::2021,HAS_OBSERVATION
country::IND,observation::IND::SE.SEC.TCAQ.UP.ZS::2021,HAS_OBSERVATION
country::IND,observation::IND::SE.SEC.TCAQ.LO.ZS::2021,HAS_OBSERVATION
country::IND,observation::IND::DC.DAC.AUTL.CD::2021,HAS_OBSERVATION
country::IND,observation::IND::CM.MKT.TRAD.CD::2021,HAS_OBSERVATION
country::IND,observation::IND::CM.MKT.INDX.ZG::2021,HAS_OBSERVATION
country::IND,observation::IND::BX.TRF.CURR.CD::2021,HAS_OBSERVATION
country::IND,observation::IND::BX.GSR.TRVL.ZS::2021,HAS_OBSERVATION
country::IND,observation::IND::BX.GSR.NFSV.CD::2021,HAS_OBSERVATION
country::IND,observation::IND::BX.GSR.FCTY.CD::2021,HAS_OBSERVATION
country::IND,observation::IND::BX.GRT.TECH.CD.WD::2021,HAS_OBSERVATION
country::IND,observation::IND::BN.RES.INCL.CD::2021,HAS_OBSERVATION
country::IND,observation::IND::BN.GSR.MRCH.CD::2021,HAS_OBSERVATION
country::IND,observation::IND::BN.CAB.XOKA.GD.ZS::2021,HAS_OBSERVATION
country::IND,observation::IND::BM.KLT.DINV.WD.GD.ZS::2021,HAS_OBSERVATION
country::IND,observation::IND::BM.GSR.TOTL.CD::2021,HAS_OBSERVATION
country::IND,observation::IND::BM.GSR.INSF.ZS::2021,HAS_OBSERVATION
country::IND,observation::IND::BG.GSR.NFSV.GD.ZS::2021,HAS_OBSERVATION
country::IND,observation::IND::AG.PRD.FOOD.XD::2021,HAS_OBSERVATION
country::IND,observation::IND::AG.LND.FRST.ZS::2021,HAS_OBSERVATION
country::IND,observation::IND::AG.LND.CREL.HA::2021,HAS_OBSERVATION
country::IND,observation::IND::AG.LND.AGRI.ZS::2021,HAS_OBSERVATION
country::IND,observation::IND::SE.SEC.TCAQ.UP.FE.ZS::2021,HAS_OBSERVATION
country::IND,observation::IND::SE.SEC.TCAQ.LO.FE.ZS::2021,HAS_OBSERVATION
country::IND,observation::IND::SE.SEC.ENRL::2021,HAS_OBSERVATION
country::IND,observation::IND::SE.SEC.CMPT.LO.MA.ZS::2021,HAS_OBSERVATION
country::IND,observation::IND::SE.PRM.UNER.MA.ZS::2021,HAS_OBSERVATION
country::IND,observation::IND::SE.PRM.UNER::2021,HAS_OBSERVATION
country::IND,observation::IND::SE.PRM.TCHR.FE.ZS::2021,HAS_OBSERVATION
country::IND,observation::IND::SE.PRM.TCAQ.FE.ZS::2021,HAS_OBSERVATION
country::IND,observation::IND::SE.PRM.ENRR.FE::2021,HAS_OBSERVATION
country::IND,observation::IND::SE.PRM.ENRL::2021,HAS_OBSERVATION
country::IND,observation::IND::SE.PRM.CUAT.FE.ZS::2021,HAS_OBSERVATION
country::IND,observation::IND::SE.PRM.AGES::2021,HAS_OBSERVATION
country::IND,observation::IND::SE.PRE.ENRR.MA::2021,HAS_OBSERVATION
country::IND,observation::IND::SE.PRE.DURS::2021,HAS_OBSERVATION
country::IND,observation::IND::SE.ENR.PRSC.FM.ZS::2021,HAS_OBSERVATION
country::IND,observation::IND::SE.ADT.LITR.MA.ZS::2021,HAS_OBSERVATION
country::IND,observation::IND::SE.ADT.1524.LT.FM.ZS::2021,HAS_OBSERVATION
country::IND,observation::IND::PA.NUS.PPP::2021,HAS_OBSERVATION
country::IND,observation::IND::NY.TTF.GNFS.KN::2021,HAS_OBSERVATION
country::IND,observation::IND::NY.TAX.NIND.KN::2021,HAS_OBSERVATION
country::IND,observation::IND::NY.GSR.NFCY.CN::2021,HAS_OBSERVATION
country::IND,observation::IND::NY.GNS.ICTR.CN::2021,HAS_OBSERVATION
country::IND,observation::IND::NY.GNP.PCAP.KN::2021,HAS_OBSERVATION
country::IND,observation::IND::SE.SEC.TCAQ.MA.ZS::2021,HAS_OBSERVATION
country::IND,observation::IND::SE.SEC.TCAQ.FE.ZS::2021,HAS_OBSERVATION
country::IND,observation::IND::SE.SEC.ENRR.MA::2021,HAS_OBSERVATION
country::IND,observation::IND::SE.SEC.DURS::2021,HAS_OBSERVATION
country::IND,observation::IND::SE.SEC.CMPT.LO.FE.ZS::2021,HAS_OBSERVATION
country::IND,observation::IND::SE.PRM.UNER.MA::2021,HAS_OBSERVATION
country::IND,observation::IND::SE.PRM.TCHR::2021,HAS_OBSERVATION
country::IND,observation::IND::SE.PRM.ENRR::2021,HAS_OBSERVATION
country::IND,observation::IND::SE.PRM.DURS::2021,HAS_OBSERVATION
country::IND,observation::IND::SE.PRM.CMPT.ZS::2021,HAS_OBSERVATION
country::IND,observation::IND::SE.PRE.TCAQ.ZS::2021,HAS_OBSERVATION
country::IND,observation::IND::SE.PRE.ENRR.FE::2021,HAS_OBSERVATION
country::IND,observation::IND::SE.ENR.PRIM.FM.ZS::2021,HAS_OBSERVATION
country::IND,observation::IND::SE.ADT.LITR.FE.ZS::2021,HAS_OBSERVATION
country::IND,observation::IND::SE.ADT.1524.LT.FE.ZS::2021,HAS_OBSERVATION
country::IND,observation::IND::PA.NUS.GDP.PLI::2021,HAS_OBSERVATION
country::IND,observation::IND::NY.TAX.NIND.CN::2021,HAS_OBSERVATION
country::IND,observation::IND::NY.GSR.NFCY.CD::2021,HAS_OBSERVATION
country::IND,observation::IND::SE.SEC.UNER.LO.ZS::2021,HAS_OBSERVATION
country::IND,observation::IND::SE.SEC.TCHR.FE::2021,HAS_OBSERVATION
country::IND,observation::IND::SE.SEC.TCAQ.UP.MA.ZS::2021,HAS_OBSERVATION
country::IND,observation::IND::SE.SEC.TCAQ.LO.MA.ZS::2021,HAS_OBSERVATION
country::IND,observation::IND::SE.SEC.ENRR::2021,HAS_OBSERVATION
country::IND,observation::IND::SE.SEC.CMPT.LO.ZS::2021,HAS_OBSERVATION
country::IND,observation::IND::SE.PRM.UNER.ZS::2021,HAS_OBSERVATION
country::IND,observation::IND::SE.PRM.UNER.FE::2021,HAS_OBSERVATION
country::IND,observation::IND::SE.PRM.TCAQ.MA.ZS::2021,HAS_OBSERVATION
country::IND,observation::IND::SE.PRM.ENRR.MA::2021,HAS_OBSERVATION
country::IND,observation::IND::SE.PRM.CUAT.MA.ZS::2021,HAS_OBSERVATION
country::IND,observation::IND::SE.PRM.CMPT.FE.ZS::2021,HAS_OBSERVATION
country::IND,observation::IND::SE.PRE.TCAQ.FE.ZS::2021,HAS_OBSERVATION
country::IND,observation::IND::SE.ENR.SECO.FM.ZS::2021,HAS_OBSERVATION
country::IND,observation::IND::SE.ADT.LITR.ZS::2021,HAS_OBSERVATION
country::IND,observation::IND::SE.ADT.1524.LT.MA.ZS::2021,HAS_OBSERVATION
country::IND,observation::IND::PA.NUS.PRVT.PLI::2021,HAS_OBSERVATION
country::IND,observation::IND::PA.NUS.ATLS::2021,HAS_OBSERVATION
country::IND,observation::IND::NY.TRF.NCTR.CD::2021,HAS_OBSERVATION
country::IND,observation::IND::SE.SEC.ENRR.FE::2021,HAS_OBSERVATION
country::IND,observation::IND::SE.SEC.AGES::2021,HAS_OBSERVATION
country::IND,observation::IND::SE.PRM.UNER.FE.ZS::2021,HAS_OBSERVATION
country::IND,observation::IND::SE.PRM.TCAQ.ZS::2021,HAS_OBSERVATION
country::IND,observation::IND::SE.PRM.CUAT.ZS::2021,HAS_OBSERVATION
country::IND,observation::IND::SE.PRM.CMPT.MA.ZS::2021,HAS_OBSERVATION
country::IND,observation::IND::SE.PRE.TCAQ.MA.ZS::2021,HAS_OBSERVATION
country::IND,observation::IND::SE.PRE.ENRR::2021,HAS_OBSERVATION
country::IND,observation::IND::SE.ENR.TERT.FM.ZS::2021,HAS_OBSERVATION
country::IND,observation::IND::SE.COM.DURS::2021,HAS_OBSERVATION
country::IND,observation::IND::SE.ADT.1524.LT.ZS::2021,HAS_OBSERVATION
country::IND,observation::IND::PA.NUS.PRVT.PP::2021,HAS_OBSERVATION
country::IND,observation::IND::PA.NUS.FCRF::2021,HAS_OBSERVATION
country::IND,observation::IND::NY.TRF.NCTR.CN::2021,HAS_OBSERVATION
country::IND,observation::IND::NY.TAX.NIND.CD::2021,HAS_OBSERVATION
country::IND,observation::IND::NY.GNS.ICTR.ZS::2021,HAS_OBSERVATION
country::IND,observation::IND::NY.GNP.PCAP.CD::2021,HAS_OBSERVATION
country::IND,observation::IND::NY.GNP.MKTP.KD.ZG::2021,HAS_OBSERVATION
country::IND,observation::IND::NY.GNP.MKTP.CD::2021,HAS_OBSERVATION
country::IND,observation::IND::NY.GDS.TOTL.CN::2021,HAS_OBSERVATION
country::IND,observation::IND::NY.GDP.PCAP.PP.KD::2021,HAS_OBSERVATION
country::IND,observation::IND::NY.GDP.PCAP.KD::2021,HAS_OBSERVATION
country::IND,observation::IND::NY.GDP.MKTP.PP.KD::2021,HAS_OBSERVATION
country::IND,observation::IND::NY.GDP.MKTP.KD::2021,HAS_OBSERVATION
country::IND,observation::IND::NY.GDP.MINR.RT.ZS::2021,HAS_OBSERVATION
country::IND,observation::IND::NY.GDP.FCST.CN::2021,HAS_OBSERVATION
country::IND,observation::IND::NY.GDP.DEFL.ZS.AD::2021,HAS_OBSERVATION
country::IND,observation::IND::NY.GDP.COAL.RT.ZS::2021,HAS_OBSERVATION
country::IND,observation::IND::NY.ADJ.SVNG.GN.ZS::2021,HAS_OBSERVATION
country::IND,observation::IND::NY.ADJ.NNTY.PC.CD::2021,HAS_OBSERVATION
country::IND,observation::IND::NY.ADJ.NNAT.GN.ZS::2021,HAS_OBSERVATION
country::IND,observation::IND::NY.ADJ.DPEM.GN.ZS::2021,HAS_OBSERVATION
country::IND,observation::IND::NY.ADJ.DMIN.GN.ZS::2021,HAS_OBSERVATION
country::IND,observation::IND::NY.ADJ.DFOR.GN.ZS::2021,HAS_OBSERVATION
country::IND,observation::IND::NY.ADJ.AEDU.GN.ZS::2021,HAS_OBSERVATION
country::IND,observation::IND::NV.SRV.TOTL.KD.ZG::2021,HAS_OBSERVATION
country::IND,observation::IND::NV.SRV.EMPL.KD::2021,HAS_OBSERVATION
country::IND,observation::IND::NV.MNF.MTRN.ZS.UN::2021,HAS_OBSERVATION
country::IND,observation::IND::NV.IND.TOTL.KN::2021,HAS_OBSERVATION
country::IND,observation::IND::NV.IND.TOTL.CD::2021,HAS_OBSERVATION
country::IND,observation::IND::NV.IND.MANF.KD::2021,HAS_OBSERVATION
country::IND,observation::IND::NV.AGR.TOTL.KD.ZG::2021,HAS_OBSERVATION
country::IND,observation::IND::NV.AGR.EMPL.KD::2021,HAS_OBSERVATION
country::IND,observation::IND::NE.RSB.GNFS.CN::2021,HAS_OBSERVATION
country::IND,observation::IND::NE.IMP.GNFS.KD.ZG::2021,HAS_OBSERVATION
country::IND,observation::IND::NE.GDI.TOTL.ZS::2021,HAS_OBSERVATION
country::IND,observation::IND::NY.GNS.ICTR.CD::2021,HAS_OBSERVATION
country::IND,observation::IND::NY.GNP.PCAP.KD.ZG::2021,HAS_OBSERVATION
country::IND,observation::IND::NY.GNP.MKTP.PP.KD::2021,HAS_OBSERVATION
country::IND,observation::IND::NY.GNP.MKTP.KD::2021,HAS_OBSERVATION
country::IND,observation::IND::NY.GNP.ATLS.CD::2021,HAS_OBSERVATION
country::IND,observation::IND::NY.GDS.TOTL.CD::2021,HAS_OBSERVATION
country::IND,observation::IND::NY.GDP.PCAP.PP.CD::2021,HAS_OBSERVATION
country::IND,observation::IND::NY.GDP.PCAP.CN::2021,HAS_OBSERVATION
country::IND,observation::IND::NY.GDP.MKTP.PP.CD::2021,HAS_OBSERVATION
country::IND,observation::IND::NY.GDP.MKTP.CN.AD::2021,HAS_OBSERVATION
country::IND,observation::IND::NY.GDP.FRST.RT.ZS::2021,HAS_OBSERVATION
country::IND,observation::IND::NY.GDP.FCST.CD::2021,HAS_OBSERVATION
country::IND,observation::IND::NY.GDP.DEFL.ZS::2021,HAS_OBSERVATION
country::IND,observation::IND::NY.EXP.CAPM.KN::2021,HAS_OBSERVATION
country::IND,observation::IND::NY.ADJ.SVNG.CD::2021,HAS_OBSERVATION
country::IND,observation::IND::NY.ADJ.NNTY.KD.ZG::2021,HAS_OBSERVATION
country::IND,observation::IND::NY.ADJ.NNAT.CD::2021,HAS_OBSERVATION
country::IND,observation::IND::NY.ADJ.DPEM.CD::2021,HAS_OBSERVATION
country::IND,observation::IND::NY.ADJ.DMIN.CD::2021,HAS_OBSERVATION
country::IND,observation::IND::NY.ADJ.DFOR.CD::2021,HAS_OBSERVATION
country::IND,observation::IND::NY.ADJ.AEDU.CD::2021,HAS_OBSERVATION
country::IND,observation::IND::NV.SRV.TOTL.KD::2021,HAS_OBSERVATION
country::IND,observation::IND::NV.MNF.TXTL.ZS.UN::2021,HAS_OBSERVATION
country::IND,observation::IND::NV.MNF.FBTO.ZS.UN::2021,HAS_OBSERVATION
country::IND,observation::IND::NV.IND.TOTL.KD.ZG::2021,HAS_OBSERVATION
country::IND,observation::IND::NV.IND.MANF.ZS::2021,HAS_OBSERVATION
country::IND,observation::IND::NV.IND.MANF.CN::2021,HAS_OBSERVATION
country::IND,observation::IND::NV.AGR.TOTL.KD::2021,HAS_OBSERVATION
country::IND,observation::IND::NE.TRD.GNFS.ZS::2021,HAS_OBSERVATION
country::IND,observation::IND::NE.RSB.GNFS.CD::2021,HAS_OBSERVATION
country::IND,observation::IND::NY.GNS.ICTR.GN.ZS::2021,HAS_OBSERVATION
country::IND,observation::IND::NY.GNP.PCAP.PP.CD::2021,HAS_OBSERVATION
country::IND,observation::IND::NY.GNP.PCAP.CN::2021,HAS_OBSERVATION
country::IND,observation::IND::NY.GNP.MKTP.KN::2021,HAS_OBSERVATION
country::IND,observation::IND::NY.GNP.MKTP.CN::2021,HAS_OBSERVATION
country::IND,observation::IND::NY.GDS.TOTL.ZS::2021,HAS_OBSERVATION
country::IND,observation::IND::NY.GDP.PETR.RT.ZS::2021,HAS_OBSERVATION
country::IND,observation::IND::NY.GDP.PCAP.KD.ZG::2021,HAS_OBSERVATION
country::IND,observation::IND::NY.GDP.NGAS.RT.ZS::2021,HAS_OBSERVATION
country::IND,observation::IND::NY.GDP.MKTP.KD.ZG::2021,HAS_OBSERVATION
country::IND,observation::IND::NY.GDP.MKTP.CD::2021,HAS_OBSERVATION
country::IND,observation::IND::NY.GDP.FCST.KD::2021,HAS_OBSERVATION
country::IND,observation::IND::NY.GDP.DISC.CN::2021,HAS_OBSERVATION
country::IND,observation::IND::NY.GDP.DEFL.KD.ZG::2021,HAS_OBSERVATION
country::IND,observation::IND::NY.ADJ.SVNX.CD::2021,HAS_OBSERVATION
country::IND,observation::IND::NY.ADJ.NNTY.PC.KD::2021,HAS_OBSERVATION
country::IND,observation::IND::NY.ADJ.NNTY.CD::2021,HAS_OBSERVATION
country::IND,observation::IND::NY.ADJ.DRES.GN.ZS::2021,HAS_OBSERVATION
country::IND,observation::IND::NY.ADJ.DNGY.CD::2021,HAS_OBSERVATION
country::IND,observation::IND::NY.ADJ.DKAP.CD::2021,HAS_OBSERVATION
country::IND,observation::IND::NY.ADJ.DCO2.CD::2021,HAS_OBSERVATION
country::IND,observation::IND::NV.SRV.TOTL.KN::2021,HAS_OBSERVATION
country::IND,observation::IND::NV.SRV.TOTL.CD::2021,HAS_OBSERVATION
country::IND,observation::IND::NV.MNF.OTHR.ZS.UN::2021,HAS_OBSERVATION
country::IND,observation::IND::NV.IND.TOTL.ZS::2021,HAS_OBSERVATION
country::IND,observation::IND::NV.IND.TOTL.CN::2021,HAS_OBSERVATION
country::IND,observation::IND::NV.IND.MANF.KD.ZG::2021,HAS_OBSERVATION
country::IND,observation::IND::NV.IND.EMPL.KD::2021,HAS_OBSERVATION
country::IND,observation::IND::NV.AGR.TOTL.KN::2021,HAS_OBSERVATION
country::IND,observation::IND::NV.AGR.TOTL.CD::2021,HAS_OBSERVATION
country::IND,observation::IND::NE.RSB.GNFS.KN::2021,HAS_OBSERVATION
country::IND,observation::IND::NE.IMP.GNFS.KN::2021,HAS_OBSERVATION
country::IND,observation::IND::NY.GNP.PCAP.PP.KD::2021,HAS_OBSERVATION
country::IND,observation::IND::NY.GNP.PCAP.KD::2021,HAS_OBSERVATION
country::IND,observation::IND::NY.GNP.MKTP.PP.CD::2021,HAS_OBSERVATION
country::IND,observation::IND::NY.GNP.MKTP.CN.AD::2021,HAS_OBSERVATION
country::IND,observation::IND::NY.GDY.TOTL.KN::2021,HAS_OBSERVATION
country::IND,observation::IND::NY.GDP.TOTL.RT.ZS::2021,HAS_OBSERVATION
country::IND,observation::IND::NY.GDP.PCAP.KN::2021,HAS_OBSERVATION
country::IND,observation::IND::NY.GDP.PCAP.CD::2021,HAS_OBSERVATION
country::IND,observation::IND::NY.GDP.MKTP.KN::2021,HAS_OBSERVATION
country::IND,observation::IND::NY.GDP.MKTP.CN::2021,HAS_OBSERVATION
country::IND,observation::IND::NY.GDP.FCST.KN::2021,HAS_OBSERVATION
country::IND,observation::IND::NY.GDP.DISC.KN::2021,HAS_OBSERVATION
country::IND,observation::IND::NY.GDP.DEFL.KD.ZG.AD::2021,HAS_OBSERVATION
country::IND,observation::IND::NY.ADJ.SVNX.GN.ZS::2021,HAS_OBSERVATION
country::IND,observation::IND::NY.ADJ.NNTY.PC.KD.ZG::2021,HAS_OBSERVATION
country::IND,observation::IND::NY.ADJ.NNTY.KD::2021,HAS_OBSERVATION
country::IND,observation::IND::NY.ADJ.ICTR.GN.ZS::2021,HAS_OBSERVATION
country::IND,observation::IND::NY.ADJ.DNGY.GN.ZS::2021,HAS_OBSERVATION
country::IND,observation::IND::NY.ADJ.DKAP.GN.ZS::2021,HAS_OBSERVATION
country::IND,observation::IND::NY.ADJ.DCO2.GN.ZS::2021,HAS_OBSERVATION
country::IND,observation::IND::NV.SRV.TOTL.ZS::2021,HAS_OBSERVATION
country::IND,observation::IND::NV.SRV.TOTL.CN::2021,HAS_OBSERVATION
country::IND,observation::IND::NV.MNF.TECH.ZS.UN::2021,HAS_OBSERVATION
country::IND,observation::IND::NV.MNF.CHEM.ZS.UN::2021,HAS_OBSERVATION
country::IND,observation::IND::NV.IND.TOTL.KD::2021,HAS_OBSERVATION
country::IND,observation::IND::NV.IND.MANF.KN::2021,HAS_OBSERVATION
country::IND,observation::IND::NV.IND.MANF.CD::2021,HAS_OBSERVATION
country::IND,observation::IND::NV.AGR.TOTL.ZS::2021,HAS_OBSERVATION
country::IND,observation::IND::NE.GDI.TOTL.CN::2021,HAS_OBSERVATION
country::IND,observation::IND::NE.GDI.STKB.CD::2021,HAS_OBSERVATION
country::IND,observation::IND::NE.GDI.FTOT.KD::2021,HAS_OBSERVATION
country::IND,observation::IND::NE.GDI.FPRV.CN::2021,HAS_OBSERVATION
country::IND,observation::IND::NE.EXP.GNFS.KD::2021,HAS_OBSERVATION
country::IND,observation::IND::NE.DAB.TOTL.KN::2021,HAS_OBSERVATION
country::IND,observation::IND::NE.DAB.DEFL.ZS::2021,HAS_OBSERVATION
country::IND,observation::IND::NE.CON.TOTL.KD::2021,HAS_OBSERVATION
country::IND,observation::IND::NE.CON.PRVT.PP.KD::2021,HAS_OBSERVATION
country::IND,observation::IND::NE.CON.PRVT.KN::2021,HAS_OBSERVATION
country::IND,observation::IND::NE.CON.PRVT.CN::2021,HAS_OBSERVATION
country::IND,observation::IND::NE.CON.GOVT.ZS::2021,HAS_OBSERVATION
country::IND,observation::IND::NE.CON.GOVT.CN::2021,HAS_OBSERVATION
country::IND,observation::IND::MS.MIL.XPND.GD.ZS::2021,HAS_OBSERVATION
country::IND,observation::IND::IT.NET.BBND.P2::2021,HAS_OBSERVATION
country::IND,observation::IND::IT.CEL.SETS.P2::2021,HAS_OBSERVATION
country::IND,observation::IND::IS.RRS.TOTL.KM::2021,HAS_OBSERVATION
country::IND,observation::IND::IS.AIR.GOOD.MT.K1::2021,HAS_OBSERVATION
country::IND,observation::IND::IQ.SPI.PIL3::2021,HAS_OBSERVATION
country::IND,observation::IND::NE.IMP.GNFS.KD::2021,HAS_OBSERVATION
country::IND,observation::IND::NE.GDI.TOTL.KN::2021,HAS_OBSERVATION
country::IND,observation::IND::NE.GDI.TOTL.CD::2021,HAS_OBSERVATION
country::IND,observation::IND::NE.GDI.FTOT.ZS::2021,HAS_OBSERVATION
country::IND,observation::IND::NE.GDI.FTOT.CN::2021,HAS_OBSERVATION
country::IND,observation::IND::NE.EXP.GNFS.ZS::2021,HAS_OBSERVATION
country::IND,observation::IND::NE.EXP.GNFS.CN::2021,HAS_OBSERVATION
country::IND,observation::IND::NE.DAB.TOTL.KD::2021,HAS_OBSERVATION
country::IND,observation::IND::NE.CON.TOTL.ZS::2021,HAS_OBSERVATION
country::IND,observation::IND::NE.CON.TOTL.CN::2021,HAS_OBSERVATION
country::IND,observation::IND::NE.CON.PRVT.PP.CD::2021,HAS_OBSERVATION
country::IND,observation::IND::NE.CON.PRVT.KD.ZG::2021,HAS_OBSERVATION
country::IND,observation::IND::NE.CON.PRVT.CD::2021,HAS_OBSERVATION
country::IND,observation::IND::NE.CON.GOVT.KN::2021,HAS_OBSERVATION
country::IND,observation::IND::NE.CON.GOVT.CD::2021,HAS_OBSERVATION
country::IND,observation::IND::MS.MIL.XPND.CN::2021,HAS_OBSERVATION
country::IND,observation::IND::MS.MIL.MPRT.KD::2021,HAS_OBSERVATION
country::IND,observation::IND::IT.NET.BBND::2021,HAS_OBSERVATION
country::IND,observation::IND::IT.CEL.SETS::2021,HAS_OBSERVATION
country::IND,observation::IND::IS.RRS.PASG.KM::2021,HAS_OBSERVATION
country::IND,observation::IND::IS.AIR.DPRT::2021,HAS_OBSERVATION
country::IND,observation::IND::IQ.SPI.PIL2::2021,HAS_OBSERVATION
country::IND,observation::IND::NE.IMP.GNFS.CD::2021,HAS_OBSERVATION
country::IND,observation::IND::NE.GDI.TOTL.KD::2021,HAS_OBSERVATION
country::IND,observation::IND::NE.GDI.STKB.CN::2021,HAS_OBSERVATION
country::IND,observation::IND::NE.GDI.FTOT.KD.ZG::2021,HAS_OBSERVATION
country::IND,observation::IND::NE.GDI.FPRV.ZS::2021,HAS_OBSERVATION
country::IND,observation::IND::NE.EXP.GNFS.KD.ZG::2021,HAS_OBSERVATION
country::IND,observation::IND::NE.DAB.TOTL.ZS::2021,HAS_OBSERVATION
country::IND,observation::IND::NE.DAB.TOTL.CD::2021,HAS_OBSERVATION
country::IND,observation::IND::NE.CON.TOTL.KD.ZG::2021,HAS_OBSERVATION
country::IND,observation::IND::NE.CON.PRVT.ZS::2021,HAS_OBSERVATION
country::IND,observation::IND::NE.CON.PRVT.PC.KD::2021,HAS_OBSERVATION
country::IND,observation::IND::NE.CON.PRVT.CN.AD::2021,HAS_OBSERVATION
country::IND,observation::IND::NE.CON.PCAP.PP.CD::2021,HAS_OBSERVATION
country::IND,observation::IND::NE.CON.GOVT.KD::2021,HAS_OBSERVATION
country::IND,observation::IND::MS.MIL.XPND.ZS::2021,HAS_OBSERVATION
country::IND,observation::IND::IT.NET.USER.ZS::2021,HAS_OBSERVATION
country::IND,observation::IND::IT.NET.SECR::2021,HAS_OBSERVATION
country::IND,observation::IND::IT.MLT.MAIN::2021,HAS_OBSERVATION
country::IND,observation::IND::IS.SHP.GCNW.XQ::2021,HAS_OBSERVATION
country::IND,observation::IND::IS.AIR.PSGR::2021,HAS_OBSERVATION
country::IND,observation::IND::IQ.SPI.PIL4::2021,HAS_OBSERVATION
country::IND,observation::IND::IQ.SPI.OVRL::2021,HAS_OBSERVATION
country::IND,observation::IND::NV.AGR.TOTL.CN::2021,HAS_OBSERVATION
country::IND,observation::IND::NE.RSB.GNFS.ZS::2021,HAS_OBSERVATION
country::IND,observation::IND::NE.IMP.GNFS.ZS::2021,HAS_OBSERVATION
country::IND,observation::IND::NE.IMP.GNFS.CN::2021,HAS_OBSERVATION
country::IND,observation::IND::NE.GDI.TOTL.KD.ZG::2021,HAS_OBSERVATION
country::IND,observation::IND::NE.GDI.STKB.KN::2021,HAS_OBSERVATION
country::IND,observation::IND::NE.GDI.FTOT.KN::2021,HAS_OBSERVATION
country::IND,observation::IND::NE.GDI.FTOT.CD::2021,HAS_OBSERVATION
country::IND,observation::IND::NE.EXP.GNFS.KN::2021,HAS_OBSERVATION
country::IND,observation::IND::NE.EXP.GNFS.CD::2021,HAS_OBSERVATION
country::IND,observation::IND::NE.DAB.TOTL.CN::2021,HAS_OBSERVATION
country::IND,observation::IND::NE.CON.TOTL.KN::2021,HAS_OBSERVATION
country::IND,observation::IND::NE.CON.TOTL.CD::2021,HAS_OBSERVATION
country::IND,observation::IND::NE.CON.PRVT.PC.KD.ZG::2021,HAS_OBSERVATION
country::IND,observation::IND::NE.CON.PRVT.KD::2021,HAS_OBSERVATION
country::IND,observation::IND::NE.CON.PCAP.PP.KD::2021,HAS_OBSERVATION
country::IND,observation::IND::NE.CON.GOVT.KD.ZG::2021,HAS_OBSERVATION
country::IND,observation::IND::MS.MIL.XPRT.KD::2021,HAS_OBSERVATION
country::IND,observation::IND::MS.MIL.XPND.CD::2021,HAS_OBSERVATION
country::IND,observation::IND::IT.NET.SECR.P6::2021,HAS_OBSERVATION
country::IND,observation::IND::IT.MLT.MAIN.P2::2021,HAS_OBSERVATION
country::IND,observation::IND::IS.SHP.GOOD.TU::2021,HAS_OBSERVATION
country::IND,observation::IND::IS.RRS.GOOD.MT.K6::2021,HAS_OBSERVATION
country::IND,observation::IND::IQ.SPI.PIL5::2021,HAS_OBSERVATION
country::IND,observation::IND::IQ.SPI.PIL1::2021,HAS_OBSERVATION
country::IND,observation::IND::VC.IHR.PSRC.P5::2021,HAS_OBSERVATION
country::IND,observation::IND::VC.IDP.NWCV::2021,HAS_OBSERVATION
country::IND,observation::IND::TX.VAL.TECH.MF.ZS::2021,HAS_OBSERVATION
country::IND,observation::IND::TX.VAL.MRCH.XD.WD::2021,HAS_OBSERVATION
country::IND,observation::IND::TX.VAL.MRCH.R6.ZS::2021,HAS_OBSERVATION
country::IND,observation::IND::TX.VAL.MRCH.R2.ZS::2021,HAS_OBSERVATION
country::IND,observation::IND::TX.VAL.MRCH.CD.WT::2021,HAS_OBSERVATION
country::IND,observation::IND::TX.VAL.INSF.ZS.WT::2021,HAS_OBSERVATION
country::IND,observation::IND::TX.VAL.AGRI.ZS.UN::2021,HAS_OBSERVATION
country::IND,observation::IND::TT.PRI.MRCH.XD.WD::2021,HAS_OBSERVATION
country::IND,observation::IND::TM.VAL.OTHR.ZS.WT::2021,HAS_OBSERVATION
country::IND,observation::IND::TM.VAL.MRCH.RS.ZS::2021,HAS_OBSERVATION
country::IND,observation::IND::TM.VAL.MRCH.R3.ZS::2021,HAS_OBSERVATION
country::IND,observation::IND::TM.VAL.MRCH.HI.ZS::2021,HAS_OBSERVATION
country::IND,observation::IND::TM.VAL.MANF.ZS.UN::2021,HAS_OBSERVATION
country::IND,observation::IND::TM.VAL.FOOD.ZS.UN::2021,HAS_OBSERVATION
country::IND,observation::IND::TM.TAX.TCOM.WM.AR.ZS::2021,HAS_OBSERVATION
country::IND,observation::IND::TM.TAX.TCOM.BC.ZS::2021,HAS_OBSERVATION
country::IND,observation::IND::TM.TAX.MRCH.SM.AR.ZS::2021,HAS_OBSERVATION
country::IND,observation::IND::TM.TAX.MANF.WM.AR.ZS::2021,HAS_OBSERVATION
country::IND,observation::IND::TM.TAX.MANF.BC.ZS::2021,HAS_OBSERVATION
country::IND,observation::IND::SP.URB.GROW::2021,HAS_OBSERVATION
country::IND,observation::IND::SP.REG.BRTH.MA.ZS::2021,HAS_OBSERVATION
country::IND,observation::IND::SP.POP.TOTL.FE.ZS::2021,HAS_OBSERVATION
country::IND,observation::IND::SP.POP.DPND::2021,HAS_OBSERVATION
country::IND,observation::IND::SP.POP.7579.MA.5Y::2021,HAS_OBSERVATION
country::IND,observation::IND::SP.POP.65UP.TO.ZS::2021,HAS_OBSERVATION
country::IND,observation::IND::SP.POP.65UP.FE.ZS::2021,HAS_OBSERVATION
country::IND,observation::IND::SP.POP.6064.MA.5Y::2021,HAS_OBSERVATION
country::IND,observation::IND::SP.POP.5054.MA.5Y::2021,HAS_OBSERVATION
country::IND,observation::IND::SP.POP.4044.MA.5Y::2021,HAS_OBSERVATION
country::IND,observation::IND::SP.POP.3034.MA.5Y::2021,HAS_OBSERVATION
country::IND,observation::IND::SP.POP.2024.MA.5Y::2021,HAS_OBSERVATION
country::IND,observation::IND::SP.POP.1564.MA.ZS::2021,HAS_OBSERVATION
country::IND,observation::IND::SP.POP.1519.MA.5Y::2021,HAS_OBSERVATION
country::IND,observation::IND::SP.POP.0509.MA.5Y::2021,HAS_OBSERVATION
country::IND,observation::IND::SP.POP.0014.MA.ZS::2021,HAS_OBSERVATION
country::IND,observation::IND::SP.POP.0004.MA.5Y::2021,HAS_OBSERVATION
country::IND,observation::IND::SP.M15.2024.FE.ZS::2021,HAS_OBSERVATION
country::IND,observation::IND::SP.DYN.TO65.FE.ZS::2021,HAS_OBSERVATION
country::IND,observation::IND::SP.DYN.LE00.FE.IN::2021,HAS_OBSERVATION
country::IND,observation::IND::SP.DYN.CONU.ZS::2021,HAS_OBSERVATION
country::IND,observation::IND::SP.DYN.AMRT.MA::2021,HAS_OBSERVATION
country::IND,observation::IND::DT.NFL.WHOL.CD::2021,HAS_OBSERVATION
country::IND,observation::IND::DT.NFL.UNDP.CD::2021,HAS_OBSERVATION
country::IND,observation::IND::DT.NFL.UNCF.CD::2021,HAS_OBSERVATION
country::IND,observation::IND::DT.NFL.PROP.CD::2021,HAS_OBSERVATION
country::IND,observation::IND::DT.NFL.PCBK.CD::2021,HAS_OBSERVATION
country::IND,observation::IND::DT.NFL.MOTH.CD::2021,HAS_OBSERVATION
country::IND,observation::IND::DT.NFL.BOND.CD::2021,HAS_OBSERVATION
country::IND,observation::IND::VC.IHR.PSRC.MA.P5::2021,HAS_OBSERVATION
country::IND,observation::IND::VC.BTL.DETH::2021,HAS_OBSERVATION
country::IND,observation::IND::TX.VAL.TECH.CD::2021,HAS_OBSERVATION
country::IND,observation::IND::TX.VAL.MRCH.WR.ZS::2021,HAS_OBSERVATION
country::IND,observation::IND::TX.VAL.MRCH.R5.ZS::2021,HAS_OBSERVATION
country::IND,observation::IND::TX.VAL.MRCH.R1.ZS::2021,HAS_OBSERVATION
country::IND,observation::IND::TX.VAL.MRCH.AL.ZS::2021,HAS_OBSERVATION
country::IND,observation::IND::TX.VAL.ICTG.ZS.UN::2021,HAS_OBSERVATION
country::IND,observation::IND::TX.UVI.MRCH.XD.WD::2021,HAS_OBSERVATION
country::IND,observation::IND::TM.VAL.TRVL.ZS.WT::2021,HAS_OBSERVATION
country::IND,observation::IND::TM.VAL.MRCH.XD.WD::2021,HAS_OBSERVATION
country::IND,observation::IND::TM.VAL.MRCH.R6.ZS::2021,HAS_OBSERVATION
country::IND,observation::IND::TM.VAL.MRCH.R2.ZS::2021,HAS_OBSERVATION
country::IND,observation::IND::TM.VAL.MRCH.CD.WT::2021,HAS_OBSERVATION
country::IND,observation::IND::TM.VAL.INSF.ZS.WT::2021,HAS_OBSERVATION
country::IND,observation::IND::TM.VAL.AGRI.ZS.UN::2021,HAS_OBSERVATION
country::IND,observation::IND::TM.TAX.TCOM.SM.FN.ZS::2021,HAS_OBSERVATION
country::IND,observation::IND::TM.TAX.MRCH.WM.FN.ZS::2021,HAS_OBSERVATION
country::IND,observation::IND::TM.TAX.MRCH.BR.ZS::2021,HAS_OBSERVATION
country::IND,observation::IND::TM.TAX.MANF.SM.FN.ZS::2021,HAS_OBSERVATION
country::IND,observation::IND::TM.QTY.MRCH.XD.WD::2021,HAS_OBSERVATION
country::IND,observation::IND::SP.UWT.TFRT::2021,HAS_OBSERVATION
country::IND,observation::IND::SP.RUR.TOTL.ZS::2021,HAS_OBSERVATION
country::IND,observation::IND::SP.REG.BRTH.ZS::2021,HAS_OBSERVATION
country::IND,observation::IND::SP.REG.BRTH.FE.ZS::2021,HAS_OBSERVATION
country::IND,observation::IND::SP.POP.TOTL.FE.IN::2021,HAS_OBSERVATION
country::IND,observation::IND::SP.POP.GROW::2021,HAS_OBSERVATION
country::IND,observation::IND::SP.POP.BRTH.MF::2021,HAS_OBSERVATION
country::IND,observation::IND::SP.POP.7579.FE.5Y::2021,HAS_OBSERVATION
country::IND,observation::IND::SP.POP.65UP.TO::2021,HAS_OBSERVATION
country::IND,observation::IND::SP.POP.65UP.FE.IN::2021,HAS_OBSERVATION
country::IND,observation::IND::SP.POP.6064.FE.5Y::2021,HAS_OBSERVATION
country::IND,observation::IND::SP.POP.5054.FE.5Y::2021,HAS_OBSERVATION
country::IND,observation::IND::SP.POP.4044.FE.5Y::2021,HAS_OBSERVATION
country::IND,observation::IND::SP.POP.3034.FE.5Y::2021,HAS_OBSERVATION
country::IND,observation::IND::SP.POP.2024.FE.5Y::2021,HAS_OBSERVATION
country::IND,observation::IND::SP.POP.1564.MA.IN::2021,HAS_OBSERVATION
country::IND,observation::IND::SP.POP.1519.FE.5Y::2021,HAS_OBSERVATION
country::IND,observation::IND::SP.POP.0509.FE.5Y::2021,HAS_OBSERVATION
country::IND,observation::IND::SP.POP.0014.MA.IN::2021,HAS_OBSERVATION
country::IND,observation::IND::SP.POP.0004.FE.5Y::2021,HAS_OBSERVATION
country::IND,observation::IND::SP.HOU.FEMA.ZS::2021,HAS_OBSERVATION
country::IND,observation::IND::SP.DYN.TFRT.IN::2021,HAS_OBSERVATION
country::IND,observation::IND::SP.DYN.IMRT.MA.IN::2021,HAS_OBSERVATION
country::IND,observation::IND::SP.DYN.CONM.ZS::2021,HAS_OBSERVATION
country::IND,observation::IND::SP.DYN.AMRT.FE::2021,HAS_OBSERVATION
country::IND,observation::IND::SM.POP.RHCR.EA::2021,HAS_OBSERVATION
country::IND,observation::IND::SM.POP.IDPC::2021,HAS_OBSERVATION
country::IND,observation::IND::SL.UEM.TOTL.NE.ZS::2021,HAS_OBSERVATION
country::IND,observation::IND::DT.NFL.WFPG.CD::2021,HAS_OBSERVATION
country::IND,observation::IND::DT.NFL.UNFP.CD::2021,HAS_OBSERVATION
country::IND,observation::IND::DT.NFL.RDBN.CD::2021,HAS_OBSERVATION
country::IND,observation::IND::DT.NFL.PNGC.CD::2021,HAS_OBSERVATION
country::IND,observation::IND::DT.NFL.PBND.CD::2021,HAS_OBSERVATION
country::IND,observation::IND::DT.NFL.MLAT.CD::2021,HAS_OBSERVATION
country::IND,observation::IND::DT.NFL.IMFC.CD::2021,HAS_OBSERVATION
country::IND,observation::IND::DT.NFL.FAOG.CD::2021,HAS_OBSERVATION
country::IND,observation::IND::DT.NFL.BLAT.CD::2021,HAS_OBSERVATION
country::IND,observation::IND::DT.DOD.MWBG.CD::2021,HAS_OBSERVATION
country::IND,observation::IND::DT.DOD.DSTC.XP.ZS::2021,HAS_OBSERVATION
country::IND,observation::IND::DT.DOD.DPNG.CD::2021,HAS_OBSERVATION
country::IND,observation::IND::DT.DOD.DECT.CD::2021,HAS_OBSERVATION
country::IND,observation::IND::VC.IDP.NWDS::2021,HAS_OBSERVATION
country::IND,observation::IND::TX.VAL.TRAN.ZS.WT::2021,HAS_OBSERVATION
country::IND,observation::IND::TX.VAL.OTHR.ZS.WT::2021,HAS_OBSERVATION
country::IND,observation::IND::TX.VAL.MRCH.RS.ZS::2021,HAS_OBSERVATION
country::IND,observation::IND::TX.VAL.MRCH.R3.ZS::2021,HAS_OBSERVATION
country::IND,observation::IND::TX.VAL.MRCH.HI.ZS::2021,HAS_OBSERVATION
country::IND,observation::IND::TX.VAL.MANF.ZS.UN::2021,HAS_OBSERVATION
country::IND,observation::IND::TX.VAL.FOOD.ZS.UN::2021,HAS_OBSERVATION
country::IND,observation::IND::TX.MNF.TECH.ZS.UN::2021,HAS_OBSERVATION
country::IND,observation::IND::TM.VAL.SERV.CD.WT::2021,HAS_OBSERVATION
country::IND,observation::IND::TM.VAL.MRCH.WL.CD::2021,HAS_OBSERVATION
country::IND,observation::IND::TM.VAL.MRCH.R4.ZS::2021,HAS_OBSERVATION
country::IND,observation::IND::TM.VAL.MRCH.OR.ZS::2021,HAS_OBSERVATION
country::IND,observation::IND::TM.VAL.MMTL.ZS.UN::2021,HAS_OBSERVATION
country::IND,observation::IND::TM.VAL.FUEL.ZS.UN::2021,HAS_OBSERVATION
country::IND,observation::IND::TM.TAX.TCOM.WM.FN.ZS::2021,HAS_OBSERVATION
country::IND,observation::IND::TM.TAX.TCOM.BR.ZS::2021,HAS_OBSERVATION
country::IND,observation::IND::TM.TAX.MRCH.SM.FN.ZS::2021,HAS_OBSERVATION
country::IND,observation::IND::TM.TAX.MANF.WM.FN.ZS::2021,HAS_OBSERVATION
country::IND,observation::IND::TM.TAX.MANF.BR.ZS::2021,HAS_OBSERVATION
country::IND,observation::IND::SP.URB.TOTL::2021,HAS_OBSERVATION
country::IND,observation::IND::SP.RUR.TOTL::2021,HAS_OBSERVATION
country::IND,observation::IND::SP.REG.BRTH.RU.ZS::2021,HAS_OBSERVATION
country::IND,observation::IND::SP.POP.TOTL.MA.IN::2021,HAS_OBSERVATION
country::IND,observation::IND::SP.POP.DPND.OL::2021,HAS_OBSERVATION
country::IND,observation::IND::SP.POP.80UP.FE.5Y::2021,HAS_OBSERVATION
country::IND,observation::IND::SP.POP.7074.FE.5Y::2021,HAS_OBSERVATION
country::IND,observation::IND::SP.POP.65UP.MA.IN::2021,HAS_OBSERVATION
country::IND,observation::IND::SP.POP.6569.FE.5Y::2021,HAS_OBSERVATION
country::IND,observation::IND::SP.POP.5559.FE.5Y::2021,HAS_OBSERVATION
country::IND,observation::IND::SP.POP.4549.FE.5Y::2021,HAS_OBSERVATION
country::IND,observation::IND::SP.POP.3539.FE.5Y::2021,HAS_OBSERVATION
country::IND,observation::IND::SP.POP.2529.FE.5Y::2021,HAS_OBSERVATION
country::IND,observation::IND::SP.POP.1564.TO::2021,HAS_OBSERVATION
country::IND,observation::IND::SP.POP.1564.FE.IN::2021,HAS_OBSERVATION
country::IND,observation::IND::SP.POP.1014.FE.5Y::2021,HAS_OBSERVATION
country::IND,observation::IND::SP.POP.0014.TO::2021,HAS_OBSERVATION
country::IND,observation::IND::SP.POP.0014.FE.IN::2021,HAS_OBSERVATION
country::IND,observation::IND::SP.M18.2024.FE.ZS::2021,HAS_OBSERVATION
country::IND,observation::IND::SP.DYN.TO65.MA.ZS::2021,HAS_OBSERVATION
country::IND,observation::IND::SP.DYN.LE00.IN::2021,HAS_OBSERVATION
country::IND,observation::IND::SP.DYN.IMRT.FE.IN::2021,HAS_OBSERVATION
country::IND,observation::IND::SP.DYN.CBRT.IN::2021,HAS_OBSERVATION
country::IND,observation::IND::SN.ITK.DEFC.ZS::2021,HAS_OBSERVATION
country::IND,observation::IND::DT.NFL.UNWN.CD::2021,HAS_OBSERVATION
country::IND,observation::IND::DT.NFL.UNIDO.CD::2021,HAS_OBSERVATION
country::IND,observation::IND::DT.NFL.UNCR.CD::2021,HAS_OBSERVATION
country::IND,observation::IND::DT.NFL.SPRP.CD::2021,HAS_OBSERVATION
country::IND,observation::IND::DT.NFL.PRVT.CD::2021,HAS_OBSERVATION
country::IND,observation::IND::DT.NFL.PCBO.CD::2021,HAS_OBSERVATION
country::IND,observation::IND::DT.NFL.NIFC.CD::2021,HAS_OBSERVATION
country::IND,observation::IND::DT.NFL.MIBR.CD::2021,HAS_OBSERVATION
country::IND,observation::IND::VC.IHR.PSRC.FE.P5::2021,HAS_OBSERVATION
country::IND,observation::IND::TX.VAL.TRVL.ZS.WT::2021,HAS_OBSERVATION
country::IND,observation::IND::TX.VAL.SERV.CD.WT::2021,HAS_OBSERVATION
country::IND,observation::IND::TX.VAL.MRCH.WL.CD::2021,HAS_OBSERVATION
country::IND,observation::IND::TX.VAL.MRCH.R4.ZS::2021,HAS_OBSERVATION
country::IND,observation::IND::TX.VAL.MRCH.OR.ZS::2021,HAS_OBSERVATION
country::IND,observation::IND::TX.VAL.MMTL.ZS.UN::2021,HAS_OBSERVATION
country::IND,observation::IND::TX.VAL.FUEL.ZS.UN::2021,HAS_OBSERVATION
country::IND,observation::IND::TX.QTY.MRCH.XD.WD::2021,HAS_OBSERVATION
country::IND,observation::IND::TM.VAL.TRAN.ZS.WT::2021,HAS_OBSERVATION
country::IND,observation::IND::TM.VAL.MRCH.WR.ZS::2021,HAS_OBSERVATION
country::IND,observation::IND::TM.VAL.MRCH.R5.ZS::2021,HAS_OBSERVATION
country::IND,observation::IND::TM.VAL.MRCH.R1.ZS::2021,HAS_OBSERVATION
country::IND,observation::IND::TM.VAL.MRCH.AL.ZS::2021,HAS_OBSERVATION
country::IND,observation::IND::TM.VAL.ICTG.ZS.UN::2021,HAS_OBSERVATION
country::IND,observation::IND::TM.UVI.MRCH.XD.WD::2021,HAS_OBSERVATION
country::IND,observation::IND::TM.TAX.TCOM.SM.AR.ZS::2021,HAS_OBSERVATION
country::IND,observation::IND::TM.TAX.MRCH.WM.AR.ZS::2021,HAS_OBSERVATION
country::IND,observation::IND::TM.TAX.MRCH.BC.ZS::2021,HAS_OBSERVATION
country::IND,observation::IND::TM.TAX.MANF.SM.AR.ZS::2021,HAS_OBSERVATION
country::IND,observation::IND::TG.VAL.TOTL.GD.ZS::2021,HAS_OBSERVATION
country::IND,observation::IND::SP.URB.TOTL.IN.ZS::2021,HAS_OBSERVATION
country::IND,observation::IND::SP.RUR.TOTL.ZG::2021,HAS_OBSERVATION
country::IND,observation::IND::SP.REG.BRTH.UR.ZS::2021,HAS_OBSERVATION
country::IND,observation::IND::SP.POP.TOTL.MA.ZS::2021,HAS_OBSERVATION
country::IND,observation::IND::SP.POP.TOTL::2021,HAS_OBSERVATION
country::IND,observation::IND::SP.POP.DPND.YG::2021,HAS_OBSERVATION
country::IND,observation::IND::SP.POP.80UP.MA.5Y::2021,HAS_OBSERVATION
country::IND,observation::IND::SP.POP.7074.MA.5Y::2021,HAS_OBSERVATION
country::IND,observation::IND::SP.POP.65UP.MA.ZS::2021,HAS_OBSERVATION
country::IND,observation::IND::SP.POP.6569.MA.5Y::2021,HAS_OBSERVATION
country::IND,observation::IND::SP.POP.5559.MA.5Y::2021,HAS_OBSERVATION
country::IND,observation::IND::SP.POP.4549.MA.5Y::2021,HAS_OBSERVATION
country::IND,observation::IND::SP.POP.3539.MA.5Y::2021,HAS_OBSERVATION
country::IND,observation::IND::SP.POP.2529.MA.5Y::2021,HAS_OBSERVATION
country::IND,observation::IND::SP.POP.1564.TO.ZS::2021,HAS_OBSERVATION
country::IND,observation::IND::SP.POP.1564.FE.ZS::2021,HAS_OBSERVATION
country::IND,observation::IND::SP.POP.1014.MA.5Y::2021,HAS_OBSERVATION
country::IND,observation::IND::SP.POP.0014.TO.ZS::2021,HAS_OBSERVATION
country::IND,observation::IND::SP.POP.0014.FE.ZS::2021,HAS_OBSERVATION
country::IND,observation::IND::SP.MTR.1519.ZS::2021,HAS_OBSERVATION
country::IND,observation::IND::SP.DYN.WFRT::2021,HAS_OBSERVATION
country::IND,observation::IND::SP.DYN.LE00.MA.IN::2021,HAS_OBSERVATION
country::IND,observation::IND::SP.DYN.IMRT.IN::2021,HAS_OBSERVATION
country::IND,observation::IND::SP.DYN.CDRT.IN::2021,HAS_OBSERVATION
country::IND,observation::IND::SP.ADO.TFRT::2021,HAS_OBSERVATION
country::IND,observation::IND::SM.POP.FDIP::2021,HAS_OBSERVATION
country::IND,observation::IND::DT.ODA.ALLD.CD::2021,HAS_OBSERVATION
country::IND,observation::IND::DT.NFL.PNGB.CD::2021,HAS_OBSERVATION
country::IND,observation::IND::DT.NFL.OFFT.CD::2021,HAS_OBSERVATION
country::IND,observation::IND::DT.NFL.MIDA.CD::2021,HAS_OBSERVATION
country::IND,observation::IND::DT.NFL.ILOG.CD::2021,HAS_OBSERVATION
country::IND,observation::IND::DT.NFL.DPNG.CD::2021,HAS_OBSERVATION
country::IND,observation::IND::IP.PAT.NRES::2021,HAS_OBSERVATION
country::IND,observation::IND::IE.PPN.WATR.CD::2021,HAS_OBSERVATION
country::IND,observation::IND::IE.PPI.WATR.CD::2021,HAS_OBSERVATION
country::IND,observation::IND::IC.BUS.NDNS.ZS::2021,HAS_OBSERVATION
country::IND,observation::IND::GF.XPD.BUDG.ZS::2021,HAS_OBSERVATION
country::IND,observation::IND::FX.OWN.TOTL.SO.ZS::2021,HAS_OBSERVATION
country::IND,observation::IND::FX.OWN.TOTL.FE.ZS::2021,HAS_OBSERVATION
country::IND,observation::IND::FR.INR.RINR::2021,HAS_OBSERVATION
country::IND,observation::IND::FP.WPI.TOTL::2021,HAS_OBSERVATION
country::IND,observation::IND::FM.LBL.BMNY.IR.ZS::2021,HAS_OBSERVATION
country::IND,observation::IND::FM.AST.PRVT.GD.ZS::2021,HAS_OBSERVATION
country::IND,observation::IND::IP.TMK.RSCT::2021,HAS_OBSERVATION
country::IND,observation::IND::IP.JRN.ARTC.SC::2021,HAS_OBSERVATION
country::IND,observation::IND::IE.PPN.TRAN.CD::2021,HAS_OBSERVATION
country::IND,observation::IND::IE.PPI.TRAN.CD::2021,HAS_OBSERVATION
country::IND,observation::IND::FX.OWN.TOTL.PL.ZS::2021,HAS_OBSERVATION
country::IND,observation::IND::FX.OWN.TOTL.60.ZS::2021,HAS_OBSERVATION
country::IND,observation::IND::FP.CPI.TOTL.ZG::2021,HAS_OBSERVATION
country::IND,observation::IND::FM.LBL.BMNY.GD.ZS::2021,HAS_OBSERVATION
country::IND,observation::IND::FM.AST.NFRG.CN::2021,HAS_OBSERVATION
country::IND,observation::IND::IP.PAT.RESD::2021,HAS_OBSERVATION
country::IND,observation::IND::IP.IDS.NRCT::2021,HAS_OBSERVATION
country::IND,observation::IND::IE.PPN.ENGY.CD::2021,HAS_OBSERVATION
country::IND,observation::IND::IE.PPI.ENGY.CD::2021,HAS_OBSERVATION
country::IND,observation::IND::IC.BUS.NREG::2021,HAS_OBSERVATION
country::IND,observation::IND::FX.OWN.TOTL.YG.ZS::2021,HAS_OBSERVATION
country::IND,observation::IND::FX.OWN.TOTL.MA.ZS::2021,HAS_OBSERVATION
country::IND,observation::IND::FS.AST.PRVT.GD.ZS::2021,HAS_OBSERVATION
country::IND,observation::IND::IP.TMK.NRCT::2021,HAS_OBSERVATION
country::IND,observation::IND::IP.IDS.RSCT::2021,HAS_OBSERVATION
country::IND,observation::IND::FX.OWN.TOTL.ZS::2021,HAS_OBSERVATION
country::IND,observation::IND::FX.OWN.TOTL.OL.ZS::2021,HAS_OBSERVATION
country::IND,observation::IND::FX.OWN.TOTL.40.ZS::2021,HAS_OBSERVATION
country::IND,observation::IND::FS.AST.CGOV.GD.ZS::2021,HAS_OBSERVATION
country::IND,observation::IND::FM.AST.CGOV.ZG.M3::2021,HAS_OBSERVATION
country::IND,observation::IND::FI.RES.TOTL.CD::2021,HAS_OBSERVATION
country::IND,observation::IND::FB.AST.NPER.ZS::2021,HAS_OBSERVATION
country::IND,observation::IND::ER.H2O.INTR.PC::2021,HAS_OBSERVATION
country::IND,observation::IND::ER.H2O.FWST.ZS::2021,HAS_OBSERVATION
country::IND,observation::IND::ER.GDP.FWTL.M3.KD::2021,HAS_OBSERVATION
country::IND,observation::IND::EN.URB.MCTY.TL.ZS::2021,HAS_OBSERVATION
country::IND,observation::IND::EN.POP.DNST::2021,HAS_OBSERVATION
country::IND,observation::IND::EN.GHG.N2O.ZG.AR5::2021,HAS_OBSERVATION
country::IND,observation::IND::EN.GHG.N2O.MT.CE.AR5::2021,HAS_OBSERVATION
country::IND,observation::IND::EN.GHG.N2O.BU.MT.CE.AR5::2021,HAS_OBSERVATION
country::IND,observation::IND::EN.GHG.CO2.PI.MT.CE.AR5::2021,HAS_OBSERVATION
country::IND,observation::IND::EN.GHG.CO2.LU.OL.MT.CE.AR5::2021,HAS_OBSERVATION
country::IND,observation::IND::EN.GHG.CO2.IP.MT.CE.AR5::2021,HAS_OBSERVATION
country::IND,observation::IND::EN.GHG.CO2.AG.MT.CE.AR5::2021,HAS_OBSERVATION
country::IND,observation::IND::EN.GHG.CH4.PI.MT.CE.AR5::2021,HAS_OBSERVATION
country::IND,observation::IND::EN.GHG.CH4.FE.MT.CE.AR5::2021,HAS_OBSERVATION
country::IND,observation::IND::EN.GHG.ALL.MT.CE.AR5::2021,HAS_OBSERVATION
country::IND,observation::IND::EG.USE.ELEC.KH.PC::2021,HAS_OBSERVATION
country::IND,observation::IND::EG.USE.COMM.CL.ZS::2021,HAS_OBSERVATION
country::IND,observation::IND::EG.FEC.RNEW.ZS::2021,HAS_OBSERVATION
country::IND,observation::IND::EG.ELC.PETR.ZS::2021,HAS_OBSERVATION
country::IND,observation::IND::EG.ELC.HYRO.ZS::2021,HAS_OBSERVATION
country::IND,observation::IND::EG.ELC.ACCS.UR.ZS::2021,HAS_OBSERVATION
country::IND,observation::IND::EG.CFT.ACCS.UR.ZS::2021,HAS_OBSERVATION
country::IND,observation::IND::DT.TDS.DPPG.XP.ZS::2021,HAS_OBSERVATION
country::IND,observation::IND::DT.TDS.DIMF.CD::2021,HAS_OBSERVATION
country::IND,observation::IND::DT.ODA.ODAT.GN.ZS::2021,HAS_OBSERVATION
country::IND,observation::IND::FI.RES.XGLD.CD::2021,HAS_OBSERVATION
country::IND,observation::IND::FD.RES.LIQU.AS.ZS::2021,HAS_OBSERVATION
country::IND,observation::IND::FB.CBK.BRCH.P5::2021,HAS_OBSERVATION
country::IND,observation::IND::ER.PTD.TOTL.ZS::2021,HAS_OBSERVATION
country::IND,observation::IND::ER.H2O.INTR.K3::2021,HAS_OBSERVATION
country::IND,observation::IND::ER.H2O.FWIN.ZS::2021,HAS_OBSERVATION
country::IND,observation::IND::ER.FSH.PROD.MT::2021,HAS_OBSERVATION
country::IND,observation::IND::EN.URB.MCTY::2021,HAS_OBSERVATION
country::IND,observation::IND::EN.GHG.N2O.WA.MT.CE.AR5::2021,HAS_OBSERVATION
country::IND,observation::IND::EN.GHG.N2O.IP.MT.CE.AR5::2021,HAS_OBSERVATION
country::IND,observation::IND::EN.GHG.N2O.AG.MT.CE.AR5::2021,HAS_OBSERVATION
country::IND,observation::IND::EN.GHG.CO2.TR.MT.CE.AR5::2021,HAS_OBSERVATION
country::IND,observation::IND::EN.GHG.CO2.PC.CE.AR5::2021,HAS_OBSERVATION
country::IND,observation::IND::EN.GHG.CO2.LU.MT.CE.AR5::2021,HAS_OBSERVATION
country::IND,observation::IND::EN.GHG.CO2.IC.MT.CE.AR5::2021,HAS_OBSERVATION
country::IND,observation::IND::EN.GHG.CH4.ZG.AR5::2021,HAS_OBSERVATION
country::IND,observation::IND::EN.GHG.CH4.MT.CE.AR5::2021,HAS_OBSERVATION
country::IND,observation::IND::EN.GHG.CH4.BU.MT.CE.AR5::2021,HAS_OBSERVATION
country::IND,observation::IND::EN.GHG.ALL.LU.MT.CE.AR5::2021,HAS_OBSERVATION
country::IND,observation::IND::EG.USE.CRNW.ZS::2021,HAS_OBSERVATION
country::IND,observation::IND::EG.IMP.CONS.ZS::2021,HAS_OBSERVATION
country::IND,observation::IND::EG.ELC.RNWX.ZS::2021,HAS_OBSERVATION
country::IND,observation::IND::EG.ELC.NUCL.ZS::2021,HAS_OBSERVATION
country::IND,observation::IND::EG.ELC.FOSL.ZS::2021,HAS_OBSERVATION
country::IND,observation::IND::EG.ELC.ACCS.RU.ZS::2021,HAS_OBSERVATION
country::IND,observation::IND::EG.CFT.ACCS.RU.ZS::2021,HAS_OBSERVATION
country::IND,observation::IND::DT.TDS.DPPG.GN.ZS::2021,HAS_OBSERVATION
country::IND,observation::IND::DT.TDS.DECT.GN.ZS::2021,HAS_OBSERVATION
country::IND,observation::IND::DT.ODA.ODAT.PC.ZS::2021,HAS_OBSERVATION
country::IND,observation::IND::DT.ODA.ODAT.GI.ZS::2021,HAS_OBSERVATION
country::IND,observation::IND::DT.ODA.ALLD.KD::2021,HAS_OBSERVATION
country::IND,observation::IND::FM.LBL.BMNY.ZG::2021,HAS_OBSERVATION
country::IND,observation::IND::FM.AST.PRVT.ZG.M3::2021,HAS_OBSERVATION
country::IND,observation::IND::FM.AST.DOMO.ZG.M3::2021,HAS_OBSERVATION
country::IND,observation::IND::FI.RES.TOTL.DT.ZS::2021,HAS_OBSERVATION
country::IND,observation::IND::FB.ATM.TOTL.P5::2021,HAS_OBSERVATION
country::IND,observation::IND::ER.LND.PTLD.ZS::2021,HAS_OBSERVATION
country::IND,observation::IND::ER.H2O.FWTL.K3::2021,HAS_OBSERVATION
country::IND,observation::IND::ER.H2O.FWAG.ZS::2021,HAS_OBSERVATION
country::IND,observation::IND::ER.FSH.AQUA.MT::2021,HAS_OBSERVATION
country::IND,observation::IND::EN.URB.LCTY::2021,HAS_OBSERVATION
country::IND,observation::IND::EN.GHG.TOT.ZG.AR5::2021,HAS_OBSERVATION
country::IND,observation::IND::EN.GHG.N2O.PI.MT.CE.AR5::2021,HAS_OBSERVATION
country::IND,observation::IND::EN.GHG.N2O.FE.MT.CE.AR5::2021,HAS_OBSERVATION
country::IND,observation::IND::EN.GHG.CO2.ZG.AR5::2021,HAS_OBSERVATION
country::IND,observation::IND::EN.GHG.CO2.RT.GDP.KD::2021,HAS_OBSERVATION
country::IND,observation::IND::EN.GHG.CO2.LU.DF.MT.CE.AR5::2021,HAS_OBSERVATION
country::IND,observation::IND::EN.GHG.CO2.BU.MT.CE.AR5::2021,HAS_OBSERVATION
country::IND,observation::IND::EN.GHG.CH4.TR.MT.CE.AR5::2021,HAS_OBSERVATION
country::IND,observation::IND::EN.GHG.CH4.IC.MT.CE.AR5::2021,HAS_OBSERVATION
country::IND,observation::IND::EN.GHG.ALL.PC.CE.AR5::2021,HAS_OBSERVATION
country::IND,observation::IND::EG.USE.PCAP.KG.OE::2021,HAS_OBSERVATION
country::IND,observation::IND::EG.USE.COMM.FO.ZS::2021,HAS_OBSERVATION
country::IND,observation::IND::EG.GDP.PUSE.KO.PP::2021,HAS_OBSERVATION
country::IND,observation::IND::EG.ELC.RNEW.ZS::2021,HAS_OBSERVATION
country::IND,observation::IND::EG.ELC.LOSS.ZS::2021,HAS_OBSERVATION
country::IND,observation::IND::EG.ELC.ACCS.ZS::2021,HAS_OBSERVATION
country::IND,observation::IND::EG.CFT.ACCS.ZS::2021,HAS_OBSERVATION
country::IND,observation::IND::DT.TDS.MLAT.CD::2021,HAS_OBSERVATION
country::IND,observation::IND::DT.TDS.DPPF.XP.ZS::2021,HAS_OBSERVATION
country::IND,observation::IND::DT.TDS.DECT.CD::2021,HAS_OBSERVATION
country::IND,observation::IND::DT.ODA.ODAT.KD::2021,HAS_OBSERVATION
country::IND,observation::IND::FR.INR.LEND::2021,HAS_OBSERVATION
country::IND,observation::IND::FP.CPI.TOTL::2021,HAS_OBSERVATION
country::IND,observation::IND::FM.LBL.BMNY.CN::2021,HAS_OBSERVATION
country::IND,observation::IND::FM.AST.DOMS.CN::2021,HAS_OBSERVATION
country::IND,observation::IND::FI.RES.TOTL.MO::2021,HAS_OBSERVATION
country::IND,observation::IND::FD.AST.PRVT.GD.ZS::2021,HAS_OBSERVATION
country::IND,observation::IND::FB.BNK.CAPA.ZS::2021,HAS_OBSERVATION
country::IND,observation::IND::ER.MRN.PTMR.ZS::2021,HAS_OBSERVATION
country::IND,observation::IND::ER.H2O.FWTL.ZS::2021,HAS_OBSERVATION
country::IND,observation::IND::ER.H2O.FWDM.ZS::2021,HAS_OBSERVATION
country::IND,observation::IND::ER.FSH.CAPT.MT::2021,HAS_OBSERVATION
country::IND,observation::IND::EN.URB.LCTY.UR.ZS::2021,HAS_OBSERVATION
country::IND,observation::IND::EN.GHG.N2O.TR.MT.CE.AR5::2021,HAS_OBSERVATION
country::IND,observation::IND::EN.GHG.N2O.IC.MT.CE.AR5::2021,HAS_OBSERVATION
country::IND,observation::IND::EN.GHG.FGAS.IP.MT.CE.AR5::2021,HAS_OBSERVATION
country::IND,observation::IND::EN.GHG.CO2.RT.GDP.PP.KD::2021,HAS_OBSERVATION
country::IND,observation::IND::EN.GHG.CO2.MT.CE.AR5::2021,HAS_OBSERVATION
country::IND,observation::IND::EN.GHG.CO2.LU.FL.MT.CE.AR5::2021,HAS_OBSERVATION
country::IND,observation::IND::EN.GHG.CO2.FE.MT.CE.AR5::2021,HAS_OBSERVATION
country::IND,observation::IND::EN.GHG.CH4.WA.MT.CE.AR5::2021,HAS_OBSERVATION
country::IND,observation::IND::EN.GHG.CH4.IP.MT.CE.AR5::2021,HAS_OBSERVATION
country::IND,observation::IND::EN.GHG.CH4.AG.MT.CE.AR5::2021,HAS_OBSERVATION
country::IND,observation::IND::EG.USE.COMM.GD.PP.KD::2021,HAS_OBSERVATION
country::IND,observation::IND::EG.GDP.PUSE.KO.PP.KD::2021,HAS_OBSERVATION
country::IND,observation::IND::EG.ELC.RNWX.KH::2021,HAS_OBSERVATION
country::IND,observation::IND::EG.ELC.NGAS.ZS::2021,HAS_OBSERVATION
country::IND,observation::IND::EG.ELC.COAL.ZS::2021,HAS_OBSERVATION
country::IND,observation::IND::EG.EGY.PRIM.PP.KD::2021,HAS_OBSERVATION
country::IND,observation::IND::DT.TDS.MLAT.PG.ZS::2021,HAS_OBSERVATION
country::IND,observation::IND::DT.TDS.DPPG.CD::2021,HAS_OBSERVATION
country::IND,observation::IND::DT.TDS.DECT.EX.ZS::2021,HAS_OBSERVATION
country::IND,observation::IND::DT.ODA.ODAT.MP.ZS::2021,HAS_OBSERVATION
country::IND,observation::IND::DT.ODA.ODAT.CD::2021,HAS_OBSERVATION
country::IND,observation::IND::SM.POP.RHCR.EO::2022,HAS_OBSERVATION
country::IND,observation::IND::SM.POP.NETM::2022,HAS_OBSERVATION
country::IND,observation::IND::SM.POP.ASYS.EA::2022,HAS_OBSERVATION
country::IND,observation::IND::SL.UEM.TOTL.ZS::2022,HAS_OBSERVATION
country::IND,observation::IND::SL.UEM.TOTL.FE.ZS::2022,HAS_OBSERVATION
country::IND,observation::IND::SL.UEM.NEET.MA.ZS::2022,HAS_OBSERVATION
country::IND,observation::IND::SL.UEM.INTM.ZS::2022,HAS_OBSERVATION
country::IND,observation::IND::SL.UEM.BASC.MA.ZS::2022,HAS_OBSERVATION
country::IND,observation::IND::SL.UEM.ADVN.FE.ZS::2022,HAS_OBSERVATION
country::IND,observation::IND::SL.UEM.1524.MA.NE.ZS::2022,HAS_OBSERVATION
country::IND,observation::IND::SL.TLF.TOTL.FE.ZS::2022,HAS_OBSERVATION
country::IND,observation::IND::SL.TLF.INTM.ZS::2022,HAS_OBSERVATION
country::IND,observation::IND::SL.TLF.CACT.NE.ZS::2022,HAS_OBSERVATION
country::IND,observation::IND::SL.TLF.CACT.FM.NE.ZS::2022,HAS_OBSERVATION
country::IND,observation::IND::SL.TLF.BASC.MA.ZS::2022,HAS_OBSERVATION
country::IND,observation::IND::SL.TLF.ADVN.FE.ZS::2022,HAS_OBSERVATION
country::IND,observation::IND::SL.TLF.ACTI.1524.ZS::2022,HAS_OBSERVATION
country::IND,observation::IND::SL.TLF.ACTI.1524.FE.ZS::2022,HAS_OBSERVATION
country::IND,observation::IND::SL.GDP.PCAP.EM.KD::2022,HAS_OBSERVATION
country::IND,observation::IND::SL.EMP.WORK.MA.ZS::2022,HAS_OBSERVATION
country::IND,observation::IND::SL.EMP.VULN.FE.ZS::2022,HAS_OBSERVATION
country::IND,observation::IND::SL.EMP.TOTL.SP.MA.NE.ZS::2022,HAS_OBSERVATION
country::IND,observation::IND::SL.EMP.SELF.ZS::2022,HAS_OBSERVATION
country::IND,observation::IND::SL.EMP.MPYR.MA.ZS::2022,HAS_OBSERVATION
country::IND,observation::IND::SL.EMP.1524.SP.MA.ZS::2022,HAS_OBSERVATION
country::IND,observation::IND::SL.AGR.EMPL.ZS::2022,HAS_OBSERVATION
country::IND,observation::IND::SI.RMT.COST.IB.ZS::2022,HAS_OBSERVATION
country::IND,observation::IND::SI.POV.LMIC::2022,HAS_OBSERVATION
country::IND,observation::IND::SI.DST.FRST.20::2022,HAS_OBSERVATION
country::IND,observation::IND::SI.DST.05TH.20::2022,HAS_OBSERVATION
country::IND,observation::IND::SH_UHC_SCI_RMNCH::2022,HAS_OBSERVATION
country::IND,observation::IND::SH_UHC_SCI::2022,HAS_OBSERVATION
country::IND,observation::IND::SH.XPD.PVTD.CH.ZS::2022,HAS_OBSERVATION
country::IND,observation::IND::SH.XPD.GHED.PP.CD::2022,HAS_OBSERVATION
country::IND,observation::IND::SH.XPD.GHED.CH.ZS::2022,HAS_OBSERVATION
country::IND,observation::IND::SH.XPD.CHEX.PP.CD::2022,HAS_OBSERVATION
country::IND,observation::IND::SH.TBS.INCD::2022,HAS_OBSERVATION
country::IND,observation::IND::DT.DOD.DSTC.ZS::2022,HAS_OBSERVATION
country::IND,observation::IND::DT.DOD.DPPG.CD::2022,HAS_OBSERVATION
country::IND,observation::IND::DT.DOD.DECT.GN.ZS::2022,HAS_OBSERVATION
country::IND,observation::IND::DC.DAC.TOTL.CD::2022,HAS_OBSERVATION
country::IND,observation::IND::DC.DAC.PRTL.CD::2022,HAS_OBSERVATION
country::IND,observation::IND::DC.DAC.NLDL.CD::2022,HAS_OBSERVATION
country::IND,observation::IND::DC.DAC.JPNL.CD::2022,HAS_OBSERVATION
country::IND,observation::IND::DC.DAC.HUNL.CD::2022,HAS_OBSERVATION
country::IND,observation::IND::DC.DAC.FINL.CD::2022,HAS_OBSERVATION
country::IND,observation::IND::DC.DAC.DEUL.CD::2022,HAS_OBSERVATION
country::IND,observation::IND::SL.UEM.TOTL.FE.NE.ZS::2022,HAS_OBSERVATION
country::IND,observation::IND::SL.UEM.NEET.MA.ME.ZS::2022,HAS_OBSERVATION
country::IND,observation::IND::SL.UEM.INTM.MA.ZS::2022,HAS_OBSERVATION
country::IND,observation::IND::SL.UEM.BASC.FE.ZS::2022,HAS_OBSERVATION
country::IND,observation::IND::SL.UEM.1524.ZS::2022,HAS_OBSERVATION
country::IND,observation::IND::SL.UEM.1524.FE.ZS::2022,HAS_OBSERVATION
country::IND,observation::IND::SL.TLF.PART.ZS::2022,HAS_OBSERVATION
country::IND,observation::IND::SL.TLF.INTM.MA.ZS::2022,HAS_OBSERVATION
country::IND,observation::IND::SL.TLF.CACT.MA.ZS::2022,HAS_OBSERVATION
country::IND,observation::IND::SL.TLF.CACT.FE.ZS::2022,HAS_OBSERVATION
country::IND,observation::IND::SL.TLF.BASC.FE.ZS::2022,HAS_OBSERVATION
country::IND,observation::IND::SL.TLF.ACTI.ZS::2022,HAS_OBSERVATION
country::IND,observation::IND::SL.TLF.ACTI.1524.NE.ZS::2022,HAS_OBSERVATION
country::IND,observation::IND::SL.TLF.ACTI.1524.FE.NE.ZS::2022,HAS_OBSERVATION
country::IND,observation::IND::SL.SRV.EMPL.ZS::2022,HAS_OBSERVATION
country::IND,observation::IND::SL.IND.EMPL.ZS::2022,HAS_OBSERVATION
country::IND,observation::IND::SL.FAM.WORK.ZS::2022,HAS_OBSERVATION
country::IND,observation::IND::SL.EMP.WORK.FE.ZS::2022,HAS_OBSERVATION
country::IND,observation::IND::SL.EMP.TOTL.SP.ZS::2022,HAS_OBSERVATION
country::IND,observation::IND::SL.EMP.TOTL.SP.FE.ZS::2022,HAS_OBSERVATION
country::IND,observation::IND::SL.EMP.SELF.MA.ZS::2022,HAS_OBSERVATION
country::IND,observation::IND::SL.EMP.MPYR.FE.ZS::2022,HAS_OBSERVATION
country::IND,observation::IND::SL.EMP.1524.SP.MA.NE.ZS::2022,HAS_OBSERVATION
country::IND,observation::IND::SL.AGR.EMPL.MA.ZS::2022,HAS_OBSERVATION
country::IND,observation::IND::SI.POV.UMIC.GP::2022,HAS_OBSERVATION
country::IND,observation::IND::SI.POV.MPWB::2022,HAS_OBSERVATION
country::IND,observation::IND::SI.POV.GINI::2022,HAS_OBSERVATION
country::IND,observation::IND::SI.DST.FRST.10::2022,HAS_OBSERVATION
country::IND,observation::IND::SI.DST.04TH.20::2022,HAS_OBSERVATION
country::IND,observation::IND::SH_UHC_SCI_NCD::2022,HAS_OBSERVATION
country::IND,observation::IND::SH_UHC_FH40::2022,HAS_OBSERVATION
country::IND,observation::IND::SH.XPD.OOPC.PP.CD::2022,HAS_OBSERVATION
country::IND,observation::IND::SH.XPD.GHED.PC.CD::2022,HAS_OBSERVATION
country::IND,observation::IND::SH.XPD.EHEX.PP.CD::2022,HAS_OBSERVATION
country::IND,observation::IND::SH.XPD.CHEX.PC.CD::2022,HAS_OBSERVATION
country::IND,observation::IND::DC.DAC.SWEL.CD::2022,HAS_OBSERVATION
country::IND,observation::IND::DC.DAC.POLL.CD::2022,HAS_OBSERVATION
country::IND,observation::IND::DC.DAC.LUXL.CD::2022,HAS_OBSERVATION
country::IND,observation::IND::DC.DAC.ITAL.CD::2022,HAS_OBSERVATION
country::IND,observation::IND::DC.DAC.CZEL.CD::2022,HAS_OBSERVATION
country::IND,observation::IND::DC.DAC.BELL.CD::2022,HAS_OBSERVATION
country::IND,observation::IND::CM.MKT.TRAD.GD.ZS::2022,HAS_OBSERVATION
country::IND,observation::IND::CM.MKT.LCAP.CD::2022,HAS_OBSERVATION
country::IND,observation::IND::BX.TRF.PWKR.CD::2022,HAS_OBSERVATION
country::IND,observation::IND::SM.POP.ASYS.EO::2022,HAS_OBSERVATION
country::IND,observation::IND::SL.UEM.TOTL.MA.NE.ZS::2022,HAS_OBSERVATION
country::IND,observation::IND::SL.UEM.NEET.ME.ZS::2022,HAS_OBSERVATION
country::IND,observation::IND::SL.UEM.NEET.FE.ME.ZS::2022,HAS_OBSERVATION
country::IND,observation::IND::SL.UEM.BASC.ZS::2022,HAS_OBSERVATION
country::IND,observation::IND::SL.UEM.ADVN.MA.ZS::2022,HAS_OBSERVATION
country::IND,observation::IND::SL.UEM.1524.MA.ZS::2022,HAS_OBSERVATION
country::IND,observation::IND::SL.TLF.TOTL.IN::2022,HAS_OBSERVATION
country::IND,observation::IND::SL.TLF.PART.FE.ZS::2022,HAS_OBSERVATION
country::IND,observation::IND::SL.TLF.CACT.ZS::2022,HAS_OBSERVATION
country::IND,observation::IND::SL.TLF.CACT.FM.ZS::2022,HAS_OBSERVATION
country::IND,observation::IND::SL.TLF.BASC.ZS::2022,HAS_OBSERVATION
country::IND,observation::IND::SL.TLF.ADVN.MA.ZS::2022,HAS_OBSERVATION
country::IND,observation::IND::SL.TLF.ACTI.FE.ZS::2022,HAS_OBSERVATION
country::IND,observation::IND::SL.TLF.ACTI.1524.MA.NE.ZS::2022,HAS_OBSERVATION
country::IND,observation::IND::SL.SRV.EMPL.FE.ZS::2022,HAS_OBSERVATION
country::IND,observation::IND::SL.IND.EMPL.FE.ZS::2022,HAS_OBSERVATION
country::IND,observation::IND::SL.FAM.WORK.FE.ZS::2022,HAS_OBSERVATION
country::IND,observation::IND::SL.EMP.WORK.ZS::2022,HAS_OBSERVATION
country::IND,observation::IND::SL.EMP.VULN.MA.ZS::2022,HAS_OBSERVATION
country::IND,observation::IND::SL.EMP.TOTL.SP.MA.ZS::2022,HAS_OBSERVATION
country::IND,observation::IND::SL.EMP.SMGT.FE.ZS::2022,HAS_OBSERVATION
country::IND,observation::IND::SL.EMP.MPYR.ZS::2022,HAS_OBSERVATION
country::IND,observation::IND::SL.EMP.1524.SP.NE.ZS::2022,HAS_OBSERVATION
country::IND,observation::IND::SL.EMP.1524.SP.FE.NE.ZS::2022,HAS_OBSERVATION
country::IND,observation::IND::SI.RMT.COST.OB.ZS::2022,HAS_OBSERVATION
country::IND,observation::IND::SI.POV.SOPO::2022,HAS_OBSERVATION
country::IND,observation::IND::SI.POV.LMIC.GP::2022,HAS_OBSERVATION
country::IND,observation::IND::SI.POV.DDAY::2022,HAS_OBSERVATION
country::IND,observation::IND::SI.DST.10TH.10::2022,HAS_OBSERVATION
country::IND,observation::IND::SI.DST.02ND.20::2022,HAS_OBSERVATION
country::IND,observation::IND::SH_UHC_SCI_CAPACITY::2022,HAS_OBSERVATION
country::IND,observation::IND::SH_UHC_FH40_IMPOV::2022,HAS_OBSERVATION
country::IND,observation::IND::SH.XPD.PVTD.PC.CD::2022,HAS_OBSERVATION
country::IND,observation::IND::SH.XPD.OOPC.CH.ZS::2022,HAS_OBSERVATION
country::IND,observation::IND::SH.XPD.GHED.GD.ZS::2022,HAS_OBSERVATION
country::IND,observation::IND::DT.NFL.IFAD.CD::2022,HAS_OBSERVATION
country::IND,observation::IND::DT.DOD.MIBR.CD::2022,HAS_OBSERVATION
country::IND,observation::IND::DT.DOD.DSTC.CD::2022,HAS_OBSERVATION
country::IND,observation::IND::DT.DOD.DIMF.CD::2022,HAS_OBSERVATION
country::IND,observation::IND::DC.DAC.USAL.CD::2022,HAS_OBSERVATION
country::IND,observation::IND::DC.DAC.NORL.CD::2022,HAS_OBSERVATION
country::IND,observation::IND::DC.DAC.KORL.CD::2022,HAS_OBSERVATION
country::IND,observation::IND::DC.DAC.IRLL.CD::2022,HAS_OBSERVATION
country::IND,observation::IND::SL.UEM.TOTL.MA.ZS::2022,HAS_OBSERVATION
country::IND,observation::IND::SL.UEM.NEET.ZS::2022,HAS_OBSERVATION
country::IND,observation::IND::SL.UEM.NEET.FE.ZS::2022,HAS_OBSERVATION
country::IND,observation::IND::SL.UEM.INTM.FE.ZS::2022,HAS_OBSERVATION
country::IND,observation::IND::SL.UEM.ADVN.ZS::2022,HAS_OBSERVATION
country::IND,observation::IND::SL.UEM.1524.NE.ZS::2022,HAS_OBSERVATION
country::IND,observation::IND::SL.UEM.1524.FE.NE.ZS::2022,HAS_OBSERVATION
country::IND,observation::IND::SL.TLF.PART.MA.ZS::2022,HAS_OBSERVATION
country::IND,observation::IND::SL.TLF.INTM.FE.ZS::2022,HAS_OBSERVATION
country::IND,observation::IND::SL.TLF.CACT.MA.NE.ZS::2022,HAS_OBSERVATION
country::IND,observation::IND::SL.TLF.CACT.FE.NE.ZS::2022,HAS_OBSERVATION
country::IND,observation::IND::SL.TLF.ADVN.ZS::2022,HAS_OBSERVATION
country::IND,observation::IND::SL.TLF.ACTI.MA.ZS::2022,HAS_OBSERVATION
country::IND,observation::IND::SL.TLF.ACTI.1524.MA.ZS::2022,HAS_OBSERVATION
country::IND,observation::IND::SL.SRV.EMPL.MA.ZS::2022,HAS_OBSERVATION
country::IND,observation::IND::SL.IND.EMPL.MA.ZS::2022,HAS_OBSERVATION
country::IND,observation::IND::SL.FAM.WORK.MA.ZS::2022,HAS_OBSERVATION
country::IND,observation::IND::SL.EMP.VULN.ZS::2022,HAS_OBSERVATION
country::IND,observation::IND::SL.EMP.TOTL.SP.NE.ZS::2022,HAS_OBSERVATION
country::IND,observation::IND::SL.EMP.TOTL.SP.FE.NE.ZS::2022,HAS_OBSERVATION
country::IND,observation::IND::SL.EMP.SELF.FE.ZS::2022,HAS_OBSERVATION
country::IND,observation::IND::SL.EMP.1524.SP.ZS::2022,HAS_OBSERVATION
country::IND,observation::IND::SL.EMP.1524.SP.FE.ZS::2022,HAS_OBSERVATION
country::IND,observation::IND::SL.AGR.EMPL.FE.ZS::2022,HAS_OBSERVATION
country::IND,observation::IND::SI.SPR.PGAP::2022,HAS_OBSERVATION
country::IND,observation::IND::SI.POV.UMIC::2022,HAS_OBSERVATION
country::IND,observation::IND::SI.POV.GAPS::2022,HAS_OBSERVATION
country::IND,observation::IND::SI.DST.50MD::2022,HAS_OBSERVATION
country::IND,observation::IND::SI.DST.03RD.20::2022,HAS_OBSERVATION
country::IND,observation::IND::SH_UHC_SCI_ID::2022,HAS_OBSERVATION
country::IND,observation::IND::SH_UHC_FH40_LARGE::2022,HAS_OBSERVATION
country::IND,observation::IND::SH.XPD.PVTD.PP.CD::2022,HAS_OBSERVATION
country::IND,observation::IND::SH.XPD.OOPC.PC.CD::2022,HAS_OBSERVATION
country::IND,observation::IND::SH.XPD.GHED.GE.ZS::2022,HAS_OBSERVATION
country::IND,observation::IND::SH.XPD.EHEX.PC.CD::2022,HAS_OBSERVATION
country::IND,observation::IND::SH.XPD.CHEX.GD.ZS::2022,HAS_OBSERVATION
country::IND,observation::IND::SH.TBS.CURE.ZS::2022,HAS_OBSERVATION
country::IND,observation::IND::DT.DOD.MIDA.CD::2022,HAS_OBSERVATION
country::IND,observation::IND::DT.DOD.DSTC.IR.ZS::2022,HAS_OBSERVATION
country::IND,observation::IND::DT.DOD.DLXF.CD::2022,HAS_OBSERVATION
country::IND,observation::IND::DC.DAC.SVNL.CD::2022,HAS_OBSERVATION
country::IND,observation::IND::DC.DAC.NZLL.CD::2022,HAS_OBSERVATION
country::IND,observation::IND::DC.DAC.LTUL.CD::2022,HAS_OBSERVATION
country::IND,observation::IND::DC.DAC.ISLL.CD::2022,HAS_OBSERVATION
country::IND,observation::IND::DC.DAC.GBRL.CD::2022,HAS_OBSERVATION
country::IND,observation::IND::DC.DAC.ESPL.CD::2022,HAS_OBSERVATION
country::IND,observation::IND::DC.DAC.CHEL.CD::2022,HAS_OBSERVATION
country::IND,observation::IND::SH.STA.STNT.ME.MA.ZS::2022,HAS_OBSERVATION
country::IND,observation::IND::SH.STA.SMSS.ZS::2022,HAS_OBSERVATION
country::IND,observation::IND::SH.STA.OWGH.ME.MA.ZS::2022,HAS_OBSERVATION
country::IND,observation::IND::SH.STA.ODFC.RU.ZS::2022,HAS_OBSERVATION
country::IND,observation::IND::SH.STA.HYGN.RU.ZS::2022,HAS_OBSERVATION
country::IND,observation::IND::SH.STA.BASS.RU.ZS::2022,HAS_OBSERVATION
country::IND,observation::IND::SH.SGR.CRSK.ZS::2022,HAS_OBSERVATION
country::IND,observation::IND::SH.PRG.ANEM::2022,HAS_OBSERVATION
country::IND,observation::IND::SH.IMM.MEAS::2022,HAS_OBSERVATION
country::IND,observation::IND::SH.H2O.SMDW.UR.ZS::2022,HAS_OBSERVATION
country::IND,observation::IND::SH.H2O.BASW.RU.ZS::2022,HAS_OBSERVATION
country::IND,observation::IND::SH.DYN.MORT::2022,HAS_OBSERVATION
country::IND,observation::IND::SH.DYN.1519::2022,HAS_OBSERVATION
country::IND,observation::IND::SH.DTH.NMRT::2022,HAS_OBSERVATION
country::IND,observation::IND::SH.DTH.IMRT::2022,HAS_OBSERVATION
country::IND,observation::IND::SH.DTH.1014::2022,HAS_OBSERVATION
country::IND,observation::IND::SH.ANM.NPRG.ZS::2022,HAS_OBSERVATION
country::IND,observation::IND::SE.TER.ENRR.FE::2022,HAS_OBSERVATION
country::IND,observation::IND::SE.TER.CUAT.MS.FE.ZS::2022,HAS_OBSERVATION
country::IND,observation::IND::SE.TER.CUAT.BA.ZS::2022,HAS_OBSERVATION
country::IND,observation::IND::SE.SEC.UNER.LO.MA.ZS::2022,HAS_OBSERVATION
country::IND,observation::IND::SE.SEC.TCHR::2022,HAS_OBSERVATION
country::IND,observation::IND::DC.DAC.CANL.CD::2022,HAS_OBSERVATION
country::IND,observation::IND::CM.MKT.TRNR::2022,HAS_OBSERVATION
country::IND,observation::IND::CM.MKT.LCAP.GD.ZS::2022,HAS_OBSERVATION
country::IND,observation::IND::BX.TRF.PWKR.CD.DT::2022,HAS_OBSERVATION
country::IND,observation::IND::BX.KLT.DINV.WD.GD.ZS::2022,HAS_OBSERVATION
country::IND,observation::IND::BX.GSR.TOTL.CD::2022,HAS_OBSERVATION
country::IND,observation::IND::BX.GSR.INSF.ZS::2022,HAS_OBSERVATION
country::IND,observation::IND::BX.GSR.CCIS.ZS::2022,HAS_OBSERVATION
country::IND,observation::IND::BN.TRF.KOGT.CD::2022,HAS_OBSERVATION
country::IND,observation::IND::BN.KLT.DINV.CD::2022,HAS_OBSERVATION
country::IND,observation::IND::BN.GSR.FCTY.CD::2022,HAS_OBSERVATION
country::IND,observation::IND::BM.TRF.PWKR.CD.DT::2022,HAS_OBSERVATION
country::IND,observation::IND::BM.GSR.TRVL.ZS::2022,HAS_OBSERVATION
country::IND,observation::IND::BM.GSR.NFSV.CD::2022,HAS_OBSERVATION
country::IND,observation::IND::BM.GSR.FCTY.CD::2022,HAS_OBSERVATION
country::IND,observation::IND::AG.SRF.TOTL.K2::2022,HAS_OBSERVATION
country::IND,observation::IND::AG.PRD.CREL.MT::2022,HAS_OBSERVATION
country::IND,observation::IND::AG.LND.PRCP.MM::2022,HAS_OBSERVATION
country::IND,observation::IND::AG.LND.ARBL.HA.PC::2022,HAS_OBSERVATION
country::IND,observation::IND::AG.CON.FERT.ZS::2022,HAS_OBSERVATION
country::IND,observation::IND::SH.TBS.DTEC.ZS::2022,HAS_OBSERVATION
country::IND,observation::IND::SH.STA.STNT.ME.FE.ZS::2022,HAS_OBSERVATION
country::IND,observation::IND::SH.STA.SMSS.UR.ZS::2022,HAS_OBSERVATION
country::IND,observation::IND::SH.STA.OWGH.ME.FE.ZS::2022,HAS_OBSERVATION
country::IND,observation::IND::SH.PRV.SMOK.MA::2022,HAS_OBSERVATION
country::IND,observation::IND::SH.MMR.RISK.ZS::2022,HAS_OBSERVATION
country::IND,observation::IND::SH.IMM.IDPT::2022,HAS_OBSERVATION
country::IND,observation::IND::SH.H2O.SMDW.RU.ZS::2022,HAS_OBSERVATION
country::IND,observation::IND::SH.DYN.1014::2022,HAS_OBSERVATION
country::IND,observation::IND::SH.DTH.0509::2022,HAS_OBSERVATION
country::IND,observation::IND::SE.TER.ENRR::2022,HAS_OBSERVATION
country::IND,observation::IND::SE.TER.CUAT.BA.MA.ZS::2022,HAS_OBSERVATION
country::IND,observation::IND::SE.SEC.UNER.LO.FE.ZS::2022,HAS_OBSERVATION
country::IND,observation::IND::SE.SEC.TCAQ.ZS::2022,HAS_OBSERVATION
country::IND,observation::IND::BX.KLT.DINV.CD.WD::2022,HAS_OBSERVATION
country::IND,observation::IND::BX.GSR.ROYL.CD::2022,HAS_OBSERVATION
country::IND,observation::IND::BX.GSR.GNFS.CD::2022,HAS_OBSERVATION
country::IND,observation::IND::BX.GSR.CCIS.CD::2022,HAS_OBSERVATION
country::IND,observation::IND::BN.TRF.CURR.CD::2022,HAS_OBSERVATION
country::IND,observation::IND::BN.KAC.EOMS.CD::2022,HAS_OBSERVATION
country::IND,observation::IND::BN.FIN.TOTL.CD::2022,HAS_OBSERVATION
country::IND,observation::IND::BM.TRF.PRVT.CD::2022,HAS_OBSERVATION
country::IND,observation::IND::BM.GSR.TRAN.ZS::2022,HAS_OBSERVATION
country::IND,observation::IND::BM.GSR.MRCH.CD::2022,HAS_OBSERVATION
country::IND,observation::IND::BM.GSR.CMCP.ZS::2022,HAS_OBSERVATION
country::IND,observation::IND::AG.PRD.LVSK.XD::2022,HAS_OBSERVATION
country::IND,observation::IND::AG.LND.IRIG.AG.ZS::2022,HAS_OBSERVATION
country::IND,observation::IND::AG.LND.CROP.ZS::2022,HAS_OBSERVATION
country::IND,observation::IND::AG.LND.ARBL.HA::2022,HAS_OBSERVATION
country::IND,observation::IND::AG.CON.FERT.PT.ZS::2022,HAS_OBSERVATION
country::IND,observation::IND::SH.XPD.EHEX.CH.ZS::2022,HAS_OBSERVATION
country::IND,observation::IND::SH.VAC.TTNS.ZS::2022,HAS_OBSERVATION
country::IND,observation::IND::SH.STA.STNT.ME.ZS::2022,HAS_OBSERVATION
country::IND,observation::IND::SH.STA.OWGH.ME.ZS::2022,HAS_OBSERVATION
country::IND,observation::IND::SH.STA.ODFC.UR.ZS::2022,HAS_OBSERVATION
country::IND,observation::IND::SH.STA.HYGN.UR.ZS::2022,HAS_OBSERVATION
country::IND,observation::IND::SH.STA.BASS.UR.ZS::2022,HAS_OBSERVATION
country::IND,observation::IND::SH.SGR.IRSK.ZS::2022,HAS_OBSERVATION
country::IND,observation::IND::SH.PRV.SMOK::2022,HAS_OBSERVATION
country::IND,observation::IND::SH.MMR.DTHS::2022,HAS_OBSERVATION
country::IND,observation::IND::SH.HIV.ARTC.ZS::2022,HAS_OBSERVATION
country::IND,observation::IND::SH.H2O.SMDW.ZS::2022,HAS_OBSERVATION
country::IND,observation::IND::SH.H2O.BASW.UR.ZS::2022,HAS_OBSERVATION
country::IND,observation::IND::SH.DYN.MORT.FE::2022,HAS_OBSERVATION
country::IND,observation::IND::SH.DYN.2024::2022,HAS_OBSERVATION
country::IND,observation::IND::SH.DTH.1519::2022,HAS_OBSERVATION
country::IND,observation::IND::SG.GEN.PARL.ZS::2022,HAS_OBSERVATION
country::IND,observation::IND::SE.XPD.TOTL.GB.ZS::2022,HAS_OBSERVATION
country::IND,observation::IND::SE.TER.ENRR.MA::2022,HAS_OBSERVATION
country::IND,observation::IND::DC.DAC.FRAL.CD::2022,HAS_OBSERVATION
country::IND,observation::IND::DC.DAC.DNKL.CD::2022,HAS_OBSERVATION
country::IND,observation::IND::DC.DAC.CECL.CD::2022,HAS_OBSERVATION
country::IND,observation::IND::DC.DAC.AUSL.CD::2022,HAS_OBSERVATION
country::IND,observation::IND::CM.MKT.LDOM.NO::2022,HAS_OBSERVATION
country::IND,observation::IND::BX.TRF.PWKR.DT.GD.ZS::2022,HAS_OBSERVATION
country::IND,observation::IND::BX.PEF.TOTL.CD.WD::2022,HAS_OBSERVATION
country::IND,observation::IND::BX.GSR.TRAN.ZS::2022,HAS_OBSERVATION
country::IND,observation::IND::BX.GSR.MRCH.CD::2022,HAS_OBSERVATION
country::IND,observation::IND::BX.GSR.CMCP.ZS::2022,HAS_OBSERVATION
country::IND,observation::IND::BX.GRT.EXTA.CD.WD::2022,HAS_OBSERVATION
country::IND,observation::IND::BN.KLT.PTXL.CD::2022,HAS_OBSERVATION
country::IND,observation::IND::BN.GSR.GNFS.CD::2022,HAS_OBSERVATION
country::IND,observation::IND::BN.CAB.XOKA.CD::2022,HAS_OBSERVATION
country::IND,observation::IND::BM.KLT.DINV.CD.WD::2022,HAS_OBSERVATION
country::IND,observation::IND::BM.GSR.ROYL.CD::2022,HAS_OBSERVATION
country::IND,observation::IND::BM.GSR.GNFS.CD::2022,HAS_OBSERVATION
country::IND,observation::IND::AG.YLD.CREL.KG::2022,HAS_OBSERVATION
country::IND,observation::IND::AG.PRD.CROP.XD::2022,HAS_OBSERVATION
country::IND,observation::IND::AG.LND.TOTL.K2::2022,HAS_OBSERVATION
country::IND,observation::IND::AG.LND.FRST.K2::2022,HAS_OBSERVATION
country::IND,observation::IND::AG.LND.ARBL.ZS::2022,HAS_OBSERVATION
country::IND,observation::IND::AG.LND.AGRI.K2::2022,HAS_OBSERVATION
country::IND,observation::IND::SH.STA.SMSS.RU.ZS::2022,HAS_OBSERVATION
country::IND,observation::IND::SH.STA.ODFC.ZS::2022,HAS_OBSERVATION
country::IND,observation::IND::SH.STA.MMRT::2022,HAS_OBSERVATION
country::IND,observation::IND::SH.STA.HYGN.ZS::2022,HAS_OBSERVATION
country::IND,observation::IND::SH.STA.BASS.ZS::2022,HAS_OBSERVATION
country::IND,observation::IND::SH.PRV.SMOK.FE::2022,HAS_OBSERVATION
country::IND,observation::IND::SH.MMR.RISK::2022,HAS_OBSERVATION
country::IND,observation::IND::SH.MLR.INCD.P3::2022,HAS_OBSERVATION
country::IND,observation::IND::SH.IMM.HEPB::2022,HAS_OBSERVATION
country::IND,observation::IND::SH.H2O.BASW.ZS::2022,HAS_OBSERVATION
country::IND,observation::IND::SH.DYN.NMRT::2022,HAS_OBSERVATION
country::IND,observation::IND::SH.DYN.MORT.MA::2022,HAS_OBSERVATION
country::IND,observation::IND::SH.DYN.AIDS.FE.ZS::2022,HAS_OBSERVATION
country::IND,observation::IND::SH.DYN.0509::2022,HAS_OBSERVATION
country::IND,observation::IND::SH.DTH.MORT::2022,HAS_OBSERVATION
country::IND,observation::IND::SH.DTH.2024::2022,HAS_OBSERVATION
country::IND,observation::IND::SH.ANM.ALLW.ZS::2022,HAS_OBSERVATION
country::IND,observation::IND::SE.XPD.TOTL.GD.ZS::2022,HAS_OBSERVATION
country::IND,observation::IND::SE.TER.TCHR.FE.ZS::2022,HAS_OBSERVATION
country::IND,observation::IND::SE.TER.CUAT.MS.ZS::2022,HAS_OBSERVATION
country::IND,observation::IND::SE.TER.CUAT.BA.FE.ZS::2022,HAS_OBSERVATION
country::IND,observation::IND::SE.SEC.TCHR.FE.ZS::2022,HAS_OBSERVATION
country::IND,observation::IND::SE.SEC.TCAQ.UP.ZS::2022,HAS_OBSERVATION
country::IND,observation::IND::SE.SEC.TCAQ.LO.ZS::2022,HAS_OBSERVATION
country::IND,observation::IND::DC.DAC.AUTL.CD::2022,HAS_OBSERVATION
country::IND,observation::IND::CM.MKT.TRAD.CD::2022,HAS_OBSERVATION
country::IND,observation::IND::CM.MKT.INDX.ZG::2022,HAS_OBSERVATION
country::IND,observation::IND::BX.TRF.CURR.CD::2022,HAS_OBSERVATION
country::IND,observation::IND::BX.GSR.TRVL.ZS::2022,HAS_OBSERVATION
country::IND,observation::IND::BX.GSR.NFSV.CD::2022,HAS_OBSERVATION
country::IND,observation::IND::BX.GSR.FCTY.CD::2022,HAS_OBSERVATION
country::IND,observation::IND::BX.GRT.TECH.CD.WD::2022,HAS_OBSERVATION
country::IND,observation::IND::BN.RES.INCL.CD::2022,HAS_OBSERVATION
country::IND,observation::IND::BN.GSR.MRCH.CD::2022,HAS_OBSERVATION
country::IND,observation::IND::BN.CAB.XOKA.GD.ZS::2022,HAS_OBSERVATION
country::IND,observation::IND::BM.KLT.DINV.WD.GD.ZS::2022,HAS_OBSERVATION
country::IND,observation::IND::BM.GSR.TOTL.CD::2022,HAS_OBSERVATION
country::IND,observation::IND::BM.GSR.INSF.ZS::2022,HAS_OBSERVATION
country::IND,observation::IND::BG.GSR.NFSV.GD.ZS::2022,HAS_OBSERVATION
country::IND,observation::IND::AG.PRD.FOOD.XD::2022,HAS_OBSERVATION
country::IND,observation::IND::AG.LND.FRST.ZS::2022,HAS_OBSERVATION
country::IND,observation::IND::AG.LND.CREL.HA::2022,HAS_OBSERVATION
country::IND,observation::IND::AG.LND.AGRI.ZS::2022,HAS_OBSERVATION
country::IND,observation::IND::SE.SEC.TCAQ.UP.FE.ZS::2022,HAS_OBSERVATION
country::IND,observation::IND::SE.SEC.TCAQ.LO.FE.ZS::2022,HAS_OBSERVATION
country::IND,observation::IND::SE.SEC.ENRL::2022,HAS_OBSERVATION
country::IND,observation::IND::SE.SEC.CUAT.UP.FE.ZS::2022,HAS_OBSERVATION
country::IND,observation::IND::SE.SEC.CUAT.LO.ZS::2022,HAS_OBSERVATION
country::IND,observation::IND::SE.SEC.CMPT.LO.MA.ZS::2022,HAS_OBSERVATION
country::IND,observation::IND::SE.PRM.UNER::2022,HAS_OBSERVATION
country::IND,observation::IND::SE.PRM.TCHR.FE.ZS::2022,HAS_OBSERVATION
country::IND,observation::IND::SE.PRM.TCAQ.FE.ZS::2022,HAS_OBSERVATION
country::IND,observation::IND::SE.PRM.ENRR.FE::2022,HAS_OBSERVATION
country::IND,observation::IND::SE.PRM.ENRL::2022,HAS_OBSERVATION
country::IND,observation::IND::SE.PRM.CUAT.FE.ZS::2022,HAS_OBSERVATION
country::IND,observation::IND::SE.PRM.AGES::2022,HAS_OBSERVATION
country::IND,observation::IND::SE.PRE.DURS::2022,HAS_OBSERVATION
country::IND,observation::IND::SE.ADT.LITR.MA.ZS::2022,HAS_OBSERVATION
country::IND,observation::IND::SE.ADT.1524.LT.FM.ZS::2022,HAS_OBSERVATION
country::IND,observation::IND::PA.NUS.PPP::2022,HAS_OBSERVATION
country::IND,observation::IND::NY.TTF.GNFS.KN::2022,HAS_OBSERVATION
country::IND,observation::IND::NY.TAX.NIND.KN::2022,HAS_OBSERVATION
country::IND,observation::IND::NY.GSR.NFCY.CN::2022,HAS_OBSERVATION
country::IND,observation::IND::NY.GNS.ICTR.CN::2022,HAS_OBSERVATION
country::IND,observation::IND::NY.GNP.PCAP.KN::2022,HAS_OBSERVATION
country::IND,observation::IND::SE.SEC.TCAQ.MA.ZS::2022,HAS_OBSERVATION
country::IND,observation::IND::SE.SEC.TCAQ.FE.ZS::2022,HAS_OBSERVATION
country::IND,observation::IND::SE.SEC.ENRR.MA::2022,HAS_OBSERVATION
country::IND,observation::IND::SE.SEC.DURS::2022,HAS_OBSERVATION
country::IND,observation::IND::SE.SEC.CUAT.PO.ZS::2022,HAS_OBSERVATION
country::IND,observation::IND::SE.SEC.CUAT.LO.MA.ZS::2022,HAS_OBSERVATION
country::IND,observation::IND::SE.SEC.CMPT.LO.FE.ZS::2022,HAS_OBSERVATION
country::IND,observation::IND::SE.PRM.TCHR::2022,HAS_OBSERVATION
country::IND,observation::IND::SE.PRM.ENRR::2022,HAS_OBSERVATION
country::IND,observation::IND::SE.PRM.DURS::2022,HAS_OBSERVATION
country::IND,observation::IND::SE.PRE.TCAQ.ZS::2022,HAS_OBSERVATION
country::IND,observation::IND::SE.ADT.LITR.FE.ZS::2022,HAS_OBSERVATION
country::IND,observation::IND::SE.ADT.1524.LT.FE.ZS::2022,HAS_OBSERVATION
country::IND,observation::IND::PA.NUS.GDP.PLI::2022,HAS_OBSERVATION
country::IND,observation::IND::NY.TAX.NIND.CN::2022,HAS_OBSERVATION
country::IND,observation::IND::NY.GSR.NFCY.CD::2022,HAS_OBSERVATION
country::IND,observation::IND::SE.TER.CUAT.MS.MA.ZS::2022,HAS_OBSERVATION
country::IND,observation::IND::SE.SEC.UNER.LO.ZS::2022,HAS_OBSERVATION
country::IND,observation::IND::SE.SEC.TCHR.FE::2022,HAS_OBSERVATION
country::IND,observation::IND::SE.SEC.TCAQ.UP.MA.ZS::2022,HAS_OBSERVATION
country::IND,observation::IND::SE.SEC.TCAQ.LO.MA.ZS::2022,HAS_OBSERVATION
country::IND,observation::IND::SE.SEC.ENRR::2022,HAS_OBSERVATION
country::IND,observation::IND::SE.SEC.CUAT.UP.MA.ZS::2022,HAS_OBSERVATION
country::IND,observation::IND::SE.SEC.CUAT.PO.FE.ZS::2022,HAS_OBSERVATION
country::IND,observation::IND::SE.SEC.CMPT.LO.ZS::2022,HAS_OBSERVATION
country::IND,observation::IND::SE.PRM.UNER.ZS::2022,HAS_OBSERVATION
country::IND,observation::IND::SE.PRM.TCAQ.MA.ZS::2022,HAS_OBSERVATION
country::IND,observation::IND::SE.PRM.ENRR.MA::2022,HAS_OBSERVATION
country::IND,observation::IND::SE.PRM.CUAT.MA.ZS::2022,HAS_OBSERVATION
country::IND,observation::IND::SE.PRE.TCAQ.FE.ZS::2022,HAS_OBSERVATION
country::IND,observation::IND::SE.ADT.LITR.ZS::2022,HAS_OBSERVATION
country::IND,observation::IND::SE.ADT.1524.LT.MA.ZS::2022,HAS_OBSERVATION
country::IND,observation::IND::PA.NUS.PRVT.PLI::2022,HAS_OBSERVATION
country::IND,observation::IND::PA.NUS.ATLS::2022,HAS_OBSERVATION
country::IND,observation::IND::NY.TRF.NCTR.CD::2022,HAS_OBSERVATION
country::IND,observation::IND::SE.SEC.ENRR.FE::2022,HAS_OBSERVATION
country::IND,observation::IND::SE.SEC.CUAT.UP.ZS::2022,HAS_OBSERVATION
country::IND,observation::IND::SE.SEC.CUAT.PO.MA.ZS::2022,HAS_OBSERVATION
country::IND,observation::IND::SE.SEC.CUAT.LO.FE.ZS::2022,HAS_OBSERVATION
country::IND,observation::IND::SE.SEC.AGES::2022,HAS_OBSERVATION
country::IND,observation::IND::SE.PRM.TCAQ.ZS::2022,HAS_OBSERVATION
country::IND,observation::IND::SE.PRM.CUAT.ZS::2022,HAS_OBSERVATION
country::IND,observation::IND::SE.PRE.TCAQ.MA.ZS::2022,HAS_OBSERVATION
country::IND,observation::IND::SE.ENR.TERT.FM.ZS::2022,HAS_OBSERVATION
country::IND,observation::IND::SE.COM.DURS::2022,HAS_OBSERVATION
country::IND,observation::IND::SE.ADT.1524.LT.ZS::2022,HAS_OBSERVATION
country::IND,observation::IND::PA.NUS.PRVT.PP::2022,HAS_OBSERVATION
country::IND,observation::IND::PA.NUS.FCRF::2022,HAS_OBSERVATION
country::IND,observation::IND::NY.TRF.NCTR.CN::2022,HAS_OBSERVATION
country::IND,observation::IND::NY.TAX.NIND.CD::2022,HAS_OBSERVATION
country::IND,observation::IND::NY.GNS.ICTR.ZS::2022,HAS_OBSERVATION
country::IND,observation::IND::NY.GNP.PCAP.CD::2022,HAS_OBSERVATION
country::IND,observation::IND::NY.GNP.MKTP.KD.ZG::2022,HAS_OBSERVATION
country::IND,observation::IND::NY.GNP.MKTP.CD::2022,HAS_OBSERVATION
country::IND,observation::IND::NY.GDS.TOTL.CN::2022,HAS_OBSERVATION
country::IND,observation::IND::NY.GDP.PCAP.PP.KD::2022,HAS_OBSERVATION
country::IND,observation::IND::NY.GDP.PCAP.KD::2022,HAS_OBSERVATION
country::IND,observation::IND::NY.GDP.MKTP.PP.KD::2022,HAS_OBSERVATION
country::IND,observation::IND::NY.GDP.MKTP.KD::2022,HAS_OBSERVATION
country::IND,observation::IND::NY.GDP.FCST.CN::2022,HAS_OBSERVATION
country::IND,observation::IND::NY.GDP.DEFL.ZS.AD::2022,HAS_OBSERVATION
country::IND,observation::IND::NV.SRV.TOTL.KD.ZG::2022,HAS_OBSERVATION
country::IND,observation::IND::NV.SRV.EMPL.KD::2022,HAS_OBSERVATION
country::IND,observation::IND::NV.MNF.MTRN.ZS.UN::2022,HAS_OBSERVATION
country::IND,observation::IND::NV.IND.TOTL.KN::2022,HAS_OBSERVATION
country::IND,observation::IND::NV.IND.TOTL.CD::2022,HAS_OBSERVATION
country::IND,observation::IND::NV.IND.MANF.KD::2022,HAS_OBSERVATION
country::IND,observation::IND::NV.AGR.TOTL.KD.ZG::2022,HAS_OBSERVATION
country::IND,observation::IND::NV.AGR.EMPL.KD::2022,HAS_OBSERVATION
country::IND,observation::IND::NE.RSB.GNFS.CN::2022,HAS_OBSERVATION
country::IND,observation::IND::NE.IMP.GNFS.KD.ZG::2022,HAS_OBSERVATION
country::IND,observation::IND::NE.GDI.TOTL.ZS::2022,HAS_OBSERVATION
country::IND,observation::IND::NY.GNS.ICTR.CD::2022,HAS_OBSERVATION
country::IND,observation::IND::NY.GNP.PCAP.KD.ZG::2022,HAS_OBSERVATION
country::IND,observation::IND::NY.GNP.MKTP.PP.KD::2022,HAS_OBSERVATION
country::IND,observation::IND::NY.GNP.MKTP.KD::2022,HAS_OBSERVATION
country::IND,observation::IND::NY.GNP.ATLS.CD::2022,HAS_OBSERVATION
country::IND,observation::IND::NY.GDS.TOTL.CD::2022,HAS_OBSERVATION
country::IND,observation::IND::NY.GDP.PCAP.PP.CD::2022,HAS_OBSERVATION
country::IND,observation::IND::NY.GDP.PCAP.CN::2022,HAS_OBSERVATION
country::IND,observation::IND::NY.GDP.MKTP.PP.CD::2022,HAS_OBSERVATION
country::IND,observation::IND::NY.GDP.MKTP.CN.AD::2022,HAS_OBSERVATION
country::IND,observation::IND::NY.GDP.FCST.CD::2022,HAS_OBSERVATION
country::IND,observation::IND::NY.GDP.DEFL.ZS::2022,HAS_OBSERVATION
country::IND,observation::IND::NY.EXP.CAPM.KN::2022,HAS_OBSERVATION
country::IND,observation::IND::NV.SRV.TOTL.KD::2022,HAS_OBSERVATION
country::IND,observation::IND::NV.MNF.TXTL.ZS.UN::2022,HAS_OBSERVATION
country::IND,observation::IND::NV.MNF.FBTO.ZS.UN::2022,HAS_OBSERVATION
country::IND,observation::IND::NV.IND.TOTL.KD.ZG::2022,HAS_OBSERVATION
country::IND,observation::IND::NV.IND.MANF.ZS::2022,HAS_OBSERVATION
country::IND,observation::IND::NV.IND.MANF.CN::2022,HAS_OBSERVATION
country::IND,observation::IND::NV.AGR.TOTL.KD::2022,HAS_OBSERVATION
country::IND,observation::IND::NE.TRD.GNFS.ZS::2022,HAS_OBSERVATION
country::IND,observation::IND::NE.RSB.GNFS.CD::2022,HAS_OBSERVATION
country::IND,observation::IND::NY.GNS.ICTR.GN.ZS::2022,HAS_OBSERVATION
country::IND,observation::IND::NY.GNP.PCAP.PP.CD::2022,HAS_OBSERVATION
country::IND,observation::IND::NY.GNP.PCAP.CN::2022,HAS_OBSERVATION
country::IND,observation::IND::NY.GNP.MKTP.KN::2022,HAS_OBSERVATION
country::IND,observation::IND::NY.GNP.MKTP.CN::2022,HAS_OBSERVATION
country::IND,observation::IND::NY.GDS.TOTL.ZS::2022,HAS_OBSERVATION
country::IND,observation::IND::NY.GDP.PCAP.KD.ZG::2022,HAS_OBSERVATION
country::IND,observation::IND::NY.GDP.MKTP.KD.ZG::2022,HAS_OBSERVATION
country::IND,observation::IND::NY.GDP.MKTP.CD::2022,HAS_OBSERVATION
country::IND,observation::IND::NY.GDP.FCST.KD::2022,HAS_OBSERVATION
country::IND,observation::IND::NY.GDP.DISC.CN::2022,HAS_OBSERVATION
country::IND,observation::IND::NY.GDP.DEFL.KD.ZG::2022,HAS_OBSERVATION
country::IND,observation::IND::NV.SRV.TOTL.KN::2022,HAS_OBSERVATION
country::IND,observation::IND::NV.SRV.TOTL.CD::2022,HAS_OBSERVATION
country::IND,observation::IND::NV.MNF.OTHR.ZS.UN::2022,HAS_OBSERVATION
country::IND,observation::IND::NV.IND.TOTL.ZS::2022,HAS_OBSERVATION
country::IND,observation::IND::NV.IND.TOTL.CN::2022,HAS_OBSERVATION
country::IND,observation::IND::NV.IND.MANF.KD.ZG::2022,HAS_OBSERVATION
country::IND,observation::IND::NV.IND.EMPL.KD::2022,HAS_OBSERVATION
country::IND,observation::IND::NV.AGR.TOTL.KN::2022,HAS_OBSERVATION
country::IND,observation::IND::NV.AGR.TOTL.CD::2022,HAS_OBSERVATION
country::IND,observation::IND::NE.RSB.GNFS.KN::2022,HAS_OBSERVATION
country::IND,observation::IND::NE.IMP.GNFS.KN::2022,HAS_OBSERVATION
country::IND,observation::IND::NY.GNP.PCAP.PP.KD::2022,HAS_OBSERVATION
country::IND,observation::IND::NY.GNP.PCAP.KD::2022,HAS_OBSERVATION
country::IND,observation::IND::NY.GNP.MKTP.PP.CD::2022,HAS_OBSERVATION
country::IND,observation::IND::NY.GNP.MKTP.CN.AD::2022,HAS_OBSERVATION
country::IND,observation::IND::NY.GDY.TOTL.KN::2022,HAS_OBSERVATION
country::IND,observation::IND::NY.GDP.PCAP.KN::2022,HAS_OBSERVATION
country::IND,observation::IND::NY.GDP.PCAP.CD::2022,HAS_OBSERVATION
country::IND,observation::IND::NY.GDP.MKTP.KN::2022,HAS_OBSERVATION
country::IND,observation::IND::NY.GDP.MKTP.CN::2022,HAS_OBSERVATION
country::IND,observation::IND::NY.GDP.FCST.KN::2022,HAS_OBSERVATION
country::IND,observation::IND::NY.GDP.DISC.KN::2022,HAS_OBSERVATION
country::IND,observation::IND::NY.GDP.DEFL.KD.ZG.AD::2022,HAS_OBSERVATION
country::IND,observation::IND::NV.SRV.TOTL.ZS::2022,HAS_OBSERVATION
country::IND,observation::IND::NV.SRV.TOTL.CN::2022,HAS_OBSERVATION
country::IND,observation::IND::NV.MNF.TECH.ZS.UN::2022,HAS_OBSERVATION
country::IND,observation::IND::NV.MNF.CHEM.ZS.UN::2022,HAS_OBSERVATION
country::IND,observation::IND::NV.IND.TOTL.KD::2022,HAS_OBSERVATION
country::IND,observation::IND::NV.IND.MANF.KN::2022,HAS_OBSERVATION
country::IND,observation::IND::NV.IND.MANF.CD::2022,HAS_OBSERVATION
country::IND,observation::IND::NV.AGR.TOTL.ZS::2022,HAS_OBSERVATION
country::IND,observation::IND::NE.GDI.TOTL.CN::2022,HAS_OBSERVATION
country::IND,observation::IND::NE.GDI.STKB.CD::2022,HAS_OBSERVATION
country::IND,observation::IND::NE.GDI.FTOT.KD::2022,HAS_OBSERVATION
country::IND,observation::IND::NE.GDI.FPRV.CN::2022,HAS_OBSERVATION
country::IND,observation::IND::NE.EXP.GNFS.KD::2022,HAS_OBSERVATION
country::IND,observation::IND::NE.DAB.TOTL.KN::2022,HAS_OBSERVATION
country::IND,observation::IND::NE.DAB.DEFL.ZS::2022,HAS_OBSERVATION
country::IND,observation::IND::NE.CON.TOTL.KD::2022,HAS_OBSERVATION
country::IND,observation::IND::NE.CON.PRVT.PP.KD::2022,HAS_OBSERVATION
country::IND,observation::IND::NE.CON.PRVT.KN::2022,HAS_OBSERVATION
country::IND,observation::IND::NE.CON.PRVT.CN::2022,HAS_OBSERVATION
country::IND,observation::IND::NE.CON.GOVT.ZS::2022,HAS_OBSERVATION
country::IND,observation::IND::NE.CON.GOVT.CN::2022,HAS_OBSERVATION
country::IND,observation::IND::MS.MIL.XPND.GD.ZS::2022,HAS_OBSERVATION
country::IND,observation::IND::LP.LPI.OVRL.XQ::2022,HAS_OBSERVATION
country::IND,observation::IND::LP.LPI.CUST.XQ::2022,HAS_OBSERVATION
country::IND,observation::IND::IT.NET.BBND.P2::2022,HAS_OBSERVATION
country::IND,observation::IND::IT.CEL.SETS.P2::2022,HAS_OBSERVATION
country::IND,observation::IND::IS.AIR.GOOD.MT.K1::2022,HAS_OBSERVATION
country::IND,observation::IND::IQ.SPI.PIL3::2022,HAS_OBSERVATION
country::IND,observation::IND::NE.IMP.GNFS.KD::2022,HAS_OBSERVATION
country::IND,observation::IND::NE.GDI.TOTL.KN::2022,HAS_OBSERVATION
country::IND,observation::IND::NE.GDI.TOTL.CD::2022,HAS_OBSERVATION
country::IND,observation::IND::NE.GDI.FTOT.ZS::2022,HAS_OBSERVATION
country::IND,observation::IND::NE.GDI.FTOT.CN::2022,HAS_OBSERVATION
country::IND,observation::IND::NE.EXP.GNFS.ZS::2022,HAS_OBSERVATION
country::IND,observation::IND::NE.EXP.GNFS.CN::2022,HAS_OBSERVATION
country::IND,observation::IND::NE.DAB.TOTL.KD::2022,HAS_OBSERVATION
country::IND,observation::IND::NE.CON.TOTL.ZS::2022,HAS_OBSERVATION
country::IND,observation::IND::NE.CON.TOTL.CN::2022,HAS_OBSERVATION
country::IND,observation::IND::NE.CON.PRVT.PP.CD::2022,HAS_OBSERVATION
country::IND,observation::IND::NE.CON.PRVT.KD.ZG::2022,HAS_OBSERVATION
country::IND,observation::IND::NE.CON.PRVT.CD::2022,HAS_OBSERVATION
country::IND,observation::IND::NE.CON.GOVT.KN::2022,HAS_OBSERVATION
country::IND,observation::IND::NE.CON.GOVT.CD::2022,HAS_OBSERVATION
country::IND,observation::IND::MS.MIL.XPND.CN::2022,HAS_OBSERVATION
country::IND,observation::IND::MS.MIL.MPRT.KD::2022,HAS_OBSERVATION
country::IND,observation::IND::LP.LPI.LOGS.XQ::2022,HAS_OBSERVATION
country::IND,observation::IND::IT.NET.BBND::2022,HAS_OBSERVATION
country::IND,observation::IND::IT.CEL.SETS::2022,HAS_OBSERVATION
country::IND,observation::IND::IS.AIR.DPRT::2022,HAS_OBSERVATION
country::IND,observation::IND::IQ.SPI.PIL2::2022,HAS_OBSERVATION
country::IND,observation::IND::NE.IMP.GNFS.CD::2022,HAS_OBSERVATION
country::IND,observation::IND::NE.GDI.TOTL.KD::2022,HAS_OBSERVATION
country::IND,observation::IND::NE.GDI.STKB.CN::2022,HAS_OBSERVATION
country::IND,observation::IND::NE.GDI.FTOT.KD.ZG::2022,HAS_OBSERVATION
country::IND,observation::IND::NE.GDI.FPRV.ZS::2022,HAS_OBSERVATION
country::IND,observation::IND::NE.EXP.GNFS.KD.ZG::2022,HAS_OBSERVATION
country::IND,observation::IND::NE.DAB.TOTL.ZS::2022,HAS_OBSERVATION
country::IND,observation::IND::NE.DAB.TOTL.CD::2022,HAS_OBSERVATION
country::IND,observation::IND::NE.CON.TOTL.KD.ZG::2022,HAS_OBSERVATION
country::IND,observation::IND::NE.CON.PRVT.ZS::2022,HAS_OBSERVATION
country::IND,observation::IND::NE.CON.PRVT.PC.KD::2022,HAS_OBSERVATION
country::IND,observation::IND::NE.CON.PRVT.CN.AD::2022,HAS_OBSERVATION
country::IND,observation::IND::NE.CON.PCAP.PP.CD::2022,HAS_OBSERVATION
country::IND,observation::IND::NE.CON.GOVT.KD::2022,HAS_OBSERVATION
country::IND,observation::IND::MS.MIL.XPND.ZS::2022,HAS_OBSERVATION
country::IND,observation::IND::LP.LPI.TIME.XQ::2022,HAS_OBSERVATION
country::IND,observation::IND::LP.LPI.INFR.XQ::2022,HAS_OBSERVATION
country::IND,observation::IND::IT.NET.USER.ZS::2022,HAS_OBSERVATION
country::IND,observation::IND::IT.NET.SECR::2022,HAS_OBSERVATION
country::IND,observation::IND::IT.MLT.MAIN::2022,HAS_OBSERVATION
country::IND,observation::IND::IS.AIR.PSGR::2022,HAS_OBSERVATION
country::IND,observation::IND::IQ.SPI.PIL4::2022,HAS_OBSERVATION
country::IND,observation::IND::IQ.SPI.OVRL::2022,HAS_OBSERVATION
country::IND,observation::IND::NV.AGR.TOTL.CN::2022,HAS_OBSERVATION
country::IND,observation::IND::NE.RSB.GNFS.ZS::2022,HAS_OBSERVATION
country::IND,observation::IND::NE.IMP.GNFS.ZS::2022,HAS_OBSERVATION
country::IND,observation::IND::NE.IMP.GNFS.CN::2022,HAS_OBSERVATION
country::IND,observation::IND::NE.GDI.TOTL.KD.ZG::2022,HAS_OBSERVATION
country::IND,observation::IND::NE.GDI.STKB.KN::2022,HAS_OBSERVATION
country::IND,observation::IND::NE.GDI.FTOT.KN::2022,HAS_OBSERVATION
country::IND,observation::IND::NE.GDI.FTOT.CD::2022,HAS_OBSERVATION
country::IND,observation::IND::NE.EXP.GNFS.KN::2022,HAS_OBSERVATION
country::IND,observation::IND::NE.EXP.GNFS.CD::2022,HAS_OBSERVATION
country::IND,observation::IND::NE.DAB.TOTL.CN::2022,HAS_OBSERVATION
country::IND,observation::IND::NE.CON.TOTL.KN::2022,HAS_OBSERVATION
country::IND,observation::IND::NE.CON.TOTL.CD::2022,HAS_OBSERVATION
country::IND,observation::IND::NE.CON.PRVT.PC.KD.ZG::2022,HAS_OBSERVATION
country::IND,observation::IND::NE.CON.PRVT.KD::2022,HAS_OBSERVATION
country::IND,observation::IND::NE.CON.PCAP.PP.KD::2022,HAS_OBSERVATION
country::IND,observation::IND::NE.CON.GOVT.KD.ZG::2022,HAS_OBSERVATION
country::IND,observation::IND::MS.MIL.XPRT.KD::2022,HAS_OBSERVATION
country::IND,observation::IND::MS.MIL.XPND.CD::2022,HAS_OBSERVATION
country::IND,observation::IND::LP.LPI.TRAC.XQ::2022,HAS_OBSERVATION
country::IND,observation::IND::LP.LPI.ITRN.XQ::2022,HAS_OBSERVATION
country::IND,observation::IND::IT.NET.SECR.P6::2022,HAS_OBSERVATION
country::IND,observation::IND::IT.MLT.MAIN.P2::2022,HAS_OBSERVATION
country::IND,observation::IND::IS.SHP.GOOD.TU::2022,HAS_OBSERVATION
country::IND,observation::IND::IQ.SPI.PIL5::2022,HAS_OBSERVATION
country::IND,observation::IND::IQ.SPI.PIL1::2022,HAS_OBSERVATION
country::IND,observation::IND::VC.IHR.PSRC.P5::2022,HAS_OBSERVATION
country::IND,observation::IND::VC.IDP.NWCV::2022,HAS_OBSERVATION
country::IND,observation::IND::TX.VAL.TECH.MF.ZS::2022,HAS_OBSERVATION
country::IND,observation::IND::TX.VAL.MRCH.XD.WD::2022,HAS_OBSERVATION
country::IND,observation::IND::TX.VAL.MRCH.R6.ZS::2022,HAS_OBSERVATION
country::IND,observation::IND::TX.VAL.MRCH.R2.ZS::2022,HAS_OBSERVATION
country::IND,observation::IND::TX.VAL.MRCH.CD.WT::2022,HAS_OBSERVATION
country::IND,observation::IND::TX.VAL.INSF.ZS.WT::2022,HAS_OBSERVATION
country::IND,observation::IND::TX.VAL.AGRI.ZS.UN::2022,HAS_OBSERVATION
country::IND,observation::IND::TT.PRI.MRCH.XD.WD::2022,HAS_OBSERVATION
country::IND,observation::IND::TM.VAL.OTHR.ZS.WT::2022,HAS_OBSERVATION
country::IND,observation::IND::TM.VAL.MRCH.RS.ZS::2022,HAS_OBSERVATION
country::IND,observation::IND::TM.VAL.MRCH.R3.ZS::2022,HAS_OBSERVATION
country::IND,observation::IND::TM.VAL.MRCH.HI.ZS::2022,HAS_OBSERVATION
country::IND,observation::IND::TM.VAL.MANF.ZS.UN::2022,HAS_OBSERVATION
country::IND,observation::IND::TM.VAL.FOOD.ZS.UN::2022,HAS_OBSERVATION
country::IND,observation::IND::TM.TAX.TCOM.WM.AR.ZS::2022,HAS_OBSERVATION
country::IND,observation::IND::TM.TAX.TCOM.BC.ZS::2022,HAS_OBSERVATION
country::IND,observation::IND::TM.TAX.MRCH.SM.AR.ZS::2022,HAS_OBSERVATION
country::IND,observation::IND::TM.TAX.MANF.WM.AR.ZS::2022,HAS_OBSERVATION
country::IND,observation::IND::TM.TAX.MANF.BC.ZS::2022,HAS_OBSERVATION
country::IND,observation::IND::SP.URB.GROW::2022,HAS_OBSERVATION
country::IND,observation::IND::SP.POP.TOTL.FE.ZS::2022,HAS_OBSERVATION
country::IND,observation::IND::SP.POP.DPND::2022,HAS_OBSERVATION
country::IND,observation::IND::SP.POP.7579.MA.5Y::2022,HAS_OBSERVATION
country::IND,observation::IND::SP.POP.65UP.TO.ZS::2022,HAS_OBSERVATION
country::IND,observation::IND::SP.POP.65UP.FE.ZS::2022,HAS_OBSERVATION
country::IND,observation::IND::SP.POP.6064.MA.5Y::2022,HAS_OBSERVATION
country::IND,observation::IND::SP.POP.5054.MA.5Y::2022,HAS_OBSERVATION
country::IND,observation::IND::SP.POP.4044.MA.5Y::2022,HAS_OBSERVATION
country::IND,observation::IND::SP.POP.3034.MA.5Y::2022,HAS_OBSERVATION
country::IND,observation::IND::SP.POP.2024.MA.5Y::2022,HAS_OBSERVATION
country::IND,observation::IND::SP.POP.1564.MA.ZS::2022,HAS_OBSERVATION
country::IND,observation::IND::SP.POP.1519.MA.5Y::2022,HAS_OBSERVATION
country::IND,observation::IND::SP.POP.0509.MA.5Y::2022,HAS_OBSERVATION
country::IND,observation::IND::SP.POP.0014.MA.ZS::2022,HAS_OBSERVATION
country::IND,observation::IND::SP.POP.0004.MA.5Y::2022,HAS_OBSERVATION
country::IND,observation::IND::SP.DYN.TO65.FE.ZS::2022,HAS_OBSERVATION
country::IND,observation::IND::SP.DYN.LE00.FE.IN::2022,HAS_OBSERVATION
country::IND,observation::IND::SP.DYN.AMRT.MA::2022,HAS_OBSERVATION
country::IND,observation::IND::DT.NFL.WHOL.CD::2022,HAS_OBSERVATION
country::IND,observation::IND::DT.NFL.UNDP.CD::2022,HAS_OBSERVATION
country::IND,observation::IND::DT.NFL.UNCF.CD::2022,HAS_OBSERVATION
country::IND,observation::IND::DT.NFL.PROP.CD::2022,HAS_OBSERVATION
country::IND,observation::IND::DT.NFL.PCBK.CD::2022,HAS_OBSERVATION
country::IND,observation::IND::DT.NFL.MOTH.CD::2022,HAS_OBSERVATION
country::IND,observation::IND::DT.NFL.IMFN.CD::2022,HAS_OBSERVATION
country::IND,observation::IND::DT.NFL.BOND.CD::2022,HAS_OBSERVATION
country::IND,observation::IND::VC.IHR.PSRC.MA.P5::2022,HAS_OBSERVATION
country::IND,observation::IND::VC.BTL.DETH::2022,HAS_OBSERVATION
country::IND,observation::IND::TX.VAL.TECH.CD::2022,HAS_OBSERVATION
country::IND,observation::IND::TX.VAL.MRCH.WR.ZS::2022,HAS_OBSERVATION
country::IND,observation::IND::TX.VAL.MRCH.R5.ZS::2022,HAS_OBSERVATION
country::IND,observation::IND::TX.VAL.MRCH.R1.ZS::2022,HAS_OBSERVATION
country::IND,observation::IND::TX.VAL.MRCH.AL.ZS::2022,HAS_OBSERVATION
country::IND,observation::IND::TX.VAL.ICTG.ZS.UN::2022,HAS_OBSERVATION
country::IND,observation::IND::TX.UVI.MRCH.XD.WD::2022,HAS_OBSERVATION
country::IND,observation::IND::TM.VAL.TRVL.ZS.WT::2022,HAS_OBSERVATION
country::IND,observation::IND::TM.VAL.MRCH.XD.WD::2022,HAS_OBSERVATION
country::IND,observation::IND::TM.VAL.MRCH.R6.ZS::2022,HAS_OBSERVATION
country::IND,observation::IND::TM.VAL.MRCH.R2.ZS::2022,HAS_OBSERVATION
country::IND,observation::IND::TM.VAL.MRCH.CD.WT::2022,HAS_OBSERVATION
country::IND,observation::IND::TM.VAL.INSF.ZS.WT::2022,HAS_OBSERVATION
country::IND,observation::IND::TM.VAL.AGRI.ZS.UN::2022,HAS_OBSERVATION
country::IND,observation::IND::TM.TAX.TCOM.SM.FN.ZS::2022,HAS_OBSERVATION
country::IND,observation::IND::TM.TAX.MRCH.WM.FN.ZS::2022,HAS_OBSERVATION
country::IND,observation::IND::TM.TAX.MANF.SM.FN.ZS::2022,HAS_OBSERVATION
country::IND,observation::IND::TM.QTY.MRCH.XD.WD::2022,HAS_OBSERVATION
country::IND,observation::IND::SP.RUR.TOTL.ZS::2022,HAS_OBSERVATION
country::IND,observation::IND::SP.POP.TOTL.FE.IN::2022,HAS_OBSERVATION
country::IND,observation::IND::SP.POP.GROW::2022,HAS_OBSERVATION
country::IND,observation::IND::SP.POP.BRTH.MF::2022,HAS_OBSERVATION
country::IND,observation::IND::SP.POP.7579.FE.5Y::2022,HAS_OBSERVATION
country::IND,observation::IND::SP.POP.65UP.TO::2022,HAS_OBSERVATION
country::IND,observation::IND::SP.POP.65UP.FE.IN::2022,HAS_OBSERVATION
country::IND,observation::IND::SP.POP.6064.FE.5Y::2022,HAS_OBSERVATION
country::IND,observation::IND::SP.POP.5054.FE.5Y::2022,HAS_OBSERVATION
country::IND,observation::IND::SP.POP.4044.FE.5Y::2022,HAS_OBSERVATION
country::IND,observation::IND::SP.POP.3034.FE.5Y::2022,HAS_OBSERVATION
country::IND,observation::IND::SP.POP.2024.FE.5Y::2022,HAS_OBSERVATION
country::IND,observation::IND::SP.POP.1564.MA.IN::2022,HAS_OBSERVATION
country::IND,observation::IND::SP.POP.1519.FE.5Y::2022,HAS_OBSERVATION
country::IND,observation::IND::SP.POP.0509.FE.5Y::2022,HAS_OBSERVATION
country::IND,observation::IND::SP.POP.0014.MA.IN::2022,HAS_OBSERVATION
country::IND,observation::IND::SP.POP.0004.FE.5Y::2022,HAS_OBSERVATION
country::IND,observation::IND::SP.DYN.TFRT.IN::2022,HAS_OBSERVATION
country::IND,observation::IND::SP.DYN.IMRT.MA.IN::2022,HAS_OBSERVATION
country::IND,observation::IND::SP.DYN.AMRT.FE::2022,HAS_OBSERVATION
country::IND,observation::IND::SM.POP.RHCR.EA::2022,HAS_OBSERVATION
country::IND,observation::IND::SM.POP.IDPC::2022,HAS_OBSERVATION
country::IND,observation::IND::SL.UEM.TOTL.NE.ZS::2022,HAS_OBSERVATION
country::IND,observation::IND::DT.NFL.WFPG.CD::2022,HAS_OBSERVATION
country::IND,observation::IND::DT.NFL.UNFP.CD::2022,HAS_OBSERVATION
country::IND,observation::IND::DT.NFL.UNCV.CD::2022,HAS_OBSERVATION
country::IND,observation::IND::DT.NFL.RDBN.CD::2022,HAS_OBSERVATION
country::IND,observation::IND::DT.NFL.PNGC.CD::2022,HAS_OBSERVATION
country::IND,observation::IND::DT.NFL.PBND.CD::2022,HAS_OBSERVATION
country::IND,observation::IND::DT.NFL.MLAT.CD::2022,HAS_OBSERVATION
country::IND,observation::IND::DT.NFL.IMFC.CD::2022,HAS_OBSERVATION
country::IND,observation::IND::DT.NFL.FAOG.CD::2022,HAS_OBSERVATION
country::IND,observation::IND::DT.NFL.BLAT.CD::2022,HAS_OBSERVATION
country::IND,observation::IND::DT.DOD.MWBG.CD::2022,HAS_OBSERVATION
country::IND,observation::IND::DT.DOD.DSTC.XP.ZS::2022,HAS_OBSERVATION
country::IND,observation::IND::DT.DOD.DPNG.CD::2022,HAS_OBSERVATION
country::IND,observation::IND::DT.DOD.DECT.CD::2022,HAS_OBSERVATION
country::IND,observation::IND::VC.IDP.NWDS::2022,HAS_OBSERVATION
country::IND,observation::IND::TX.VAL.TRAN.ZS.WT::2022,HAS_OBSERVATION
country::IND,observation::IND::TX.VAL.OTHR.ZS.WT::2022,HAS_OBSERVATION
country::IND,observation::IND::TX.VAL.MRCH.RS.ZS::2022,HAS_OBSERVATION
country::IND,observation::IND::TX.VAL.MRCH.R3.ZS::2022,HAS_OBSERVATION
country::IND,observation::IND::TX.VAL.MRCH.HI.ZS::2022,HAS_OBSERVATION
country::IND,observation::IND::TX.VAL.MANF.ZS.UN::2022,HAS_OBSERVATION
country::IND,observation::IND::TX.VAL.FOOD.ZS.UN::2022,HAS_OBSERVATION
country::IND,observation::IND::TX.MNF.TECH.ZS.UN::2022,HAS_OBSERVATION
country::IND,observation::IND::TM.VAL.SERV.CD.WT::2022,HAS_OBSERVATION
country::IND,observation::IND::TM.VAL.MRCH.WL.CD::2022,HAS_OBSERVATION
country::IND,observation::IND::TM.VAL.MRCH.R4.ZS::2022,HAS_OBSERVATION
country::IND,observation::IND::TM.VAL.MRCH.OR.ZS::2022,HAS_OBSERVATION
country::IND,observation::IND::TM.VAL.MMTL.ZS.UN::2022,HAS_OBSERVATION
country::IND,observation::IND::TM.VAL.FUEL.ZS.UN::2022,HAS_OBSERVATION
country::IND,observation::IND::TM.TAX.TCOM.WM.FN.ZS::2022,HAS_OBSERVATION
country::IND,observation::IND::TM.TAX.MRCH.SM.FN.ZS::2022,HAS_OBSERVATION
country::IND,observation::IND::TM.TAX.MANF.WM.FN.ZS::2022,HAS_OBSERVATION
country::IND,observation::IND::SP.URB.TOTL::2022,HAS_OBSERVATION
country::IND,observation::IND::SP.RUR.TOTL::2022,HAS_OBSERVATION
country::IND,observation::IND::SP.POP.TOTL.MA.IN::2022,HAS_OBSERVATION
country::IND,observation::IND::SP.POP.DPND.OL::2022,HAS_OBSERVATION
country::IND,observation::IND::SP.POP.80UP.FE.5Y::2022,HAS_OBSERVATION
country::IND,observation::IND::SP.POP.7074.FE.5Y::2022,HAS_OBSERVATION
country::IND,observation::IND::SP.POP.65UP.MA.IN::2022,HAS_OBSERVATION
country::IND,observation::IND::SP.POP.6569.FE.5Y::2022,HAS_OBSERVATION
country::IND,observation::IND::SP.POP.5559.FE.5Y::2022,HAS_OBSERVATION
country::IND,observation::IND::SP.POP.4549.FE.5Y::2022,HAS_OBSERVATION
country::IND,observation::IND::SP.POP.3539.FE.5Y::2022,HAS_OBSERVATION
country::IND,observation::IND::SP.POP.2529.FE.5Y::2022,HAS_OBSERVATION
country::IND,observation::IND::SP.POP.1564.TO::2022,HAS_OBSERVATION
country::IND,observation::IND::SP.POP.1564.FE.IN::2022,HAS_OBSERVATION
country::IND,observation::IND::SP.POP.1014.FE.5Y::2022,HAS_OBSERVATION
country::IND,observation::IND::SP.POP.0014.TO::2022,HAS_OBSERVATION
country::IND,observation::IND::SP.POP.0014.FE.IN::2022,HAS_OBSERVATION
country::IND,observation::IND::SP.DYN.TO65.MA.ZS::2022,HAS_OBSERVATION
country::IND,observation::IND::SP.DYN.LE00.IN::2022,HAS_OBSERVATION
country::IND,observation::IND::SP.DYN.IMRT.FE.IN::2022,HAS_OBSERVATION
country::IND,observation::IND::SP.DYN.CBRT.IN::2022,HAS_OBSERVATION
country::IND,observation::IND::SN.ITK.DEFC.ZS::2022,HAS_OBSERVATION
country::IND,observation::IND::DT.NFL.WITC.CD::2022,HAS_OBSERVATION
country::IND,observation::IND::DT.NFL.UNWN.CD::2022,HAS_OBSERVATION
country::IND,observation::IND::DT.NFL.UNIDO.CD::2022,HAS_OBSERVATION
country::IND,observation::IND::DT.NFL.UNCR.CD::2022,HAS_OBSERVATION
country::IND,observation::IND::DT.NFL.SPRP.CD::2022,HAS_OBSERVATION
country::IND,observation::IND::DT.NFL.PRVT.CD::2022,HAS_OBSERVATION
country::IND,observation::IND::DT.NFL.PCBO.CD::2022,HAS_OBSERVATION
country::IND,observation::IND::DT.NFL.NIFC.CD::2022,HAS_OBSERVATION
country::IND,observation::IND::DT.NFL.MIBR.CD::2022,HAS_OBSERVATION
country::IND,observation::IND::VC.IHR.PSRC.FE.P5::2022,HAS_OBSERVATION
country::IND,observation::IND::TX.VAL.TRVL.ZS.WT::2022,HAS_OBSERVATION
country::IND,observation::IND::TX.VAL.SERV.CD.WT::2022,HAS_OBSERVATION
country::IND,observation::IND::TX.VAL.MRCH.WL.CD::2022,HAS_OBSERVATION
country::IND,observation::IND::TX.VAL.MRCH.R4.ZS::2022,HAS_OBSERVATION
country::IND,observation::IND::TX.VAL.MRCH.OR.ZS::2022,HAS_OBSERVATION
country::IND,observation::IND::TX.VAL.MMTL.ZS.UN::2022,HAS_OBSERVATION
country::IND,observation::IND::TX.VAL.FUEL.ZS.UN::2022,HAS_OBSERVATION
country::IND,observation::IND::TX.QTY.MRCH.XD.WD::2022,HAS_OBSERVATION
country::IND,observation::IND::TM.VAL.TRAN.ZS.WT::2022,HAS_OBSERVATION
country::IND,observation::IND::TM.VAL.MRCH.WR.ZS::2022,HAS_OBSERVATION
country::IND,observation::IND::TM.VAL.MRCH.R5.ZS::2022,HAS_OBSERVATION
country::IND,observation::IND::TM.VAL.MRCH.R1.ZS::2022,HAS_OBSERVATION
country::IND,observation::IND::TM.VAL.MRCH.AL.ZS::2022,HAS_OBSERVATION
country::IND,observation::IND::TM.VAL.ICTG.ZS.UN::2022,HAS_OBSERVATION
country::IND,observation::IND::TM.UVI.MRCH.XD.WD::2022,HAS_OBSERVATION
country::IND,observation::IND::TM.TAX.TCOM.SM.AR.ZS::2022,HAS_OBSERVATION
country::IND,observation::IND::TM.TAX.MRCH.WM.AR.ZS::2022,HAS_OBSERVATION
country::IND,observation::IND::TM.TAX.MRCH.BC.ZS::2022,HAS_OBSERVATION
country::IND,observation::IND::TM.TAX.MANF.SM.AR.ZS::2022,HAS_OBSERVATION
country::IND,observation::IND::TG.VAL.TOTL.GD.ZS::2022,HAS_OBSERVATION
country::IND,observation::IND::SP.URB.TOTL.IN.ZS::2022,HAS_OBSERVATION
country::IND,observation::IND::SP.RUR.TOTL.ZG::2022,HAS_OBSERVATION
country::IND,observation::IND::SP.POP.TOTL.MA.ZS::2022,HAS_OBSERVATION
country::IND,observation::IND::SP.POP.TOTL::2022,HAS_OBSERVATION
country::IND,observation::IND::SP.POP.DPND.YG::2022,HAS_OBSERVATION
country::IND,observation::IND::SP.POP.80UP.MA.5Y::2022,HAS_OBSERVATION
country::IND,observation::IND::SP.POP.7074.MA.5Y::2022,HAS_OBSERVATION
country::IND,observation::IND::SP.POP.65UP.MA.ZS::2022,HAS_OBSERVATION
country::IND,observation::IND::SP.POP.6569.MA.5Y::2022,HAS_OBSERVATION
country::IND,observation::IND::SP.POP.5559.MA.5Y::2022,HAS_OBSERVATION
country::IND,observation::IND::SP.POP.4549.MA.5Y::2022,HAS_OBSERVATION
country::IND,observation::IND::SP.POP.3539.MA.5Y::2022,HAS_OBSERVATION
country::IND,observation::IND::SP.POP.2529.MA.5Y::2022,HAS_OBSERVATION
country::IND,observation::IND::SP.POP.1564.TO.ZS::2022,HAS_OBSERVATION
country::IND,observation::IND::SP.POP.1564.FE.ZS::2022,HAS_OBSERVATION
country::IND,observation::IND::SP.POP.1014.MA.5Y::2022,HAS_OBSERVATION
country::IND,observation::IND::SP.POP.0014.TO.ZS::2022,HAS_OBSERVATION
country::IND,observation::IND::SP.POP.0014.FE.ZS::2022,HAS_OBSERVATION
country::IND,observation::IND::SP.DYN.LE00.MA.IN::2022,HAS_OBSERVATION
country::IND,observation::IND::SP.DYN.IMRT.IN::2022,HAS_OBSERVATION
country::IND,observation::IND::SP.DYN.CDRT.IN::2022,HAS_OBSERVATION
country::IND,observation::IND::SP.ADO.TFRT::2022,HAS_OBSERVATION
country::IND,observation::IND::SM.POP.FDIP::2022,HAS_OBSERVATION
country::IND,observation::IND::DT.ODA.ALLD.CD::2022,HAS_OBSERVATION
country::IND,observation::IND::DT.NFL.UNAI.CD::2022,HAS_OBSERVATION
country::IND,observation::IND::DT.NFL.PNGB.CD::2022,HAS_OBSERVATION
country::IND,observation::IND::DT.NFL.OFFT.CD::2022,HAS_OBSERVATION
country::IND,observation::IND::DT.NFL.MIDA.CD::2022,HAS_OBSERVATION
country::IND,observation::IND::DT.NFL.ILOG.CD::2022,HAS_OBSERVATION
country::IND,observation::IND::DT.NFL.DPNG.CD::2022,HAS_OBSERVATION
country::IND,observation::IND::IC.TAX.METG::2022,HAS_OBSERVATION
country::IND,observation::IND::IC.FRM.TRNG.ZS::2022,HAS_OBSERVATION
country::IND,observation::IND::IC.FRM.METG.ZS::2022,HAS_OBSERVATION
country::IND,observation::IND::IC.FRM.FEMO.ZS::2022,HAS_OBSERVATION
country::IND,observation::IND::IC.FRM.DURS::2022,HAS_OBSERVATION
country::IND,observation::IND::IC.FRM.BNKS.ZS::2022,HAS_OBSERVATION
country::IND,observation::IND::IC.ELC.DURS::2022,HAS_OBSERVATION
country::IND,observation::IND::IC.BUS.NDNS.ZS::2022,HAS_OBSERVATION
country::IND,observation::IND::GF.XPD.BUDG.ZS::2022,HAS_OBSERVATION
country::IND,observation::IND::GC.XPN.TRFT.ZS::2022,HAS_OBSERVATION
country::IND,observation::IND::GC.XPN.OTHR.ZS::2022,HAS_OBSERVATION
country::IND,observation::IND::GC.XPN.INTP.CN::2022,HAS_OBSERVATION
country::IND,observation::IND::GC.XPN.COMP.CN::2022,HAS_OBSERVATION
country::IND,observation::IND::GC.TAX.TOTL.GD.ZS::2022,HAS_OBSERVATION
country::IND,observation::IND::GC.TAX.INTT.RV.ZS::2022,HAS_OBSERVATION
country::IND,observation::IND::GC.TAX.GSRV.VA.ZS::2022,HAS_OBSERVATION
country::IND,observation::IND::GC.REV.SOCL.CN::2022,HAS_OBSERVATION
country::IND,observation::IND::GC.NLD.TOTL.CN::2022,HAS_OBSERVATION
country::IND,observation::IND::GC.LBL.TOTL.CN::2022,HAS_OBSERVATION
country::IND,observation::IND::GC.AST.TOTL.CN::2022,HAS_OBSERVATION
country::IND,observation::IND::FR.INR.RINR::2022,HAS_OBSERVATION
country::IND,observation::IND::FP.WPI.TOTL::2022,HAS_OBSERVATION
country::IND,observation::IND::FM.AST.PRVT.GD.ZS::2022,HAS_OBSERVATION
country::IND,observation::IND::IP.JRN.ARTC.SC::2022,HAS_OBSERVATION
country::IND,observation::IND::IE.PPN.TRAN.CD::2022,HAS_OBSERVATION
country::IND,observation::IND::IE.PPI.TRAN.CD::2022,HAS_OBSERVATION
country::IND,observation::IND::IC.TAX.GIFT.ZS::2022,HAS_OBSERVATION
country::IND,observation::IND::IC.FRM.LOTM.ZS::2022,HAS_OBSERVATION
country::IND,observation::IND::IC.FRM.FEMM.ZS::2022,HAS_OBSERVATION
country::IND,observation::IND::IC.FRM.CRDC.PT.ZS::2022,HAS_OBSERVATION
country::IND,observation::IND::IC.FRM.CMPU.ZS::2022,HAS_OBSERVATION
country::IND,observation::IND::IC.FRM.BNKL.ZS::2022,HAS_OBSERVATION
country::IND,observation::IND::IC.CUS.DURS.IM::2022,HAS_OBSERVATION
country::IND,observation::IND::GC.XPN.TRFT.CN::2022,HAS_OBSERVATION
country::IND,observation::IND::GC.XPN.OTHR.CN::2022,HAS_OBSERVATION
country::IND,observation::IND::GC.XPN.GSRV.ZS::2022,HAS_OBSERVATION
country::IND,observation::IND::GC.TAX.YPKG.ZS::2022,HAS_OBSERVATION
country::IND,observation::IND::GC.TAX.TOTL.CN::2022,HAS_OBSERVATION
country::IND,observation::IND::GC.TAX.INTT.CN::2022,HAS_OBSERVATION
country::IND,observation::IND::GC.TAX.GSRV.RV.ZS::2022,HAS_OBSERVATION
country::IND,observation::IND::GC.REV.XGRT.GD.ZS::2022,HAS_OBSERVATION
country::IND,observation::IND::GC.REV.GOTR.ZS::2022,HAS_OBSERVATION
country::IND,observation::IND::GC.NFN.TOTL.GD.ZS::2022,HAS_OBSERVATION
country::IND,observation::IND::FP.CPI.TOTL.ZG::2022,HAS_OBSERVATION
country::IND,observation::IND::FM.AST.NFRG.CN::2022,HAS_OBSERVATION
country::IND,observation::IND::IE.PPN.ENGY.CD::2022,HAS_OBSERVATION
country::IND,observation::IND::IE.PPI.ENGY.CD::2022,HAS_OBSERVATION
country::IND,observation::IND::IC.GOV.DURS.ZS::2022,HAS_OBSERVATION
country::IND,observation::IND::IC.FRM.NPRD.ZS::2022,HAS_OBSERVATION
country::IND,observation::IND::IC.FRM.FO.ZS::2022,HAS_OBSERVATION
country::IND,observation::IND::IC.FRM.CORR.ZS::2022,HAS_OBSERVATION
country::IND,observation::IND::IC.FRM.BRIB.ZS::2022,HAS_OBSERVATION
country::IND,observation::IND::IC.ELC.OUTG.ZS::2022,HAS_OBSERVATION
country::IND,observation::IND::IC.BUS.NREG::2022,HAS_OBSERVATION
country::IND,observation::IND::GC.XPN.TOTL.CN::2022,HAS_OBSERVATION
country::IND,observation::IND::GC.XPN.INTP.RV.ZS::2022,HAS_OBSERVATION
country::IND,observation::IND::GC.XPN.COMP.ZS::2022,HAS_OBSERVATION
country::IND,observation::IND::GC.TAX.YPKG.CN::2022,HAS_OBSERVATION
country::IND,observation::IND::GC.TAX.OTHR.CN::2022,HAS_OBSERVATION
country::IND,observation::IND::GC.TAX.IMPT.CN::2022,HAS_OBSERVATION
country::IND,observation::IND::GC.REV.SOCL.ZS::2022,HAS_OBSERVATION
country::IND,observation::IND::GC.NLD.TOTL.GD.ZS::2022,HAS_OBSERVATION
country::IND,observation::IND::GC.LBL.TOTL.GD.ZS::2022,HAS_OBSERVATION
country::IND,observation::IND::GC.AST.TOTL.GD.ZS::2022,HAS_OBSERVATION
country::IND,observation::IND::FS.AST.PRVT.GD.ZS::2022,HAS_OBSERVATION
country::IND,observation::IND::IC.MNG.IND::2022,HAS_OBSERVATION
country::IND,observation::IND::IC.FRM.OUTG.ZS::2022,HAS_OBSERVATION
country::IND,observation::IND::IC.FRM.FREG.ZS::2022,HAS_OBSERVATION
country::IND,observation::IND::IC.FRM.EXS.ZS::2022,HAS_OBSERVATION
country::IND,observation::IND::IC.FRM.CRDC.FL.ZS::2022,HAS_OBSERVATION
country::IND,observation::IND::IC.FRM.BKWC.ZS::2022,HAS_OBSERVATION
country::IND,observation::IND::IC.CUS.DURS.EX::2022,HAS_OBSERVATION
country::IND,observation::IND::GC.XPN.TOTL.GD.ZS::2022,HAS_OBSERVATION
country::IND,observation::IND::GC.XPN.INTP.ZS::2022,HAS_OBSERVATION
country::IND,observation::IND::GC.XPN.GSRV.CN::2022,HAS_OBSERVATION
country::IND,observation::IND::GC.TAX.YPKG.RV.ZS::2022,HAS_OBSERVATION
country::IND,observation::IND::GC.TAX.OTHR.RV.ZS::2022,HAS_OBSERVATION
country::IND,observation::IND::GC.TAX.IMPT.ZS::2022,HAS_OBSERVATION
country::IND,observation::IND::GC.TAX.GSRV.CN::2022,HAS_OBSERVATION
country::IND,observation::IND::GC.REV.XGRT.CN::2022,HAS_OBSERVATION
country::IND,observation::IND::GC.REV.GOTR.CN::2022,HAS_OBSERVATION
country::IND,observation::IND::GC.NFN.TOTL.CN::2022,HAS_OBSERVATION
country::IND,observation::IND::FS.AST.CGOV.GD.ZS::2022,HAS_OBSERVATION
country::IND,observation::IND::FM.AST.CGOV.ZG.M3::2022,HAS_OBSERVATION
country::IND,observation::IND::FI.RES.TOTL.CD::2022,HAS_OBSERVATION
country::IND,observation::IND::FB.AST.NPER.ZS::2022,HAS_OBSERVATION
country::IND,observation::IND::ER.H2O.INTR.PC::2022,HAS_OBSERVATION
country::IND,observation::IND::ER.H2O.FWST.ZS::2022,HAS_OBSERVATION
country::IND,observation::IND::ER.GDP.FWTL.M3.KD::2022,HAS_OBSERVATION
country::IND,observation::IND::EN.URB.MCTY.TL.ZS::2022,HAS_OBSERVATION
country::IND,observation::IND::EN.POP.DNST::2022,HAS_OBSERVATION
country::IND,observation::IND::EN.GHG.N2O.ZG.AR5::2022,HAS_OBSERVATION
country::IND,observation::IND::EN.GHG.N2O.MT.CE.AR5::2022,HAS_OBSERVATION
country::IND,observation::IND::EN.GHG.N2O.BU.MT.CE.AR5::2022,HAS_OBSERVATION
country::IND,observation::IND::EN.GHG.CO2.PI.MT.CE.AR5::2022,HAS_OBSERVATION
country::IND,observation::IND::EN.GHG.CO2.LU.OL.MT.CE.AR5::2022,HAS_OBSERVATION
country::IND,observation::IND::EN.GHG.CO2.IP.MT.CE.AR5::2022,HAS_OBSERVATION
country::IND,observation::IND::EN.GHG.CO2.AG.MT.CE.AR5::2022,HAS_OBSERVATION
country::IND,observation::IND::EN.GHG.CH4.PI.MT.CE.AR5::2022,HAS_OBSERVATION
country::IND,observation::IND::EN.GHG.CH4.FE.MT.CE.AR5::2022,HAS_OBSERVATION
country::IND,observation::IND::EN.GHG.ALL.MT.CE.AR5::2022,HAS_OBSERVATION
country::IND,observation::IND::EG.USE.ELEC.KH.PC::2022,HAS_OBSERVATION
country::IND,observation::IND::EG.USE.COMM.CL.ZS::2022,HAS_OBSERVATION
country::IND,observation::IND::EG.ELC.PETR.ZS::2022,HAS_OBSERVATION
country::IND,observation::IND::EG.ELC.HYRO.ZS::2022,HAS_OBSERVATION
country::IND,observation::IND::EG.ELC.ACCS.UR.ZS::2022,HAS_OBSERVATION
country::IND,observation::IND::EG.CFT.ACCS.UR.ZS::2022,HAS_OBSERVATION
country::IND,observation::IND::DT.TDS.DPPG.XP.ZS::2022,HAS_OBSERVATION
country::IND,observation::IND::DT.TDS.DIMF.CD::2022,HAS_OBSERVATION
country::IND,observation::IND::DT.ODA.ODAT.XP.ZS::2022,HAS_OBSERVATION
country::IND,observation::IND::DT.ODA.ODAT.GN.ZS::2022,HAS_OBSERVATION
country::IND,observation::IND::FI.RES.XGLD.CD::2022,HAS_OBSERVATION
country::IND,observation::IND::FD.RES.LIQU.AS.ZS::2022,HAS_OBSERVATION
country::IND,observation::IND::FB.CBK.BRCH.P5::2022,HAS_OBSERVATION
country::IND,observation::IND::ER.PTD.TOTL.ZS::2022,HAS_OBSERVATION
country::IND,observation::IND::ER.H2O.INTR.K3::2022,HAS_OBSERVATION
country::IND,observation::IND::ER.H2O.FWIN.ZS::2022,HAS_OBSERVATION
country::IND,observation::IND::ER.FSH.PROD.MT::2022,HAS_OBSERVATION
country::IND,observation::IND::EN.URB.MCTY::2022,HAS_OBSERVATION
country::IND,observation::IND::EN.MAM.THRD.NO::2022,HAS_OBSERVATION
country::IND,observation::IND::EN.GHG.N2O.WA.MT.CE.AR5::2022,HAS_OBSERVATION
country::IND,observation::IND::EN.GHG.N2O.IP.MT.CE.AR5::2022,HAS_OBSERVATION
country::IND,observation::IND::EN.GHG.N2O.AG.MT.CE.AR5::2022,HAS_OBSERVATION
country::IND,observation::IND::EN.GHG.CO2.TR.MT.CE.AR5::2022,HAS_OBSERVATION
country::IND,observation::IND::EN.GHG.CO2.PC.CE.AR5::2022,HAS_OBSERVATION
country::IND,observation::IND::EN.GHG.CO2.LU.MT.CE.AR5::2022,HAS_OBSERVATION
country::IND,observation::IND::EN.GHG.CO2.IC.MT.CE.AR5::2022,HAS_OBSERVATION
country::IND,observation::IND::EN.GHG.CH4.ZG.AR5::2022,HAS_OBSERVATION
country::IND,observation::IND::EN.GHG.CH4.MT.CE.AR5::2022,HAS_OBSERVATION
country::IND,observation::IND::EN.GHG.CH4.BU.MT.CE.AR5::2022,HAS_OBSERVATION
country::IND,observation::IND::EN.GHG.ALL.LU.MT.CE.AR5::2022,HAS_OBSERVATION
country::IND,observation::IND::EN.BIR.THRD.NO::2022,HAS_OBSERVATION
country::IND,observation::IND::EG.USE.CRNW.ZS::2022,HAS_OBSERVATION
country::IND,observation::IND::EG.IMP.CONS.ZS::2022,HAS_OBSERVATION
country::IND,observation::IND::EG.ELC.NUCL.ZS::2022,HAS_OBSERVATION
country::IND,observation::IND::EG.ELC.FOSL.ZS::2022,HAS_OBSERVATION
country::IND,observation::IND::EG.ELC.ACCS.RU.ZS::2022,HAS_OBSERVATION
country::IND,observation::IND::EG.CFT.ACCS.RU.ZS::2022,HAS_OBSERVATION
country::IND,observation::IND::DT.TDS.DPPG.GN.ZS::2022,HAS_OBSERVATION
country::IND,observation::IND::DT.TDS.DECT.GN.ZS::2022,HAS_OBSERVATION
country::IND,observation::IND::DT.ODA.ODAT.PC.ZS::2022,HAS_OBSERVATION
country::IND,observation::IND::DT.ODA.ODAT.GI.ZS::2022,HAS_OBSERVATION
country::IND,observation::IND::DT.ODA.ALLD.KD::2022,HAS_OBSERVATION
country::IND,observation::IND::FM.AST.PRVT.ZG.M3::2022,HAS_OBSERVATION
country::IND,observation::IND::FM.AST.DOMO.ZG.M3::2022,HAS_OBSERVATION
country::IND,observation::IND::FI.RES.TOTL.DT.ZS::2022,HAS_OBSERVATION
country::IND,observation::IND::FB.ATM.TOTL.P5::2022,HAS_OBSERVATION
country::IND,observation::IND::ER.LND.PTLD.ZS::2022,HAS_OBSERVATION
country::IND,observation::IND::ER.H2O.FWTL.K3::2022,HAS_OBSERVATION
country::IND,observation::IND::ER.H2O.FWAG.ZS::2022,HAS_OBSERVATION
country::IND,observation::IND::ER.FSH.AQUA.MT::2022,HAS_OBSERVATION
country::IND,observation::IND::EN.URB.LCTY::2022,HAS_OBSERVATION
country::IND,observation::IND::EN.GHG.TOT.ZG.AR5::2022,HAS_OBSERVATION
country::IND,observation::IND::EN.GHG.N2O.PI.MT.CE.AR5::2022,HAS_OBSERVATION
country::IND,observation::IND::EN.GHG.N2O.FE.MT.CE.AR5::2022,HAS_OBSERVATION
country::IND,observation::IND::EN.GHG.CO2.ZG.AR5::2022,HAS_OBSERVATION
country::IND,observation::IND::EN.GHG.CO2.RT.GDP.KD::2022,HAS_OBSERVATION
country::IND,observation::IND::EN.GHG.CO2.LU.DF.MT.CE.AR5::2022,HAS_OBSERVATION
country::IND,observation::IND::EN.GHG.CO2.BU.MT.CE.AR5::2022,HAS_OBSERVATION
country::IND,observation::IND::EN.GHG.CH4.TR.MT.CE.AR5::2022,HAS_OBSERVATION
country::IND,observation::IND::EN.GHG.CH4.IC.MT.CE.AR5::2022,HAS_OBSERVATION
country::IND,observation::IND::EN.GHG.ALL.PC.CE.AR5::2022,HAS_OBSERVATION
country::IND,observation::IND::EG.USE.PCAP.KG.OE::2022,HAS_OBSERVATION
country::IND,observation::IND::EG.USE.COMM.FO.ZS::2022,HAS_OBSERVATION
country::IND,observation::IND::EG.GDP.PUSE.KO.PP::2022,HAS_OBSERVATION
country::IND,observation::IND::EG.ELC.LOSS.ZS::2022,HAS_OBSERVATION
country::IND,observation::IND::EG.ELC.ACCS.ZS::2022,HAS_OBSERVATION
country::IND,observation::IND::EG.CFT.ACCS.ZS::2022,HAS_OBSERVATION
country::IND,observation::IND::DT.TDS.MLAT.CD::2022,HAS_OBSERVATION
country::IND,observation::IND::DT.TDS.DPPF.XP.ZS::2022,HAS_OBSERVATION
country::IND,observation::IND::DT.TDS.DECT.CD::2022,HAS_OBSERVATION
country::IND,observation::IND::DT.ODA.ODAT.KD::2022,HAS_OBSERVATION
country::IND,observation::IND::FR.INR.LEND::2022,HAS_OBSERVATION
country::IND,observation::IND::FP.CPI.TOTL::2022,HAS_OBSERVATION
country::IND,observation::IND::FM.AST.DOMS.CN::2022,HAS_OBSERVATION
country::IND,observation::IND::FI.RES.TOTL.MO::2022,HAS_OBSERVATION
country::IND,observation::IND::FD.AST.PRVT.GD.ZS::2022,HAS_OBSERVATION
country::IND,observation::IND::FB.BNK.CAPA.ZS::2022,HAS_OBSERVATION
country::IND,observation::IND::ER.MRN.PTMR.ZS::2022,HAS_OBSERVATION
country::IND,observation::IND::ER.H2O.FWTL.ZS::2022,HAS_OBSERVATION
country::IND,observation::IND::ER.H2O.FWDM.ZS::2022,HAS_OBSERVATION
country::IND,observation::IND::ER.FSH.CAPT.MT::2022,HAS_OBSERVATION
country::IND,observation::IND::EN.URB.LCTY.UR.ZS::2022,HAS_OBSERVATION
country::IND,observation::IND::EN.HPT.THRD.NO::2022,HAS_OBSERVATION
country::IND,observation::IND::EN.GHG.N2O.TR.MT.CE.AR5::2022,HAS_OBSERVATION
country::IND,observation::IND::EN.GHG.N2O.IC.MT.CE.AR5::2022,HAS_OBSERVATION
country::IND,observation::IND::EN.GHG.FGAS.IP.MT.CE.AR5::2022,HAS_OBSERVATION
country::IND,observation::IND::EN.GHG.CO2.RT.GDP.PP.KD::2022,HAS_OBSERVATION
country::IND,observation::IND::EN.GHG.CO2.MT.CE.AR5::2022,HAS_OBSERVATION
country::IND,observation::IND::EN.GHG.CO2.LU.FL.MT.CE.AR5::2022,HAS_OBSERVATION
country::IND,observation::IND::EN.GHG.CO2.FE.MT.CE.AR5::2022,HAS_OBSERVATION
country::IND,observation::IND::EN.GHG.CH4.WA.MT.CE.AR5::2022,HAS_OBSERVATION
country::IND,observation::IND::EN.GHG.CH4.IP.MT.CE.AR5::2022,HAS_OBSERVATION
country::IND,observation::IND::EN.GHG.CH4.AG.MT.CE.AR5::2022,HAS_OBSERVATION
country::IND,observation::IND::EN.FSH.THRD.NO::2022,HAS_OBSERVATION
country::IND,observation::IND::EG.USE.COMM.GD.PP.KD::2022,HAS_OBSERVATION
country::IND,observation::IND::EG.GDP.PUSE.KO.PP.KD::2022,HAS_OBSERVATION
country::IND,observation::IND::EG.ELC.NGAS.ZS::2022,HAS_OBSERVATION
country::IND,observation::IND::EG.ELC.COAL.ZS::2022,HAS_OBSERVATION
country::IND,observation::IND::DT.TDS.MLAT.PG.ZS::2022,HAS_OBSERVATION
country::IND,observation::IND::DT.TDS.DPPG.CD::2022,HAS_OBSERVATION
country::IND,observation::IND::DT.TDS.DECT.EX.ZS::2022,HAS_OBSERVATION
country::IND,observation::IND::DT.ODA.ODAT.MP.ZS::2022,HAS_OBSERVATION
country::IND,observation::IND::DT.ODA.ODAT.CD::2022,HAS_OBSERVATION
country::IND,observation::IND::SM.POP.RHCR.EO::2023,HAS_OBSERVATION
country::IND,observation::IND::SM.POP.NETM::2023,HAS_OBSERVATION
country::IND,observation::IND::SM.POP.ASYS.EA::2023,HAS_OBSERVATION
country::IND,observation::IND::SL.UEM.TOTL.ZS::2023,HAS_OBSERVATION
country::IND,observation::IND::SL.UEM.TOTL.FE.ZS::2023,HAS_OBSERVATION
country::IND,observation::IND::SL.UEM.NEET.MA.ZS::2023,HAS_OBSERVATION
country::IND,observation::IND::SL.UEM.INTM.ZS::2023,HAS_OBSERVATION
country::IND,observation::IND::SL.UEM.BASC.MA.ZS::2023,HAS_OBSERVATION
country::IND,observation::IND::SL.UEM.ADVN.FE.ZS::2023,HAS_OBSERVATION
country::IND,observation::IND::SL.UEM.1524.MA.NE.ZS::2023,HAS_OBSERVATION
country::IND,observation::IND::SL.TLF.TOTL.FE.ZS::2023,HAS_OBSERVATION
country::IND,observation::IND::SL.TLF.INTM.ZS::2023,HAS_OBSERVATION
country::IND,observation::IND::SL.TLF.CACT.NE.ZS::2023,HAS_OBSERVATION
country::IND,observation::IND::SL.TLF.CACT.FM.NE.ZS::2023,HAS_OBSERVATION
country::IND,observation::IND::SL.TLF.BASC.MA.ZS::2023,HAS_OBSERVATION
country::IND,observation::IND::SL.TLF.ADVN.FE.ZS::2023,HAS_OBSERVATION
country::IND,observation::IND::SL.TLF.ACTI.1524.ZS::2023,HAS_OBSERVATION
country::IND,observation::IND::SL.TLF.ACTI.1524.FE.ZS::2023,HAS_OBSERVATION
country::IND,observation::IND::SL.GDP.PCAP.EM.KD::2023,HAS_OBSERVATION
country::IND,observation::IND::SL.EMP.WORK.MA.ZS::2023,HAS_OBSERVATION
country::IND,observation::IND::SL.EMP.VULN.FE.ZS::2023,HAS_OBSERVATION
country::IND,observation::IND::SL.EMP.TOTL.SP.MA.NE.ZS::2023,HAS_OBSERVATION
country::IND,observation::IND::SL.EMP.SELF.ZS::2023,HAS_OBSERVATION
country::IND,observation::IND::SL.EMP.MPYR.MA.ZS::2023,HAS_OBSERVATION
country::IND,observation::IND::SL.EMP.1524.SP.MA.ZS::2023,HAS_OBSERVATION
country::IND,observation::IND::SL.AGR.EMPL.ZS::2023,HAS_OBSERVATION
country::IND,observation::IND::SI.RMT.COST.IB.ZS::2023,HAS_OBSERVATION
country::IND,observation::IND::SH_UHC_SCI_RMNCH::2023,HAS_OBSERVATION
country::IND,observation::IND::SH_UHC_SCI::2023,HAS_OBSERVATION
country::IND,observation::IND::SH.XPD.PVTD.CH.ZS::2023,HAS_OBSERVATION
country::IND,observation::IND::SH.XPD.GHED.PP.CD::2023,HAS_OBSERVATION
country::IND,observation::IND::SH.XPD.GHED.CH.ZS::2023,HAS_OBSERVATION
country::IND,observation::IND::SH.XPD.CHEX.PP.CD::2023,HAS_OBSERVATION
country::IND,observation::IND::SH.TBS.INCD::2023,HAS_OBSERVATION
country::IND,observation::IND::DT.DOD.DSTC.ZS::2023,HAS_OBSERVATION
country::IND,observation::IND::DT.DOD.DPPG.CD::2023,HAS_OBSERVATION
country::IND,observation::IND::DT.DOD.DECT.GN.ZS::2023,HAS_OBSERVATION
country::IND,observation::IND::DC.DAC.TOTL.CD::2023,HAS_OBSERVATION
country::IND,observation::IND::DC.DAC.PRTL.CD::2023,HAS_OBSERVATION
country::IND,observation::IND::DC.DAC.NLDL.CD::2023,HAS_OBSERVATION
country::IND,observation::IND::DC.DAC.JPNL.CD::2023,HAS_OBSERVATION
country::IND,observation::IND::DC.DAC.HUNL.CD::2023,HAS_OBSERVATION
country::IND,observation::IND::DC.DAC.FINL.CD::2023,HAS_OBSERVATION
country::IND,observation::IND::DC.DAC.DEUL.CD::2023,HAS_OBSERVATION
country::IND,observation::IND::SL.UEM.TOTL.FE.NE.ZS::2023,HAS_OBSERVATION
country::IND,observation::IND::SL.UEM.NEET.MA.ME.ZS::2023,HAS_OBSERVATION
country::IND,observation::IND::SL.UEM.INTM.MA.ZS::2023,HAS_OBSERVATION
country::IND,observation::IND::SL.UEM.BASC.FE.ZS::2023,HAS_OBSERVATION
country::IND,observation::IND::SL.UEM.1524.ZS::2023,HAS_OBSERVATION
country::IND,observation::IND::SL.UEM.1524.FE.ZS::2023,HAS_OBSERVATION
country::IND,observation::IND::SL.TLF.PART.ZS::2023,HAS_OBSERVATION
country::IND,observation::IND::SL.TLF.INTM.MA.ZS::2023,HAS_OBSERVATION
country::IND,observation::IND::SL.TLF.CACT.MA.ZS::2023,HAS_OBSERVATION
country::IND,observation::IND::SL.TLF.CACT.FE.ZS::2023,HAS_OBSERVATION
country::IND,observation::IND::SL.TLF.BASC.FE.ZS::2023,HAS_OBSERVATION
country::IND,observation::IND::SL.TLF.ACTI.ZS::2023,HAS_OBSERVATION
country::IND,observation::IND::SL.TLF.ACTI.1524.NE.ZS::2023,HAS_OBSERVATION
country::IND,observation::IND::SL.TLF.ACTI.1524.FE.NE.ZS::2023,HAS_OBSERVATION
country::IND,observation::IND::SL.SRV.EMPL.ZS::2023,HAS_OBSERVATION
country::IND,observation::IND::SL.IND.EMPL.ZS::2023,HAS_OBSERVATION
country::IND,observation::IND::SL.FAM.WORK.ZS::2023,HAS_OBSERVATION
country::IND,observation::IND::SL.EMP.WORK.FE.ZS::2023,HAS_OBSERVATION
country::IND,observation::IND::SL.EMP.TOTL.SP.ZS::2023,HAS_OBSERVATION
country::IND,observation::IND::SL.EMP.TOTL.SP.FE.ZS::2023,HAS_OBSERVATION
country::IND,observation::IND::SL.EMP.SELF.MA.ZS::2023,HAS_OBSERVATION
country::IND,observation::IND::SL.EMP.MPYR.FE.ZS::2023,HAS_OBSERVATION
country::IND,observation::IND::SL.EMP.1524.SP.MA.NE.ZS::2023,HAS_OBSERVATION
country::IND,observation::IND::SL.AGR.EMPL.MA.ZS::2023,HAS_OBSERVATION
country::IND,observation::IND::SH_UHC_SCI_NCD::2023,HAS_OBSERVATION
country::IND,observation::IND::SH.XPD.OOPC.PP.CD::2023,HAS_OBSERVATION
country::IND,observation::IND::SH.XPD.GHED.PC.CD::2023,HAS_OBSERVATION
country::IND,observation::IND::SH.XPD.EHEX.PP.CD::2023,HAS_OBSERVATION
country::IND,observation::IND::SH.XPD.CHEX.PC.CD::2023,HAS_OBSERVATION
country::IND,observation::IND::DC.DAC.SWEL.CD::2023,HAS_OBSERVATION
country::IND,observation::IND::DC.DAC.POLL.CD::2023,HAS_OBSERVATION
country::IND,observation::IND::DC.DAC.LUXL.CD::2023,HAS_OBSERVATION
country::IND,observation::IND::DC.DAC.ITAL.CD::2023,HAS_OBSERVATION
country::IND,observation::IND::DC.DAC.CZEL.CD::2023,HAS_OBSERVATION
country::IND,observation::IND::DC.DAC.BELL.CD::2023,HAS_OBSERVATION
country::IND,observation::IND::CM.MKT.TRAD.GD.ZS::2023,HAS_OBSERVATION
country::IND,observation::IND::CM.MKT.LCAP.CD::2023,HAS_OBSERVATION
country::IND,observation::IND::BX.TRF.PWKR.CD::2023,HAS_OBSERVATION
country::IND,observation::IND::SM.POP.ASYS.EO::2023,HAS_OBSERVATION
country::IND,observation::IND::SL.UEM.TOTL.MA.NE.ZS::2023,HAS_OBSERVATION
country::IND,observation::IND::SL.UEM.NEET.ME.ZS::2023,HAS_OBSERVATION
country::IND,observation::IND::SL.UEM.NEET.FE.ME.ZS::2023,HAS_OBSERVATION
country::IND,observation::IND::SL.UEM.BASC.ZS::2023,HAS_OBSERVATION
country::IND,observation::IND::SL.UEM.ADVN.MA.ZS::2023,HAS_OBSERVATION
country::IND,observation::IND::SL.UEM.1524.MA.ZS::2023,HAS_OBSERVATION
country::IND,observation::IND::SL.TLF.TOTL.IN::2023,HAS_OBSERVATION
country::IND,observation::IND::SL.TLF.PART.FE.ZS::2023,HAS_OBSERVATION
country::IND,observation::IND::SL.TLF.CACT.ZS::2023,HAS_OBSERVATION
country::IND,observation::IND::SL.TLF.CACT.FM.ZS::2023,HAS_OBSERVATION
country::IND,observation::IND::SL.TLF.BASC.ZS::2023,HAS_OBSERVATION
country::IND,observation::IND::SL.TLF.ADVN.MA.ZS::2023,HAS_OBSERVATION
country::IND,observation::IND::SL.TLF.ACTI.FE.ZS::2023,HAS_OBSERVATION
country::IND,observation::IND::SL.TLF.ACTI.1524.MA.NE.ZS::2023,HAS_OBSERVATION
country::IND,observation::IND::SL.SRV.EMPL.FE.ZS::2023,HAS_OBSERVATION
country::IND,observation::IND::SL.IND.EMPL.FE.ZS::2023,HAS_OBSERVATION
country::IND,observation::IND::SL.FAM.WORK.FE.ZS::2023,HAS_OBSERVATION
country::IND,observation::IND::SL.EMP.WORK.ZS::2023,HAS_OBSERVATION
country::IND,observation::IND::SL.EMP.VULN.MA.ZS::2023,HAS_OBSERVATION
country::IND,observation::IND::SL.EMP.TOTL.SP.MA.ZS::2023,HAS_OBSERVATION
country::IND,observation::IND::SL.EMP.SMGT.FE.ZS::2023,HAS_OBSERVATION
country::IND,observation::IND::SL.EMP.MPYR.ZS::2023,HAS_OBSERVATION
country::IND,observation::IND::SL.EMP.1524.SP.NE.ZS::2023,HAS_OBSERVATION
country::IND,observation::IND::SL.EMP.1524.SP.FE.NE.ZS::2023,HAS_OBSERVATION
country::IND,observation::IND::SI.RMT.COST.OB.ZS::2023,HAS_OBSERVATION
country::IND,observation::IND::SH_UHC_SCI_CAPACITY::2023,HAS_OBSERVATION
country::IND,observation::IND::SH.XPD.PVTD.PC.CD::2023,HAS_OBSERVATION
country::IND,observation::IND::SH.XPD.OOPC.CH.ZS::2023,HAS_OBSERVATION
country::IND,observation::IND::SH.XPD.GHED.GD.ZS::2023,HAS_OBSERVATION
country::IND,observation::IND::DT.NFL.IFAD.CD::2023,HAS_OBSERVATION
country::IND,observation::IND::DT.DOD.MIBR.CD::2023,HAS_OBSERVATION
country::IND,observation::IND::DT.DOD.DSTC.CD::2023,HAS_OBSERVATION
country::IND,observation::IND::DT.DOD.DIMF.CD::2023,HAS_OBSERVATION
country::IND,observation::IND::DC.DAC.USAL.CD::2023,HAS_OBSERVATION
country::IND,observation::IND::DC.DAC.NORL.CD::2023,HAS_OBSERVATION
country::IND,observation::IND::DC.DAC.KORL.CD::2023,HAS_OBSERVATION
country::IND,observation::IND::DC.DAC.IRLL.CD::2023,HAS_OBSERVATION
country::IND,observation::IND::SL.UEM.TOTL.MA.ZS::2023,HAS_OBSERVATION
country::IND,observation::IND::SL.UEM.NEET.ZS::2023,HAS_OBSERVATION
country::IND,observation::IND::SL.UEM.NEET.FE.ZS::2023,HAS_OBSERVATION
country::IND,observation::IND::SL.UEM.INTM.FE.ZS::2023,HAS_OBSERVATION
country::IND,observation::IND::SL.UEM.ADVN.ZS::2023,HAS_OBSERVATION
country::IND,observation::IND::SL.UEM.1524.NE.ZS::2023,HAS_OBSERVATION
country::IND,observation::IND::SL.UEM.1524.FE.NE.ZS::2023,HAS_OBSERVATION
country::IND,observation::IND::SL.TLF.PART.MA.ZS::2023,HAS_OBSERVATION
country::IND,observation::IND::SL.TLF.INTM.FE.ZS::2023,HAS_OBSERVATION
country::IND,observation::IND::SL.TLF.CACT.MA.NE.ZS::2023,HAS_OBSERVATION
country::IND,observation::IND::SL.TLF.CACT.FE.NE.ZS::2023,HAS_OBSERVATION
country::IND,observation::IND::SL.TLF.ADVN.ZS::2023,HAS_OBSERVATION
country::IND,observation::IND::SL.TLF.ACTI.MA.ZS::2023,HAS_OBSERVATION
country::IND,observation::IND::SL.TLF.ACTI.1524.MA.ZS::2023,HAS_OBSERVATION
country::IND,observation::IND::SL.SRV.EMPL.MA.ZS::2023,HAS_OBSERVATION
country::IND,observation::IND::SL.IND.EMPL.MA.ZS::2023,HAS_OBSERVATION
country::IND,observation::IND::SL.FAM.WORK.MA.ZS::2023,HAS_OBSERVATION
country::IND,observation::IND::SL.EMP.VULN.ZS::2023,HAS_OBSERVATION
country::IND,observation::IND::SL.EMP.TOTL.SP.NE.ZS::2023,HAS_OBSERVATION
country::IND,observation::IND::SL.EMP.TOTL.SP.FE.NE.ZS::2023,HAS_OBSERVATION
country::IND,observation::IND::SL.EMP.SELF.FE.ZS::2023,HAS_OBSERVATION
country::IND,observation::IND::SL.EMP.1524.SP.ZS::2023,HAS_OBSERVATION
country::IND,observation::IND::SL.EMP.1524.SP.FE.ZS::2023,HAS_OBSERVATION
country::IND,observation::IND::SL.AGR.EMPL.FE.ZS::2023,HAS_OBSERVATION
country::IND,observation::IND::SH_UHC_SCI_ID::2023,HAS_OBSERVATION
country::IND,observation::IND::SH.XPD.PVTD.PP.CD::2023,HAS_OBSERVATION
country::IND,observation::IND::SH.XPD.OOPC.PC.CD::2023,HAS_OBSERVATION
country::IND,observation::IND::SH.XPD.GHED.GE.ZS::2023,HAS_OBSERVATION
country::IND,observation::IND::SH.XPD.EHEX.PC.CD::2023,HAS_OBSERVATION
country::IND,observation::IND::SH.XPD.CHEX.GD.ZS::2023,HAS_OBSERVATION
country::IND,observation::IND::SH.TBS.CURE.ZS::2023,HAS_OBSERVATION
country::IND,observation::IND::DT.DOD.MIDA.CD::2023,HAS_OBSERVATION
country::IND,observation::IND::DT.DOD.DSTC.IR.ZS::2023,HAS_OBSERVATION
country::IND,observation::IND::DT.DOD.DLXF.CD::2023,HAS_OBSERVATION
country::IND,observation::IND::DC.DAC.SVNL.CD::2023,HAS_OBSERVATION
country::IND,observation::IND::DC.DAC.LTUL.CD::2023,HAS_OBSERVATION
country::IND,observation::IND::DC.DAC.ISLL.CD::2023,HAS_OBSERVATION
country::IND,observation::IND::DC.DAC.GBRL.CD::2023,HAS_OBSERVATION
country::IND,observation::IND::DC.DAC.ESPL.CD::2023,HAS_OBSERVATION
country::IND,observation::IND::DC.DAC.CHEL.CD::2023,HAS_OBSERVATION
country::IND,observation::IND::SH.STA.STNT.ME.MA.ZS::2023,HAS_OBSERVATION
country::IND,observation::IND::SH.STA.SMSS.ZS::2023,HAS_OBSERVATION
country::IND,observation::IND::SH.STA.OWGH.ME.MA.ZS::2023,HAS_OBSERVATION
country::IND,observation::IND::SH.STA.ODFC.RU.ZS::2023,HAS_OBSERVATION
country::IND,observation::IND::SH.STA.HYGN.RU.ZS::2023,HAS_OBSERVATION
country::IND,observation::IND::SH.STA.BASS.RU.ZS::2023,HAS_OBSERVATION
country::IND,observation::IND::SH.PRG.ANEM::2023,HAS_OBSERVATION
country::IND,observation::IND::SH.IMM.MEAS::2023,HAS_OBSERVATION
country::IND,observation::IND::SH.H2O.SMDW.UR.ZS::2023,HAS_OBSERVATION
country::IND,observation::IND::SH.H2O.BASW.RU.ZS::2023,HAS_OBSERVATION
country::IND,observation::IND::SH.DYN.MORT::2023,HAS_OBSERVATION
country::IND,observation::IND::SH.DYN.1519::2023,HAS_OBSERVATION
country::IND,observation::IND::SH.DTH.NMRT::2023,HAS_OBSERVATION
country::IND,observation::IND::SH.DTH.IMRT::2023,HAS_OBSERVATION
country::IND,observation::IND::SH.DTH.1014::2023,HAS_OBSERVATION
country::IND,observation::IND::SH.ANM.NPRG.ZS::2023,HAS_OBSERVATION
country::IND,observation::IND::SE.TER.ENRR.FE::2023,HAS_OBSERVATION
country::IND,observation::IND::SE.TER.CUAT.MS.FE.ZS::2023,HAS_OBSERVATION
country::IND,observation::IND::SE.TER.CUAT.BA.ZS::2023,HAS_OBSERVATION
country::IND,observation::IND::SE.SEC.UNER.LO.MA.ZS::2023,HAS_OBSERVATION
country::IND,observation::IND::SE.SEC.TCHR::2023,HAS_OBSERVATION
country::IND,observation::IND::DC.DAC.CANL.CD::2023,HAS_OBSERVATION
country::IND,observation::IND::CM.MKT.TRNR::2023,HAS_OBSERVATION
country::IND,observation::IND::CM.MKT.LCAP.GD.ZS::2023,HAS_OBSERVATION
country::IND,observation::IND::BX.TRF.PWKR.CD.DT::2023,HAS_OBSERVATION
country::IND,observation::IND::BX.KLT.DINV.WD.GD.ZS::2023,HAS_OBSERVATION
country::IND,observation::IND::BX.GSR.TOTL.CD::2023,HAS_OBSERVATION
country::IND,observation::IND::BX.GSR.INSF.ZS::2023,HAS_OBSERVATION
country::IND,observation::IND::BX.GSR.CCIS.ZS::2023,HAS_OBSERVATION
country::IND,observation::IND::BN.TRF.KOGT.CD::2023,HAS_OBSERVATION
country::IND,observation::IND::BN.KLT.DINV.CD::2023,HAS_OBSERVATION
country::IND,observation::IND::BN.GSR.FCTY.CD::2023,HAS_OBSERVATION
country::IND,observation::IND::BM.TRF.PWKR.CD.DT::2023,HAS_OBSERVATION
country::IND,observation::IND::BM.GSR.TRVL.ZS::2023,HAS_OBSERVATION
country::IND,observation::IND::BM.GSR.NFSV.CD::2023,HAS_OBSERVATION
country::IND,observation::IND::BM.GSR.FCTY.CD::2023,HAS_OBSERVATION
country::IND,observation::IND::AG.SRF.TOTL.K2::2023,HAS_OBSERVATION
country::IND,observation::IND::AG.PRD.CREL.MT::2023,HAS_OBSERVATION
country::IND,observation::IND::AG.LND.ARBL.HA.PC::2023,HAS_OBSERVATION
country::IND,observation::IND::AG.CON.FERT.ZS::2023,HAS_OBSERVATION
country::IND,observation::IND::SH.TBS.DTEC.ZS::2023,HAS_OBSERVATION
country::IND,observation::IND::SH.STA.STNT.ME.FE.ZS::2023,HAS_OBSERVATION
country::IND,observation::IND::SH.STA.SMSS.UR.ZS::2023,HAS_OBSERVATION
country::IND,observation::IND::SH.STA.OWGH.ME.FE.ZS::2023,HAS_OBSERVATION
country::IND,observation::IND::SH.MMR.RISK.ZS::2023,HAS_OBSERVATION
country::IND,observation::IND::SH.IMM.IDPT::2023,HAS_OBSERVATION
country::IND,observation::IND::SH.H2O.SMDW.RU.ZS::2023,HAS_OBSERVATION
country::IND,observation::IND::SH.DYN.1014::2023,HAS_OBSERVATION
country::IND,observation::IND::SH.DTH.0509::2023,HAS_OBSERVATION
country::IND,observation::IND::SE.TER.ENRR::2023,HAS_OBSERVATION
country::IND,observation::IND::SE.TER.CUAT.DO.ZS::2023,HAS_OBSERVATION
country::IND,observation::IND::SE.TER.CUAT.BA.MA.ZS::2023,HAS_OBSERVATION
country::IND,observation::IND::SE.SEC.UNER.LO.FE.ZS::2023,HAS_OBSERVATION
country::IND,observation::IND::SE.SEC.TCAQ.ZS::2023,HAS_OBSERVATION
country::IND,observation::IND::BX.KLT.DINV.CD.WD::2023,HAS_OBSERVATION
country::IND,observation::IND::BX.GSR.ROYL.CD::2023,HAS_OBSERVATION
country::IND,observation::IND::BX.GSR.GNFS.CD::2023,HAS_OBSERVATION
country::IND,observation::IND::BX.GSR.CCIS.CD::2023,HAS_OBSERVATION
country::IND,observation::IND::BN.TRF.CURR.CD::2023,HAS_OBSERVATION
country::IND,observation::IND::BN.KAC.EOMS.CD::2023,HAS_OBSERVATION
country::IND,observation::IND::BN.FIN.TOTL.CD::2023,HAS_OBSERVATION
country::IND,observation::IND::BM.TRF.PRVT.CD::2023,HAS_OBSERVATION
country::IND,observation::IND::BM.GSR.TRAN.ZS::2023,HAS_OBSERVATION
country::IND,observation::IND::BM.GSR.MRCH.CD::2023,HAS_OBSERVATION
country::IND,observation::IND::BM.GSR.CMCP.ZS::2023,HAS_OBSERVATION
country::IND,observation::IND::AG.LND.IRIG.AG.ZS::2023,HAS_OBSERVATION
country::IND,observation::IND::AG.LND.CROP.ZS::2023,HAS_OBSERVATION
country::IND,observation::IND::AG.LND.ARBL.HA::2023,HAS_OBSERVATION
country::IND,observation::IND::AG.CON.FERT.PT.ZS::2023,HAS_OBSERVATION
country::IND,observation::IND::SH.XPD.EHEX.CH.ZS::2023,HAS_OBSERVATION
country::IND,observation::IND::SH.VAC.TTNS.ZS::2023,HAS_OBSERVATION
country::IND,observation::IND::SH.STA.STNT.ME.ZS::2023,HAS_OBSERVATION
country::IND,observation::IND::SH.STA.OWGH.ME.ZS::2023,HAS_OBSERVATION
country::IND,observation::IND::SH.STA.ODFC.UR.ZS::2023,HAS_OBSERVATION
country::IND,observation::IND::SH.STA.HYGN.UR.ZS::2023,HAS_OBSERVATION
country::IND,observation::IND::SH.STA.BASS.UR.ZS::2023,HAS_OBSERVATION
country::IND,observation::IND::SH.MMR.DTHS::2023,HAS_OBSERVATION
country::IND,observation::IND::SH.HIV.ARTC.ZS::2023,HAS_OBSERVATION
country::IND,observation::IND::SH.H2O.SMDW.ZS::2023,HAS_OBSERVATION
country::IND,observation::IND::SH.H2O.BASW.UR.ZS::2023,HAS_OBSERVATION
country::IND,observation::IND::SH.DYN.MORT.FE::2023,HAS_OBSERVATION
country::IND,observation::IND::SH.DYN.2024::2023,HAS_OBSERVATION
country::IND,observation::IND::SH.DTH.1519::2023,HAS_OBSERVATION
country::IND,observation::IND::SG.GEN.PARL.ZS::2023,HAS_OBSERVATION
country::IND,observation::IND::SE.TER.ENRR.MA::2023,HAS_OBSERVATION
country::IND,observation::IND::DC.DAC.FRAL.CD::2023,HAS_OBSERVATION
country::IND,observation::IND::DC.DAC.DNKL.CD::2023,HAS_OBSERVATION
country::IND,observation::IND::DC.DAC.CECL.CD::2023,HAS_OBSERVATION
country::IND,observation::IND::DC.DAC.AUSL.CD::2023,HAS_OBSERVATION
country::IND,observation::IND::CM.MKT.LDOM.NO::2023,HAS_OBSERVATION
country::IND,observation::IND::BX.TRF.PWKR.DT.GD.ZS::2023,HAS_OBSERVATION
country::IND,observation::IND::BX.PEF.TOTL.CD.WD::2023,HAS_OBSERVATION
country::IND,observation::IND::BX.GSR.TRAN.ZS::2023,HAS_OBSERVATION
country::IND,observation::IND::BX.GSR.MRCH.CD::2023,HAS_OBSERVATION
country::IND,observation::IND::BX.GSR.CMCP.ZS::2023,HAS_OBSERVATION
country::IND,observation::IND::BX.GRT.EXTA.CD.WD::2023,HAS_OBSERVATION
country::IND,observation::IND::BN.KLT.PTXL.CD::2023,HAS_OBSERVATION
country::IND,observation::IND::BN.GSR.GNFS.CD::2023,HAS_OBSERVATION
country::IND,observation::IND::BN.CAB.XOKA.CD::2023,HAS_OBSERVATION
country::IND,observation::IND::BM.KLT.DINV.CD.WD::2023,HAS_OBSERVATION
country::IND,observation::IND::BM.GSR.ROYL.CD::2023,HAS_OBSERVATION
country::IND,observation::IND::BM.GSR.GNFS.CD::2023,HAS_OBSERVATION
country::IND,observation::IND::AG.YLD.CREL.KG::2023,HAS_OBSERVATION
country::IND,observation::IND::AG.LND.TOTL.K2::2023,HAS_OBSERVATION
country::IND,observation::IND::AG.LND.FRST.K2::2023,HAS_OBSERVATION
country::IND,observation::IND::AG.LND.ARBL.ZS::2023,HAS_OBSERVATION
country::IND,observation::IND::AG.LND.AGRI.K2::2023,HAS_OBSERVATION
country::IND,observation::IND::SH.STA.SMSS.RU.ZS::2023,HAS_OBSERVATION
country::IND,observation::IND::SH.STA.ODFC.ZS::2023,HAS_OBSERVATION
country::IND,observation::IND::SH.STA.MMRT::2023,HAS_OBSERVATION
country::IND,observation::IND::SH.STA.HYGN.ZS::2023,HAS_OBSERVATION
country::IND,observation::IND::SH.STA.BASS.ZS::2023,HAS_OBSERVATION
country::IND,observation::IND::SH.MMR.RISK::2023,HAS_OBSERVATION
country::IND,observation::IND::SH.MLR.INCD.P3::2023,HAS_OBSERVATION
country::IND,observation::IND::SH.IMM.HEPB::2023,HAS_OBSERVATION
country::IND,observation::IND::SH.H2O.BASW.ZS::2023,HAS_OBSERVATION
country::IND,observation::IND::SH.DYN.NMRT::2023,HAS_OBSERVATION
country::IND,observation::IND::SH.DYN.MORT.MA::2023,HAS_OBSERVATION
country::IND,observation::IND::SH.DYN.AIDS.FE.ZS::2023,HAS_OBSERVATION
country::IND,observation::IND::SH.DYN.0509::2023,HAS_OBSERVATION
country::IND,observation::IND::SH.DTH.MORT::2023,HAS_OBSERVATION
country::IND,observation::IND::SH.DTH.2024::2023,HAS_OBSERVATION
country::IND,observation::IND::SH.ANM.ALLW.ZS::2023,HAS_OBSERVATION
country::IND,observation::IND::SE.TER.TCHR.FE.ZS::2023,HAS_OBSERVATION
country::IND,observation::IND::SE.TER.CUAT.MS.ZS::2023,HAS_OBSERVATION
country::IND,observation::IND::SE.TER.CUAT.DO.MA.ZS::2023,HAS_OBSERVATION
country::IND,observation::IND::SE.TER.CUAT.BA.FE.ZS::2023,HAS_OBSERVATION
country::IND,observation::IND::SE.SEC.TCHR.FE.ZS::2023,HAS_OBSERVATION
country::IND,observation::IND::SE.SEC.TCAQ.UP.ZS::2023,HAS_OBSERVATION
country::IND,observation::IND::SE.SEC.TCAQ.LO.ZS::2023,HAS_OBSERVATION
country::IND,observation::IND::DC.DAC.AUTL.CD::2023,HAS_OBSERVATION
country::IND,observation::IND::CM.MKT.TRAD.CD::2023,HAS_OBSERVATION
country::IND,observation::IND::BX.TRF.CURR.CD::2023,HAS_OBSERVATION
country::IND,observation::IND::BX.GSR.TRVL.ZS::2023,HAS_OBSERVATION
country::IND,observation::IND::BX.GSR.NFSV.CD::2023,HAS_OBSERVATION
country::IND,observation::IND::BX.GSR.FCTY.CD::2023,HAS_OBSERVATION
country::IND,observation::IND::BX.GRT.TECH.CD.WD::2023,HAS_OBSERVATION
country::IND,observation::IND::BN.RES.INCL.CD::2023,HAS_OBSERVATION
country::IND,observation::IND::BN.GSR.MRCH.CD::2023,HAS_OBSERVATION
country::IND,observation::IND::BN.CAB.XOKA.GD.ZS::2023,HAS_OBSERVATION
country::IND,observation::IND::BM.KLT.DINV.WD.GD.ZS::2023,HAS_OBSERVATION
country::IND,observation::IND::BM.GSR.TOTL.CD::2023,HAS_OBSERVATION
country::IND,observation::IND::BM.GSR.INSF.ZS::2023,HAS_OBSERVATION
country::IND,observation::IND::BG.GSR.NFSV.GD.ZS::2023,HAS_OBSERVATION
country::IND,observation::IND::AG.LND.FRST.ZS::2023,HAS_OBSERVATION
country::IND,observation::IND::AG.LND.CREL.HA::2023,HAS_OBSERVATION
country::IND,observation::IND::AG.LND.AGRI.ZS::2023,HAS_OBSERVATION
country::IND,observation::IND::SE.SEC.TCAQ.UP.FE.ZS::2023,HAS_OBSERVATION
country::IND,observation::IND::SE.SEC.TCAQ.LO.FE.ZS::2023,HAS_OBSERVATION
country::IND,observation::IND::SE.SEC.ENRL::2023,HAS_OBSERVATION
country::IND,observation::IND::SE.SEC.CUAT.UP.FE.ZS::2023,HAS_OBSERVATION
country::IND,observation::IND::SE.SEC.CUAT.LO.ZS::2023,HAS_OBSERVATION
country::IND,observation::IND::SE.SEC.CMPT.LO.MA.ZS::2023,HAS_OBSERVATION
country::IND,observation::IND::SE.PRM.UNER.MA.ZS::2023,HAS_OBSERVATION
country::IND,observation::IND::SE.PRM.UNER::2023,HAS_OBSERVATION
country::IND,observation::IND::SE.PRM.TCHR.FE.ZS::2023,HAS_OBSERVATION
country::IND,observation::IND::SE.PRM.TCAQ.FE.ZS::2023,HAS_OBSERVATION
country::IND,observation::IND::SE.PRM.PRSL.ZS::2023,HAS_OBSERVATION
country::IND,observation::IND::SE.PRM.PRS5.MA.ZS::2023,HAS_OBSERVATION
country::IND,observation::IND::SE.PRM.ENRR.FE::2023,HAS_OBSERVATION
country::IND,observation::IND::SE.PRM.ENRL::2023,HAS_OBSERVATION
country::IND,observation::IND::SE.PRM.CUAT.FE.ZS::2023,HAS_OBSERVATION
country::IND,observation::IND::SE.PRM.AGES::2023,HAS_OBSERVATION
country::IND,observation::IND::SE.PRE.DURS::2023,HAS_OBSERVATION
country::IND,observation::IND::SE.ADT.LITR.MA.ZS::2023,HAS_OBSERVATION
country::IND,observation::IND::SE.ADT.1524.LT.FM.ZS::2023,HAS_OBSERVATION
country::IND,observation::IND::PA.NUS.PPP::2023,HAS_OBSERVATION
country::IND,observation::IND::NY.TTF.GNFS.KN::2023,HAS_OBSERVATION
country::IND,observation::IND::NY.TAX.NIND.KN::2023,HAS_OBSERVATION
country::IND,observation::IND::NY.GSR.NFCY.CN::2023,HAS_OBSERVATION
country::IND,observation::IND::NY.GNS.ICTR.CN::2023,HAS_OBSERVATION
country::IND,observation::IND::NY.GNP.PCAP.KN::2023,HAS_OBSERVATION
country::IND,observation::IND::SE.SEC.TCAQ.MA.ZS::2023,HAS_OBSERVATION
country::IND,observation::IND::SE.SEC.TCAQ.FE.ZS::2023,HAS_OBSERVATION
country::IND,observation::IND::SE.SEC.ENRR.MA::2023,HAS_OBSERVATION
country::IND,observation::IND::SE.SEC.DURS::2023,HAS_OBSERVATION
country::IND,observation::IND::SE.SEC.CUAT.PO.ZS::2023,HAS_OBSERVATION
country::IND,observation::IND::SE.SEC.CUAT.LO.MA.ZS::2023,HAS_OBSERVATION
country::IND,observation::IND::SE.SEC.CMPT.LO.FE.ZS::2023,HAS_OBSERVATION
country::IND,observation::IND::SE.PRM.UNER.MA::2023,HAS_OBSERVATION
country::IND,observation::IND::SE.PRM.TCHR::2023,HAS_OBSERVATION
country::IND,observation::IND::SE.PRM.PRSL.MA.ZS::2023,HAS_OBSERVATION
country::IND,observation::IND::SE.PRM.PRS5.FE.ZS::2023,HAS_OBSERVATION
country::IND,observation::IND::SE.PRM.ENRR::2023,HAS_OBSERVATION
country::IND,observation::IND::SE.PRM.DURS::2023,HAS_OBSERVATION
country::IND,observation::IND::SE.PRM.CMPT.ZS::2023,HAS_OBSERVATION
country::IND,observation::IND::SE.PRE.TCAQ.ZS::2023,HAS_OBSERVATION
country::IND,observation::IND::SE.ADT.LITR.FE.ZS::2023,HAS_OBSERVATION
country::IND,observation::IND::SE.ADT.1524.LT.FE.ZS::2023,HAS_OBSERVATION
country::IND,observation::IND::PA.NUS.GDP.PLI::2023,HAS_OBSERVATION
country::IND,observation::IND::NY.TAX.NIND.CN::2023,HAS_OBSERVATION
country::IND,observation::IND::NY.GSR.NFCY.CD::2023,HAS_OBSERVATION
country::IND,observation::IND::SE.TER.CUAT.MS.MA.ZS::2023,HAS_OBSERVATION
country::IND,observation::IND::SE.TER.CUAT.DO.FE.ZS::2023,HAS_OBSERVATION
country::IND,observation::IND::SE.SEC.UNER.LO.ZS::2023,HAS_OBSERVATION
country::IND,observation::IND::SE.SEC.TCHR.FE::2023,HAS_OBSERVATION
country::IND,observation::IND::SE.SEC.TCAQ.UP.MA.ZS::2023,HAS_OBSERVATION
country::IND,observation::IND::SE.SEC.TCAQ.LO.MA.ZS::2023,HAS_OBSERVATION
country::IND,observation::IND::SE.SEC.ENRR::2023,HAS_OBSERVATION
country::IND,observation::IND::SE.SEC.CUAT.UP.MA.ZS::2023,HAS_OBSERVATION
country::IND,observation::IND::SE.SEC.CUAT.PO.FE.ZS::2023,HAS_OBSERVATION
country::IND,observation::IND::SE.SEC.CMPT.LO.ZS::2023,HAS_OBSERVATION
country::IND,observation::IND::SE.PRM.UNER.ZS::2023,HAS_OBSERVATION
country::IND,observation::IND::SE.PRM.UNER.FE::2023,HAS_OBSERVATION
country::IND,observation::IND::SE.PRM.TCAQ.MA.ZS::2023,HAS_OBSERVATION
country::IND,observation::IND::SE.PRM.PRS5.ZS::2023,HAS_OBSERVATION
country::IND,observation::IND::SE.PRM.ENRR.MA::2023,HAS_OBSERVATION
country::IND,observation::IND::SE.PRM.CUAT.MA.ZS::2023,HAS_OBSERVATION
country::IND,observation::IND::SE.PRM.CMPT.FE.ZS::2023,HAS_OBSERVATION
country::IND,observation::IND::SE.PRE.TCAQ.FE.ZS::2023,HAS_OBSERVATION
country::IND,observation::IND::SE.ADT.LITR.ZS::2023,HAS_OBSERVATION
country::IND,observation::IND::SE.ADT.1524.LT.MA.ZS::2023,HAS_OBSERVATION
country::IND,observation::IND::PA.NUS.PRVT.PLI::2023,HAS_OBSERVATION
country::IND,observation::IND::PA.NUS.ATLS::2023,HAS_OBSERVATION
country::IND,observation::IND::NY.TRF.NCTR.CD::2023,HAS_OBSERVATION
country::IND,observation::IND::SE.SEC.ENRR.FE::2023,HAS_OBSERVATION
country::IND,observation::IND::SE.SEC.CUAT.UP.ZS::2023,HAS_OBSERVATION
country::IND,observation::IND::SE.SEC.CUAT.PO.MA.ZS::2023,HAS_OBSERVATION
country::IND,observation::IND::SE.SEC.CUAT.LO.FE.ZS::2023,HAS_OBSERVATION
country::IND,observation::IND::SE.SEC.AGES::2023,HAS_OBSERVATION
country::IND,observation::IND::SE.PRM.UNER.FE.ZS::2023,HAS_OBSERVATION
country::IND,observation::IND::SE.PRM.TCAQ.ZS::2023,HAS_OBSERVATION
country::IND,observation::IND::SE.PRM.PRSL.FE.ZS::2023,HAS_OBSERVATION
country::IND,observation::IND::SE.PRM.CUAT.ZS::2023,HAS_OBSERVATION
country::IND,observation::IND::SE.PRM.CMPT.MA.ZS::2023,HAS_OBSERVATION
country::IND,observation::IND::SE.PRE.TCAQ.MA.ZS::2023,HAS_OBSERVATION
country::IND,observation::IND::SE.ENR.TERT.FM.ZS::2023,HAS_OBSERVATION
country::IND,observation::IND::SE.COM.DURS::2023,HAS_OBSERVATION
country::IND,observation::IND::SE.ADT.1524.LT.ZS::2023,HAS_OBSERVATION
country::IND,observation::IND::PA.NUS.PRVT.PP::2023,HAS_OBSERVATION
country::IND,observation::IND::PA.NUS.FCRF::2023,HAS_OBSERVATION
country::IND,observation::IND::NY.TRF.NCTR.CN::2023,HAS_OBSERVATION
country::IND,observation::IND::NY.TAX.NIND.CD::2023,HAS_OBSERVATION
country::IND,observation::IND::NY.GNS.ICTR.ZS::2023,HAS_OBSERVATION
country::IND,observation::IND::NY.GNP.PCAP.CD::2023,HAS_OBSERVATION
country::IND,observation::IND::NY.GNP.MKTP.KD.ZG::2023,HAS_OBSERVATION
country::IND,observation::IND::NY.GNP.MKTP.CD::2023,HAS_OBSERVATION
country::IND,observation::IND::NY.GDS.TOTL.CN::2023,HAS_OBSERVATION
country::IND,observation::IND::NY.GDP.PCAP.PP.KD::2023,HAS_OBSERVATION
country::IND,observation::IND::NY.GDP.PCAP.KD::2023,HAS_OBSERVATION
country::IND,observation::IND::NY.GDP.MKTP.PP.KD::2023,HAS_OBSERVATION
country::IND,observation::IND::NY.GDP.MKTP.KD::2023,HAS_OBSERVATION
country::IND,observation::IND::NY.GDP.FCST.CN::2023,HAS_OBSERVATION
country::IND,observation::IND::NY.GDP.DEFL.ZS.AD::2023,HAS_OBSERVATION
country::IND,observation::IND::NV.SRV.TOTL.KD.ZG::2023,HAS_OBSERVATION
country::IND,observation::IND::NV.SRV.EMPL.KD::2023,HAS_OBSERVATION
country::IND,observation::IND::NV.IND.TOTL.KN::2023,HAS_OBSERVATION
country::IND,observation::IND::NV.IND.TOTL.CD::2023,HAS_OBSERVATION
country::IND,observation::IND::NV.IND.MANF.KD::2023,HAS_OBSERVATION
country::IND,observation::IND::NV.AGR.TOTL.KD.ZG::2023,HAS_OBSERVATION
country::IND,observation::IND::NV.AGR.EMPL.KD::2023,HAS_OBSERVATION
country::IND,observation::IND::NE.RSB.GNFS.CN::2023,HAS_OBSERVATION
country::IND,observation::IND::NE.IMP.GNFS.KD.ZG::2023,HAS_OBSERVATION
country::IND,observation::IND::NE.GDI.TOTL.ZS::2023,HAS_OBSERVATION
country::IND,observation::IND::NY.GNS.ICTR.CD::2023,HAS_OBSERVATION
country::IND,observation::IND::NY.GNP.PCAP.KD.ZG::2023,HAS_OBSERVATION
country::IND,observation::IND::NY.GNP.MKTP.PP.KD::2023,HAS_OBSERVATION
country::IND,observation::IND::NY.GNP.MKTP.KD::2023,HAS_OBSERVATION
country::IND,observation::IND::NY.GNP.ATLS.CD::2023,HAS_OBSERVATION
country::IND,observation::IND::NY.GDS.TOTL.CD::2023,HAS_OBSERVATION
country::IND,observation::IND::NY.GDP.PCAP.PP.CD::2023,HAS_OBSERVATION
country::IND,observation::IND::NY.GDP.PCAP.CN::2023,HAS_OBSERVATION
country::IND,observation::IND::NY.GDP.MKTP.PP.CD::2023,HAS_OBSERVATION
country::IND,observation::IND::NY.GDP.MKTP.CN.AD::2023,HAS_OBSERVATION
country::IND,observation::IND::NY.GDP.FCST.CD::2023,HAS_OBSERVATION
country::IND,observation::IND::NY.GDP.DEFL.ZS::2023,HAS_OBSERVATION
country::IND,observation::IND::NY.EXP.CAPM.KN::2023,HAS_OBSERVATION
country::IND,observation::IND::NV.SRV.TOTL.KD::2023,HAS_OBSERVATION
country::IND,observation::IND::NV.IND.TOTL.KD.ZG::2023,HAS_OBSERVATION
country::IND,observation::IND::NV.IND.MANF.ZS::2023,HAS_OBSERVATION
country::IND,observation::IND::NV.IND.MANF.CN::2023,HAS_OBSERVATION
country::IND,observation::IND::NV.AGR.TOTL.KD::2023,HAS_OBSERVATION
country::IND,observation::IND::NE.TRD.GNFS.ZS::2023,HAS_OBSERVATION
country::IND,observation::IND::NE.RSB.GNFS.CD::2023,HAS_OBSERVATION
country::IND,observation::IND::NY.GNS.ICTR.GN.ZS::2023,HAS_OBSERVATION
country::IND,observation::IND::NY.GNP.PCAP.PP.CD::2023,HAS_OBSERVATION
country::IND,observation::IND::NY.GNP.PCAP.CN::2023,HAS_OBSERVATION
country::IND,observation::IND::NY.GNP.MKTP.KN::2023,HAS_OBSERVATION
country::IND,observation::IND::NY.GNP.MKTP.CN::2023,HAS_OBSERVATION
country::IND,observation::IND::NY.GDS.TOTL.ZS::2023,HAS_OBSERVATION
country::IND,observation::IND::NY.GDP.PCAP.KD.ZG::2023,HAS_OBSERVATION
country::IND,observation::IND::NY.GDP.MKTP.KD.ZG::2023,HAS_OBSERVATION
country::IND,observation::IND::NY.GDP.MKTP.CD::2023,HAS_OBSERVATION
country::IND,observation::IND::NY.GDP.FCST.KD::2023,HAS_OBSERVATION
country::IND,observation::IND::NY.GDP.DISC.CN::2023,HAS_OBSERVATION
country::IND,observation::IND::NY.GDP.DEFL.KD.ZG::2023,HAS_OBSERVATION
country::IND,observation::IND::NV.SRV.TOTL.KN::2023,HAS_OBSERVATION
country::IND,observation::IND::NV.SRV.TOTL.CD::2023,HAS_OBSERVATION
country::IND,observation::IND::NV.IND.TOTL.ZS::2023,HAS_OBSERVATION
country::IND,observation::IND::NV.IND.TOTL.CN::2023,HAS_OBSERVATION
country::IND,observation::IND::NV.IND.MANF.KD.ZG::2023,HAS_OBSERVATION
country::IND,observation::IND::NV.IND.EMPL.KD::2023,HAS_OBSERVATION
country::IND,observation::IND::NV.AGR.TOTL.KN::2023,HAS_OBSERVATION
country::IND,observation::IND::NV.AGR.TOTL.CD::2023,HAS_OBSERVATION
country::IND,observation::IND::NE.RSB.GNFS.KN::2023,HAS_OBSERVATION
country::IND,observation::IND::NE.IMP.GNFS.KN::2023,HAS_OBSERVATION
country::IND,observation::IND::NY.GNP.PCAP.PP.KD::2023,HAS_OBSERVATION
country::IND,observation::IND::NY.GNP.PCAP.KD::2023,HAS_OBSERVATION
country::IND,observation::IND::NY.GNP.MKTP.PP.CD::2023,HAS_OBSERVATION
country::IND,observation::IND::NY.GNP.MKTP.CN.AD::2023,HAS_OBSERVATION
country::IND,observation::IND::NY.GDY.TOTL.KN::2023,HAS_OBSERVATION
country::IND,observation::IND::NY.GDP.PCAP.KN::2023,HAS_OBSERVATION
country::IND,observation::IND::NY.GDP.PCAP.CD::2023,HAS_OBSERVATION
country::IND,observation::IND::NY.GDP.MKTP.KN::2023,HAS_OBSERVATION
country::IND,observation::IND::NY.GDP.MKTP.CN::2023,HAS_OBSERVATION
country::IND,observation::IND::NY.GDP.FCST.KN::2023,HAS_OBSERVATION
country::IND,observation::IND::NY.GDP.DISC.KN::2023,HAS_OBSERVATION
country::IND,observation::IND::NY.GDP.DEFL.KD.ZG.AD::2023,HAS_OBSERVATION
country::IND,observation::IND::NV.SRV.TOTL.ZS::2023,HAS_OBSERVATION
country::IND,observation::IND::NV.SRV.TOTL.CN::2023,HAS_OBSERVATION
country::IND,observation::IND::NV.IND.TOTL.KD::2023,HAS_OBSERVATION
country::IND,observation::IND::NV.IND.MANF.KN::2023,HAS_OBSERVATION
country::IND,observation::IND::NV.IND.MANF.CD::2023,HAS_OBSERVATION
country::IND,observation::IND::NV.AGR.TOTL.ZS::2023,HAS_OBSERVATION
country::IND,observation::IND::NE.GDI.TOTL.CN::2023,HAS_OBSERVATION
country::IND,observation::IND::NE.GDI.STKB.CD::2023,HAS_OBSERVATION
country::IND,observation::IND::NE.GDI.FTOT.KD::2023,HAS_OBSERVATION
country::IND,observation::IND::NE.GDI.FPRV.CN::2023,HAS_OBSERVATION
country::IND,observation::IND::NE.EXP.GNFS.KD::2023,HAS_OBSERVATION
country::IND,observation::IND::NE.DAB.TOTL.KN::2023,HAS_OBSERVATION
country::IND,observation::IND::NE.DAB.DEFL.ZS::2023,HAS_OBSERVATION
country::IND,observation::IND::NE.CON.TOTL.KD::2023,HAS_OBSERVATION
country::IND,observation::IND::NE.CON.PRVT.PP.KD::2023,HAS_OBSERVATION
country::IND,observation::IND::NE.CON.PRVT.KN::2023,HAS_OBSERVATION
country::IND,observation::IND::NE.CON.PRVT.CN::2023,HAS_OBSERVATION
country::IND,observation::IND::NE.CON.GOVT.ZS::2023,HAS_OBSERVATION
country::IND,observation::IND::NE.CON.GOVT.CN::2023,HAS_OBSERVATION
country::IND,observation::IND::MS.MIL.XPND.GD.ZS::2023,HAS_OBSERVATION
country::IND,observation::IND::IT.NET.BBND.P2::2023,HAS_OBSERVATION
country::IND,observation::IND::IT.CEL.SETS.P2::2023,HAS_OBSERVATION
country::IND,observation::IND::IS.AIR.GOOD.MT.K1::2023,HAS_OBSERVATION
country::IND,observation::IND::IQ.SPI.PIL3::2023,HAS_OBSERVATION
country::IND,observation::IND::NE.IMP.GNFS.KD::2023,HAS_OBSERVATION
country::IND,observation::IND::NE.GDI.TOTL.KN::2023,HAS_OBSERVATION
country::IND,observation::IND::NE.GDI.TOTL.CD::2023,HAS_OBSERVATION
country::IND,observation::IND::NE.GDI.FTOT.ZS::2023,HAS_OBSERVATION
country::IND,observation::IND::NE.GDI.FTOT.CN::2023,HAS_OBSERVATION
country::IND,observation::IND::NE.EXP.GNFS.ZS::2023,HAS_OBSERVATION
country::IND,observation::IND::NE.EXP.GNFS.CN::2023,HAS_OBSERVATION
country::IND,observation::IND::NE.DAB.TOTL.KD::2023,HAS_OBSERVATION
country::IND,observation::IND::NE.CON.TOTL.ZS::2023,HAS_OBSERVATION
country::IND,observation::IND::NE.CON.TOTL.CN::2023,HAS_OBSERVATION
country::IND,observation::IND::NE.CON.PRVT.PP.CD::2023,HAS_OBSERVATION
country::IND,observation::IND::NE.CON.PRVT.KD.ZG::2023,HAS_OBSERVATION
country::IND,observation::IND::NE.CON.PRVT.CD::2023,HAS_OBSERVATION
country::IND,observation::IND::NE.CON.GOVT.KN::2023,HAS_OBSERVATION
country::IND,observation::IND::NE.CON.GOVT.CD::2023,HAS_OBSERVATION
country::IND,observation::IND::MS.MIL.XPND.CN::2023,HAS_OBSERVATION
country::IND,observation::IND::MS.MIL.MPRT.KD::2023,HAS_OBSERVATION
country::IND,observation::IND::IT.NET.BBND::2023,HAS_OBSERVATION
country::IND,observation::IND::IT.CEL.SETS::2023,HAS_OBSERVATION
country::IND,observation::IND::IS.AIR.DPRT::2023,HAS_OBSERVATION
country::IND,observation::IND::IQ.SPI.PIL2::2023,HAS_OBSERVATION
country::IND,observation::IND::NE.IMP.GNFS.CD::2023,HAS_OBSERVATION
country::IND,observation::IND::NE.GDI.TOTL.KD::2023,HAS_OBSERVATION
country::IND,observation::IND::NE.GDI.STKB.CN::2023,HAS_OBSERVATION
country::IND,observation::IND::NE.GDI.FTOT.KD.ZG::2023,HAS_OBSERVATION
country::IND,observation::IND::NE.GDI.FPRV.ZS::2023,HAS_OBSERVATION
country::IND,observation::IND::NE.EXP.GNFS.KD.ZG::2023,HAS_OBSERVATION
country::IND,observation::IND::NE.DAB.TOTL.ZS::2023,HAS_OBSERVATION
country::IND,observation::IND::NE.DAB.TOTL.CD::2023,HAS_OBSERVATION
country::IND,observation::IND::NE.CON.TOTL.KD.ZG::2023,HAS_OBSERVATION
country::IND,observation::IND::NE.CON.PRVT.ZS::2023,HAS_OBSERVATION
country::IND,observation::IND::NE.CON.PRVT.PC.KD::2023,HAS_OBSERVATION
country::IND,observation::IND::NE.CON.PRVT.CN.AD::2023,HAS_OBSERVATION
country::IND,observation::IND::NE.CON.PCAP.PP.CD::2023,HAS_OBSERVATION
country::IND,observation::IND::NE.CON.GOVT.KD::2023,HAS_OBSERVATION
country::IND,observation::IND::MS.MIL.XPND.ZS::2023,HAS_OBSERVATION
country::IND,observation::IND::IT.NET.USER.ZS::2023,HAS_OBSERVATION
country::IND,observation::IND::IT.NET.SECR::2023,HAS_OBSERVATION
country::IND,observation::IND::IT.MLT.MAIN::2023,HAS_OBSERVATION
country::IND,observation::IND::IS.AIR.PSGR::2023,HAS_OBSERVATION
country::IND,observation::IND::IQ.SPI.PIL4::2023,HAS_OBSERVATION
country::IND,observation::IND::IQ.SPI.OVRL::2023,HAS_OBSERVATION
country::IND,observation::IND::NV.AGR.TOTL.CN::2023,HAS_OBSERVATION
country::IND,observation::IND::NE.RSB.GNFS.ZS::2023,HAS_OBSERVATION
country::IND,observation::IND::NE.IMP.GNFS.ZS::2023,HAS_OBSERVATION
country::IND,observation::IND::NE.IMP.GNFS.CN::2023,HAS_OBSERVATION
country::IND,observation::IND::NE.GDI.TOTL.KD.ZG::2023,HAS_OBSERVATION
country::IND,observation::IND::NE.GDI.STKB.KN::2023,HAS_OBSERVATION
country::IND,observation::IND::NE.GDI.FTOT.KN::2023,HAS_OBSERVATION
country::IND,observation::IND::NE.GDI.FTOT.CD::2023,HAS_OBSERVATION
country::IND,observation::IND::NE.EXP.GNFS.KN::2023,HAS_OBSERVATION
country::IND,observation::IND::NE.EXP.GNFS.CD::2023,HAS_OBSERVATION
country::IND,observation::IND::NE.DAB.TOTL.CN::2023,HAS_OBSERVATION
country::IND,observation::IND::NE.CON.TOTL.KN::2023,HAS_OBSERVATION
country::IND,observation::IND::NE.CON.TOTL.CD::2023,HAS_OBSERVATION
country::IND,observation::IND::NE.CON.PRVT.PC.KD.ZG::2023,HAS_OBSERVATION
country::IND,observation::IND::NE.CON.PRVT.KD::2023,HAS_OBSERVATION
country::IND,observation::IND::NE.CON.PCAP.PP.KD::2023,HAS_OBSERVATION
country::IND,observation::IND::NE.CON.GOVT.KD.ZG::2023,HAS_OBSERVATION
country::IND,observation::IND::MS.MIL.XPRT.KD::2023,HAS_OBSERVATION
country::IND,observation::IND::MS.MIL.XPND.CD::2023,HAS_OBSERVATION
country::IND,observation::IND::IT.NET.SECR.P6::2023,HAS_OBSERVATION
country::IND,observation::IND::IT.MLT.MAIN.P2::2023,HAS_OBSERVATION
country::IND,observation::IND::IQ.SPI.PIL5::2023,HAS_OBSERVATION
country::IND,observation::IND::IQ.SPI.PIL1::2023,HAS_OBSERVATION
country::IND,observation::IND::VC.IDP.NWCV::2023,HAS_OBSERVATION
country::IND,observation::IND::TX.VAL.TECH.MF.ZS::2023,HAS_OBSERVATION
country::IND,observation::IND::TX.VAL.MRCH.XD.WD::2023,HAS_OBSERVATION
country::IND,observation::IND::TX.VAL.MRCH.R6.ZS::2023,HAS_OBSERVATION
country::IND,observation::IND::TX.VAL.MRCH.R2.ZS::2023,HAS_OBSERVATION
country::IND,observation::IND::TX.VAL.MRCH.CD.WT::2023,HAS_OBSERVATION
country::IND,observation::IND::TX.VAL.INSF.ZS.WT::2023,HAS_OBSERVATION
country::IND,observation::IND::TX.VAL.AGRI.ZS.UN::2023,HAS_OBSERVATION
country::IND,observation::IND::TT.PRI.MRCH.XD.WD::2023,HAS_OBSERVATION
country::IND,observation::IND::TM.VAL.OTHR.ZS.WT::2023,HAS_OBSERVATION
country::IND,observation::IND::TM.VAL.MRCH.RS.ZS::2023,HAS_OBSERVATION
country::IND,observation::IND::TM.VAL.MRCH.R3.ZS::2023,HAS_OBSERVATION
country::IND,observation::IND::TM.VAL.MRCH.HI.ZS::2023,HAS_OBSERVATION
country::IND,observation::IND::TM.VAL.MANF.ZS.UN::2023,HAS_OBSERVATION
country::IND,observation::IND::TM.VAL.FOOD.ZS.UN::2023,HAS_OBSERVATION
country::IND,observation::IND::SP.URB.GROW::2023,HAS_OBSERVATION
country::IND,observation::IND::SP.POP.TOTL.FE.ZS::2023,HAS_OBSERVATION
country::IND,observation::IND::SP.POP.DPND::2023,HAS_OBSERVATION
country::IND,observation::IND::SP.POP.7579.MA.5Y::2023,HAS_OBSERVATION
country::IND,observation::IND::SP.POP.65UP.TO.ZS::2023,HAS_OBSERVATION
country::IND,observation::IND::SP.POP.65UP.FE.ZS::2023,HAS_OBSERVATION
country::IND,observation::IND::SP.POP.6064.MA.5Y::2023,HAS_OBSERVATION
country::IND,observation::IND::SP.POP.5054.MA.5Y::2023,HAS_OBSERVATION
country::IND,observation::IND::SP.POP.4044.MA.5Y::2023,HAS_OBSERVATION
country::IND,observation::IND::SP.POP.3034.MA.5Y::2023,HAS_OBSERVATION
country::IND,observation::IND::SP.POP.2024.MA.5Y::2023,HAS_OBSERVATION
country::IND,observation::IND::SP.POP.1564.MA.ZS::2023,HAS_OBSERVATION
country::IND,observation::IND::SP.POP.1519.MA.5Y::2023,HAS_OBSERVATION
country::IND,observation::IND::SP.POP.0509.MA.5Y::2023,HAS_OBSERVATION
country::IND,observation::IND::SP.POP.0014.MA.ZS::2023,HAS_OBSERVATION
country::IND,observation::IND::SP.POP.0004.MA.5Y::2023,HAS_OBSERVATION
country::IND,observation::IND::SP.DYN.TO65.FE.ZS::2023,HAS_OBSERVATION
country::IND,observation::IND::SP.DYN.LE00.FE.IN::2023,HAS_OBSERVATION
country::IND,observation::IND::SP.DYN.AMRT.MA::2023,HAS_OBSERVATION
country::IND,observation::IND::DT.NFL.WHOL.CD::2023,HAS_OBSERVATION
country::IND,observation::IND::DT.NFL.UNCF.CD::2023,HAS_OBSERVATION
country::IND,observation::IND::DT.NFL.PROP.CD::2023,HAS_OBSERVATION
country::IND,observation::IND::DT.NFL.PCBK.CD::2023,HAS_OBSERVATION
country::IND,observation::IND::DT.NFL.MOTH.CD::2023,HAS_OBSERVATION
country::IND,observation::IND::DT.NFL.BOND.CD::2023,HAS_OBSERVATION
country::IND,observation::IND::VC.BTL.DETH::2023,HAS_OBSERVATION
country::IND,observation::IND::TX.VAL.TECH.CD::2023,HAS_OBSERVATION
country::IND,observation::IND::TX.VAL.MRCH.WR.ZS::2023,HAS_OBSERVATION
country::IND,observation::IND::TX.VAL.MRCH.R5.ZS::2023,HAS_OBSERVATION
country::IND,observation::IND::TX.VAL.MRCH.R1.ZS::2023,HAS_OBSERVATION
country::IND,observation::IND::TX.VAL.MRCH.AL.ZS::2023,HAS_OBSERVATION
country::IND,observation::IND::TX.UVI.MRCH.XD.WD::2023,HAS_OBSERVATION
country::IND,observation::IND::TM.VAL.TRVL.ZS.WT::2023,HAS_OBSERVATION
country::IND,observation::IND::TM.VAL.MRCH.XD.WD::2023,HAS_OBSERVATION
country::IND,observation::IND::TM.VAL.MRCH.R6.ZS::2023,HAS_OBSERVATION
country::IND,observation::IND::TM.VAL.MRCH.R2.ZS::2023,HAS_OBSERVATION
country::IND,observation::IND::TM.VAL.MRCH.CD.WT::2023,HAS_OBSERVATION
country::IND,observation::IND::TM.VAL.INSF.ZS.WT::2023,HAS_OBSERVATION
country::IND,observation::IND::TM.VAL.AGRI.ZS.UN::2023,HAS_OBSERVATION
country::IND,observation::IND::TM.QTY.MRCH.XD.WD::2023,HAS_OBSERVATION
country::IND,observation::IND::SP.RUR.TOTL.ZS::2023,HAS_OBSERVATION
country::IND,observation::IND::SP.POP.TOTL.FE.IN::2023,HAS_OBSERVATION
country::IND,observation::IND::SP.POP.GROW::2023,HAS_OBSERVATION
country::IND,observation::IND::SP.POP.BRTH.MF::2023,HAS_OBSERVATION
country::IND,observation::IND::SP.POP.7579.FE.5Y::2023,HAS_OBSERVATION
country::IND,observation::IND::SP.POP.65UP.TO::2023,HAS_OBSERVATION
country::IND,observation::IND::SP.POP.65UP.FE.IN::2023,HAS_OBSERVATION
country::IND,observation::IND::SP.POP.6064.FE.5Y::2023,HAS_OBSERVATION
country::IND,observation::IND::SP.POP.5054.FE.5Y::2023,HAS_OBSERVATION
country::IND,observation::IND::SP.POP.4044.FE.5Y::2023,HAS_OBSERVATION
country::IND,observation::IND::SP.POP.3034.FE.5Y::2023,HAS_OBSERVATION
country::IND,observation::IND::SP.POP.2024.FE.5Y::2023,HAS_OBSERVATION
country::IND,observation::IND::SP.POP.1564.MA.IN::2023,HAS_OBSERVATION
country::IND,observation::IND::SP.POP.1519.FE.5Y::2023,HAS_OBSERVATION
country::IND,observation::IND::SP.POP.0509.FE.5Y::2023,HAS_OBSERVATION
country::IND,observation::IND::SP.POP.0014.MA.IN::2023,HAS_OBSERVATION
country::IND,observation::IND::SP.POP.0004.FE.5Y::2023,HAS_OBSERVATION
country::IND,observation::IND::SP.DYN.TFRT.IN::2023,HAS_OBSERVATION
country::IND,observation::IND::SP.DYN.IMRT.MA.IN::2023,HAS_OBSERVATION
country::IND,observation::IND::SP.DYN.AMRT.FE::2023,HAS_OBSERVATION
country::IND,observation::IND::SM.POP.RHCR.EA::2023,HAS_OBSERVATION
country::IND,observation::IND::SM.POP.IDPC::2023,HAS_OBSERVATION
country::IND,observation::IND::SL.UEM.TOTL.NE.ZS::2023,HAS_OBSERVATION
country::IND,observation::IND::DT.NFL.WFPG.CD::2023,HAS_OBSERVATION
country::IND,observation::IND::DT.NFL.UNFP.CD::2023,HAS_OBSERVATION
country::IND,observation::IND::DT.NFL.RDBN.CD::2023,HAS_OBSERVATION
country::IND,observation::IND::DT.NFL.PNGC.CD::2023,HAS_OBSERVATION
country::IND,observation::IND::DT.NFL.PBND.CD::2023,HAS_OBSERVATION
country::IND,observation::IND::DT.NFL.MLAT.CD::2023,HAS_OBSERVATION
country::IND,observation::IND::DT.NFL.IMFC.CD::2023,HAS_OBSERVATION
country::IND,observation::IND::DT.NFL.FAOG.CD::2023,HAS_OBSERVATION
country::IND,observation::IND::DT.NFL.BLAT.CD::2023,HAS_OBSERVATION
country::IND,observation::IND::DT.DOD.MWBG.CD::2023,HAS_OBSERVATION
country::IND,observation::IND::DT.DOD.DSTC.XP.ZS::2023,HAS_OBSERVATION
country::IND,observation::IND::DT.DOD.DPNG.CD::2023,HAS_OBSERVATION
country::IND,observation::IND::DT.DOD.DECT.CD::2023,HAS_OBSERVATION
country::IND,observation::IND::VC.IDP.NWDS::2023,HAS_OBSERVATION
country::IND,observation::IND::TX.VAL.TRAN.ZS.WT::2023,HAS_OBSERVATION
country::IND,observation::IND::TX.VAL.OTHR.ZS.WT::2023,HAS_OBSERVATION
country::IND,observation::IND::TX.VAL.MRCH.RS.ZS::2023,HAS_OBSERVATION
country::IND,observation::IND::TX.VAL.MRCH.R3.ZS::2023,HAS_OBSERVATION
country::IND,observation::IND::TX.VAL.MRCH.HI.ZS::2023,HAS_OBSERVATION
country::IND,observation::IND::TX.VAL.MANF.ZS.UN::2023,HAS_OBSERVATION
country::IND,observation::IND::TX.VAL.FOOD.ZS.UN::2023,HAS_OBSERVATION
country::IND,observation::IND::TM.VAL.SERV.CD.WT::2023,HAS_OBSERVATION
country::IND,observation::IND::TM.VAL.MRCH.WL.CD::2023,HAS_OBSERVATION
country::IND,observation::IND::TM.VAL.MRCH.R4.ZS::2023,HAS_OBSERVATION
country::IND,observation::IND::TM.VAL.MRCH.OR.ZS::2023,HAS_OBSERVATION
country::IND,observation::IND::TM.VAL.MMTL.ZS.UN::2023,HAS_OBSERVATION
country::IND,observation::IND::TM.VAL.FUEL.ZS.UN::2023,HAS_OBSERVATION
country::IND,observation::IND::SP.URB.TOTL::2023,HAS_OBSERVATION
country::IND,observation::IND::SP.RUR.TOTL::2023,HAS_OBSERVATION
country::IND,observation::IND::SP.POP.TOTL.MA.IN::2023,HAS_OBSERVATION
country::IND,observation::IND::SP.POP.DPND.OL::2023,HAS_OBSERVATION
country::IND,observation::IND::SP.POP.80UP.FE.5Y::2023,HAS_OBSERVATION
country::IND,observation::IND::SP.POP.7074.FE.5Y::2023,HAS_OBSERVATION
country::IND,observation::IND::SP.POP.65UP.MA.IN::2023,HAS_OBSERVATION
country::IND,observation::IND::SP.POP.6569.FE.5Y::2023,HAS_OBSERVATION
country::IND,observation::IND::SP.POP.5559.FE.5Y::2023,HAS_OBSERVATION
country::IND,observation::IND::SP.POP.4549.FE.5Y::2023,HAS_OBSERVATION
country::IND,observation::IND::SP.POP.3539.FE.5Y::2023,HAS_OBSERVATION
country::IND,observation::IND::SP.POP.2529.FE.5Y::2023,HAS_OBSERVATION
country::IND,observation::IND::SP.POP.1564.TO::2023,HAS_OBSERVATION
country::IND,observation::IND::SP.POP.1564.FE.IN::2023,HAS_OBSERVATION
country::IND,observation::IND::SP.POP.1014.FE.5Y::2023,HAS_OBSERVATION
country::IND,observation::IND::SP.POP.0014.TO::2023,HAS_OBSERVATION
country::IND,observation::IND::SP.POP.0014.FE.IN::2023,HAS_OBSERVATION
country::IND,observation::IND::SP.DYN.TO65.MA.ZS::2023,HAS_OBSERVATION
country::IND,observation::IND::SP.DYN.LE00.IN::2023,HAS_OBSERVATION
country::IND,observation::IND::SP.DYN.IMRT.FE.IN::2023,HAS_OBSERVATION
country::IND,observation::IND::SP.DYN.CBRT.IN::2023,HAS_OBSERVATION
country::IND,observation::IND::SN.ITK.DEFC.ZS::2023,HAS_OBSERVATION
country::IND,observation::IND::DT.NFL.UNWN.CD::2023,HAS_OBSERVATION
country::IND,observation::IND::DT.NFL.UNIDO.CD::2023,HAS_OBSERVATION
country::IND,observation::IND::DT.NFL.UNCR.CD::2023,HAS_OBSERVATION
country::IND,observation::IND::DT.NFL.PRVT.CD::2023,HAS_OBSERVATION
country::IND,observation::IND::DT.NFL.PCBO.CD::2023,HAS_OBSERVATION
country::IND,observation::IND::DT.NFL.NIFC.CD::2023,HAS_OBSERVATION
country::IND,observation::IND::DT.NFL.MIBR.CD::2023,HAS_OBSERVATION
country::IND,observation::IND::TX.VAL.TRVL.ZS.WT::2023,HAS_OBSERVATION
country::IND,observation::IND::TX.VAL.SERV.CD.WT::2023,HAS_OBSERVATION
country::IND,observation::IND::TX.VAL.MRCH.WL.CD::2023,HAS_OBSERVATION
country::IND,observation::IND::TX.VAL.MRCH.R4.ZS::2023,HAS_OBSERVATION
country::IND,observation::IND::TX.VAL.MRCH.OR.ZS::2023,HAS_OBSERVATION
country::IND,observation::IND::TX.VAL.MMTL.ZS.UN::2023,HAS_OBSERVATION
country::IND,observation::IND::TX.VAL.FUEL.ZS.UN::2023,HAS_OBSERVATION
country::IND,observation::IND::TX.QTY.MRCH.XD.WD::2023,HAS_OBSERVATION
country::IND,observation::IND::TM.VAL.TRAN.ZS.WT::2023,HAS_OBSERVATION
country::IND,observation::IND::TM.VAL.MRCH.WR.ZS::2023,HAS_OBSERVATION
country::IND,observation::IND::TM.VAL.MRCH.R5.ZS::2023,HAS_OBSERVATION
country::IND,observation::IND::TM.VAL.MRCH.R1.ZS::2023,HAS_OBSERVATION
country::IND,observation::IND::TM.VAL.MRCH.AL.ZS::2023,HAS_OBSERVATION
country::IND,observation::IND::TM.UVI.MRCH.XD.WD::2023,HAS_OBSERVATION
country::IND,observation::IND::TG.VAL.TOTL.GD.ZS::2023,HAS_OBSERVATION
country::IND,observation::IND::SP.URB.TOTL.IN.ZS::2023,HAS_OBSERVATION
country::IND,observation::IND::SP.RUR.TOTL.ZG::2023,HAS_OBSERVATION
country::IND,observation::IND::SP.POP.TOTL.MA.ZS::2023,HAS_OBSERVATION
country::IND,observation::IND::SP.POP.TOTL::2023,HAS_OBSERVATION
country::IND,observation::IND::SP.POP.DPND.YG::2023,HAS_OBSERVATION
country::IND,observation::IND::SP.POP.80UP.MA.5Y::2023,HAS_OBSERVATION
country::IND,observation::IND::SP.POP.7074.MA.5Y::2023,HAS_OBSERVATION
country::IND,observation::IND::SP.POP.65UP.MA.ZS::2023,HAS_OBSERVATION
country::IND,observation::IND::SP.POP.6569.MA.5Y::2023,HAS_OBSERVATION
country::IND,observation::IND::SP.POP.5559.MA.5Y::2023,HAS_OBSERVATION
country::IND,observation::IND::SP.POP.4549.MA.5Y::2023,HAS_OBSERVATION
country::IND,observation::IND::SP.POP.3539.MA.5Y::2023,HAS_OBSERVATION
country::IND,observation::IND::SP.POP.2529.MA.5Y::2023,HAS_OBSERVATION
country::IND,observation::IND::SP.POP.1564.TO.ZS::2023,HAS_OBSERVATION
country::IND,observation::IND::SP.POP.1564.FE.ZS::2023,HAS_OBSERVATION
country::IND,observation::IND::SP.POP.1014.MA.5Y::2023,HAS_OBSERVATION
country::IND,observation::IND::SP.POP.0014.TO.ZS::2023,HAS_OBSERVATION
country::IND,observation::IND::SP.POP.0014.FE.ZS::2023,HAS_OBSERVATION
country::IND,observation::IND::SP.DYN.LE00.MA.IN::2023,HAS_OBSERVATION
country::IND,observation::IND::SP.DYN.IMRT.IN::2023,HAS_OBSERVATION
country::IND,observation::IND::SP.DYN.CDRT.IN::2023,HAS_OBSERVATION
country::IND,observation::IND::SP.ADO.TFRT::2023,HAS_OBSERVATION
country::IND,observation::IND::SM.POP.FDIP::2023,HAS_OBSERVATION
country::IND,observation::IND::DT.ODA.ALLD.CD::2023,HAS_OBSERVATION
country::IND,observation::IND::DT.NFL.UNEP.CD::2023,HAS_OBSERVATION
country::IND,observation::IND::DT.NFL.UNAI.CD::2023,HAS_OBSERVATION
country::IND,observation::IND::DT.NFL.PNGB.CD::2023,HAS_OBSERVATION
country::IND,observation::IND::DT.NFL.OFFT.CD::2023,HAS_OBSERVATION
country::IND,observation::IND::DT.NFL.MIDA.CD::2023,HAS_OBSERVATION
country::IND,observation::IND::DT.NFL.ILOG.CD::2023,HAS_OBSERVATION
country::IND,observation::IND::DT.NFL.DPNG.CD::2023,HAS_OBSERVATION
country::IND,observation::IND::GF.XPD.BUDG.ZS::2023,HAS_OBSERVATION
country::IND,observation::IND::FP.WPI.TOTL::2023,HAS_OBSERVATION
country::IND,observation::IND::FM.AST.PRVT.GD.ZS::2023,HAS_OBSERVATION
country::IND,observation::IND::IE.PPN.TRAN.CD::2023,HAS_OBSERVATION
country::IND,observation::IND::IE.PPI.TRAN.CD::2023,HAS_OBSERVATION
country::IND,observation::IND::FP.CPI.TOTL.ZG::2023,HAS_OBSERVATION
country::IND,observation::IND::FM.AST.NFRG.CN::2023,HAS_OBSERVATION
country::IND,observation::IND::IE.PPN.ENGY.CD::2023,HAS_OBSERVATION
country::IND,observation::IND::IE.PPI.ENGY.CD::2023,HAS_OBSERVATION
country::IND,observation::IND::FS.AST.PRVT.GD.ZS::2023,HAS_OBSERVATION
country::IND,observation::IND::IE.PPN.ICTI.CD::2023,HAS_OBSERVATION
country::IND,observation::IND::IE.PPI.ICTI.CD::2023,HAS_OBSERVATION
country::IND,observation::IND::FS.AST.CGOV.GD.ZS::2023,HAS_OBSERVATION
country::IND,observation::IND::FI.RES.TOTL.CD::2023,HAS_OBSERVATION
country::IND,observation::IND::FB.AST.NPER.ZS::2023,HAS_OBSERVATION
country::IND,observation::IND::EN.URB.MCTY.TL.ZS::2023,HAS_OBSERVATION
country::IND,observation::IND::EN.POP.DNST::2023,HAS_OBSERVATION
country::IND,observation::IND::EN.GHG.N2O.ZG.AR5::2023,HAS_OBSERVATION
country::IND,observation::IND::EN.GHG.N2O.MT.CE.AR5::2023,HAS_OBSERVATION
country::IND,observation::IND::EN.GHG.N2O.BU.MT.CE.AR5::2023,HAS_OBSERVATION
country::IND,observation::IND::EN.GHG.CO2.PI.MT.CE.AR5::2023,HAS_OBSERVATION
country::IND,observation::IND::EN.GHG.CO2.LU.OL.MT.CE.AR5::2023,HAS_OBSERVATION
country::IND,observation::IND::EN.GHG.CO2.IP.MT.CE.AR5::2023,HAS_OBSERVATION
country::IND,observation::IND::EN.GHG.CO2.AG.MT.CE.AR5::2023,HAS_OBSERVATION
country::IND,observation::IND::EN.GHG.CH4.PI.MT.CE.AR5::2023,HAS_OBSERVATION
country::IND,observation::IND::EN.GHG.CH4.FE.MT.CE.AR5::2023,HAS_OBSERVATION
country::IND,observation::IND::EN.GHG.ALL.MT.CE.AR5::2023,HAS_OBSERVATION
country::IND,observation::IND::EG.USE.ELEC.KH.PC::2023,HAS_OBSERVATION
country::IND,observation::IND::EG.USE.COMM.CL.ZS::2023,HAS_OBSERVATION
country::IND,observation::IND::EG.ELC.PETR.ZS::2023,HAS_OBSERVATION
country::IND,observation::IND::EG.ELC.HYRO.ZS::2023,HAS_OBSERVATION
country::IND,observation::IND::EG.ELC.ACCS.UR.ZS::2023,HAS_OBSERVATION
country::IND,observation::IND::EG.CFT.ACCS.UR.ZS::2023,HAS_OBSERVATION
country::IND,observation::IND::DT.TDS.DPPG.XP.ZS::2023,HAS_OBSERVATION
country::IND,observation::IND::DT.TDS.DIMF.CD::2023,HAS_OBSERVATION
country::IND,observation::IND::DT.ODA.ODAT.GN.ZS::2023,HAS_OBSERVATION
country::IND,observation::IND::FI.RES.XGLD.CD::2023,HAS_OBSERVATION
country::IND,observation::IND::FD.RES.LIQU.AS.ZS::2023,HAS_OBSERVATION
country::IND,observation::IND::FB.CBK.BRCH.P5::2023,HAS_OBSERVATION
country::IND,observation::IND::ER.PTD.TOTL.ZS::2023,HAS_OBSERVATION
country::IND,observation::IND::ER.FSH.PROD.MT::2023,HAS_OBSERVATION
country::IND,observation::IND::EN.URB.MCTY::2023,HAS_OBSERVATION
country::IND,observation::IND::EN.GHG.N2O.WA.MT.CE.AR5::2023,HAS_OBSERVATION
country::IND,observation::IND::EN.GHG.N2O.IP.MT.CE.AR5::2023,HAS_OBSERVATION
country::IND,observation::IND::EN.GHG.N2O.AG.MT.CE.AR5::2023,HAS_OBSERVATION
country::IND,observation::IND::EN.GHG.CO2.TR.MT.CE.AR5::2023,HAS_OBSERVATION
country::IND,observation::IND::EN.GHG.CO2.PC.CE.AR5::2023,HAS_OBSERVATION
country::IND,observation::IND::EN.GHG.CO2.LU.MT.CE.AR5::2023,HAS_OBSERVATION
country::IND,observation::IND::EN.GHG.CO2.IC.MT.CE.AR5::2023,HAS_OBSERVATION
country::IND,observation::IND::EN.GHG.CH4.ZG.AR5::2023,HAS_OBSERVATION
country::IND,observation::IND::EN.GHG.CH4.MT.CE.AR5::2023,HAS_OBSERVATION
country::IND,observation::IND::EN.GHG.CH4.BU.MT.CE.AR5::2023,HAS_OBSERVATION
country::IND,observation::IND::EN.GHG.ALL.LU.MT.CE.AR5::2023,HAS_OBSERVATION
country::IND,observation::IND::EG.USE.CRNW.ZS::2023,HAS_OBSERVATION
country::IND,observation::IND::EG.IMP.CONS.ZS::2023,HAS_OBSERVATION
country::IND,observation::IND::EG.ELC.NUCL.ZS::2023,HAS_OBSERVATION
country::IND,observation::IND::EG.ELC.FOSL.ZS::2023,HAS_OBSERVATION
country::IND,observation::IND::EG.ELC.ACCS.RU.ZS::2023,HAS_OBSERVATION
country::IND,observation::IND::EG.CFT.ACCS.RU.ZS::2023,HAS_OBSERVATION
country::IND,observation::IND::DT.TDS.DPPG.GN.ZS::2023,HAS_OBSERVATION
country::IND,observation::IND::DT.TDS.DECT.GN.ZS::2023,HAS_OBSERVATION
country::IND,observation::IND::DT.ODA.ODAT.PC.ZS::2023,HAS_OBSERVATION
country::IND,observation::IND::DT.ODA.ODAT.GI.ZS::2023,HAS_OBSERVATION
country::IND,observation::IND::DT.ODA.ALLD.KD::2023,HAS_OBSERVATION
country::IND,observation::IND::FI.RES.TOTL.DT.ZS::2023,HAS_OBSERVATION
country::IND,observation::IND::FB.ATM.TOTL.P5::2023,HAS_OBSERVATION
country::IND,observation::IND::ER.LND.PTLD.ZS::2023,HAS_OBSERVATION
country::IND,observation::IND::ER.FSH.AQUA.MT::2023,HAS_OBSERVATION
country::IND,observation::IND::EN.URB.LCTY::2023,HAS_OBSERVATION
country::IND,observation::IND::EN.GHG.TOT.ZG.AR5::2023,HAS_OBSERVATION
country::IND,observation::IND::EN.GHG.N2O.PI.MT.CE.AR5::2023,HAS_OBSERVATION
country::IND,observation::IND::EN.GHG.N2O.FE.MT.CE.AR5::2023,HAS_OBSERVATION
country::IND,observation::IND::EN.GHG.CO2.ZG.AR5::2023,HAS_OBSERVATION
country::IND,observation::IND::EN.GHG.CO2.RT.GDP.KD::2023,HAS_OBSERVATION
country::IND,observation::IND::EN.GHG.CO2.LU.DF.MT.CE.AR5::2023,HAS_OBSERVATION
country::IND,observation::IND::EN.GHG.CO2.BU.MT.CE.AR5::2023,HAS_OBSERVATION
country::IND,observation::IND::EN.GHG.CH4.TR.MT.CE.AR5::2023,HAS_OBSERVATION
country::IND,observation::IND::EN.GHG.CH4.IC.MT.CE.AR5::2023,HAS_OBSERVATION
country::IND,observation::IND::EN.GHG.ALL.PC.CE.AR5::2023,HAS_OBSERVATION
country::IND,observation::IND::EG.USE.PCAP.KG.OE::2023,HAS_OBSERVATION
country::IND,observation::IND::EG.USE.COMM.FO.ZS::2023,HAS_OBSERVATION
country::IND,observation::IND::EG.GDP.PUSE.KO.PP::2023,HAS_OBSERVATION
country::IND,observation::IND::EG.ELC.LOSS.ZS::2023,HAS_OBSERVATION
country::IND,observation::IND::EG.ELC.ACCS.ZS::2023,HAS_OBSERVATION
country::IND,observation::IND::EG.CFT.ACCS.ZS::2023,HAS_OBSERVATION
country::IND,observation::IND::DT.TDS.MLAT.CD::2023,HAS_OBSERVATION
country::IND,observation::IND::DT.TDS.DPPF.XP.ZS::2023,HAS_OBSERVATION
country::IND,observation::IND::DT.TDS.DECT.CD::2023,HAS_OBSERVATION
country::IND,observation::IND::DT.ODA.ODAT.KD::2023,HAS_OBSERVATION
country::IND,observation::IND::FP.CPI.TOTL::2023,HAS_OBSERVATION
country::IND,observation::IND::FM.AST.DOMS.CN::2023,HAS_OBSERVATION
country::IND,observation::IND::FI.RES.TOTL.MO::2023,HAS_OBSERVATION
country::IND,observation::IND::FD.AST.PRVT.GD.ZS::2023,HAS_OBSERVATION
country::IND,observation::IND::FB.BNK.CAPA.ZS::2023,HAS_OBSERVATION
country::IND,observation::IND::ER.MRN.PTMR.ZS::2023,HAS_OBSERVATION
country::IND,observation::IND::ER.FSH.CAPT.MT::2023,HAS_OBSERVATION
country::IND,observation::IND::EN.URB.LCTY.UR.ZS::2023,HAS_OBSERVATION
country::IND,observation::IND::EN.GHG.N2O.TR.MT.CE.AR5::2023,HAS_OBSERVATION
country::IND,observation::IND::EN.GHG.N2O.IC.MT.CE.AR5::2023,HAS_OBSERVATION
country::IND,observation::IND::EN.GHG.FGAS.IP.MT.CE.AR5::2023,HAS_OBSERVATION
country::IND,observation::IND::EN.GHG.CO2.RT.GDP.PP.KD::2023,HAS_OBSERVATION
country::IND,observation::IND::EN.GHG.CO2.MT.CE.AR5::2023,HAS_OBSERVATION
country::IND,observation::IND::EN.GHG.CO2.LU.FL.MT.CE.AR5::2023,HAS_OBSERVATION
country::IND,observation::IND::EN.GHG.CO2.FE.MT.CE.AR5::2023,HAS_OBSERVATION
country::IND,observation::IND::EN.GHG.CH4.WA.MT.CE.AR5::2023,HAS_OBSERVATION
country::IND,observation::IND::EN.GHG.CH4.IP.MT.CE.AR5::2023,HAS_OBSERVATION
country::IND,observation::IND::EN.GHG.CH4.AG.MT.CE.AR5::2023,HAS_OBSERVATION
country::IND,observation::IND::EG.USE.COMM.GD.PP.KD::2023,HAS_OBSERVATION
country::IND,observation::IND::EG.GDP.PUSE.KO.PP.KD::2023,HAS_OBSERVATION
country::IND,observation::IND::EG.ELC.NGAS.ZS::2023,HAS_OBSERVATION
country::IND,observation::IND::EG.ELC.COAL.ZS::2023,HAS_OBSERVATION
country::IND,observation::IND::DT.TDS.MLAT.PG.ZS::2023,HAS_OBSERVATION
country::IND,observation::IND::DT.TDS.DPPG.CD::2023,HAS_OBSERVATION
country::IND,observation::IND::DT.TDS.DECT.EX.ZS::2023,HAS_OBSERVATION
country::IND,observation::IND::DT.ODA.ODAT.MP.ZS::2023,HAS_OBSERVATION
country::IND,observation::IND::DT.ODA.ODAT.CD::2023,HAS_OBSERVATION
country::IND,observation::IND::SM.POP.RHCR.EO::2024,HAS_OBSERVATION
country::IND,observation::IND::SM.POP.NETM::2024,HAS_OBSERVATION
country::IND,observation::IND::SM.POP.ASYS.EA::2024,HAS_OBSERVATION
country::IND,observation::IND::SL.UEM.TOTL.ZS::2024,HAS_OBSERVATION
country::IND,observation::IND::SL.UEM.TOTL.FE.ZS::2024,HAS_OBSERVATION
country::IND,observation::IND::SL.UEM.NEET.MA.ZS::2024,HAS_OBSERVATION
country::IND,observation::IND::SL.UEM.INTM.ZS::2024,HAS_OBSERVATION
country::IND,observation::IND::SL.UEM.BASC.MA.ZS::2024,HAS_OBSERVATION
country::IND,observation::IND::SL.UEM.ADVN.FE.ZS::2024,HAS_OBSERVATION
country::IND,observation::IND::SL.UEM.1524.MA.NE.ZS::2024,HAS_OBSERVATION
country::IND,observation::IND::SL.TLF.TOTL.FE.ZS::2024,HAS_OBSERVATION
country::IND,observation::IND::SL.TLF.INTM.ZS::2024,HAS_OBSERVATION
country::IND,observation::IND::SL.TLF.CACT.NE.ZS::2024,HAS_OBSERVATION
country::IND,observation::IND::SL.TLF.CACT.FM.NE.ZS::2024,HAS_OBSERVATION
country::IND,observation::IND::SL.TLF.BASC.MA.ZS::2024,HAS_OBSERVATION
country::IND,observation::IND::SL.TLF.ADVN.FE.ZS::2024,HAS_OBSERVATION
country::IND,observation::IND::SL.TLF.ACTI.1524.ZS::2024,HAS_OBSERVATION
country::IND,observation::IND::SL.TLF.ACTI.1524.FE.ZS::2024,HAS_OBSERVATION
country::IND,observation::IND::SL.GDP.PCAP.EM.KD::2024,HAS_OBSERVATION
country::IND,observation::IND::SL.EMP.WORK.MA.ZS::2024,HAS_OBSERVATION
country::IND,observation::IND::SL.EMP.VULN.FE.ZS::2024,HAS_OBSERVATION
country::IND,observation::IND::SL.EMP.TOTL.SP.MA.NE.ZS::2024,HAS_OBSERVATION
country::IND,observation::IND::SL.EMP.SELF.ZS::2024,HAS_OBSERVATION
country::IND,observation::IND::SL.EMP.MPYR.MA.ZS::2024,HAS_OBSERVATION
country::IND,observation::IND::SL.EMP.1524.SP.MA.ZS::2024,HAS_OBSERVATION
country::IND,observation::IND::SL.AGR.EMPL.ZS::2024,HAS_OBSERVATION
country::IND,observation::IND::SH.TBS.INCD::2024,HAS_OBSERVATION
country::IND,observation::IND::DT.DOD.PVLX.CD::2024,HAS_OBSERVATION
country::IND,observation::IND::DT.DOD.DSTC.ZS::2024,HAS_OBSERVATION
country::IND,observation::IND::DT.DOD.DPPG.CD::2024,HAS_OBSERVATION
country::IND,observation::IND::DT.DOD.DECT.GN.ZS::2024,HAS_OBSERVATION
country::IND,observation::IND::SL.UEM.TOTL.FE.NE.ZS::2024,HAS_OBSERVATION
country::IND,observation::IND::SL.UEM.NEET.MA.ME.ZS::2024,HAS_OBSERVATION
country::IND,observation::IND::SL.UEM.INTM.MA.ZS::2024,HAS_OBSERVATION
country::IND,observation::IND::SL.UEM.BASC.FE.ZS::2024,HAS_OBSERVATION
country::IND,observation::IND::SL.UEM.1524.ZS::2024,HAS_OBSERVATION
country::IND,observation::IND::SL.UEM.1524.FE.ZS::2024,HAS_OBSERVATION
country::IND,observation::IND::SL.TLF.PART.ZS::2024,HAS_OBSERVATION
country::IND,observation::IND::SL.TLF.INTM.MA.ZS::2024,HAS_OBSERVATION
country::IND,observation::IND::SL.TLF.CACT.MA.ZS::2024,HAS_OBSERVATION
country::IND,observation::IND::SL.TLF.CACT.FE.ZS::2024,HAS_OBSERVATION
country::IND,observation::IND::SL.TLF.BASC.FE.ZS::2024,HAS_OBSERVATION
country::IND,observation::IND::SL.TLF.ACTI.ZS::2024,HAS_OBSERVATION
country::IND,observation::IND::SL.TLF.ACTI.1524.NE.ZS::2024,HAS_OBSERVATION
country::IND,observation::IND::SL.TLF.ACTI.1524.FE.NE.ZS::2024,HAS_OBSERVATION
country::IND,observation::IND::SL.SRV.EMPL.ZS::2024,HAS_OBSERVATION
country::IND,observation::IND::SL.IND.EMPL.ZS::2024,HAS_OBSERVATION
country::IND,observation::IND::SL.FAM.WORK.ZS::2024,HAS_OBSERVATION
country::IND,observation::IND::SL.EMP.WORK.FE.ZS::2024,HAS_OBSERVATION
country::IND,observation::IND::SL.EMP.TOTL.SP.ZS::2024,HAS_OBSERVATION
country::IND,observation::IND::SL.EMP.TOTL.SP.FE.ZS::2024,HAS_OBSERVATION
country::IND,observation::IND::SL.EMP.SELF.MA.ZS::2024,HAS_OBSERVATION
country::IND,observation::IND::SL.EMP.MPYR.FE.ZS::2024,HAS_OBSERVATION
country::IND,observation::IND::SL.EMP.1524.SP.MA.NE.ZS::2024,HAS_OBSERVATION
country::IND,observation::IND::SL.AGR.EMPL.MA.ZS::2024,HAS_OBSERVATION
country::IND,observation::IND::CM.MKT.TRAD.GD.ZS::2024,HAS_OBSERVATION
country::IND,observation::IND::CM.MKT.LCAP.CD::2024,HAS_OBSERVATION
country::IND,observation::IND::BX.TRF.PWKR.CD::2024,HAS_OBSERVATION
country::IND,observation::IND::SM.POP.ASYS.EO::2024,HAS_OBSERVATION
country::IND,observation::IND::SL.UEM.TOTL.MA.NE.ZS::2024,HAS_OBSERVATION
country::IND,observation::IND::SL.UEM.NEET.ME.ZS::2024,HAS_OBSERVATION
country::IND,observation::IND::SL.UEM.NEET.FE.ME.ZS::2024,HAS_OBSERVATION
country::IND,observation::IND::SL.UEM.BASC.ZS::2024,HAS_OBSERVATION
country::IND,observation::IND::SL.UEM.ADVN.MA.ZS::2024,HAS_OBSERVATION
country::IND,observation::IND::SL.UEM.1524.MA.ZS::2024,HAS_OBSERVATION
country::IND,observation::IND::SL.TLF.TOTL.IN::2024,HAS_OBSERVATION
country::IND,observation::IND::SL.TLF.PART.FE.ZS::2024,HAS_OBSERVATION
country::IND,observation::IND::SL.TLF.CACT.ZS::2024,HAS_OBSERVATION
country::IND,observation::IND::SL.TLF.CACT.FM.ZS::2024,HAS_OBSERVATION
country::IND,observation::IND::SL.TLF.BASC.ZS::2024,HAS_OBSERVATION
country::IND,observation::IND::SL.TLF.ADVN.MA.ZS::2024,HAS_OBSERVATION
country::IND,observation::IND::SL.TLF.ACTI.FE.ZS::2024,HAS_OBSERVATION
country::IND,observation::IND::SL.TLF.ACTI.1524.MA.NE.ZS::2024,HAS_OBSERVATION
country::IND,observation::IND::SL.SRV.EMPL.FE.ZS::2024,HAS_OBSERVATION
country::IND,observation::IND::SL.IND.EMPL.FE.ZS::2024,HAS_OBSERVATION
country::IND,observation::IND::SL.FAM.WORK.FE.ZS::2024,HAS_OBSERVATION
country::IND,observation::IND::SL.EMP.WORK.ZS::2024,HAS_OBSERVATION
country::IND,observation::IND::SL.EMP.VULN.MA.ZS::2024,HAS_OBSERVATION
country::IND,observation::IND::SL.EMP.TOTL.SP.MA.ZS::2024,HAS_OBSERVATION
country::IND,observation::IND::SL.EMP.SMGT.FE.ZS::2024,HAS_OBSERVATION
country::IND,observation::IND::SL.EMP.MPYR.ZS::2024,HAS_OBSERVATION
country::IND,observation::IND::SL.EMP.1524.SP.NE.ZS::2024,HAS_OBSERVATION
country::IND,observation::IND::SL.EMP.1524.SP.FE.NE.ZS::2024,HAS_OBSERVATION
country::IND,observation::IND::DT.DOD.PVLX.EX.ZS::2024,HAS_OBSERVATION
country::IND,observation::IND::DT.DOD.MIBR.CD::2024,HAS_OBSERVATION
country::IND,observation::IND::DT.DOD.DSTC.CD::2024,HAS_OBSERVATION
country::IND,observation::IND::DT.DOD.DIMF.CD::2024,HAS_OBSERVATION
country::IND,observation::IND::SL.UEM.TOTL.MA.ZS::2024,HAS_OBSERVATION
country::IND,observation::IND::SL.UEM.NEET.ZS::2024,HAS_OBSERVATION
country::IND,observation::IND::SL.UEM.NEET.FE.ZS::2024,HAS_OBSERVATION
country::IND,observation::IND::SL.UEM.INTM.FE.ZS::2024,HAS_OBSERVATION
country::IND,observation::IND::SL.UEM.ADVN.ZS::2024,HAS_OBSERVATION
country::IND,observation::IND::SL.UEM.1524.NE.ZS::2024,HAS_OBSERVATION
country::IND,observation::IND::SL.UEM.1524.FE.NE.ZS::2024,HAS_OBSERVATION
country::IND,observation::IND::SL.TLF.PART.MA.ZS::2024,HAS_OBSERVATION
country::IND,observation::IND::SL.TLF.INTM.FE.ZS::2024,HAS_OBSERVATION
country::IND,observation::IND::SL.TLF.CACT.MA.NE.ZS::2024,HAS_OBSERVATION
country::IND,observation::IND::SL.TLF.CACT.FE.NE.ZS::2024,HAS_OBSERVATION
country::IND,observation::IND::SL.TLF.ADVN.ZS::2024,HAS_OBSERVATION
country::IND,observation::IND::SL.TLF.ACTI.MA.ZS::2024,HAS_OBSERVATION
country::IND,observation::IND::SL.TLF.ACTI.1524.MA.ZS::2024,HAS_OBSERVATION
country::IND,observation::IND::SL.SRV.EMPL.MA.ZS::2024,HAS_OBSERVATION
country::IND,observation::IND::SL.IND.EMPL.MA.ZS::2024,HAS_OBSERVATION
country::IND,observation::IND::SL.FAM.WORK.MA.ZS::2024,HAS_OBSERVATION
country::IND,observation::IND::SL.EMP.VULN.ZS::2024,HAS_OBSERVATION
country::IND,observation::IND::SL.EMP.TOTL.SP.NE.ZS::2024,HAS_OBSERVATION
country::IND,observation::IND::SL.EMP.TOTL.SP.FE.NE.ZS::2024,HAS_OBSERVATION
country::IND,observation::IND::SL.EMP.SELF.FE.ZS::2024,HAS_OBSERVATION
country::IND,observation::IND::SL.EMP.1524.SP.ZS::2024,HAS_OBSERVATION
country::IND,observation::IND::SL.EMP.1524.SP.FE.ZS::2024,HAS_OBSERVATION
country::IND,observation::IND::SL.AGR.EMPL.FE.ZS::2024,HAS_OBSERVATION
country::IND,observation::IND::DT.DOD.PVLX.GN.ZS::2024,HAS_OBSERVATION
country::IND,observation::IND::DT.DOD.MIDA.CD::2024,HAS_OBSERVATION
country::IND,observation::IND::DT.DOD.DSTC.IR.ZS::2024,HAS_OBSERVATION
country::IND,observation::IND::DT.DOD.DLXF.CD::2024,HAS_OBSERVATION
country::IND,observation::IND::SH.STA.STNT.ME.MA.ZS::2024,HAS_OBSERVATION
country::IND,observation::IND::SH.STA.SMSS.ZS::2024,HAS_OBSERVATION
country::IND,observation::IND::SH.STA.OWGH.ME.MA.ZS::2024,HAS_OBSERVATION
country::IND,observation::IND::SH.STA.ODFC.RU.ZS::2024,HAS_OBSERVATION
country::IND,observation::IND::SH.STA.HYGN.RU.ZS::2024,HAS_OBSERVATION
country::IND,observation::IND::SH.STA.BASS.RU.ZS::2024,HAS_OBSERVATION
country::IND,observation::IND::SH.IMM.MEAS::2024,HAS_OBSERVATION
country::IND,observation::IND::SH.HIV.INCD.TL::2024,HAS_OBSERVATION
country::IND,observation::IND::SH.H2O.SMDW.UR.ZS::2024,HAS_OBSERVATION
country::IND,observation::IND::SH.H2O.BASW.RU.ZS::2024,HAS_OBSERVATION
country::IND,observation::IND::SH.DYN.MORT::2024,HAS_OBSERVATION
country::IND,observation::IND::SH.DYN.1519::2024,HAS_OBSERVATION
country::IND,observation::IND::SH.DTH.NMRT::2024,HAS_OBSERVATION
country::IND,observation::IND::SH.DTH.IMRT::2024,HAS_OBSERVATION
country::IND,observation::IND::SH.DTH.1014::2024,HAS_OBSERVATION
country::IND,observation::IND::SE.TER.ENRR.FE::2024,HAS_OBSERVATION
country::IND,observation::IND::SE.SEC.UNER.LO.MA.ZS::2024,HAS_OBSERVATION
country::IND,observation::IND::SE.SEC.TCHR::2024,HAS_OBSERVATION
country::IND,observation::IND::CM.MKT.TRNR::2024,HAS_OBSERVATION
country::IND,observation::IND::CM.MKT.LCAP.GD.ZS::2024,HAS_OBSERVATION
country::IND,observation::IND::BX.TRF.PWKR.CD.DT::2024,HAS_OBSERVATION
country::IND,observation::IND::BX.KLT.DINV.WD.GD.ZS::2024,HAS_OBSERVATION
country::IND,observation::IND::BX.GSR.TOTL.CD::2024,HAS_OBSERVATION
country::IND,observation::IND::BX.GSR.INSF.ZS::2024,HAS_OBSERVATION
country::IND,observation::IND::BX.GSR.CCIS.ZS::2024,HAS_OBSERVATION
country::IND,observation::IND::BN.TRF.KOGT.CD::2024,HAS_OBSERVATION
country::IND,observation::IND::BN.KLT.DINV.CD::2024,HAS_OBSERVATION
country::IND,observation::IND::BN.GSR.FCTY.CD::2024,HAS_OBSERVATION
country::IND,observation::IND::BM.TRF.PWKR.CD.DT::2024,HAS_OBSERVATION
country::IND,observation::IND::BM.GSR.TRVL.ZS::2024,HAS_OBSERVATION
country::IND,observation::IND::BM.GSR.NFSV.CD::2024,HAS_OBSERVATION
country::IND,observation::IND::BM.GSR.FCTY.CD::2024,HAS_OBSERVATION
country::IND,observation::IND::AG.PRD.CREL.MT::2024,HAS_OBSERVATION
country::IND,observation::IND::SH.TBS.DTEC.ZS::2024,HAS_OBSERVATION
country::IND,observation::IND::SH.STA.STNT.ME.FE.ZS::2024,HAS_OBSERVATION
country::IND,observation::IND::SH.STA.SMSS.UR.ZS::2024,HAS_OBSERVATION
country::IND,observation::IND::SH.STA.OWGH.ME.FE.ZS::2024,HAS_OBSERVATION
country::IND,observation::IND::SH.IMM.IDPT::2024,HAS_OBSERVATION
country::IND,observation::IND::SH.H2O.SMDW.RU.ZS::2024,HAS_OBSERVATION
country::IND,observation::IND::SH.DYN.AIDS.ZS::2024,HAS_OBSERVATION
country::IND,observation::IND::SH.DYN.1014::2024,HAS_OBSERVATION
country::IND,observation::IND::SH.DTH.0509::2024,HAS_OBSERVATION
country::IND,observation::IND::SE.TER.ENRR::2024,HAS_OBSERVATION
country::IND,observation::IND::SE.SEC.UNER.LO.FE.ZS::2024,HAS_OBSERVATION
country::IND,observation::IND::SE.SEC.TCAQ.ZS::2024,HAS_OBSERVATION
country::IND,observation::IND::BX.KLT.DINV.CD.WD::2024,HAS_OBSERVATION
country::IND,observation::IND::BX.GSR.ROYL.CD::2024,HAS_OBSERVATION
country::IND,observation::IND::BX.GSR.GNFS.CD::2024,HAS_OBSERVATION
country::IND,observation::IND::BX.GSR.CCIS.CD::2024,HAS_OBSERVATION
country::IND,observation::IND::BN.TRF.CURR.CD::2024,HAS_OBSERVATION
country::IND,observation::IND::BN.KAC.EOMS.CD::2024,HAS_OBSERVATION
country::IND,observation::IND::BN.FIN.TOTL.CD::2024,HAS_OBSERVATION
country::IND,observation::IND::BM.TRF.PRVT.CD::2024,HAS_OBSERVATION
country::IND,observation::IND::BM.GSR.TRAN.ZS::2024,HAS_OBSERVATION
country::IND,observation::IND::BM.GSR.MRCH.CD::2024,HAS_OBSERVATION
country::IND,observation::IND::BM.GSR.CMCP.ZS::2024,HAS_OBSERVATION
country::IND,observation::IND::SH.VAC.TTNS.ZS::2024,HAS_OBSERVATION
country::IND,observation::IND::SH.STA.STNT.ME.ZS::2024,HAS_OBSERVATION
country::IND,observation::IND::SH.STA.OWGH.ME.ZS::2024,HAS_OBSERVATION
country::IND,observation::IND::SH.STA.ODFC.UR.ZS::2024,HAS_OBSERVATION
country::IND,observation::IND::SH.STA.HYGN.UR.ZS::2024,HAS_OBSERVATION
country::IND,observation::IND::SH.STA.BASS.UR.ZS::2024,HAS_OBSERVATION
country::IND,observation::IND::SH.HIV.INCD.TL.P3::2024,HAS_OBSERVATION
country::IND,observation::IND::SH.HIV.ARTC.ZS::2024,HAS_OBSERVATION
country::IND,observation::IND::SH.H2O.SMDW.ZS::2024,HAS_OBSERVATION
country::IND,observation::IND::SH.H2O.BASW.UR.ZS::2024,HAS_OBSERVATION
country::IND,observation::IND::SH.DYN.MORT.FE::2024,HAS_OBSERVATION
country::IND,observation::IND::SH.DYN.2024::2024,HAS_OBSERVATION
country::IND,observation::IND::SH.DTH.1519::2024,HAS_OBSERVATION
country::IND,observation::IND::SG.GEN.PARL.ZS::2024,HAS_OBSERVATION
country::IND,observation::IND::SE.TER.ENRR.MA::2024,HAS_OBSERVATION
country::IND,observation::IND::CM.MKT.LDOM.NO::2024,HAS_OBSERVATION
country::IND,observation::IND::BX.TRF.PWKR.DT.GD.ZS::2024,HAS_OBSERVATION
country::IND,observation::IND::BX.PEF.TOTL.CD.WD::2024,HAS_OBSERVATION
country::IND,observation::IND::BX.GSR.TRAN.ZS::2024,HAS_OBSERVATION
country::IND,observation::IND::BX.GSR.MRCH.CD::2024,HAS_OBSERVATION
country::IND,observation::IND::BX.GSR.CMCP.ZS::2024,HAS_OBSERVATION
country::IND,observation::IND::BN.KLT.PTXL.CD::2024,HAS_OBSERVATION
country::IND,observation::IND::BN.GSR.GNFS.CD::2024,HAS_OBSERVATION
country::IND,observation::IND::BN.CAB.XOKA.CD::2024,HAS_OBSERVATION
country::IND,observation::IND::BM.KLT.DINV.CD.WD::2024,HAS_OBSERVATION
country::IND,observation::IND::BM.GSR.ROYL.CD::2024,HAS_OBSERVATION
country::IND,observation::IND::BM.GSR.GNFS.CD::2024,HAS_OBSERVATION
country::IND,observation::IND::AG.YLD.CREL.KG::2024,HAS_OBSERVATION
country::IND,observation::IND::SH.STA.SMSS.RU.ZS::2024,HAS_OBSERVATION
country::IND,observation::IND::SH.STA.ODFC.ZS::2024,HAS_OBSERVATION
country::IND,observation::IND::SH.STA.HYGN.ZS::2024,HAS_OBSERVATION
country::IND,observation::IND::SH.STA.DIAB.ZS::2024,HAS_OBSERVATION
country::IND,observation::IND::SH.STA.BASS.ZS::2024,HAS_OBSERVATION
country::IND,observation::IND::SH.MLR.INCD.P3::2024,HAS_OBSERVATION
country::IND,observation::IND::SH.IMM.HEPB::2024,HAS_OBSERVATION
country::IND,observation::IND::SH.HIV.INCD.YG::2024,HAS_OBSERVATION
country::IND,observation::IND::SH.H2O.BASW.ZS::2024,HAS_OBSERVATION
country::IND,observation::IND::SH.DYN.NMRT::2024,HAS_OBSERVATION
country::IND,observation::IND::SH.DYN.MORT.MA::2024,HAS_OBSERVATION
country::IND,observation::IND::SH.DYN.AIDS.FE.ZS::2024,HAS_OBSERVATION
country::IND,observation::IND::SH.DYN.0509::2024,HAS_OBSERVATION
country::IND,observation::IND::SH.DTH.MORT::2024,HAS_OBSERVATION
country::IND,observation::IND::SH.DTH.2024::2024,HAS_OBSERVATION
country::IND,observation::IND::SE.SEC.TCHR.FE.ZS::2024,HAS_OBSERVATION
country::IND,observation::IND::SE.SEC.TCAQ.UP.ZS::2024,HAS_OBSERVATION
country::IND,observation::IND::SE.SEC.TCAQ.LO.ZS::2024,HAS_OBSERVATION
country::IND,observation::IND::CM.MKT.TRAD.CD::2024,HAS_OBSERVATION
country::IND,observation::IND::BX.TRF.CURR.CD::2024,HAS_OBSERVATION
country::IND,observation::IND::BX.GSR.TRVL.ZS::2024,HAS_OBSERVATION
country::IND,observation::IND::BX.GSR.NFSV.CD::2024,HAS_OBSERVATION
country::IND,observation::IND::BX.GSR.FCTY.CD::2024,HAS_OBSERVATION
country::IND,observation::IND::BN.RES.INCL.CD::2024,HAS_OBSERVATION
country::IND,observation::IND::BN.GSR.MRCH.CD::2024,HAS_OBSERVATION
country::IND,observation::IND::BN.CAB.XOKA.GD.ZS::2024,HAS_OBSERVATION
country::IND,observation::IND::BM.KLT.DINV.WD.GD.ZS::2024,HAS_OBSERVATION
country::IND,observation::IND::BM.GSR.TOTL.CD::2024,HAS_OBSERVATION
country::IND,observation::IND::BM.GSR.INSF.ZS::2024,HAS_OBSERVATION
country::IND,observation::IND::BG.GSR.NFSV.GD.ZS::2024,HAS_OBSERVATION
country::IND,observation::IND::AG.LND.CREL.HA::2024,HAS_OBSERVATION
country::IND,observation::IND::SE.SEC.TCAQ.UP.FE.ZS::2024,HAS_OBSERVATION
country::IND,observation::IND::SE.SEC.TCAQ.LO.FE.ZS::2024,HAS_OBSERVATION
country::IND,observation::IND::SE.SEC.ENRL::2024,HAS_OBSERVATION
country::IND,observation::IND::SE.SEC.CMPT.LO.MA.ZS::2024,HAS_OBSERVATION
country::IND,observation::IND::SE.PRM.UNER::2024,HAS_OBSERVATION
country::IND,observation::IND::SE.PRM.TCHR.FE.ZS::2024,HAS_OBSERVATION
country::IND,observation::IND::SE.PRM.TCAQ.FE.ZS::2024,HAS_OBSERVATION
country::IND,observation::IND::SE.PRM.ENRR.FE::2024,HAS_OBSERVATION
country::IND,observation::IND::SE.PRM.ENRL::2024,HAS_OBSERVATION
country::IND,observation::IND::SE.PRM.AGES::2024,HAS_OBSERVATION
country::IND,observation::IND::SE.PRE.DURS::2024,HAS_OBSERVATION
country::IND,observation::IND::SE.ADT.LITR.MA.ZS::2024,HAS_OBSERVATION
country::IND,observation::IND::SE.ADT.1524.LT.FM.ZS::2024,HAS_OBSERVATION
country::IND,observation::IND::PA.NUS.PPP::2024,HAS_OBSERVATION
country::IND,observation::IND::NY.TTF.GNFS.KN::2024,HAS_OBSERVATION
country::IND,observation::IND::NY.TAX.NIND.KN::2024,HAS_OBSERVATION
country::IND,observation::IND::NY.GSR.NFCY.CN::2024,HAS_OBSERVATION
country::IND,observation::IND::NY.GNS.ICTR.CN::2024,HAS_OBSERVATION
country::IND,observation::IND::NY.GNP.PCAP.KN::2024,HAS_OBSERVATION
country::IND,observation::IND::SE.SEC.TCAQ.MA.ZS::2024,HAS_OBSERVATION
country::IND,observation::IND::SE.SEC.TCAQ.FE.ZS::2024,HAS_OBSERVATION
country::IND,observation::IND::SE.SEC.ENRR.MA::2024,HAS_OBSERVATION
country::IND,observation::IND::SE.SEC.DURS::2024,HAS_OBSERVATION
country::IND,observation::IND::SE.SEC.CMPT.LO.FE.ZS::2024,HAS_OBSERVATION
country::IND,observation::IND::SE.PRM.TCHR::2024,HAS_OBSERVATION
country::IND,observation::IND::SE.PRM.ENRR::2024,HAS_OBSERVATION
country::IND,observation::IND::SE.PRM.DURS::2024,HAS_OBSERVATION
country::IND,observation::IND::SE.PRM.CMPT.ZS::2024,HAS_OBSERVATION
country::IND,observation::IND::SE.PRE.TCAQ.ZS::2024,HAS_OBSERVATION
country::IND,observation::IND::SE.ADT.LITR.FE.ZS::2024,HAS_OBSERVATION
country::IND,observation::IND::SE.ADT.1524.LT.FE.ZS::2024,HAS_OBSERVATION
country::IND,observation::IND::PA.NUS.GDP.PLI::2024,HAS_OBSERVATION
country::IND,observation::IND::NY.TAX.NIND.CN::2024,HAS_OBSERVATION
country::IND,observation::IND::NY.GSR.NFCY.CD::2024,HAS_OBSERVATION
country::IND,observation::IND::SE.SEC.UNER.LO.ZS::2024,HAS_OBSERVATION
country::IND,observation::IND::SE.SEC.TCHR.FE::2024,HAS_OBSERVATION
country::IND,observation::IND::SE.SEC.TCAQ.UP.MA.ZS::2024,HAS_OBSERVATION
country::IND,observation::IND::SE.SEC.TCAQ.LO.MA.ZS::2024,HAS_OBSERVATION
country::IND,observation::IND::SE.SEC.ENRR::2024,HAS_OBSERVATION
country::IND,observation::IND::SE.SEC.CMPT.LO.ZS::2024,HAS_OBSERVATION
country::IND,observation::IND::SE.PRM.UNER.ZS::2024,HAS_OBSERVATION
country::IND,observation::IND::SE.PRM.TCAQ.MA.ZS::2024,HAS_OBSERVATION
country::IND,observation::IND::SE.PRM.ENRR.MA::2024,HAS_OBSERVATION
country::IND,observation::IND::SE.PRM.CMPT.FE.ZS::2024,HAS_OBSERVATION
country::IND,observation::IND::SE.PRE.TCAQ.FE.ZS::2024,HAS_OBSERVATION
country::IND,observation::IND::SE.ADT.LITR.ZS::2024,HAS_OBSERVATION
country::IND,observation::IND::SE.ADT.1524.LT.MA.ZS::2024,HAS_OBSERVATION
country::IND,observation::IND::PA.NUS.PRVT.PLI::2024,HAS_OBSERVATION
country::IND,observation::IND::PA.NUS.ATLS::2024,HAS_OBSERVATION
country::IND,observation::IND::NY.TRF.NCTR.CD::2024,HAS_OBSERVATION
country::IND,observation::IND::SE.SEC.ENRR.FE::2024,HAS_OBSERVATION
country::IND,observation::IND::SE.SEC.AGES::2024,HAS_OBSERVATION
country::IND,observation::IND::SE.PRM.TCAQ.ZS::2024,HAS_OBSERVATION
country::IND,observation::IND::SE.PRM.CMPT.MA.ZS::2024,HAS_OBSERVATION
country::IND,observation::IND::SE.PRE.TCAQ.MA.ZS::2024,HAS_OBSERVATION
country::IND,observation::IND::SE.ENR.TERT.FM.ZS::2024,HAS_OBSERVATION
country::IND,observation::IND::SE.COM.DURS::2024,HAS_OBSERVATION
country::IND,observation::IND::SE.ADT.1524.LT.ZS::2024,HAS_OBSERVATION
country::IND,observation::IND::PA.NUS.PRVT.PP::2024,HAS_OBSERVATION
country::IND,observation::IND::PA.NUS.FCRF::2024,HAS_OBSERVATION
country::IND,observation::IND::NY.TRF.NCTR.CN::2024,HAS_OBSERVATION
country::IND,observation::IND::NY.TAX.NIND.CD::2024,HAS_OBSERVATION
country::IND,observation::IND::NY.GNS.ICTR.ZS::2024,HAS_OBSERVATION
country::IND,observation::IND::NY.GNP.PCAP.CD::2024,HAS_OBSERVATION
country::IND,observation::IND::NY.GNP.MKTP.KD.ZG::2024,HAS_OBSERVATION
country::IND,observation::IND::NY.GNP.MKTP.CD::2024,HAS_OBSERVATION
country::IND,observation::IND::NY.GDS.TOTL.CN::2024,HAS_OBSERVATION
country::IND,observation::IND::NY.GDP.PCAP.PP.KD::2024,HAS_OBSERVATION
country::IND,observation::IND::NY.GDP.PCAP.KD::2024,HAS_OBSERVATION
country::IND,observation::IND::NY.GDP.MKTP.PP.KD::2024,HAS_OBSERVATION
country::IND,observation::IND::NY.GDP.MKTP.KD::2024,HAS_OBSERVATION
country::IND,observation::IND::NY.GDP.FCST.CN::2024,HAS_OBSERVATION
country::IND,observation::IND::NY.GDP.DEFL.ZS.AD::2024,HAS_OBSERVATION
country::IND,observation::IND::NV.SRV.TOTL.KD.ZG::2024,HAS_OBSERVATION
country::IND,observation::IND::NV.SRV.EMPL.KD::2024,HAS_OBSERVATION
country::IND,observation::IND::NV.IND.TOTL.KN::2024,HAS_OBSERVATION
country::IND,observation::IND::NV.IND.TOTL.CD::2024,HAS_OBSERVATION
country::IND,observation::IND::NV.IND.MANF.KD::2024,HAS_OBSERVATION
country::IND,observation::IND::NV.AGR.TOTL.KD.ZG::2024,HAS_OBSERVATION
country::IND,observation::IND::NV.AGR.EMPL.KD::2024,HAS_OBSERVATION
country::IND,observation::IND::NE.RSB.GNFS.CN::2024,HAS_OBSERVATION
country::IND,observation::IND::NE.IMP.GNFS.KD.ZG::2024,HAS_OBSERVATION
country::IND,observation::IND::NE.GDI.TOTL.ZS::2024,HAS_OBSERVATION
country::IND,observation::IND::NY.GNS.ICTR.CD::2024,HAS_OBSERVATION
country::IND,observation::IND::NY.GNP.PCAP.KD.ZG::2024,HAS_OBSERVATION
country::IND,observation::IND::NY.GNP.MKTP.PP.KD::2024,HAS_OBSERVATION
country::IND,observation::IND::NY.GNP.MKTP.KD::2024,HAS_OBSERVATION
country::IND,observation::IND::NY.GNP.ATLS.CD::2024,HAS_OBSERVATION
country::IND,observation::IND::NY.GDS.TOTL.CD::2024,HAS_OBSERVATION
country::IND,observation::IND::NY.GDP.PCAP.PP.CD::2024,HAS_OBSERVATION
country::IND,observation::IND::NY.GDP.PCAP.CN::2024,HAS_OBSERVATION
country::IND,observation::IND::NY.GDP.MKTP.PP.CD::2024,HAS_OBSERVATION
country::IND,observation::IND::NY.GDP.MKTP.CN.AD::2024,HAS_OBSERVATION
country::IND,observation::IND::NY.GDP.FCST.CD::2024,HAS_OBSERVATION
country::IND,observation::IND::NY.GDP.DEFL.ZS::2024,HAS_OBSERVATION
country::IND,observation::IND::NY.EXP.CAPM.KN::2024,HAS_OBSERVATION
country::IND,observation::IND::NV.SRV.TOTL.KD::2024,HAS_OBSERVATION
country::IND,observation::IND::NV.IND.TOTL.KD.ZG::2024,HAS_OBSERVATION
country::IND,observation::IND::NV.IND.MANF.ZS::2024,HAS_OBSERVATION
country::IND,observation::IND::NV.IND.MANF.CN::2024,HAS_OBSERVATION
country::IND,observation::IND::NV.AGR.TOTL.KD::2024,HAS_OBSERVATION
country::IND,observation::IND::NE.TRD.GNFS.ZS::2024,HAS_OBSERVATION
country::IND,observation::IND::NE.RSB.GNFS.CD::2024,HAS_OBSERVATION
country::IND,observation::IND::NY.GNS.ICTR.GN.ZS::2024,HAS_OBSERVATION
country::IND,observation::IND::NY.GNP.PCAP.PP.CD::2024,HAS_OBSERVATION
country::IND,observation::IND::NY.GNP.PCAP.CN::2024,HAS_OBSERVATION
country::IND,observation::IND::NY.GNP.MKTP.KN::2024,HAS_OBSERVATION
country::IND,observation::IND::NY.GNP.MKTP.CN::2024,HAS_OBSERVATION
country::IND,observation::IND::NY.GDS.TOTL.ZS::2024,HAS_OBSERVATION
country::IND,observation::IND::NY.GDP.PCAP.KD.ZG::2024,HAS_OBSERVATION
country::IND,observation::IND::NY.GDP.MKTP.KD.ZG::2024,HAS_OBSERVATION
country::IND,observation::IND::NY.GDP.MKTP.CD::2024,HAS_OBSERVATION
country::IND,observation::IND::NY.GDP.FCST.KD::2024,HAS_OBSERVATION
country::IND,observation::IND::NY.GDP.DISC.CN::2024,HAS_OBSERVATION
country::IND,observation::IND::NY.GDP.DEFL.KD.ZG::2024,HAS_OBSERVATION
country::IND,observation::IND::NV.SRV.TOTL.KN::2024,HAS_OBSERVATION
country::IND,observation::IND::NV.SRV.TOTL.CD::2024,HAS_OBSERVATION
country::IND,observation::IND::NV.IND.TOTL.ZS::2024,HAS_OBSERVATION
country::IND,observation::IND::NV.IND.TOTL.CN::2024,HAS_OBSERVATION
country::IND,observation::IND::NV.IND.MANF.KD.ZG::2024,HAS_OBSERVATION
country::IND,observation::IND::NV.IND.EMPL.KD::2024,HAS_OBSERVATION
country::IND,observation::IND::NV.AGR.TOTL.KN::2024,HAS_OBSERVATION
country::IND,observation::IND::NV.AGR.TOTL.CD::2024,HAS_OBSERVATION
country::IND,observation::IND::NE.RSB.GNFS.KN::2024,HAS_OBSERVATION
country::IND,observation::IND::NE.IMP.GNFS.KN::2024,HAS_OBSERVATION
country::IND,observation::IND::NY.GNP.PCAP.PP.KD::2024,HAS_OBSERVATION
country::IND,observation::IND::NY.GNP.PCAP.KD::2024,HAS_OBSERVATION
country::IND,observation::IND::NY.GNP.MKTP.PP.CD::2024,HAS_OBSERVATION
country::IND,observation::IND::NY.GNP.MKTP.CN.AD::2024,HAS_OBSERVATION
country::IND,observation::IND::NY.GDY.TOTL.KN::2024,HAS_OBSERVATION
country::IND,observation::IND::NY.GDP.PCAP.KN::2024,HAS_OBSERVATION
country::IND,observation::IND::NY.GDP.PCAP.CD::2024,HAS_OBSERVATION
country::IND,observation::IND::NY.GDP.MKTP.KN::2024,HAS_OBSERVATION
country::IND,observation::IND::NY.GDP.MKTP.CN::2024,HAS_OBSERVATION
country::IND,observation::IND::NY.GDP.FCST.KN::2024,HAS_OBSERVATION
country::IND,observation::IND::NY.GDP.DISC.KN::2024,HAS_OBSERVATION
country::IND,observation::IND::NY.GDP.DEFL.KD.ZG.AD::2024,HAS_OBSERVATION
country::IND,observation::IND::NV.SRV.TOTL.ZS::2024,HAS_OBSERVATION
country::IND,observation::IND::NV.SRV.TOTL.CN::2024,HAS_OBSERVATION
country::IND,observation::IND::NV.IND.TOTL.KD::2024,HAS_OBSERVATION
country::IND,observation::IND::NV.IND.MANF.KN::2024,HAS_OBSERVATION
country::IND,observation::IND::NV.IND.MANF.CD::2024,HAS_OBSERVATION
country::IND,observation::IND::NV.AGR.TOTL.ZS::2024,HAS_OBSERVATION
country::IND,observation::IND::NE.GDI.TOTL.CN::2024,HAS_OBSERVATION
country::IND,observation::IND::NE.GDI.STKB.CD::2024,HAS_OBSERVATION
country::IND,observation::IND::NE.GDI.FTOT.KD::2024,HAS_OBSERVATION
country::IND,observation::IND::NE.EXP.GNFS.KD::2024,HAS_OBSERVATION
country::IND,observation::IND::NE.DAB.TOTL.KN::2024,HAS_OBSERVATION
country::IND,observation::IND::NE.DAB.DEFL.ZS::2024,HAS_OBSERVATION
country::IND,observation::IND::NE.CON.TOTL.KD::2024,HAS_OBSERVATION
country::IND,observation::IND::NE.CON.PRVT.PP.KD::2024,HAS_OBSERVATION
country::IND,observation::IND::NE.CON.PRVT.KN::2024,HAS_OBSERVATION
country::IND,observation::IND::NE.CON.PRVT.CN::2024,HAS_OBSERVATION
country::IND,observation::IND::NE.CON.GOVT.ZS::2024,HAS_OBSERVATION
country::IND,observation::IND::NE.CON.GOVT.CN::2024,HAS_OBSERVATION
country::IND,observation::IND::MS.MIL.XPND.GD.ZS::2024,HAS_OBSERVATION
country::IND,observation::IND::IT.NET.BBND.P2::2024,HAS_OBSERVATION
country::IND,observation::IND::IT.CEL.SETS.P2::2024,HAS_OBSERVATION
country::IND,observation::IND::IQ.SPI.PIL3::2024,HAS_OBSERVATION
country::IND,observation::IND::NE.IMP.GNFS.KD::2024,HAS_OBSERVATION
country::IND,observation::IND::NE.GDI.TOTL.KN::2024,HAS_OBSERVATION
country::IND,observation::IND::NE.GDI.TOTL.CD::2024,HAS_OBSERVATION
country::IND,observation::IND::NE.GDI.FTOT.ZS::2024,HAS_OBSERVATION
country::IND,observation::IND::NE.GDI.FTOT.CN::2024,HAS_OBSERVATION
country::IND,observation::IND::NE.EXP.GNFS.ZS::2024,HAS_OBSERVATION
country::IND,observation::IND::NE.EXP.GNFS.CN::2024,HAS_OBSERVATION
country::IND,observation::IND::NE.DAB.TOTL.KD::2024,HAS_OBSERVATION
country::IND,observation::IND::NE.CON.TOTL.ZS::2024,HAS_OBSERVATION
country::IND,observation::IND::NE.CON.TOTL.CN::2024,HAS_OBSERVATION
country::IND,observation::IND::NE.CON.PRVT.PP.CD::2024,HAS_OBSERVATION
country::IND,observation::IND::NE.CON.PRVT.KD.ZG::2024,HAS_OBSERVATION
country::IND,observation::IND::NE.CON.PRVT.CD::2024,HAS_OBSERVATION
country::IND,observation::IND::NE.CON.GOVT.KN::2024,HAS_OBSERVATION
country::IND,observation::IND::NE.CON.GOVT.CD::2024,HAS_OBSERVATION
country::IND,observation::IND::MS.MIL.XPND.CN::2024,HAS_OBSERVATION
country::IND,observation::IND::MS.MIL.MPRT.KD::2024,HAS_OBSERVATION
country::IND,observation::IND::IT.NET.BBND::2024,HAS_OBSERVATION
country::IND,observation::IND::IT.CEL.SETS::2024,HAS_OBSERVATION
country::IND,observation::IND::IQ.SPI.PIL2::2024,HAS_OBSERVATION
country::IND,observation::IND::NE.IMP.GNFS.CD::2024,HAS_OBSERVATION
country::IND,observation::IND::NE.GDI.TOTL.KD::2024,HAS_OBSERVATION
country::IND,observation::IND::NE.GDI.STKB.CN::2024,HAS_OBSERVATION
country::IND,observation::IND::NE.GDI.FTOT.KD.ZG::2024,HAS_OBSERVATION
country::IND,observation::IND::NE.EXP.GNFS.KD.ZG::2024,HAS_OBSERVATION
country::IND,observation::IND::NE.DAB.TOTL.ZS::2024,HAS_OBSERVATION
country::IND,observation::IND::NE.DAB.TOTL.CD::2024,HAS_OBSERVATION
country::IND,observation::IND::NE.CON.TOTL.KD.ZG::2024,HAS_OBSERVATION
country::IND,observation::IND::NE.CON.PRVT.ZS::2024,HAS_OBSERVATION
country::IND,observation::IND::NE.CON.PRVT.PC.KD::2024,HAS_OBSERVATION
country::IND,observation::IND::NE.CON.PRVT.CN.AD::2024,HAS_OBSERVATION
country::IND,observation::IND::NE.CON.PCAP.PP.CD::2024,HAS_OBSERVATION
country::IND,observation::IND::NE.CON.GOVT.KD::2024,HAS_OBSERVATION
country::IND,observation::IND::MS.MIL.XPND.ZS::2024,HAS_OBSERVATION
country::IND,observation::IND::IT.NET.USER.ZS::2024,HAS_OBSERVATION
country::IND,observation::IND::IT.NET.SECR::2024,HAS_OBSERVATION
country::IND,observation::IND::IT.MLT.MAIN::2024,HAS_OBSERVATION
country::IND,observation::IND::IQ.SPI.PIL4::2024,HAS_OBSERVATION
country::IND,observation::IND::IQ.SPI.OVRL::2024,HAS_OBSERVATION
country::IND,observation::IND::NV.AGR.TOTL.CN::2024,HAS_OBSERVATION
country::IND,observation::IND::NE.RSB.GNFS.ZS::2024,HAS_OBSERVATION
country::IND,observation::IND::NE.IMP.GNFS.ZS::2024,HAS_OBSERVATION
country::IND,observation::IND::NE.IMP.GNFS.CN::2024,HAS_OBSERVATION
country::IND,observation::IND::NE.GDI.TOTL.KD.ZG::2024,HAS_OBSERVATION
country::IND,observation::IND::NE.GDI.STKB.KN::2024,HAS_OBSERVATION
country::IND,observation::IND::NE.GDI.FTOT.KN::2024,HAS_OBSERVATION
country::IND,observation::IND::NE.GDI.FTOT.CD::2024,HAS_OBSERVATION
country::IND,observation::IND::NE.EXP.GNFS.KN::2024,HAS_OBSERVATION
country::IND,observation::IND::NE.EXP.GNFS.CD::2024,HAS_OBSERVATION
country::IND,observation::IND::NE.DAB.TOTL.CN::2024,HAS_OBSERVATION
country::IND,observation::IND::NE.CON.TOTL.KN::2024,HAS_OBSERVATION
country::IND,observation::IND::NE.CON.TOTL.CD::2024,HAS_OBSERVATION
country::IND,observation::IND::NE.CON.PRVT.PC.KD.ZG::2024,HAS_OBSERVATION
country::IND,observation::IND::NE.CON.PRVT.KD::2024,HAS_OBSERVATION
country::IND,observation::IND::NE.CON.PCAP.PP.KD::2024,HAS_OBSERVATION
country::IND,observation::IND::NE.CON.GOVT.KD.ZG::2024,HAS_OBSERVATION
country::IND,observation::IND::MS.MIL.XPRT.KD::2024,HAS_OBSERVATION
country::IND,observation::IND::MS.MIL.XPND.CD::2024,HAS_OBSERVATION
country::IND,observation::IND::IT.NET.SECR.P6::2024,HAS_OBSERVATION
country::IND,observation::IND::IT.MLT.MAIN.P2::2024,HAS_OBSERVATION
country::IND,observation::IND::IQ.SPI.PIL5::2024,HAS_OBSERVATION
country::IND,observation::IND::IQ.SPI.PIL1::2024,HAS_OBSERVATION
country::IND,observation::IND::TX.VAL.TECH.MF.ZS::2024,HAS_OBSERVATION
country::IND,observation::IND::TX.VAL.MRCH.CD.WT::2024,HAS_OBSERVATION
country::IND,observation::IND::TX.VAL.INSF.ZS.WT::2024,HAS_OBSERVATION
country::IND,observation::IND::TX.VAL.AGRI.ZS.UN::2024,HAS_OBSERVATION
country::IND,observation::IND::TM.VAL.OTHR.ZS.WT::2024,HAS_OBSERVATION
country::IND,observation::IND::TM.VAL.MANF.ZS.UN::2024,HAS_OBSERVATION
country::IND,observation::IND::TM.VAL.FOOD.ZS.UN::2024,HAS_OBSERVATION
country::IND,observation::IND::SP.URB.GROW::2024,HAS_OBSERVATION
country::IND,observation::IND::SP.POP.TOTL.FE.ZS::2024,HAS_OBSERVATION
country::IND,observation::IND::SP.POP.DPND::2024,HAS_OBSERVATION
country::IND,observation::IND::SP.POP.7579.MA.5Y::2024,HAS_OBSERVATION
country::IND,observation::IND::SP.POP.65UP.TO.ZS::2024,HAS_OBSERVATION
country::IND,observation::IND::SP.POP.65UP.FE.ZS::2024,HAS_OBSERVATION
country::IND,observation::IND::SP.POP.6064.MA.5Y::2024,HAS_OBSERVATION
country::IND,observation::IND::SP.POP.5054.MA.5Y::2024,HAS_OBSERVATION
country::IND,observation::IND::SP.POP.4044.MA.5Y::2024,HAS_OBSERVATION
country::IND,observation::IND::SP.POP.3034.MA.5Y::2024,HAS_OBSERVATION
country::IND,observation::IND::SP.POP.2024.MA.5Y::2024,HAS_OBSERVATION
country::IND,observation::IND::SP.POP.1564.MA.ZS::2024,HAS_OBSERVATION
country::IND,observation::IND::SP.POP.1519.MA.5Y::2024,HAS_OBSERVATION
country::IND,observation::IND::SP.POP.0509.MA.5Y::2024,HAS_OBSERVATION
country::IND,observation::IND::SP.POP.0014.MA.ZS::2024,HAS_OBSERVATION
country::IND,observation::IND::SP.POP.0004.MA.5Y::2024,HAS_OBSERVATION
country::IND,observation::IND::SP.DYN.TO65.FE.ZS::2024,HAS_OBSERVATION
country::IND,observation::IND::SP.DYN.LE00.FE.IN::2024,HAS_OBSERVATION
country::IND,observation::IND::SP.DYN.AMRT.MA::2024,HAS_OBSERVATION
country::IND,observation::IND::SM.POP.TOTL.ZS::2024,HAS_OBSERVATION
country::IND,observation::IND::DT.NFL.PROP.CD::2024,HAS_OBSERVATION
country::IND,observation::IND::DT.NFL.PCBK.CD::2024,HAS_OBSERVATION
country::IND,observation::IND::DT.NFL.MOTH.CD::2024,HAS_OBSERVATION
country::IND,observation::IND::DT.NFL.BOND.CD::2024,HAS_OBSERVATION
country::IND,observation::IND::VC.BTL.DETH::2024,HAS_OBSERVATION
country::IND,observation::IND::TX.VAL.TECH.CD::2024,HAS_OBSERVATION
country::IND,observation::IND::TX.UVI.MRCH.XD.WD::2024,HAS_OBSERVATION
country::IND,observation::IND::TM.VAL.TRVL.ZS.WT::2024,HAS_OBSERVATION
country::IND,observation::IND::TM.VAL.MRCH.CD.WT::2024,HAS_OBSERVATION
country::IND,observation::IND::TM.VAL.INSF.ZS.WT::2024,HAS_OBSERVATION
country::IND,observation::IND::TM.VAL.AGRI.ZS.UN::2024,HAS_OBSERVATION
country::IND,observation::IND::SP.RUR.TOTL.ZS::2024,HAS_OBSERVATION
country::IND,observation::IND::SP.POP.TOTL.FE.IN::2024,HAS_OBSERVATION
country::IND,observation::IND::SP.POP.GROW::2024,HAS_OBSERVATION
country::IND,observation::IND::SP.POP.BRTH.MF::2024,HAS_OBSERVATION
country::IND,observation::IND::SP.POP.7579.FE.5Y::2024,HAS_OBSERVATION
country::IND,observation::IND::SP.POP.65UP.TO::2024,HAS_OBSERVATION
country::IND,observation::IND::SP.POP.65UP.FE.IN::2024,HAS_OBSERVATION
country::IND,observation::IND::SP.POP.6064.FE.5Y::2024,HAS_OBSERVATION
country::IND,observation::IND::SP.POP.5054.FE.5Y::2024,HAS_OBSERVATION
country::IND,observation::IND::SP.POP.4044.FE.5Y::2024,HAS_OBSERVATION
country::IND,observation::IND::SP.POP.3034.FE.5Y::2024,HAS_OBSERVATION
country::IND,observation::IND::SP.POP.2024.FE.5Y::2024,HAS_OBSERVATION
country::IND,observation::IND::SP.POP.1564.MA.IN::2024,HAS_OBSERVATION
country::IND,observation::IND::SP.POP.1519.FE.5Y::2024,HAS_OBSERVATION
country::IND,observation::IND::SP.POP.0509.FE.5Y::2024,HAS_OBSERVATION
country::IND,observation::IND::SP.POP.0014.MA.IN::2024,HAS_OBSERVATION
country::IND,observation::IND::SP.POP.0004.FE.5Y::2024,HAS_OBSERVATION
country::IND,observation::IND::SP.DYN.TFRT.IN::2024,HAS_OBSERVATION
country::IND,observation::IND::SP.DYN.IMRT.MA.IN::2024,HAS_OBSERVATION
country::IND,observation::IND::SP.DYN.AMRT.FE::2024,HAS_OBSERVATION
country::IND,observation::IND::SM.POP.TOTL::2024,HAS_OBSERVATION
country::IND,observation::IND::SM.POP.RHCR.EA::2024,HAS_OBSERVATION
country::IND,observation::IND::SM.POP.IDPC::2024,HAS_OBSERVATION
country::IND,observation::IND::SL.UEM.TOTL.NE.ZS::2024,HAS_OBSERVATION
country::IND,observation::IND::DT.NFL.RDBN.CD::2024,HAS_OBSERVATION
country::IND,observation::IND::DT.NFL.PNGC.CD::2024,HAS_OBSERVATION
country::IND,observation::IND::DT.NFL.PBND.CD::2024,HAS_OBSERVATION
country::IND,observation::IND::DT.NFL.MLAT.CD::2024,HAS_OBSERVATION
country::IND,observation::IND::DT.NFL.IMFC.CD::2024,HAS_OBSERVATION
country::IND,observation::IND::DT.NFL.BLAT.CD::2024,HAS_OBSERVATION
country::IND,observation::IND::DT.DOD.MWBG.CD::2024,HAS_OBSERVATION
country::IND,observation::IND::DT.DOD.DSTC.XP.ZS::2024,HAS_OBSERVATION
country::IND,observation::IND::DT.DOD.DPNG.CD::2024,HAS_OBSERVATION
country::IND,observation::IND::DT.DOD.DECT.CD::2024,HAS_OBSERVATION
country::IND,observation::IND::TX.VAL.TRAN.ZS.WT::2024,HAS_OBSERVATION
country::IND,observation::IND::TX.VAL.OTHR.ZS.WT::2024,HAS_OBSERVATION
country::IND,observation::IND::TX.VAL.MANF.ZS.UN::2024,HAS_OBSERVATION
country::IND,observation::IND::TX.VAL.FOOD.ZS.UN::2024,HAS_OBSERVATION
country::IND,observation::IND::TM.VAL.SERV.CD.WT::2024,HAS_OBSERVATION
country::IND,observation::IND::TM.VAL.MMTL.ZS.UN::2024,HAS_OBSERVATION
country::IND,observation::IND::TM.VAL.FUEL.ZS.UN::2024,HAS_OBSERVATION
country::IND,observation::IND::SP.URB.TOTL::2024,HAS_OBSERVATION
country::IND,observation::IND::SP.RUR.TOTL::2024,HAS_OBSERVATION
country::IND,observation::IND::SP.POP.TOTL.MA.IN::2024,HAS_OBSERVATION
country::IND,observation::IND::SP.POP.DPND.OL::2024,HAS_OBSERVATION
country::IND,observation::IND::SP.POP.80UP.FE.5Y::2024,HAS_OBSERVATION
country::IND,observation::IND::SP.POP.7074.FE.5Y::2024,HAS_OBSERVATION
country::IND,observation::IND::SP.POP.65UP.MA.IN::2024,HAS_OBSERVATION
country::IND,observation::IND::SP.POP.6569.FE.5Y::2024,HAS_OBSERVATION
country::IND,observation::IND::SP.POP.5559.FE.5Y::2024,HAS_OBSERVATION
country::IND,observation::IND::SP.POP.4549.FE.5Y::2024,HAS_OBSERVATION
country::IND,observation::IND::SP.POP.3539.FE.5Y::2024,HAS_OBSERVATION
country::IND,observation::IND::SP.POP.2529.FE.5Y::2024,HAS_OBSERVATION
country::IND,observation::IND::SP.POP.1564.TO::2024,HAS_OBSERVATION
country::IND,observation::IND::SP.POP.1564.FE.IN::2024,HAS_OBSERVATION
country::IND,observation::IND::SP.POP.1014.FE.5Y::2024,HAS_OBSERVATION
country::IND,observation::IND::SP.POP.0014.TO::2024,HAS_OBSERVATION
country::IND,observation::IND::SP.POP.0014.FE.IN::2024,HAS_OBSERVATION
country::IND,observation::IND::SP.DYN.TO65.MA.ZS::2024,HAS_OBSERVATION
country::IND,observation::IND::SP.DYN.LE00.IN::2024,HAS_OBSERVATION
country::IND,observation::IND::SP.DYN.IMRT.FE.IN::2024,HAS_OBSERVATION
country::IND,observation::IND::SP.DYN.CBRT.IN::2024,HAS_OBSERVATION
country::IND,observation::IND::DT.NFL.PRVT.CD::2024,HAS_OBSERVATION
country::IND,observation::IND::DT.NFL.PCBO.CD::2024,HAS_OBSERVATION
country::IND,observation::IND::DT.NFL.NIFC.CD::2024,HAS_OBSERVATION
country::IND,observation::IND::DT.NFL.MIBR.CD::2024,HAS_OBSERVATION
country::IND,observation::IND::TX.VAL.TRVL.ZS.WT::2024,HAS_OBSERVATION
country::IND,observation::IND::TX.VAL.SERV.CD.WT::2024,HAS_OBSERVATION
country::IND,observation::IND::TX.VAL.MMTL.ZS.UN::2024,HAS_OBSERVATION
country::IND,observation::IND::TX.VAL.FUEL.ZS.UN::2024,HAS_OBSERVATION
country::IND,observation::IND::TM.VAL.TRAN.ZS.WT::2024,HAS_OBSERVATION
country::IND,observation::IND::TM.UVI.MRCH.XD.WD::2024,HAS_OBSERVATION
country::IND,observation::IND::TG.VAL.TOTL.GD.ZS::2024,HAS_OBSERVATION
country::IND,observation::IND::SP.URB.TOTL.IN.ZS::2024,HAS_OBSERVATION
country::IND,observation::IND::SP.RUR.TOTL.ZG::2024,HAS_OBSERVATION
country::IND,observation::IND::SP.POP.TOTL.MA.ZS::2024,HAS_OBSERVATION
country::IND,observation::IND::SP.POP.TOTL::2024,HAS_OBSERVATION
country::IND,observation::IND::SP.POP.DPND.YG::2024,HAS_OBSERVATION
country::IND,observation::IND::SP.POP.80UP.MA.5Y::2024,HAS_OBSERVATION
country::IND,observation::IND::SP.POP.7074.MA.5Y::2024,HAS_OBSERVATION
country::IND,observation::IND::SP.POP.65UP.MA.ZS::2024,HAS_OBSERVATION
country::IND,observation::IND::SP.POP.6569.MA.5Y::2024,HAS_OBSERVATION
country::IND,observation::IND::SP.POP.5559.MA.5Y::2024,HAS_OBSERVATION
country::IND,observation::IND::SP.POP.4549.MA.5Y::2024,HAS_OBSERVATION
country::IND,observation::IND::SP.POP.3539.MA.5Y::2024,HAS_OBSERVATION
country::IND,observation::IND::SP.POP.2529.MA.5Y::2024,HAS_OBSERVATION
country::IND,observation::IND::SP.POP.1564.TO.ZS::2024,HAS_OBSERVATION
country::IND,observation::IND::SP.POP.1564.FE.ZS::2024,HAS_OBSERVATION
country::IND,observation::IND::SP.POP.1014.MA.5Y::2024,HAS_OBSERVATION
country::IND,observation::IND::SP.POP.0014.TO.ZS::2024,HAS_OBSERVATION
country::IND,observation::IND::SP.POP.0014.FE.ZS::2024,HAS_OBSERVATION
country::IND,observation::IND::SP.DYN.LE00.MA.IN::2024,HAS_OBSERVATION
country::IND,observation::IND::SP.DYN.IMRT.IN::2024,HAS_OBSERVATION
country::IND,observation::IND::SP.DYN.CDRT.IN::2024,HAS_OBSERVATION
country::IND,observation::IND::SP.ADO.TFRT::2024,HAS_OBSERVATION
country::IND,observation::IND::SM.POP.FDIP::2024,HAS_OBSERVATION
country::IND,observation::IND::DT.NFL.PNGB.CD::2024,HAS_OBSERVATION
country::IND,observation::IND::DT.NFL.OFFT.CD::2024,HAS_OBSERVATION
country::IND,observation::IND::DT.NFL.MIDA.CD::2024,HAS_OBSERVATION
country::IND,observation::IND::DT.NFL.DPNG.CD::2024,HAS_OBSERVATION
country::IND,observation::IND::GF.XPD.BUDG.ZS::2024,HAS_OBSERVATION
country::IND,observation::IND::FX.OWN.TOTL.SO.ZS::2024,HAS_OBSERVATION
country::IND,observation::IND::FX.OWN.TOTL.FE.ZS::2024,HAS_OBSERVATION
country::IND,observation::IND::FP.WPI.TOTL::2024,HAS_OBSERVATION
country::IND,observation::IND::FM.AST.PRVT.GD.ZS::2024,HAS_OBSERVATION
country::IND,observation::IND::FX.OWN.TOTL.PL.ZS::2024,HAS_OBSERVATION
country::IND,observation::IND::FX.OWN.TOTL.60.ZS::2024,HAS_OBSERVATION
country::IND,observation::IND::FP.CPI.TOTL.ZG::2024,HAS_OBSERVATION
country::IND,observation::IND::FM.AST.NFRG.CN::2024,HAS_OBSERVATION
country::IND,observation::IND::FX.OWN.TOTL.YG.ZS::2024,HAS_OBSERVATION
country::IND,observation::IND::FX.OWN.TOTL.MA.ZS::2024,HAS_OBSERVATION
country::IND,observation::IND::FS.AST.PRVT.GD.ZS::2024,HAS_OBSERVATION
country::IND,observation::IND::FX.OWN.TOTL.ZS::2024,HAS_OBSERVATION
country::IND,observation::IND::FX.OWN.TOTL.OL.ZS::2024,HAS_OBSERVATION
country::IND,observation::IND::FX.OWN.TOTL.40.ZS::2024,HAS_OBSERVATION
country::IND,observation::IND::FS.AST.CGOV.GD.ZS::2024,HAS_OBSERVATION
country::IND,observation::IND::FI.RES.TOTL.CD::2024,HAS_OBSERVATION
country::IND,observation::IND::EN.URB.MCTY.TL.ZS::2024,HAS_OBSERVATION
country::IND,observation::IND::EN.GHG.N2O.ZG.AR5::2024,HAS_OBSERVATION
country::IND,observation::IND::EN.GHG.N2O.MT.CE.AR5::2024,HAS_OBSERVATION
country::IND,observation::IND::EN.GHG.N2O.BU.MT.CE.AR5::2024,HAS_OBSERVATION
country::IND,observation::IND::EN.GHG.CO2.PI.MT.CE.AR5::2024,HAS_OBSERVATION
country::IND,observation::IND::EN.GHG.CO2.IP.MT.CE.AR5::2024,HAS_OBSERVATION
country::IND,observation::IND::EN.GHG.CO2.AG.MT.CE.AR5::2024,HAS_OBSERVATION
country::IND,observation::IND::EN.GHG.CH4.PI.MT.CE.AR5::2024,HAS_OBSERVATION
country::IND,observation::IND::EN.GHG.CH4.FE.MT.CE.AR5::2024,HAS_OBSERVATION
country::IND,observation::IND::EN.GHG.ALL.MT.CE.AR5::2024,HAS_OBSERVATION
country::IND,observation::IND::DT.TDS.DPPG.XP.ZS::2024,HAS_OBSERVATION
country::IND,observation::IND::DT.TDS.DIMF.CD::2024,HAS_OBSERVATION
country::IND,observation::IND::FI.RES.XGLD.CD::2024,HAS_OBSERVATION
country::IND,observation::IND::FD.RES.LIQU.AS.ZS::2024,HAS_OBSERVATION
country::IND,observation::IND::ER.PTD.TOTL.ZS::2024,HAS_OBSERVATION
country::IND,observation::IND::EN.URB.MCTY::2024,HAS_OBSERVATION
country::IND,observation::IND::EN.GHG.N2O.WA.MT.CE.AR5::2024,HAS_OBSERVATION
country::IND,observation::IND::EN.GHG.N2O.IP.MT.CE.AR5::2024,HAS_OBSERVATION
country::IND,observation::IND::EN.GHG.N2O.AG.MT.CE.AR5::2024,HAS_OBSERVATION
country::IND,observation::IND::EN.GHG.CO2.TR.MT.CE.AR5::2024,HAS_OBSERVATION
country::IND,observation::IND::EN.GHG.CO2.PC.CE.AR5::2024,HAS_OBSERVATION
country::IND,observation::IND::EN.GHG.CO2.IC.MT.CE.AR5::2024,HAS_OBSERVATION
country::IND,observation::IND::EN.GHG.CH4.ZG.AR5::2024,HAS_OBSERVATION
country::IND,observation::IND::EN.GHG.CH4.MT.CE.AR5::2024,HAS_OBSERVATION
country::IND,observation::IND::EN.GHG.CH4.BU.MT.CE.AR5::2024,HAS_OBSERVATION
country::IND,observation::IND::DT.TDS.DPPG.GN.ZS::2024,HAS_OBSERVATION
country::IND,observation::IND::DT.TDS.DECT.GN.ZS::2024,HAS_OBSERVATION
country::IND,observation::IND::FI.RES.TOTL.DT.ZS::2024,HAS_OBSERVATION
country::IND,observation::IND::ER.LND.PTLD.ZS::2024,HAS_OBSERVATION
country::IND,observation::IND::EN.URB.LCTY::2024,HAS_OBSERVATION
country::IND,observation::IND::EN.GHG.TOT.ZG.AR5::2024,HAS_OBSERVATION
country::IND,observation::IND::EN.GHG.N2O.PI.MT.CE.AR5::2024,HAS_OBSERVATION
country::IND,observation::IND::EN.GHG.N2O.FE.MT.CE.AR5::2024,HAS_OBSERVATION
country::IND,observation::IND::EN.GHG.CO2.ZG.AR5::2024,HAS_OBSERVATION
country::IND,observation::IND::EN.GHG.CO2.RT.GDP.KD::2024,HAS_OBSERVATION
country::IND,observation::IND::EN.GHG.CO2.BU.MT.CE.AR5::2024,HAS_OBSERVATION
country::IND,observation::IND::EN.GHG.CH4.TR.MT.CE.AR5::2024,HAS_OBSERVATION
country::IND,observation::IND::EN.GHG.CH4.IC.MT.CE.AR5::2024,HAS_OBSERVATION
country::IND,observation::IND::EN.GHG.ALL.PC.CE.AR5::2024,HAS_OBSERVATION
country::IND,observation::IND::DT.TDS.MLAT.CD::2024,HAS_OBSERVATION
country::IND,observation::IND::DT.TDS.DECT.CD::2024,HAS_OBSERVATION
country::IND,observation::IND::FP.CPI.TOTL::2024,HAS_OBSERVATION
country::IND,observation::IND::FM.AST.DOMS.CN::2024,HAS_OBSERVATION
country::IND,observation::IND::FI.RES.TOTL.MO::2024,HAS_OBSERVATION
country::IND,observation::IND::FD.AST.PRVT.GD.ZS::2024,HAS_OBSERVATION
country::IND,observation::IND::ER.MRN.PTMR.ZS::2024,HAS_OBSERVATION
country::IND,observation::IND::EN.URB.LCTY.UR.ZS::2024,HAS_OBSERVATION
country::IND,observation::IND::EN.GHG.N2O.TR.MT.CE.AR5::2024,HAS_OBSERVATION
country::IND,observation::IND::EN.GHG.N2O.IC.MT.CE.AR5::2024,HAS_OBSERVATION
country::IND,observation::IND::EN.GHG.FGAS.IP.MT.CE.AR5::2024,HAS_OBSERVATION
country::IND,observation::IND::EN.GHG.CO2.RT.GDP.PP.KD::2024,HAS_OBSERVATION
country::IND,observation::IND::EN.GHG.CO2.MT.CE.AR5::2024,HAS_OBSERVATION
country::IND,observation::IND::EN.GHG.CO2.FE.MT.CE.AR5::2024,HAS_OBSERVATION
country::IND,observation::IND::EN.GHG.CH4.WA.MT.CE.AR5::2024,HAS_OBSERVATION
country::IND,observation::IND::EN.GHG.CH4.IP.MT.CE.AR5::2024,HAS_OBSERVATION
country::IND,observation::IND::EN.GHG.CH4.AG.MT.CE.AR5::2024,HAS_OBSERVATION
country::IND,observation::IND::DT.TDS.MLAT.PG.ZS::2024,HAS_OBSERVATION
country::IND,observation::IND::DT.TDS.DPPG.CD::2024,HAS_OBSERVATION
country::IND,observation::IND::DT.TDS.DECT.EX.ZS::2024,HAS_OBSERVATION
country::IND,observation::IND::SM.POP.NETM::2025,HAS_OBSERVATION
country::IND,observation::IND::SL.UEM.TOTL.ZS::2025,HAS_OBSERVATION
country::IND,observation::IND::SL.UEM.TOTL.FE.ZS::2025,HAS_OBSERVATION
country::IND,observation::IND::SL.TLF.TOTL.FE.ZS::2025,HAS_OBSERVATION
country::IND,observation::IND::SL.TLF.ACTI.1524.ZS::2025,HAS_OBSERVATION
country::IND,observation::IND::SL.TLF.ACTI.1524.FE.ZS::2025,HAS_OBSERVATION
country::IND,observation::IND::SL.EMP.WORK.MA.ZS::2025,HAS_OBSERVATION
country::IND,observation::IND::SL.EMP.VULN.FE.ZS::2025,HAS_OBSERVATION
country::IND,observation::IND::SL.EMP.SELF.ZS::2025,HAS_OBSERVATION
country::IND,observation::IND::SL.EMP.MPYR.MA.ZS::2025,HAS_OBSERVATION
country::IND,observation::IND::SL.EMP.1524.SP.MA.ZS::2025,HAS_OBSERVATION
country::IND,observation::IND::SL.AGR.EMPL.ZS::2025,HAS_OBSERVATION
country::IND,observation::IND::SL.UEM.NEET.MA.ME.ZS::2025,HAS_OBSERVATION
country::IND,observation::IND::SL.UEM.1524.ZS::2025,HAS_OBSERVATION
country::IND,observation::IND::SL.UEM.1524.FE.ZS::2025,HAS_OBSERVATION
country::IND,observation::IND::SL.TLF.CACT.MA.ZS::2025,HAS_OBSERVATION
country::IND,observation::IND::SL.TLF.CACT.FE.ZS::2025,HAS_OBSERVATION
country::IND,observation::IND::SL.TLF.ACTI.ZS::2025,HAS_OBSERVATION
country::IND,observation::IND::SL.SRV.EMPL.ZS::2025,HAS_OBSERVATION
country::IND,observation::IND::SL.IND.EMPL.ZS::2025,HAS_OBSERVATION
country::IND,observation::IND::SL.FAM.WORK.ZS::2025,HAS_OBSERVATION
country::IND,observation::IND::SL.EMP.WORK.FE.ZS::2025,HAS_OBSERVATION
country::IND,observation::IND::SL.EMP.TOTL.SP.ZS::2025,HAS_OBSERVATION
country::IND,observation::IND::SL.EMP.TOTL.SP.FE.ZS::2025,HAS_OBSERVATION
country::IND,observation::IND::SL.EMP.SELF.MA.ZS::2025,HAS_OBSERVATION
country::IND,observation::IND::SL.EMP.MPYR.FE.ZS::2025,HAS_OBSERVATION
country::IND,observation::IND::SL.AGR.EMPL.MA.ZS::2025,HAS_OBSERVATION
country::IND,observation::IND::CM.MKT.LCAP.CD::2025,HAS_OBSERVATION
country::IND,observation::IND::SL.UEM.NEET.ME.ZS::2025,HAS_OBSERVATION
country::IND,observation::IND::SL.UEM.NEET.FE.ME.ZS::2025,HAS_OBSERVATION
country::IND,observation::IND::SL.UEM.1524.MA.ZS::2025,HAS_OBSERVATION
country::IND,observation::IND::SL.TLF.TOTL.IN::2025,HAS_OBSERVATION
country::IND,observation::IND::SL.TLF.CACT.ZS::2025,HAS_OBSERVATION
country::IND,observation::IND::SL.TLF.CACT.FM.ZS::2025,HAS_OBSERVATION
country::IND,observation::IND::SL.TLF.ACTI.FE.ZS::2025,HAS_OBSERVATION
country::IND,observation::IND::SL.SRV.EMPL.FE.ZS::2025,HAS_OBSERVATION
country::IND,observation::IND::SL.IND.EMPL.FE.ZS::2025,HAS_OBSERVATION
country::IND,observation::IND::SL.FAM.WORK.FE.ZS::2025,HAS_OBSERVATION
country::IND,observation::IND::SL.EMP.WORK.ZS::2025,HAS_OBSERVATION
country::IND,observation::IND::SL.EMP.VULN.MA.ZS::2025,HAS_OBSERVATION
country::IND,observation::IND::SL.EMP.TOTL.SP.MA.ZS::2025,HAS_OBSERVATION
country::IND,observation::IND::SL.EMP.MPYR.ZS::2025,HAS_OBSERVATION
country::IND,observation::IND::SL.UEM.TOTL.MA.ZS::2025,HAS_OBSERVATION
country::IND,observation::IND::SL.TLF.ACTI.MA.ZS::2025,HAS_OBSERVATION
country::IND,observation::IND::SL.TLF.ACTI.1524.MA.ZS::2025,HAS_OBSERVATION
country::IND,observation::IND::SL.SRV.EMPL.MA.ZS::2025,HAS_OBSERVATION
country::IND,observation::IND::SL.IND.EMPL.MA.ZS::2025,HAS_OBSERVATION
country::IND,observation::IND::SL.FAM.WORK.MA.ZS::2025,HAS_OBSERVATION
country::IND,observation::IND::SL.EMP.VULN.ZS::2025,HAS_OBSERVATION
country::IND,observation::IND::SL.EMP.SELF.FE.ZS::2025,HAS_OBSERVATION
country::IND,observation::IND::SL.EMP.1524.SP.ZS::2025,HAS_OBSERVATION
country::IND,observation::IND::SL.EMP.1524.SP.FE.ZS::2025,HAS_OBSERVATION
country::IND,observation::IND::SL.AGR.EMPL.FE.ZS::2025,HAS_OBSERVATION
country::IND,observation::IND::SE.TER.ENRR.FE::2025,HAS_OBSERVATION
country::IND,observation::IND::SE.SEC.UNER.LO.MA.ZS::2025,HAS_OBSERVATION
country::IND,observation::IND::SE.SEC.TCHR::2025,HAS_OBSERVATION
country::IND,observation::IND::SE.TER.ENRR::2025,HAS_OBSERVATION
country::IND,observation::IND::SE.SEC.UNER.LO.FE.ZS::2025,HAS_OBSERVATION
country::IND,observation::IND::SE.SEC.TCAQ.ZS::2025,HAS_OBSERVATION
country::IND,observation::IND::SG.GEN.PARL.ZS::2025,HAS_OBSERVATION
country::IND,observation::IND::SE.TER.ENRR.MA::2025,HAS_OBSERVATION
country::IND,observation::IND::CM.MKT.LDOM.NO::2025,HAS_OBSERVATION
country::IND,observation::IND::SE.SEC.TCHR.FE.ZS::2025,HAS_OBSERVATION
country::IND,observation::IND::SE.SEC.TCAQ.UP.ZS::2025,HAS_OBSERVATION
country::IND,observation::IND::SE.SEC.TCAQ.LO.ZS::2025,HAS_OBSERVATION
country::IND,observation::IND::CM.MKT.TRAD.CD::2025,HAS_OBSERVATION
country::IND,observation::IND::SE.SEC.TCAQ.UP.FE.ZS::2025,HAS_OBSERVATION
country::IND,observation::IND::SE.SEC.TCAQ.LO.FE.ZS::2025,HAS_OBSERVATION
country::IND,observation::IND::SE.SEC.ENRL::2025,HAS_OBSERVATION
country::IND,observation::IND::SE.SEC.CMPT.LO.MA.ZS::2025,HAS_OBSERVATION
country::IND,observation::IND::SE.PRM.UNER::2025,HAS_OBSERVATION
country::IND,observation::IND::SE.PRM.TCHR.FE.ZS::2025,HAS_OBSERVATION
country::IND,observation::IND::SE.PRM.TCAQ.FE.ZS::2025,HAS_OBSERVATION
country::IND,observation::IND::SE.PRM.ENRR.FE::2025,HAS_OBSERVATION
country::IND,observation::IND::SE.PRM.ENRL::2025,HAS_OBSERVATION
country::IND,observation::IND::SE.PRM.AGES::2025,HAS_OBSERVATION
country::IND,observation::IND::SE.PRE.DURS::2025,HAS_OBSERVATION
country::IND,observation::IND::SE.SEC.TCAQ.MA.ZS::2025,HAS_OBSERVATION
country::IND,observation::IND::SE.SEC.TCAQ.FE.ZS::2025,HAS_OBSERVATION
country::IND,observation::IND::SE.SEC.ENRR.MA::2025,HAS_OBSERVATION
country::IND,observation::IND::SE.SEC.DURS::2025,HAS_OBSERVATION
country::IND,observation::IND::SE.SEC.CMPT.LO.FE.ZS::2025,HAS_OBSERVATION
country::IND,observation::IND::SE.PRM.TCHR::2025,HAS_OBSERVATION
country::IND,observation::IND::SE.PRM.ENRR::2025,HAS_OBSERVATION
country::IND,observation::IND::SE.PRM.DURS::2025,HAS_OBSERVATION
country::IND,observation::IND::SE.PRM.CMPT.ZS::2025,HAS_OBSERVATION
country::IND,observation::IND::SE.PRE.TCAQ.ZS::2025,HAS_OBSERVATION
country::IND,observation::IND::SE.SEC.UNER.LO.ZS::2025,HAS_OBSERVATION
country::IND,observation::IND::SE.SEC.TCHR.FE::2025,HAS_OBSERVATION
country::IND,observation::IND::SE.SEC.TCAQ.UP.MA.ZS::2025,HAS_OBSERVATION
country::IND,observation::IND::SE.SEC.TCAQ.LO.MA.ZS::2025,HAS_OBSERVATION
country::IND,observation::IND::SE.SEC.ENRR::2025,HAS_OBSERVATION
country::IND,observation::IND::SE.SEC.CMPT.LO.ZS::2025,HAS_OBSERVATION
country::IND,observation::IND::SE.PRM.UNER.ZS::2025,HAS_OBSERVATION
country::IND,observation::IND::SE.PRM.TCAQ.MA.ZS::2025,HAS_OBSERVATION
country::IND,observation::IND::SE.PRM.ENRR.MA::2025,HAS_OBSERVATION
country::IND,observation::IND::SE.PRM.CMPT.FE.ZS::2025,HAS_OBSERVATION
country::IND,observation::IND::SE.PRE.TCAQ.FE.ZS::2025,HAS_OBSERVATION
country::IND,observation::IND::SE.SEC.ENRR.FE::2025,HAS_OBSERVATION
country::IND,observation::IND::SE.SEC.AGES::2025,HAS_OBSERVATION
country::IND,observation::IND::SE.PRM.TCAQ.ZS::2025,HAS_OBSERVATION
country::IND,observation::IND::SE.PRM.CMPT.MA.ZS::2025,HAS_OBSERVATION
country::IND,observation::IND::SE.PRE.TCAQ.MA.ZS::2025,HAS_OBSERVATION
country::IND,observation::IND::SE.ENR.TERT.FM.ZS::2025,HAS_OBSERVATION
country::IND,observation::IND::SE.COM.DURS::2025,HAS_OBSERVATION
country::IND,observation::IND::PA.NUS.PRVT.PP::2025,HAS_OBSERVATION
country::IND,observation::IND::IT.NET.USER.MA.ZS::2025,HAS_OBSERVATION
country::IND,observation::IND::IT.NET.USER.FE.ZS::2025,HAS_OBSERVATION
country::IND,observation::IND::IT.NET.USER.ZS::2025,HAS_OBSERVATION
country::IND,observation::IND::HD_HCIP_OVRL_TO::2025,HAS_OBSERVATION
country::IND,observation::IND::HD_HCIP_OTJL_MA::2025,HAS_OBSERVATION
country::IND,observation::IND::HD_HCIP_HLTH_FE::2025,HAS_OBSERVATION
country::IND,observation::IND::HD_HCIP_OVRL_MA::2025,HAS_OBSERVATION
country::IND,observation::IND::HD_HCIP_OTJL_FE::2025,HAS_OBSERVATION
country::IND,observation::IND::HD_HCIP_EDUC_TO::2025,HAS_OBSERVATION
country::IND,observation::IND::GD_WBL_OVL_SFR::2025,HAS_OBSERVATION
country::IND,observation::IND::HD_HCIP_OTJL_TO::2025,HAS_OBSERVATION
country::IND,observation::IND::HD_HCIP_HLTH_MA::2025,HAS_OBSERVATION
country::IND,observation::IND::HD_HCIP_EDUC_FE::2025,HAS_OBSERVATION
country::IND,observation::IND::GD_WBL_OVL_ENF::2025,HAS_OBSERVATION
country::IND,observation::IND::HD_HCIP_OVRL_FE::2025,HAS_OBSERVATION
country::IND,observation::IND::HD_HCIP_HLTH_TO::2025,HAS_OBSERVATION
country::IND,observation::IND::HD_HCIP_EDUC_MA::2025,HAS_OBSERVATION
country::IND,observation::IND::GD_WBL_OVL_LAW::2025,HAS_OBSERVATION
country::IND,observation::IND::EN.URB.MCTY.TL.ZS::2025,HAS_OBSERVATION
country::IND,observation::IND::ER.PTD.TOTL.ZS::2025,HAS_OBSERVATION
country::IND,observation::IND::EN.URB.MCTY::2025,HAS_OBSERVATION
country::IND,observation::IND::ER.LND.PTLD.ZS::2025,HAS_OBSERVATION
country::IND,observation::IND::EN.URB.LCTY::2025,HAS_OBSERVATION
country::IND,observation::IND::ER.MRN.PTMR.ZS::2025,HAS_OBSERVATION
country::IND,observation::IND::EN.URB.LCTY.UR.ZS::2025,HAS_OBSERVATION
