country_code,indicator_code,year,value,:ID,:LABEL
IND,SM.POP.RHCR.EO,2015,9882.0,observation::IND::SM.POP.RHCR.EO::2015,Observation
IND,SM.POP.NETM,2015,-655085.0,observation::IND::SM.POP.NETM::2015,Observation
IND,SM.POP.ASYS.EA,2015,6476.0,observation::IND::SM.POP.ASYS.EA::2015,Observation
IND,SL.UEM.TOTL.ZS,2015,7.629,observation::IND::SL.UEM.TOTL.ZS::2015,Observation
IND,SL.UEM.TOTL.FE.ZS,2015,7.693,observation::IND::SL.UEM.TOTL.FE.ZS::2015,Observation
IND,SL.TLF.TOTL.FE.ZS,2015,24.3590784230794,observation::IND::SL.TLF.TOTL.FE.ZS::2015,Observation
IND,SL.TLF.ACTI.1524.ZS,2015,32.24,observation::IND::SL.TLF.ACTI.1524.ZS::2015,Observation
IND,SL.TLF.ACTI.1524.FE.ZS,2015,15.494,observation::IND::SL.TLF.ACTI.1524.FE.ZS::2015,Observation
IND,SL.GDP.PCAP.EM.KD,2015,18632.336730429,observation::IND::SL.GDP.PCAP.EM.KD::2015,Observation
IND,SL.EMP.WORK.MA.ZS,2015,21.5898647425562,observation::IND::SL.EMP.WORK.MA.ZS::2015,Observation
IND,SL.EMP.VULN.FE.ZS,2015,82.6118431474104,observation::IND::SL.EMP.VULN.FE.ZS::2015,Observation
IND,SL.EMP.SELF.ZS,2015,79.5400444487755,observation::IND::SL.EMP.SELF.ZS::2015,Observation
IND,SL.EMP.MPYR.MA.ZS,2015,2.05782541477189,observation::IND::SL.EMP.MPYR.MA.ZS::2015,Observation
IND,SL.EMP.1524.SP.MA.ZS,2015,35.487,observation::IND::SL.EMP.1524.SP.MA.ZS::2015,Observation
IND,SL.AGR.EMPL.ZS,2015,44.2796936892031,observation::IND::SL.AGR.EMPL.ZS::2015,Observation
IND,SH_UHC_SCI_RMNCH,2015,73.0,observation::IND::SH_UHC_SCI_RMNCH::2015,Observation
IND,SH_UHC_SCI,2015,62.0,observation::IND::SH_UHC_SCI::2015,Observation
IND,SH.XPD.PVTD.CH.ZS,2015,73.64810181,observation::IND::SH.XPD.PVTD.CH.ZS::2015,Observation
IND,SH.XPD.GHED.PP.CD,2015,50.0151205912864,observation::IND::SH.XPD.GHED.PP.CD::2015,Observation
IND,SH.XPD.GHED.CH.ZS,2015,25.64012909,observation::IND::SH.XPD.GHED.CH.ZS::2015,Observation
IND,SH.XPD.CHEX.PP.CD,2015,195.065786039975,observation::IND::SH.XPD.CHEX.PP.CD::2015,Observation
IND,SH.TBS.INCD,2015,237.0,observation::IND::SH.TBS.INCD::2015,Observation
IND,DT.DOD.DSTC.ZS,2015,17.0337,observation::IND::DT.DOD.DSTC.ZS::2015,Observation
IND,DT.DOD.DPPG.CD,2015,162310887267.5,observation::IND::DT.DOD.DPPG.CD::2015,Observation
IND,DT.DOD.DECT.GN.ZS,2015,23.0297689509967,observation::IND::DT.DOD.DECT.GN.ZS::2015,Observation
IND,DC.DAC.TOTL.CD,2015,2374978579.03922,observation::IND::DC.DAC.TOTL.CD::2015,Observation
IND,DC.DAC.PRTL.CD,2015,271488.010883331,observation::IND::DC.DAC.PRTL.CD::2015,Observation
IND,DC.DAC.NLDL.CD,2015,2133888.95988464,observation::IND::DC.DAC.NLDL.CD::2015,Observation
IND,DC.DAC.JPNL.CD,2015,867650024.414063,observation::IND::DC.DAC.JPNL.CD::2015,Observation
IND,DC.DAC.HUNL.CD,2015,1514229.05921936,observation::IND::DC.DAC.HUNL.CD::2015,Observation
IND,DC.DAC.FINL.CD,2015,1334236.97948456,observation::IND::DC.DAC.FINL.CD::2015,Observation
IND,DC.DAC.DEUL.CD,2015,751612487.792969,observation::IND::DC.DAC.DEUL.CD::2015,Observation
IND,SL.UEM.NEET.MA.ME.ZS,2015,11.944,observation::IND::SL.UEM.NEET.MA.ME.ZS::2015,Observation
IND,SL.UEM.1524.ZS,2015,24.959,observation::IND::SL.UEM.1524.ZS::2015,Observation
IND,SL.UEM.1524.FE.ZS,2015,23.974,observation::IND::SL.UEM.1524.FE.ZS::2015,Observation
IND,SL.TLF.CACT.MA.ZS,2015,78.035,observation::IND::SL.TLF.CACT.MA.ZS::2015,Observation
IND,SL.TLF.CACT.FE.ZS,2015,26.582,observation::IND::SL.TLF.CACT.FE.ZS::2015,Observation
IND,SL.TLF.ACTI.ZS,2015,55.422,observation::IND::SL.TLF.ACTI.ZS::2015,Observation
IND,SL.SRV.EMPL.ZS,2015,30.7722358188634,observation::IND::SL.SRV.EMPL.ZS::2015,Observation
IND,SL.IND.EMPL.ZS,2015,24.9480704919335,observation::IND::SL.IND.EMPL.ZS::2015,Observation
IND,SL.FAM.WORK.ZS,2015,16.8741723131708,observation::IND::SL.FAM.WORK.ZS::2015,Observation
IND,SL.EMP.WORK.FE.ZS,2015,16.9482024997792,observation::IND::SL.EMP.WORK.FE.ZS::2015,Observation
IND,SL.EMP.TOTL.SP.ZS,2015,48.985,observation::IND::SL.EMP.TOTL.SP.ZS::2015,Observation
IND,SL.EMP.TOTL.SP.FE.ZS,2015,24.537,observation::IND::SL.EMP.TOTL.SP.FE.ZS::2015,Observation
IND,SL.EMP.SELF.MA.ZS,2015,78.4101384014377,observation::IND::SL.EMP.SELF.MA.ZS::2015,Observation
IND,SL.EMP.MPYR.FE.ZS,2015,0.439956129463423,observation::IND::SL.EMP.MPYR.FE.ZS::2015,Observation
IND,SL.AGR.EMPL.MA.ZS,2015,40.6079354277137,observation::IND::SL.AGR.EMPL.MA.ZS::2015,Observation
IND,SH_UHC_SCI_NCD,2015,46.0,observation::IND::SH_UHC_SCI_NCD::2015,Observation
IND,SH.XPD.OOPC.PP.CD,2015,126.138146433817,observation::IND::SH.XPD.OOPC.PP.CD::2015,Observation
IND,SH.XPD.GHED.PC.CD,2015,14.90307278,observation::IND::SH.XPD.GHED.PC.CD::2015,Observation
IND,SH.XPD.EHEX.PP.CD,2015,1.38840722578964,observation::IND::SH.XPD.EHEX.PP.CD::2015,Observation
IND,SH.XPD.CHEX.PC.CD,2015,58.12401581,observation::IND::SH.XPD.CHEX.PC.CD::2015,Observation
IND,DC.DAC.SWEL.CD,2015,5850815.77301025,observation::IND::DC.DAC.SWEL.CD::2015,Observation
IND,DC.DAC.POLL.CD,2015,146454.006433487,observation::IND::DC.DAC.POLL.CD::2015,Observation
IND,DC.DAC.LUXL.CD,2015,1995658.99372101,observation::IND::DC.DAC.LUXL.CD::2015,Observation
IND,DC.DAC.ITAL.CD,2015,12130417.8237915,observation::IND::DC.DAC.ITAL.CD::2015,Observation
IND,DC.DAC.GRCL.CD,2015,17374.9998211861,observation::IND::DC.DAC.GRCL.CD::2015,Observation
IND,DC.DAC.ESTL.CD,2015,4437.00002506375,observation::IND::DC.DAC.ESTL.CD::2015,Observation
IND,DC.DAC.CZEL.CD,2015,18518.0008411407,observation::IND::DC.DAC.CZEL.CD::2015,Observation
IND,DC.DAC.BELL.CD,2015,2910114.0499115,observation::IND::DC.DAC.BELL.CD::2015,Observation
IND,CM.MKT.TRAD.GD.ZS,2015,38.1343261773342,observation::IND::CM.MKT.TRAD.GD.ZS::2015,Observation
IND,CM.MKT.LCAP.CD,2015,1745169237451.33,observation::IND::CM.MKT.LCAP.CD::2015,Observation
IND,BX.TRF.PWKR.CD,2015,65229600360.5507,observation::IND::BX.TRF.PWKR.CD::2015,Observation
IND,SM.POP.ASYS.EO,2015,24874.0,observation::IND::SM.POP.ASYS.EO::2015,Observation
IND,SL.UEM.NEET.ME.ZS,2015,28.251,observation::IND::SL.UEM.NEET.ME.ZS::2015,Observation
IND,SL.UEM.NEET.FE.ME.ZS,2015,46.174,observation::IND::SL.UEM.NEET.FE.ME.ZS::2015,Observation
IND,SL.UEM.1524.MA.ZS,2015,25.251,observation::IND::SL.UEM.1524.MA.ZS::2015,Observation
IND,SL.TLF.TOTL.IN,2015,500640619.0,observation::IND::SL.TLF.TOTL.IN::2015,Observation
IND,SL.TLF.CACT.ZS,2015,53.031,observation::IND::SL.TLF.CACT.ZS::2015,Observation
IND,SL.TLF.CACT.FM.ZS,2015,34.0642019606587,observation::IND::SL.TLF.CACT.FM.ZS::2015,Observation
IND,SL.TLF.ACTI.FE.ZS,2015,28.109,observation::IND::SL.TLF.ACTI.FE.ZS::2015,Observation
IND,SL.SRV.EMPL.FE.ZS,2015,24.4326951619536,observation::IND::SL.SRV.EMPL.FE.ZS::2015,Observation
IND,SL.IND.EMPL.FE.ZS,2015,19.8757037588931,observation::IND::SL.IND.EMPL.FE.ZS::2015,Observation
IND,SL.FAM.WORK.FE.ZS,2015,35.6922609280681,observation::IND::SL.FAM.WORK.FE.ZS::2015,Observation
IND,SL.EMP.WORK.ZS,2015,20.4599609572764,observation::IND::SL.EMP.WORK.ZS::2015,Observation
IND,SL.EMP.VULN.MA.ZS,2015,76.3523129866658,observation::IND::SL.EMP.VULN.MA.ZS::2015,Observation
IND,SL.EMP.TOTL.SP.MA.ZS,2015,72.097,observation::IND::SL.EMP.TOTL.SP.MA.ZS::2015,Observation
IND,SL.EMP.MPYR.ZS,2015,1.66399317574598,observation::IND::SL.EMP.MPYR.ZS::2015,Observation
IND,SH_UHC_SCI_CAPACITY,2015,74.0,observation::IND::SH_UHC_SCI_CAPACITY::2015,Observation
IND,SH.XPD.PVTD.PC.CD,2015,42.80723757,observation::IND::SH.XPD.PVTD.PC.CD::2015,Observation
IND,SH.XPD.OOPC.CH.ZS,2015,64.66441345,observation::IND::SH.XPD.OOPC.CH.ZS::2015,Observation
IND,SH.XPD.GHED.GD.ZS,2015,0.92193186,observation::IND::SH.XPD.GHED.GD.ZS::2015,Observation
IND,DT.NFL.IFAD.CD,2015,16933227.5390625,observation::IND::DT.NFL.IFAD.CD::2015,Observation
IND,DT.DOD.MIBR.CD,2015,12387674000.0,observation::IND::DT.DOD.MIBR.CD::2015,Observation
IND,DT.DOD.DSTC.CD,2015,81562824000.0,observation::IND::DT.DOD.DSTC.CD::2015,Observation
IND,DT.DOD.DIMF.CD,2015,5512793757.6,observation::IND::DT.DOD.DIMF.CD::2015,Observation
IND,DC.DAC.USAL.CD,2015,60454208.3740234,observation::IND::DC.DAC.USAL.CD::2015,Observation
IND,DC.DAC.SVKL.CD,2015,19999.9995529652,observation::IND::DC.DAC.SVKL.CD::2015,Observation
IND,DC.DAC.NORL.CD,2015,17076494.2169189,observation::IND::DC.DAC.NORL.CD::2015,Observation
IND,DC.DAC.KORL.CD,2015,233748.003840446,observation::IND::DC.DAC.KORL.CD::2015,Observation
IND,DC.DAC.IRLL.CD,2015,1850000.02384186,observation::IND::DC.DAC.IRLL.CD::2015,Observation
IND,SL.UEM.TOTL.MA.ZS,2015,7.609,observation::IND::SL.UEM.TOTL.MA.ZS::2015,Observation
IND,SL.TLF.ACTI.MA.ZS,2015,80.853,observation::IND::SL.TLF.ACTI.MA.ZS::2015,Observation
IND,SL.TLF.ACTI.1524.MA.ZS,2015,47.475,observation::IND::SL.TLF.ACTI.1524.MA.ZS::2015,Observation
IND,SL.SRV.EMPL.MA.ZS,2015,32.8119715723149,observation::IND::SL.SRV.EMPL.MA.ZS::2015,Observation
IND,SL.IND.EMPL.MA.ZS,2015,26.5800987163241,observation::IND::SL.IND.EMPL.MA.ZS::2015,Observation
IND,SL.FAM.WORK.MA.ZS,2015,10.8194836761283,observation::IND::SL.FAM.WORK.MA.ZS::2015,Observation
IND,SL.EMP.VULN.ZS,2015,77.8760454344934,observation::IND::SL.EMP.VULN.ZS::2015,Observation
IND,SL.EMP.SELF.FE.ZS,2015,83.0517992768738,observation::IND::SL.EMP.SELF.FE.ZS::2015,Observation
IND,SL.EMP.1524.SP.ZS,2015,24.193,observation::IND::SL.EMP.1524.SP.ZS::2015,Observation
IND,SL.EMP.1524.SP.FE.ZS,2015,11.779,observation::IND::SL.EMP.1524.SP.FE.ZS::2015,Observation
IND,SL.AGR.EMPL.FE.ZS,2015,55.6916010791532,observation::IND::SL.AGR.EMPL.FE.ZS::2015,Observation
IND,SH_UHC_SCI_ID,2015,57.0,observation::IND::SH_UHC_SCI_ID::2015,Observation
IND,SH.XPD.PVTD.PP.CD,2015,143.662262186857,observation::IND::SH.XPD.PVTD.PP.CD::2015,Observation
IND,SH.XPD.OOPC.PC.CD,2015,37.58555322,observation::IND::SH.XPD.OOPC.PC.CD::2015,Observation
IND,SH.XPD.GHED.GE.ZS,2015,3.37624002,observation::IND::SH.XPD.GHED.GE.ZS::2015,Observation
IND,SH.XPD.EHEX.PC.CD,2015,0.41370557,observation::IND::SH.XPD.EHEX.PC.CD::2015,Observation
IND,SH.XPD.CHEX.GD.ZS,2015,3.59565973,observation::IND::SH.XPD.CHEX.GD.ZS::2015,Observation
IND,SH.TBS.CURE.ZS,2015,72.0,observation::IND::SH.TBS.CURE.ZS::2015,Observation
IND,SH.STA.WAST.ZS,2015,20.8,observation::IND::SH.STA.WAST.ZS::2015,Observation
IND,SH.STA.TRAF.P5,2015,15.6,observation::IND::SH.STA.TRAF.P5::2015,Observation
IND,DT.DOD.MIDA.CD,2015,24120935000.0,observation::IND::DT.DOD.MIDA.CD::2015,Observation
IND,DT.DOD.DSTC.IR.ZS,2015,23.0847505838207,observation::IND::DT.DOD.DSTC.IR.ZS::2015,Observation
IND,DT.DOD.DLXF.CD,2015,391755392267.5,observation::IND::DT.DOD.DLXF.CD::2015,Observation
IND,DC.DAC.NZLL.CD,2015,670000.016689301,observation::IND::DC.DAC.NZLL.CD::2015,Observation
IND,DC.DAC.LTUL.CD,2015,21539.9991720915,observation::IND::DC.DAC.LTUL.CD::2015,Observation
IND,DC.DAC.GBRL.CD,2015,283544403.076172,observation::IND::DC.DAC.GBRL.CD::2015,Observation
IND,DC.DAC.ESPL.CD,2015,2170166.96929932,observation::IND::DC.DAC.ESPL.CD::2015,Observation
IND,DC.DAC.CHEL.CD,2015,23065013.885498,observation::IND::DC.DAC.CHEL.CD::2015,Observation
IND,SH.SVR.WAST.MA.ZS,2015,8.2,observation::IND::SH.SVR.WAST.MA.ZS::2015,Observation
IND,SH.STA.WAST.FE.ZS,2015,19.8,observation::IND::SH.STA.WAST.FE.ZS::2015,Observation
IND,SH.STA.SUIC.MA.P5,2015,16.53,observation::IND::SH.STA.SUIC.MA.P5::2015,Observation
IND,SH.STA.STNT.ME.MA.ZS,2015,39.6,observation::IND::SH.STA.STNT.ME.MA.ZS::2015,Observation
IND,SH.STA.SMSS.ZS,2015,42.4769302561278,observation::IND::SH.STA.SMSS.ZS::2015,Observation
IND,SH.STA.POIS.P5.FE,2015,0.095,observation::IND::SH.STA.POIS.P5.FE::2015,Observation
IND,SH.STA.OWGH.ME.MA.ZS,2015,2.4,observation::IND::SH.STA.OWGH.ME.MA.ZS::2015,Observation
IND,SH.STA.ODFC.RU.ZS,2015,41.0474162990522,observation::IND::SH.STA.ODFC.RU.ZS::2015,Observation
IND,SH.STA.MALN.MA.ZS,2015,36.9,observation::IND::SH.STA.MALN.MA.ZS::2015,Observation
IND,SH.STA.HYGN.RU.ZS,2015,49.3362608679308,observation::IND::SH.STA.HYGN.RU.ZS::2015,Observation
IND,SH.STA.BASS.RU.ZS,2015,50.1570463621293,observation::IND::SH.STA.BASS.RU.ZS::2015,Observation
IND,SH.SGR.CRSK.ZS,2015,42.5,observation::IND::SH.SGR.CRSK.ZS::2015,Observation
IND,SH.PRG.ANEM,2015,48.5,observation::IND::SH.PRG.ANEM::2015,Observation
IND,SH.MED.PHYS.ZS,2015,0.723,observation::IND::SH.MED.PHYS.ZS::2015,Observation
IND,SH.IMM.MEAS,2015,87.0,observation::IND::SH.IMM.MEAS::2015,Observation
IND,SH.H2O.SMDW.UR.ZS,2015,77.0236068877999,observation::IND::SH.H2O.SMDW.UR.ZS::2015,Observation
IND,SH.H2O.BASW.RU.ZS,2015,87.2015751754967,observation::IND::SH.H2O.BASW.RU.ZS::2015,Observation
IND,SH.DYN.NCOM.MA.ZS,2015,25.4,observation::IND::SH.DYN.NCOM.MA.ZS::2015,Observation
IND,SH.DYN.MORT,2015,43.7,observation::IND::SH.DYN.MORT::2015,Observation
IND,SH.DYN.1519,2015,4.7,observation::IND::SH.DYN.1519::2015,Observation
IND,SH.DTH.NMRT,2015,654101.0,observation::IND::SH.DTH.NMRT::2015,Observation
IND,SH.DTH.IMRT,2015,906137.0,observation::IND::SH.DTH.IMRT::2015,Observation
IND,SH.DTH.1014,2015,83953.0,observation::IND::SH.DTH.1014::2015,Observation
IND,SH.ANM.NPRG.ZS,2015,50.9,observation::IND::SH.ANM.NPRG.ZS::2015,Observation
IND,SH.ALC.PCAP.LI,2015,4.96,observation::IND::SH.ALC.PCAP.LI::2015,Observation
IND,SE.TER.ENRR.FE,2015,26.8824848217933,observation::IND::SE.TER.ENRR.FE::2015,Observation
IND,SE.SEC.TCHR,2015,4092933.0,observation::IND::SE.SEC.TCHR::2015,Observation
IND,DC.DAC.CANL.CD,2015,9659869.19403076,observation::IND::DC.DAC.CANL.CD::2015,Observation
IND,CM.MKT.TRNR,2015,45.9662724641824,observation::IND::CM.MKT.TRNR::2015,Observation
IND,CM.MKT.LCAP.GD.ZS,2015,82.9615370858036,observation::IND::CM.MKT.LCAP.GD.ZS::2015,Observation
IND,BX.TRF.PWKR.CD.DT,2015,68909693352.835,observation::IND::BX.TRF.PWKR.CD.DT::2015,Observation
IND,BX.KLT.DINV.WD.GD.ZS,2015,2.09211521443253,observation::IND::BX.KLT.DINV.WD.GD.ZS::2015,Observation
IND,BX.GSR.TOTL.CD,2015,443164297038.465,observation::IND::BX.GSR.TOTL.CD::2015,Observation
IND,BX.GSR.INSF.ZS,2015,4.68990275996278,observation::IND::BX.GSR.INSF.ZS::2015,Observation
IND,BX.GSR.CCIS.ZS,2015,48.8670014249962,observation::IND::BX.GSR.CCIS.ZS::2015,Observation
IND,BN.TRF.KOGT.CD,2015,37069432.5800826,observation::IND::BN.TRF.KOGT.CD::2015,Observation
IND,BN.KLT.DINV.CD,2015,-36495216490.7241,observation::IND::BN.KLT.DINV.CD::2015,Observation
IND,BN.GSR.FCTY.CD,2015,-23360376799.6178,observation::IND::BN.GSR.FCTY.CD::2015,Observation
IND,BM.TRF.PWKR.CD.DT,2015,4882832496.02911,observation::IND::BM.TRF.PWKR.CD.DT::2015,Observation
IND,BM.GSR.TRVL.ZS,2015,17.9537833385457,observation::IND::BM.GSR.TRVL.ZS::2015,Observation
IND,BM.GSR.NFSV.CD,2015,82643096048.2118,observation::IND::BM.GSR.NFSV.CD::2015,Observation
IND,BM.GSR.FCTY.CD,2015,37893770662.1341,observation::IND::BM.GSR.FCTY.CD::2015,Observation
IND,AG.SRF.TOTL.K2,2015,3287260.0,observation::IND::AG.SRF.TOTL.K2::2015,Observation
IND,AG.PRD.CREL.MT,2015,284850922.0,observation::IND::AG.PRD.CREL.MT::2015,Observation
IND,AG.LND.PRCP.MM,2015,1083.0,observation::IND::AG.LND.PRCP.MM::2015,Observation
IND,AG.LND.EL5M.ZS,2015,1.25039652141578,observation::IND::AG.LND.EL5M.ZS::2015,Observation
IND,AG.LND.EL5M.RU.K2,2015,32106.8378294,observation::IND::AG.LND.EL5M.RU.K2::2015,Observation
IND,AG.LND.ARBL.HA.PC,2015,0.117778700796226,observation::IND::AG.LND.ARBL.HA.PC::2015,Observation
IND,AG.CON.FERT.ZS,2015,171.038212936265,observation::IND::AG.CON.FERT.ZS::2015,Observation
IND,SH.TBS.DTEC.ZS,2015,53.0,observation::IND::SH.TBS.DTEC.ZS::2015,Observation
IND,SH.SVR.WAST.FE.ZS,2015,7.1,observation::IND::SH.SVR.WAST.FE.ZS::2015,Observation
IND,SH.STA.SUIC.FE.P5,2015,12.6,observation::IND::SH.STA.SUIC.FE.P5::2015,Observation
IND,SH.STA.STNT.ME.FE.ZS,2015,37.6,observation::IND::SH.STA.STNT.ME.FE.ZS::2015,Observation
IND,SH.STA.SMSS.UR.ZS,2015,44.4901967716344,observation::IND::SH.STA.SMSS.UR.ZS::2015,Observation
IND,SH.STA.POIS.P5,2015,0.17,observation::IND::SH.STA.POIS.P5::2015,Observation
IND,SH.STA.OWGH.ME.FE.ZS,2015,2.0,observation::IND::SH.STA.OWGH.ME.FE.ZS::2015,Observation
IND,SH.STA.MMRT.NE,2015,130.0,observation::IND::SH.STA.MMRT.NE::2015,Observation
IND,SH.STA.MALN.FE.ZS,2015,35.6,observation::IND::SH.STA.MALN.FE.ZS::2015,Observation
IND,SH.PRV.SMOK.MA,2015,46.4,observation::IND::SH.PRV.SMOK.MA::2015,Observation
IND,SH.MMR.RISK.ZS,2015,0.29587173391399,observation::IND::SH.MMR.RISK.ZS::2015,Observation
IND,SH.MED.NUMW.P3,2015,1.431,observation::IND::SH.MED.NUMW.P3::2015,Observation
IND,SH.IMM.IDPT,2015,87.0,observation::IND::SH.IMM.IDPT::2015,Observation
IND,SH.H2O.SMDW.RU.ZS,2015,53.5357982529703,observation::IND::SH.H2O.SMDW.RU.ZS::2015,Observation
IND,SH.DYN.NCOM.FE.ZS,2015,19.7,observation::IND::SH.DYN.NCOM.FE.ZS::2015,Observation
IND,SH.DYN.1014,2015,3.2,observation::IND::SH.DYN.1014::2015,Observation
IND,SH.DTH.NCOM.ZS,2015,62.1381229342582,observation::IND::SH.DTH.NCOM.ZS::2015,Observation
IND,SH.DTH.COMM.ZS,2015,27.2977388024525,observation::IND::SH.DTH.COMM.ZS::2015,Observation
IND,SH.DTH.0509,2015,89162.0,observation::IND::SH.DTH.0509::2015,Observation
IND,SH.ANM.CHLD.ZS,2015,55.7,observation::IND::SH.ANM.CHLD.ZS::2015,Observation
IND,SH.ALC.PCAP.FE.LI,2015,1.58,observation::IND::SH.ALC.PCAP.FE.LI::2015,Observation
IND,SE.TER.ENRR,2015,27.2845677075978,observation::IND::SE.TER.ENRR::2015,Observation
IND,BX.KLT.DINV.CD.WD,2015,44009492129.5319,observation::IND::BX.KLT.DINV.CD.WD::2015,Observation
IND,BX.GSR.ROYL.CD,2015,466556838.054459,observation::IND::BX.GSR.ROYL.CD::2015,Observation
IND,BX.GSR.GNFS.CD,2015,428630903175.949,observation::IND::BX.GSR.GNFS.CD::2015,Observation
IND,BX.GSR.CCIS.CD,2015,76368457308.317,observation::IND::BX.GSR.CCIS.CD::2015,Observation
IND,BN.TRF.CURR.CD,2015,64152710184.8464,observation::IND::BN.TRF.CURR.CD::2015,Observation
IND,BN.KAC.EOMS.CD,2015,-460012929.107876,observation::IND::BN.KAC.EOMS.CD::2015,Observation
IND,BN.FIN.TOTL.CD,2015,-22879781506.1486,observation::IND::BN.FIN.TOTL.CD::2015,Observation
IND,BM.TRF.PRVT.CD,2015,2801029500.36722,observation::IND::BM.TRF.PRVT.CD::2015,Observation
IND,BM.GSR.TRAN.ZS,2015,18.6652622502564,observation::IND::BM.GSR.TRAN.ZS::2015,Observation
IND,BM.GSR.MRCH.CD,2015,409236978522.587,observation::IND::BM.GSR.MRCH.CD::2015,Observation
IND,BM.GSR.CMCP.ZS,2015,50.3543373707942,observation::IND::BM.GSR.CMCP.ZS::2015,Observation
IND,AG.PRD.LVSK.XD,2015,99.84,observation::IND::AG.PRD.LVSK.XD::2015,Observation
IND,AG.LND.TOTL.UR.K2,2015,171839.18292269,observation::IND::AG.LND.TOTL.UR.K2::2015,Observation
IND,AG.LND.IRIG.AG.ZS,2015,38.0592736886044,observation::IND::AG.LND.IRIG.AG.ZS::2015,Observation
IND,AG.LND.EL5M.UR.ZS,2015,0.224064948861236,observation::IND::AG.LND.EL5M.UR.ZS::2015,Observation
IND,AG.LND.CROP.ZS,2015,4.37240808693693,observation::IND::AG.LND.CROP.ZS::2015,Observation
IND,AG.LND.ARBL.HA,2015,156413000.0,observation::IND::AG.LND.ARBL.HA::2015,Observation
IND,AG.CON.FERT.PT.ZS,2015,149.441673137188,observation::IND::AG.CON.FERT.PT.ZS::2015,Observation
IND,SH.XPD.EHEX.CH.ZS,2015,0.71176356,observation::IND::SH.XPD.EHEX.CH.ZS::2015,Observation
IND,SH.VAC.TTNS.ZS,2015,87.0,observation::IND::SH.VAC.TTNS.ZS::2015,Observation
IND,SH.SVR.WAST.ZS,2015,7.7,observation::IND::SH.SVR.WAST.ZS::2015,Observation
IND,SH.STA.WAST.MA.ZS,2015,21.7,observation::IND::SH.STA.WAST.MA.ZS::2015,Observation
IND,SH.STA.SUIC.P5,2015,14.63,observation::IND::SH.STA.SUIC.P5::2015,Observation
IND,SH.STA.STNT.ME.ZS,2015,38.7,observation::IND::SH.STA.STNT.ME.ZS::2015,Observation
IND,SH.STA.STNT.FE.ZS,2015,37.5,observation::IND::SH.STA.STNT.FE.ZS::2015,Observation
IND,SH.STA.POIS.P5.MA,2015,0.24,observation::IND::SH.STA.POIS.P5.MA::2015,Observation
IND,SH.STA.OWGH.ME.ZS,2015,2.2,observation::IND::SH.STA.OWGH.ME.ZS::2015,Observation
IND,SH.STA.OWGH.FE.ZS,2015,2.4,observation::IND::SH.STA.OWGH.FE.ZS::2015,Observation
IND,SH.STA.ODFC.UR.ZS,2015,9.05398851297468,observation::IND::SH.STA.ODFC.UR.ZS::2015,Observation
IND,SH.STA.MALN.ZS,2015,36.3,observation::IND::SH.STA.MALN.ZS::2015,Observation
IND,SH.STA.HYGN.UR.ZS,2015,77.5903571395984,observation::IND::SH.STA.HYGN.UR.ZS::2015,Observation
IND,SH.STA.BRTW.ZS,2015,28.66160295,observation::IND::SH.STA.BRTW.ZS::2015,Observation
IND,SH.STA.BASS.UR.ZS,2015,71.4908828327006,observation::IND::SH.STA.BASS.UR.ZS::2015,Observation
IND,SH.SGR.IRSK.ZS,2015,59.4,observation::IND::SH.SGR.IRSK.ZS::2015,Observation
IND,SH.PRV.SMOK,2015,31.5,observation::IND::SH.PRV.SMOK::2015,Observation
IND,SH.MMR.DTHS,2015,32000.0,observation::IND::SH.MMR.DTHS::2015,Observation
IND,SH.MED.BEDS.ZS,2015,1.7,observation::IND::SH.MED.BEDS.ZS::2015,Observation
IND,SH.H2O.SMDW.ZS,2015,61.2343987010564,observation::IND::SH.H2O.SMDW.ZS::2015,Observation
IND,SH.H2O.BASW.UR.ZS,2015,94.9421532971033,observation::IND::SH.H2O.BASW.UR.ZS::2015,Observation
IND,SH.DYN.NCOM.ZS,2015,22.6,observation::IND::SH.DYN.NCOM.ZS::2015,Observation
IND,SH.DYN.MORT.FE,2015,45.2,observation::IND::SH.DYN.MORT.FE::2015,Observation
IND,SH.DYN.2024,2015,6.7,observation::IND::SH.DYN.2024::2015,Observation
IND,SH.DTH.OCVD.ZS,2015,0.0,observation::IND::SH.DTH.OCVD.ZS::2015,Observation
IND,SH.DTH.INJR.ZS,2015,10.5641382632894,observation::IND::SH.DTH.INJR.ZS::2015,Observation
IND,SH.DTH.1519,2015,121498.0,observation::IND::SH.DTH.1519::2015,Observation
IND,SH.ALC.PCAP.MA.LI,2015,8.16,observation::IND::SH.ALC.PCAP.MA.LI::2015,Observation
IND,SG.GEN.PARL.ZS,2015,11.9705340699816,observation::IND::SG.GEN.PARL.ZS::2015,Observation
IND,SE.XPD.TOTL.GB.ZS,2015,15.6922197341919,observation::IND::SE.XPD.TOTL.GB.ZS::2015,Observation
IND,SE.TER.ENRR.MA,2015,27.6542491668623,observation::IND::SE.TER.ENRR.MA::2015,Observation
IND,DC.DAC.FRAL.CD,2015,54924900.0549316,observation::IND::DC.DAC.FRAL.CD::2015,Observation
IND,DC.DAC.DNKL.CD,2015,1445091.96281433,observation::IND::DC.DAC.DNKL.CD::2015,Observation
IND,DC.DAC.CECL.CD,2015,264696014.404297,observation::IND::DC.DAC.CECL.CD::2015,Observation
IND,DC.DAC.AUSL.CD,2015,4171267.98629761,observation::IND::DC.DAC.AUSL.CD::2015,Observation
IND,CM.MKT.LDOM.NO,2015,5835.0,observation::IND::CM.MKT.LDOM.NO::2015,Observation
IND,BX.TRF.PWKR.DT.GD.ZS,2015,3.27581644116736,observation::IND::BX.TRF.PWKR.DT.GD.ZS::2015,Observation
IND,BX.PEF.TOTL.CD.WD,2015,1932581388.28164,observation::IND::BX.PEF.TOTL.CD.WD::2015,Observation
IND,BX.GSR.TRAN.ZS,2015,9.16252708297244,observation::IND::BX.GSR.TRAN.ZS::2015,Observation
IND,BX.GSR.MRCH.CD,2015,272352729599.999,observation::IND::BX.GSR.MRCH.CD::2015,Observation
IND,BX.GSR.CMCP.ZS,2015,58.5800504118325,observation::IND::BX.GSR.CMCP.ZS::2015,Observation
IND,BX.GRT.EXTA.CD.WD,2015,912220447.0,observation::IND::BX.GRT.EXTA.CD.WD::2015,Observation
IND,BN.KLT.PTXL.CD,2015,-9486642829.08657,observation::IND::BN.KLT.PTXL.CD::2015,Observation
IND,BN.GSR.GNFS.CD,2015,-63249171394.8497,observation::IND::BN.GSR.GNFS.CD::2015,Observation
IND,BN.CAB.XOKA.CD,2015,-22456838009.6208,observation::IND::BN.CAB.XOKA.CD::2015,Observation
IND,BM.KLT.DINV.CD.WD,2015,7514275638.80774,observation::IND::BM.KLT.DINV.CD.WD::2015,Observation
IND,BM.GSR.ROYL.CD,2015,5009034406.59605,observation::IND::BM.GSR.ROYL.CD::2015,Observation
IND,BM.GSR.GNFS.CD,2015,491880074570.798,observation::IND::BM.GSR.GNFS.CD::2015,Observation
IND,AG.YLD.CREL.KG,2015,2852.4,observation::IND::AG.YLD.CREL.KG::2015,Observation
IND,AG.PRD.CROP.XD,2015,97.64,observation::IND::AG.PRD.CROP.XD::2015,Observation
IND,AG.LND.TOTL.K2,2015,2973190.0,observation::IND::AG.LND.TOTL.K2::2015,Observation
IND,AG.LND.FRST.K2,2015,708280.0,observation::IND::AG.LND.FRST.K2::2015,Observation
IND,AG.LND.EL5M.RU.ZS,2015,1.02633157255454,observation::IND::AG.LND.EL5M.RU.ZS::2015,Observation
IND,AG.LND.ARBL.ZS,2015,52.6078050847743,observation::IND::AG.LND.ARBL.ZS::2015,Observation
IND,AG.LND.AGRI.K2,2015,1796750.0,observation::IND::AG.LND.AGRI.K2::2015,Observation
IND,SH.STA.STNT.ZS,2015,37.9,observation::IND::SH.STA.STNT.ZS::2015,Observation
IND,SH.STA.STNT.MA.ZS,2015,38.3,observation::IND::SH.STA.STNT.MA.ZS::2015,Observation
IND,SH.STA.SMSS.RU.ZS,2015,41.4952879405142,observation::IND::SH.STA.SMSS.RU.ZS::2015,Observation
IND,SH.STA.OWGH.ZS,2015,2.4,observation::IND::SH.STA.OWGH.ZS::2015,Observation
IND,SH.STA.OWGH.MA.ZS,2015,2.4,observation::IND::SH.STA.OWGH.MA.ZS::2015,Observation
IND,SH.STA.ODFC.ZS,2015,30.5609314039809,observation::IND::SH.STA.ODFC.ZS::2015,Observation
IND,SH.STA.MMRT,2015,129.0,observation::IND::SH.STA.MMRT::2015,Observation
IND,SH.STA.HYGN.ZS,2015,58.5971073241002,observation::IND::SH.STA.HYGN.ZS::2015,Observation
IND,SH.STA.BASS.ZS,2015,57.1496392627885,observation::IND::SH.STA.BASS.ZS::2015,Observation
IND,SH.PRV.SMOK.FE,2015,16.6,observation::IND::SH.PRV.SMOK.FE::2015,Observation
IND,SH.MMR.RISK,2015,338.0,observation::IND::SH.MMR.RISK::2015,Observation
IND,SH.MLR.INCD.P3,2015,6.44,observation::IND::SH.MLR.INCD.P3::2015,Observation
IND,SH.IMM.HEPB,2015,87.0,observation::IND::SH.IMM.HEPB::2015,Observation
IND,SH.H2O.BASW.ZS,2015,89.7387066732488,observation::IND::SH.H2O.BASW.ZS::2015,Observation
IND,SH.DYN.NMRT,2015,26.0,observation::IND::SH.DYN.NMRT::2015,Observation
IND,SH.DYN.MORT.MA,2015,42.3,observation::IND::SH.DYN.MORT.MA::2015,Observation
IND,SH.DYN.AIDS.FE.ZS,2015,42.8701164876598,observation::IND::SH.DYN.AIDS.FE.ZS::2015,Observation
IND,SH.DYN.0509,2015,3.5,observation::IND::SH.DYN.0509::2015,Observation
IND,SH.DTH.MORT,2015,1099727.0,observation::IND::SH.DTH.MORT::2015,Observation
IND,SH.DTH.2024,2015,164201.0,observation::IND::SH.DTH.2024::2015,Observation
IND,SH.ANM.ALLW.ZS,2015,50.8,observation::IND::SH.ANM.ALLW.ZS::2015,Observation
IND,SE.XPD.TOTL.GD.ZS,2015,4.1145601272583,observation::IND::SE.XPD.TOTL.GD.ZS::2015,Observation
IND,SE.TER.TCHR.FE.ZS,2015,38.6143662291485,observation::IND::SE.TER.TCHR.FE.ZS::2015,Observation
IND,SE.TER.ENRL.TC.ZS,2015,24.28976,observation::IND::SE.TER.ENRL.TC.ZS::2015,Observation
IND,SE.SEC.TCHR.FE.ZS,2015,43.1528441828879,observation::IND::SE.SEC.TCHR.FE.ZS::2015,Observation
IND,SE.SEC.PROG.ZS,2015,90.84067,observation::IND::SE.SEC.PROG.ZS::2015,Observation
IND,DC.DAC.AUTL.CD,2015,3385715.00778198,observation::IND::DC.DAC.AUTL.CD::2015,Observation
IND,CM.MKT.TRAD.CD,2015,802189246647.972,observation::IND::CM.MKT.TRAD.CD::2015,Observation
IND,CM.MKT.INDX.ZG,2015,-3.910217675178,observation::IND::CM.MKT.INDX.ZG::2015,Observation
IND,BX.TRF.CURR.CD,2015,67805662176.5418,observation::IND::BX.TRF.CURR.CD::2015,Observation
IND,BX.GSR.TRVL.ZS,2015,13.4456744833139,observation::IND::BX.GSR.TRVL.ZS::2015,Observation
IND,BX.GSR.NFSV.CD,2015,156278173575.949,observation::IND::BX.GSR.NFSV.CD::2015,Observation
IND,BX.GSR.FCTY.CD,2015,14533393862.5163,observation::IND::BX.GSR.FCTY.CD::2015,Observation
IND,BX.GRT.TECH.CD.WD,2015,389257964.0,observation::IND::BX.GRT.TECH.CD.WD::2015,Observation
IND,BN.RES.INCL.CD,2015,44065483120.2165,observation::IND::BN.RES.INCL.CD::2015,Observation
IND,BN.GSR.MRCH.CD,2015,-136884248922.587,observation::IND::BN.GSR.MRCH.CD::2015,Observation
IND,BN.CAB.XOKA.GD.ZS,2015,-1.06754907167964,observation::IND::BN.CAB.XOKA.GD.ZS::2015,Observation
IND,BM.KLT.DINV.WD.GD.ZS,2015,0.357212265552145,observation::IND::BM.KLT.DINV.WD.GD.ZS::2015,Observation
IND,BM.GSR.TOTL.CD,2015,529773845232.932,observation::IND::BM.GSR.TOTL.CD::2015,Observation
IND,BM.GSR.INSF.ZS,2015,5.15233811682675,observation::IND::BM.GSR.INSF.ZS::2015,Observation
IND,BG.GSR.NFSV.GD.ZS,2015,11.3577957628106,observation::IND::BG.GSR.NFSV.GD.ZS::2015,Observation
IND,AG.PRD.FOOD.XD,2015,98.45,observation::IND::AG.PRD.FOOD.XD::2015,Observation
IND,AG.LND.TOTL.RU.K2,2015,2956471.2664466,observation::IND::AG.LND.TOTL.RU.K2::2015,Observation
IND,AG.LND.FRST.ZS,2015,23.8222246139668,observation::IND::AG.LND.FRST.ZS::2015,Observation
IND,AG.LND.EL5M.UR.K2,2015,7009.4472086,observation::IND::AG.LND.EL5M.UR.K2::2015,Observation
IND,AG.LND.CREL.HA,2015,99865257.0,observation::IND::AG.LND.CREL.HA::2015,Observation
IND,AG.LND.AGRI.ZS,2015,60.4317248477225,observation::IND::AG.LND.AGRI.ZS::2015,Observation
IND,SE.SEC.PROG.FE.ZS,2015,91.14747,observation::IND::SE.SEC.PROG.FE.ZS::2015,Observation
IND,SE.SEC.ENRL.VO.FE.ZS,2015,16.47588,observation::IND::SE.SEC.ENRL.VO.FE.ZS::2015,Observation
IND,SE.SEC.ENRL.LO.TC.ZS,2015,30.45146,observation::IND::SE.SEC.ENRL.LO.TC.ZS::2015,Observation
IND,SE.SEC.ENRL,2015,129542056.0,observation::IND::SE.SEC.ENRL::2015,Observation
IND,SE.SEC.CMPT.LO.MA.ZS,2015,84.5180682175104,observation::IND::SE.SEC.CMPT.LO.MA.ZS::2015,Observation
IND,SE.PRM.TCHR.FE.ZS,2015,49.4901547996062,observation::IND::SE.PRM.TCHR.FE.ZS::2015,Observation
IND,SE.PRM.PRSL.ZS,2015,90.1634521484375,observation::IND::SE.PRM.PRSL.ZS::2015,Observation
IND,SE.PRM.PRS5.MA.ZS,2015,89.4412078857422,observation::IND::SE.PRM.PRS5.MA.ZS::2015,Observation
IND,SE.PRM.NINT.FE.ZS,2015,60.47282,observation::IND::SE.PRM.NINT.FE.ZS::2015,Observation
IND,SE.PRM.GINT.ZS,2015,101.70777,observation::IND::SE.PRM.GINT.ZS::2015,Observation
IND,SE.PRM.ENRR.FE,2015,105.304967484624,observation::IND::SE.PRM.ENRR.FE::2015,Observation
IND,SE.PRM.ENRL,2015,127827861.0,observation::IND::SE.PRM.ENRL::2015,Observation
IND,SE.PRM.AGES,2015,6.0,observation::IND::SE.PRM.AGES::2015,Observation
IND,SE.PRE.DURS,2015,3.0,observation::IND::SE.PRE.DURS::2015,Observation
IND,SE.ENR.PRSC.FM.ZS,2015,1.03027153015137,observation::IND::SE.ENR.PRSC.FM.ZS::2015,Observation
IND,PA.NUS.PPP,2015,19.1154412106207,observation::IND::PA.NUS.PPP::2015,Observation
IND,NY.TTF.GNFS.KN,2015,-1196153232092.72,observation::IND::NY.TTF.GNFS.KN::2015,Observation
IND,NY.TAX.NIND.KN,2015,8776227893800.0,observation::IND::NY.TAX.NIND.KN::2015,Observation
IND,NY.GSR.NFCY.CN,2015,-1597790695600.0,observation::IND::NY.GSR.NFCY.CN::2015,Observation
IND,NY.GNS.ICTR.CN,2015,44695134973340.6,observation::IND::NY.GNS.ICTR.CN::2015,Observation
IND,NY.GNP.PCAP.KN,2015,84596.1129912078,observation::IND::NY.GNP.PCAP.KN::2015,Observation
IND,SE.SEC.PRIV.ZS,2015,50.1724510192871,observation::IND::SE.SEC.PRIV.ZS::2015,Observation
IND,SE.SEC.ENRR.MA,2015,74.8113708496094,observation::IND::SE.SEC.ENRR.MA::2015,Observation
IND,SE.SEC.ENRL.VO,2015,1754880.0,observation::IND::SE.SEC.ENRL.VO::2015,Observation
IND,SE.SEC.ENRL.GC.FE.ZS,2015,48.02727,observation::IND::SE.SEC.ENRL.GC.FE.ZS::2015,Observation
IND,SE.SEC.DURS,2015,7.0,observation::IND::SE.SEC.DURS::2015,Observation
IND,SE.SEC.CMPT.LO.FE.ZS,2015,87.8770252369856,observation::IND::SE.SEC.CMPT.LO.FE.ZS::2015,Observation
IND,SE.PRM.TCHR,2015,4398590.0,observation::IND::SE.PRM.TCHR::2015,Observation
IND,SE.PRM.REPT.ZS,2015,0.75315,observation::IND::SE.PRM.REPT.ZS::2015,Observation
IND,SE.PRM.PRSL.MA.ZS,2015,89.4412078857422,observation::IND::SE.PRM.PRSL.MA.ZS::2015,Observation
IND,SE.PRM.PRS5.FE.ZS,2015,90.9444885253906,observation::IND::SE.PRM.PRS5.FE.ZS::2015,Observation
IND,SE.PRM.GINT.MA.ZS,2015,100.47492,observation::IND::SE.PRM.GINT.MA.ZS::2015,Observation
IND,SE.PRM.ENRR,2015,104.221831829753,observation::IND::SE.PRM.ENRR::2015,Observation
IND,SE.PRM.DURS,2015,5.0,observation::IND::SE.PRM.DURS::2015,Observation
IND,SE.PRM.CMPT.ZS,2015,99.9040031261847,observation::IND::SE.PRM.CMPT.ZS::2015,Observation
IND,SE.ENR.PRIM.FM.ZS,2015,1.03849303722382,observation::IND::SE.ENR.PRIM.FM.ZS::2015,Observation
IND,PA.NUS.GDP.PLI,2015,29.197929041094,observation::IND::PA.NUS.GDP.PLI::2015,Observation
IND,NY.TAX.NIND.CN,2015,11973752327000.0,observation::IND::NY.TAX.NIND.CN::2015,Observation
IND,NY.GSR.NFCY.CD,2015,-24405494405.6058,observation::IND::NY.GSR.NFCY.CD::2015,Observation
IND,SE.SEC.TCHR.FE,2015,1766217.0,observation::IND::SE.SEC.TCHR.FE::2015,Observation
IND,SE.SEC.PROG.MA.ZS,2015,90.55221,observation::IND::SE.SEC.PROG.MA.ZS::2015,Observation
IND,SE.SEC.ENRR,2015,74.6113662719727,observation::IND::SE.SEC.ENRR::2015,Observation
IND,SE.SEC.ENRL.TC.ZS,2015,31.65018,observation::IND::SE.SEC.ENRL.TC.ZS::2015,Observation
IND,SE.SEC.ENRL.FE.ZS,2015,47.59985,observation::IND::SE.SEC.ENRL.FE.ZS::2015,Observation
IND,SE.SEC.CMPT.LO.ZS,2015,86.1211897637251,observation::IND::SE.SEC.CMPT.LO.ZS::2015,Observation
IND,SE.PRM.REPT.FE.ZS,2015,0.73716,observation::IND::SE.PRM.REPT.FE.ZS::2015,Observation
IND,SE.PRM.PRS5.ZS,2015,90.1634521484375,observation::IND::SE.PRM.PRS5.ZS::2015,Observation
IND,SE.PRM.NINT.MA.ZS,2015,58.11016,observation::IND::SE.PRM.NINT.MA.ZS::2015,Observation
IND,SE.PRM.ENRR.MA,2015,103.230424436734,observation::IND::SE.PRM.ENRR.MA::2015,Observation
IND,SE.PRM.ENRL.FE.ZS,2015,50.05158,observation::IND::SE.PRM.ENRL.FE.ZS::2015,Observation
IND,SE.PRM.CMPT.FE.ZS,2015,101.343051661322,observation::IND::SE.PRM.CMPT.FE.ZS::2015,Observation
IND,SE.PRE.ENRL.TC.ZS,2015,20.1015,observation::IND::SE.PRE.ENRL.TC.ZS::2015,Observation
IND,SE.ENR.SECO.FM.ZS,2015,1.02073764801025,observation::IND::SE.ENR.SECO.FM.ZS::2015,Observation
IND,PA.NUS.PRVT.PLI,2015,28.7922299513819,observation::IND::PA.NUS.PRVT.PLI::2015,Observation
IND,PA.NUS.ATLS,2015,65.468483,observation::IND::PA.NUS.ATLS::2015,Observation
IND,NY.TRF.NCTR.CD,2015,63096433271.5637,observation::IND::NY.TRF.NCTR.CD::2015,Observation
IND,SE.SEC.ENRR.FE,2015,74.3924407958984,observation::IND::SE.SEC.ENRR.FE::2015,Observation
IND,SE.SEC.ENRL.UP.TC.ZS,2015,33.01958,observation::IND::SE.SEC.ENRL.UP.TC.ZS::2015,Observation
IND,SE.SEC.ENRL.GC,2015,127787178.0,observation::IND::SE.SEC.ENRL.GC::2015,Observation
IND,SE.SEC.AGES,2015,11.0,observation::IND::SE.SEC.AGES::2015,Observation
IND,SE.PRM.REPT.MA.ZS,2015,0.76807,observation::IND::SE.PRM.REPT.MA.ZS::2015,Observation
IND,SE.PRM.PRSL.FE.ZS,2015,90.9444885253906,observation::IND::SE.PRM.PRSL.FE.ZS::2015,Observation
IND,SE.PRM.PRIV.ZS,2015,34.7806282043457,observation::IND::SE.PRM.PRIV.ZS::2015,Observation
IND,SE.PRM.NINT.ZS,2015,59.23146,observation::IND::SE.PRM.NINT.ZS::2015,Observation
IND,SE.PRM.GINT.FE.ZS,2015,103.07265,observation::IND::SE.PRM.GINT.FE.ZS::2015,Observation
IND,SE.PRM.ENRL.TC.ZS,2015,31.49146,observation::IND::SE.PRM.ENRL.TC.ZS::2015,Observation
IND,SE.PRM.CMPT.MA.ZS,2015,98.58769727713,observation::IND::SE.PRM.CMPT.MA.ZS::2015,Observation
IND,SE.ENR.TERT.FM.ZS,2015,0.972092377543421,observation::IND::SE.ENR.TERT.FM.ZS::2015,Observation
IND,SE.COM.DURS,2015,8.0,observation::IND::SE.COM.DURS::2015,Observation
IND,PA.NUS.PRVT.PP,2015,18.8498361710414,observation::IND::PA.NUS.PRVT.PP::2015,Observation
IND,PA.NUS.FCRF,2015,64.1519444632786,observation::IND::PA.NUS.FCRF::2015,Observation
IND,NY.TRF.NCTR.CN,2015,4130827769000.0,observation::IND::NY.TRF.NCTR.CN::2015,Observation
IND,NY.TAX.NIND.CD,2015,182893382866.379,observation::IND::NY.TAX.NIND.CD::2015,Observation
IND,NY.GNS.ICTR.ZS,2015,32.4539241111902,observation::IND::NY.GNS.ICTR.ZS::2015,Observation
IND,NY.GNP.PCAP.CD,2015,1580.0,observation::IND::NY.GNP.PCAP.CD::2015,Observation
IND,NY.GNP.MKTP.KD.ZG,2015,8.51352759701483,observation::IND::NY.GNP.MKTP.KD.ZG::2015,Observation
IND,NY.GNP.MKTP.CD,2015,2079182865637.81,observation::IND::NY.GNP.MKTP.CD::2015,Observation
IND,NY.GDS.TOTL.CN,2015,42092945052900.0,observation::IND::NY.GDS.TOTL.CN::2015,Observation
IND,NY.GDP.PCAP.PP.KD,2015,6488.14602910787,observation::IND::NY.GDP.PCAP.PP.KD::2015,Observation
IND,NY.GDP.PCAP.KD,2015,1583.99815907985,observation::IND::NY.GDP.PCAP.KD::2015,Observation
IND,NY.GDP.MKTP.PP.KD,2015,8616416873256.67,observation::IND::NY.GDP.MKTP.PP.KD::2015,Observation
IND,NY.GDP.MKTP.KD,2015,2103588360044.94,observation::IND::NY.GDP.MKTP.KD::2015,Observation
IND,NY.GDP.MINR.RT.ZS,2015,0.285905510479196,observation::IND::NY.GDP.MINR.RT.ZS::2015,Observation
IND,NY.GDP.FCST.CN,2015,125744986462400.0,observation::IND::NY.GDP.FCST.CN::2015,Observation
IND,NY.GDP.DEFL.ZS.AD,2015,121.130060189769,observation::IND::NY.GDP.DEFL.ZS.AD::2015,Observation
IND,NY.GDP.COAL.RT.ZS,2015,0.767869514330021,observation::IND::NY.GDP.COAL.RT.ZS::2015,Observation
IND,NY.ADJ.SVNG.GN.ZS,2015,19.4759302456778,observation::IND::NY.ADJ.SVNG.GN.ZS::2015,Observation
IND,NY.ADJ.NNTY.PC.CD,2015,1384.91262482343,observation::IND::NY.ADJ.NNTY.PC.CD::2015,Observation
IND,NY.ADJ.NNAT.GN.ZS,2015,22.1848044805309,observation::IND::NY.ADJ.NNAT.GN.ZS::2015,Observation
IND,NY.ADJ.DPEM.GN.ZS,2015,1.28755681497109,observation::IND::NY.ADJ.DPEM.GN.ZS::2015,Observation
IND,NY.ADJ.DMIN.GN.ZS,2015,0.147027313258465,observation::IND::NY.ADJ.DMIN.GN.ZS::2015,Observation
IND,NY.ADJ.DFOR.GN.ZS,2015,0.298467427444103,observation::IND::NY.ADJ.DFOR.GN.ZS::2015,Observation
IND,NY.ADJ.AEDU.GN.ZS,2015,3.08,observation::IND::NY.ADJ.AEDU.GN.ZS::2015,Observation
IND,NV.SRV.TOTL.KD.ZG,2015,9.43824094752827,observation::IND::NV.SRV.TOTL.KD.ZG::2015,Observation
IND,NV.SRV.EMPL.KD,2015,7063.54215525465,observation::IND::NV.SRV.EMPL.KD::2015,Observation
IND,NV.MNF.MTRN.ZS.UN,2015,19.8357915514764,observation::IND::NV.MNF.MTRN.ZS.UN::2015,Observation
IND,NV.IND.TOTL.KN,2015,33113163283100.0,observation::IND::NV.IND.TOTL.KN::2015,Observation
IND,NV.IND.TOTL.CD,2015,575276543905.867,observation::IND::NV.IND.TOTL.CD::2015,Observation
IND,NV.IND.MANF.KD,2015,327820151125.237,observation::IND::NV.IND.MANF.KD::2015,Observation
IND,NV.AGR.TOTL.KD.ZG,2015,0.649599313635377,observation::IND::NV.AGR.TOTL.KD.ZG::2015,Observation
IND,NV.AGR.EMPL.KD,2015,1661.60524665808,observation::IND::NV.AGR.EMPL.KD::2015,Observation
IND,NE.RSB.GNFS.CN,2015,-3162759799500.0,observation::IND::NE.RSB.GNFS.CN::2015,Observation
IND,NE.IMP.GNFS.KD.ZG,2015,-5.85004368143312,observation::IND::NE.IMP.GNFS.KD.ZG::2015,Observation
IND,NE.GDI.TOTL.ZS,2015,32.1167301358276,observation::IND::NE.GDI.TOTL.ZS::2015,Observation
IND,NY.GNS.ICTR.CD,2015,682696969980.816,observation::IND::NY.GNS.ICTR.CD::2015,Observation
IND,NY.GNP.PCAP.KD.ZG,2015,6.71314742205269,observation::IND::NY.GNP.PCAP.KD.ZG::2015,Observation
IND,NY.GNP.MKTP.PP.KD,2015,8523971021446.37,observation::IND::NY.GNP.MKTP.PP.KD::2015,Observation
IND,NY.GNP.MKTP.KD,2015,2079182865637.81,observation::IND::NY.GNP.MKTP.KD::2015,Observation
IND,NY.GNP.ATLS.CD,2015,2097598211573.26,observation::IND::NY.GNP.ATLS.CD::2015,Observation
IND,NY.GDS.TOTL.CD,2015,642949754203.103,observation::IND::NY.GDS.TOTL.CD::2015,Observation
IND,NY.GDP.PCAP.PP.CD,2015,5425.03599091046,observation::IND::NY.GDP.PCAP.PP.CD::2015,Observation
IND,NY.GDP.PCAP.CN,2015,103701.95654975,observation::IND::NY.GDP.PCAP.CN::2015,Observation
IND,NY.GDP.MKTP.PP.CD,2015,7204580698460.8,observation::IND::NY.GDP.MKTP.PP.CD::2015,Observation
IND,NY.GDP.MKTP.CN.AD,2015,137718738788600.0,observation::IND::NY.GDP.MKTP.CN.AD::2015,Observation
IND,NY.GDP.FRST.RT.ZS,2015,0.295004656271969,observation::IND::NY.GDP.FRST.RT.ZS::2015,Observation
IND,NY.GDP.FCST.CD,2015,1920694977190.78,observation::IND::NY.GDP.FCST.CD::2015,Observation
IND,NY.GDP.DEFL.ZS,2015,121.130060189769,observation::IND::NY.GDP.DEFL.ZS::2015,Observation
IND,NY.EXP.CAPM.KN,2015,22506663130907.3,observation::IND::NY.EXP.CAPM.KN::2015,Observation
IND,NY.ADJ.SVNG.CD,2015,404940099442.15,observation::IND::NY.ADJ.SVNG.CD::2015,Observation
IND,NY.ADJ.NNTY.KD.ZG,2015,9.0774568238154,observation::IND::NY.ADJ.NNTY.KD.ZG::2015,Observation
IND,NY.ADJ.NNAT.CD,2015,461262533759.819,observation::IND::NY.ADJ.NNAT.CD::2015,Observation
IND,NY.ADJ.DPEM.CD,2015,26770653730.7772,observation::IND::NY.ADJ.DPEM.CD::2015,Observation
IND,NY.ADJ.DMIN.CD,2015,3056965911.28467,observation::IND::NY.ADJ.DMIN.CD::2015,Observation
IND,NY.ADJ.DFOR.CD,2015,6205681999.51733,observation::IND::NY.ADJ.DFOR.CD::2015,Observation
IND,NY.ADJ.AEDU.CD,2015,64038815632.8816,observation::IND::NY.ADJ.AEDU.CD::2015,Observation
IND,NV.SRV.TOTL.KD,2015,1005173363454.9,observation::IND::NV.SRV.TOTL.KD::2015,Observation
IND,NV.MNF.TXTL.ZS.UN,2015,8.70013770209072,observation::IND::NV.MNF.TXTL.ZS.UN::2015,Observation
IND,NV.MNF.FBTO.ZS.UN,2015,10.2782516060928,observation::IND::NV.MNF.FBTO.ZS.UN::2015,Observation
IND,NV.IND.TOTL.KD.ZG,2015,9.57734616558422,observation::IND::NV.IND.TOTL.KD.ZG::2015,Observation
IND,NV.IND.MANF.ZS,2015,15.5838545863713,observation::IND::NV.IND.MANF.ZS::2015,Observation
IND,NV.IND.MANF.CN,2015,21461887991000.0,observation::IND::NV.IND.MANF.CN::2015,Observation
IND,NV.AGR.TOTL.KD,2015,340245069830.013,observation::IND::NV.AGR.TOTL.KD::2015,Observation
IND,NE.TRD.GNFS.ZS,2015,41.9229138658647,observation::IND::NE.TRD.GNFS.ZS::2015,Observation
IND,NE.RSB.GNFS.CD,2015,-48309654578.3717,observation::IND::NE.RSB.GNFS.CD::2015,Observation
IND,NY.GNS.ICTR.GN.ZS,2015,32.8348689893322,observation::IND::NY.GNS.ICTR.GN.ZS::2015,Observation
IND,NY.GNP.PCAP.PP.CD,2015,5360.0,observation::IND::NY.GNP.PCAP.PP.CD::2015,Observation
IND,NY.GNP.PCAP.CN,2015,102498.823099949,observation::IND::NY.GNP.PCAP.CN::2015,Observation
IND,NY.GNP.MKTP.KN,2015,112345710487900.0,observation::IND::NY.GNP.MKTP.KN::2015,Observation
IND,NY.GNP.MKTP.CN,2015,136120948092900.0,observation::IND::NY.GNP.MKTP.CN::2015,Observation
IND,NY.GDS.TOTL.ZS,2015,30.5644282130068,observation::IND::NY.GDS.TOTL.ZS::2015,Observation
IND,NY.GDP.PETR.RT.ZS,2015,0.359940708852176,observation::IND::NY.GDP.PETR.RT.ZS::2015,Observation
IND,NY.GDP.PCAP.KD.ZG,2015,6.71566734640226,observation::IND::NY.GDP.PCAP.KD.ZG::2015,Observation
IND,NY.GDP.NGAS.RT.ZS,2015,0.0689196343932162,observation::IND::NY.GDP.NGAS.RT.ZS::2015,Observation
IND,NY.GDP.MKTP.KD.ZG,2015,7.99625378571471,observation::IND::NY.GDP.MKTP.KD.ZG::2015,Observation
IND,NY.GDP.MKTP.CD,2015,2103588360044.94,observation::IND::NY.GDP.MKTP.CD::2015,Observation
IND,NY.GDP.FCST.KD,2015,1920694977190.78,observation::IND::NY.GDP.FCST.KD::2015,Observation
IND,NY.GDP.DISC.CN,2015,1024949169200.0,observation::IND::NY.GDP.DISC.CN::2015,Observation
IND,NY.GDP.DEFL.KD.ZG,2015,2.27958810849833,observation::IND::NY.GDP.DEFL.KD.ZG::2015,Observation
IND,NY.ADJ.SVNX.CD,2015,431710753172.928,observation::IND::NY.ADJ.SVNX.CD::2015,Observation
IND,NY.ADJ.NNTY.PC.KD,2015,1384.91262482343,observation::IND::NY.ADJ.NNTY.PC.KD::2015,Observation
IND,NY.ADJ.NNTY.CD,2015,1839197893355.0,observation::IND::NY.ADJ.NNTY.CD::2015,Observation
IND,NY.ADJ.DRES.GN.ZS,2015,0.892185189951202,observation::IND::NY.ADJ.DRES.GN.ZS::2015,Observation
IND,NY.ADJ.DNGY.CD,2015,9287508871.55921,observation::IND::NY.ADJ.DNGY.CD::2015,Observation
IND,NY.ADJ.DKAP.CD,2015,221434275605.55,observation::IND::NY.ADJ.DKAP.CD::2015,Observation
IND,NY.ADJ.DCO2.CD,2015,75040439437.4122,observation::IND::NY.ADJ.DCO2.CD::2015,Observation
IND,NV.SRV.TOTL.KN,2015,55644080860300.0,observation::IND::NV.SRV.TOTL.KN::2015,Observation
IND,NV.SRV.TOTL.CD,2015,1005173363454.9,observation::IND::NV.SRV.TOTL.CD::2015,Observation
IND,NV.MNF.OTHR.ZS.UN,2015,42.2224896932249,observation::IND::NV.MNF.OTHR.ZS.UN::2015,Observation
IND,NV.IND.TOTL.ZS,2015,27.34739147794,observation::IND::NV.IND.TOTL.ZS::2015,Observation
IND,NV.IND.TOTL.CN,2015,37662482635000.0,observation::IND::NV.IND.TOTL.CN::2015,Observation
IND,NV.IND.MANF.KD.ZG,2015,13.059393582526,observation::IND::NV.IND.MANF.KD.ZG::2015,Observation
IND,NV.IND.EMPL.KD,2015,4986.32206413733,observation::IND::NV.IND.EMPL.KD::2015,Observation
IND,NV.AGR.TOTL.KN,2015,16161459322500.0,observation::IND::NV.AGR.TOTL.KN::2015,Observation
IND,NV.AGR.TOTL.CD,2015,340245069830.013,observation::IND::NV.AGR.TOTL.CD::2015,Observation
IND,NE.RSB.GNFS.KN,2015,-1412581366500.0,observation::IND::NE.RSB.GNFS.KN::2015,Observation
IND,NE.IMP.GNFS.KN,2015,25115397729500.0,observation::IND::NE.IMP.GNFS.KN::2015,Observation
IND,NY.GNP.PCAP.PP.KD,2015,6418.53447303377,observation::IND::NY.GNP.PCAP.PP.KD::2015,Observation
IND,NY.GNP.PCAP.KD,2015,1565.6208667604,observation::IND::NY.GNP.PCAP.KD::2015,Observation
IND,NY.GNP.MKTP.PP.CD,2015,7120994309944.05,observation::IND::NY.GNP.MKTP.PP.CD::2015,Observation
IND,NY.GNP.MKTP.CN.AD,2015,136120948092900.0,observation::IND::NY.GNP.MKTP.CN.AD::2015,Observation
IND,NY.GDY.TOTL.KN,2015,112498778127507.0,observation::IND::NY.GDY.TOTL.KN::2015,Observation
IND,NY.GDP.TOTL.RT.ZS,2015,1.77764002432658,observation::IND::NY.GDP.TOTL.RT.ZS::2015,Observation
IND,NY.GDP.PCAP.KN,2015,85612.0738215478,observation::IND::NY.GDP.PCAP.KN::2015,Observation
IND,NY.GDP.PCAP.CD,2015,1583.99815907985,observation::IND::NY.GDP.PCAP.CD::2015,Observation
IND,NY.GDP.MKTP.KN,2015,113694931359600.0,observation::IND::NY.GDP.MKTP.KN::2015,Observation
IND,NY.GDP.MKTP.CN,2015,137718738788600.0,observation::IND::NY.GDP.MKTP.CN::2015,Observation
IND,NY.GDP.FCST.KN,2015,104918703465800.0,observation::IND::NY.GDP.FCST.KN::2015,Observation
IND,NY.GDP.DISC.KN,2015,788037523800.0,observation::IND::NY.GDP.DISC.KN::2015,Observation
IND,NY.GDP.DEFL.KD.ZG.AD,2015,2.27958810849833,observation::IND::NY.GDP.DEFL.KD.ZG.AD::2015,Observation
IND,NY.ADJ.SVNX.GN.ZS,2015,20.7634870606489,observation::IND::NY.ADJ.SVNX.GN.ZS::2015,Observation
IND,NY.ADJ.NNTY.PC.KD.ZG,2015,7.78404981063856,observation::IND::NY.ADJ.NNTY.PC.KD.ZG::2015,Observation
IND,NY.ADJ.NNTY.KD,2015,1839197893355.0,observation::IND::NY.ADJ.NNTY.KD::2015,Observation
IND,NY.ADJ.ICTR.GN.ZS,2015,32.8348697905285,observation::IND::NY.ADJ.ICTR.GN.ZS::2015,Observation
IND,NY.ADJ.DNGY.GN.ZS,2015,0.446690449248634,observation::IND::NY.ADJ.DNGY.GN.ZS::2015,Observation
IND,NY.ADJ.DKAP.GN.ZS,2015,10.6500653099977,observation::IND::NY.ADJ.DKAP.GN.ZS::2015,Observation
IND,NY.ADJ.DCO2.GN.ZS,2015,3.6091322299308,observation::IND::NY.ADJ.DCO2.GN.ZS::2015,Observation
IND,NV.SRV.TOTL.ZS,2015,47.7837481204463,observation::IND::NV.SRV.TOTL.ZS::2015,Observation
IND,NV.SRV.TOTL.CN,2015,65807175257400.0,observation::IND::NV.SRV.TOTL.CN::2015,Observation
IND,NV.MNF.TECH.ZS.UN,2015,42.8636137886518,observation::IND::NV.MNF.TECH.ZS.UN::2015,Observation
IND,NV.MNF.CHEM.ZS.UN,2015,18.9633294471152,observation::IND::NV.MNF.CHEM.ZS.UN::2015,Observation
IND,NV.IND.TOTL.KD,2015,575276543905.867,observation::IND::NV.IND.TOTL.KD::2015,Observation
IND,NV.IND.MANF.KN,2015,19038495872000.0,observation::IND::NV.IND.MANF.KN::2015,Observation
IND,NV.IND.MANF.CD,2015,327820151125.237,observation::IND::NV.IND.MANF.CD::2015,Observation
IND,NV.AGR.TOTL.ZS,2015,16.1745081068401,observation::IND::NV.AGR.TOTL.ZS::2015,Observation
IND,NE.GDI.TOTL.CN,2015,44230755683200.0,observation::IND::NE.GDI.TOTL.CN::2015,Observation
IND,NE.GDI.STKB.CD,2015,40092151200.4486,observation::IND::NE.GDI.STKB.CD::2015,Observation
IND,NE.GDI.FTOT.KD,2015,604427075366.936,observation::IND::NE.GDI.FTOT.KD::2015,Observation
IND,NE.GDI.FPRV.CN,2015,34595207778200.0,observation::IND::NE.GDI.FPRV.CN::2015,Observation
IND,NE.EXP.GNFS.KD,2015,416787940847.812,observation::IND::NE.EXP.GNFS.KD::2015,Observation
IND,NE.DAB.TOTL.KN,2015,114319475202300.0,observation::IND::NE.DAB.TOTL.KN::2015,Observation
IND,NE.DAB.DEFL.ZS,2015,122.338341014433,observation::IND::NE.DAB.DEFL.ZS::2015,Observation
IND,NE.CON.TOTL.KD,2015,1460638605841.84,observation::IND::NE.CON.TOTL.KD::2015,Observation
IND,NE.CON.PRVT.PP.KD,2015,5398498728354.19,observation::IND::NE.CON.PRVT.PP.KD::2015,Observation
IND,NE.CON.PRVT.KN,2015,63814187159400.0,observation::IND::NE.CON.PRVT.KN::2015,Observation
IND,NE.CON.PRVT.CN,2015,81264083293800.0,observation::IND::NE.CON.PRVT.CN::2015,Observation
IND,NE.CON.GOVT.ZS,2015,10.4282907091862,observation::IND::NE.CON.GOVT.ZS::2015,Observation
IND,NE.CON.GOVT.CN,2015,14361710441900.0,observation::IND::NE.CON.GOVT.CN::2015,Observation
IND,MS.MIL.XPND.GD.ZS,2015,2.45745006060163,observation::IND::MS.MIL.XPND.GD.ZS::2015,Observation
IND,MS.MIL.TOTL.P1,2015,2798800.0,observation::IND::MS.MIL.TOTL.P1::2015,Observation
IND,IT.NET.BBND.P2,2015,1.27578595315943,observation::IND::IT.NET.BBND.P2::2015,Observation
IND,IT.CEL.SETS.P2,2015,75.379332347226,observation::IND::IT.CEL.SETS.P2::2015,Observation
IND,IS.RRS.TOTL.KM,2015,66030.0,observation::IND::IS.RRS.TOTL.KM::2015,Observation
IND,IS.AIR.GOOD.MT.K1,2015,1833.847614,observation::IND::IS.AIR.GOOD.MT.K1::2015,Observation
IND,IQ.SPI.PIL3,2015,59.8125,observation::IND::IQ.SPI.PIL3::2015,Observation
IND,NE.IMP.GNFS.KD,2015,465097595426.184,observation::IND::NE.IMP.GNFS.KD::2015,Observation
IND,NE.GDI.TOTL.KN,2015,39177263063100.0,observation::IND::NE.GDI.TOTL.KN::2015,Observation
IND,NE.GDI.TOTL.CD,2015,675603796764.315,observation::IND::NE.GDI.TOTL.CD::2015,Observation
IND,NE.GDI.FTOT.ZS,2015,28.7331441287317,observation::IND::NE.GDI.FTOT.ZS::2015,Observation
IND,NE.GDI.FTOT.CN,2015,39570923708400.0,observation::IND::NE.GDI.FTOT.CN::2015,Observation
IND,NE.EXP.GNFS.ZS,2015,19.8131891564045,observation::IND::NE.EXP.GNFS.ZS::2015,Observation
IND,NE.EXP.GNFS.CN,2015,27286474220000.0,observation::IND::NE.EXP.GNFS.CN::2015,Observation
IND,NE.DAB.TOTL.KD,2015,2136242402606.15,observation::IND::NE.DAB.TOTL.KD::2015,Observation
IND,NE.CON.TOTL.ZS,2015,69.4355717869932,observation::IND::NE.CON.TOTL.ZS::2015,Observation
IND,NE.CON.TOTL.CN,2015,95625793735700.0,observation::IND::NE.CON.TOTL.CN::2015,Observation
IND,NE.CON.PRVT.PP.CD,2015,4311129420776.84,observation::IND::NE.CON.PRVT.PP.CD::2015,Observation
IND,NE.CON.PRVT.KD.ZG,2015,7.92811112124636,observation::IND::NE.CON.PRVT.KD.ZG::2015,Observation
IND,NE.CON.PRVT.CD,2015,1241270296331.75,observation::IND::NE.CON.PRVT.CD::2015,Observation
IND,NE.CON.GOVT.KN,2015,11328024979800.0,observation::IND::NE.CON.GOVT.KN::2015,Observation
IND,NE.CON.GOVT.CD,2015,219368309510.089,observation::IND::NE.CON.GOVT.CD::2015,Observation
IND,MS.MIL.XPND.CN,2015,3290705025000.0,observation::IND::MS.MIL.XPND.CN::2015,Observation
IND,MS.MIL.MPRT.KD,2015,2724000000.0,observation::IND::MS.MIL.MPRT.KD::2015,Observation
IND,IT.NET.BBND,2015,16942750.0,observation::IND::IT.NET.BBND::2015,Observation
IND,IT.CEL.SETS,2015,1001056000.0,observation::IND::IT.CEL.SETS::2015,Observation
IND,IS.RRS.PASG.KM,2015,1147190.0,observation::IND::IS.RRS.PASG.KM::2015,Observation
IND,IS.AIR.DPRT,2015,787998.0,observation::IND::IS.AIR.DPRT::2015,Observation
IND,NE.IMP.GNFS.CD,2015,465097595426.184,observation::IND::NE.IMP.GNFS.CD::2015,Observation
IND,NE.GDI.TOTL.KD,2015,675603796764.315,observation::IND::NE.GDI.TOTL.KD::2015,Observation
IND,NE.GDI.STKB.CN,2015,2624772319300.0,observation::IND::NE.GDI.STKB.CN::2015,Observation
IND,NE.GDI.FTOT.KD.ZG,2015,6.53083243430666,observation::IND::NE.GDI.FTOT.KD.ZG::2015,Observation
IND,NE.GDI.FPRV.ZS,2015,25.1201892222554,observation::IND::NE.GDI.FPRV.ZS::2015,Observation
IND,NE.EXP.GNFS.KD.ZG,2015,-5.64708727457766,observation::IND::NE.EXP.GNFS.KD.ZG::2015,Observation
IND,NE.DAB.TOTL.ZS,2015,101.552301922821,observation::IND::NE.DAB.TOTL.ZS::2015,Observation
IND,NE.DAB.TOTL.CD,2015,2136242402606.15,observation::IND::NE.DAB.TOTL.CD::2015,Observation
IND,NE.CON.TOTL.KD.ZG,2015,7.85745272369698,observation::IND::NE.CON.TOTL.KD.ZG::2015,Observation
IND,NE.CON.PRVT.ZS,2015,59.007281077807,observation::IND::NE.CON.PRVT.ZS::2015,Observation
IND,NE.CON.PRVT.PC.KD,2015,934.674245995534,observation::IND::NE.CON.PRVT.PC.KD::2015,Observation
IND,NE.CON.PRVT.CN.AD,2015,81264083293800.0,observation::IND::NE.CON.PRVT.CN.AD::2015,Observation
IND,NE.CON.PCAP.PP.CD,2015,3246.2725102356,observation::IND::NE.CON.PCAP.PP.CD::2015,Observation
IND,NE.CON.GOVT.KD,2015,219368309510.089,observation::IND::NE.CON.GOVT.KD::2015,Observation
IND,MS.MIL.XPND.ZS,2015,8.83048801634809,observation::IND::MS.MIL.XPND.ZS::2015,Observation
IND,MS.MIL.TOTL.TF.ZS,2015,0.559043731926993,observation::IND::MS.MIL.TOTL.TF.ZS::2015,Observation
IND,IT.NET.USER.ZS,2015,14.89999962,observation::IND::IT.NET.USER.ZS::2015,Observation
IND,IT.NET.SECR,2015,15313.0,observation::IND::IT.NET.SECR::2015,Observation
IND,IT.MLT.MAIN,2015,25520000.0,observation::IND::IT.MLT.MAIN::2015,Observation
IND,IS.SHP.GCNW.XQ,2015,50.3519709842,observation::IND::IS.SHP.GCNW.XQ::2015,Observation
IND,IS.AIR.PSGR,2015,98927860.0,observation::IND::IS.AIR.PSGR::2015,Observation
IND,IQ.SPI.PIL4,2015,52.2666666666667,observation::IND::IQ.SPI.PIL4::2015,Observation
IND,NV.AGR.TOTL.CN,2015,22275328570000.0,observation::IND::NV.AGR.TOTL.CN::2015,Observation
IND,NE.RSB.GNFS.ZS,2015,-2.29653555305562,observation::IND::NE.RSB.GNFS.ZS::2015,Observation
IND,NE.IMP.GNFS.ZS,2015,22.1097247094602,observation::IND::NE.IMP.GNFS.ZS::2015,Observation
IND,NE.IMP.GNFS.CN,2015,30449234019500.0,observation::IND::NE.IMP.GNFS.CN::2015,Observation
IND,NE.GDI.TOTL.KD.ZG,2015,4.72952354095742,observation::IND::NE.GDI.TOTL.KD.ZG::2015,Observation
IND,NE.GDI.STKB.KN,2015,2395568424900.0,observation::IND::NE.GDI.STKB.KN::2015,Observation
IND,NE.GDI.FTOT.KN,2015,34921830580000.0,observation::IND::NE.GDI.FTOT.KN::2015,Observation
IND,NE.GDI.FTOT.CD,2015,604427075366.936,observation::IND::NE.GDI.FTOT.CD::2015,Observation
IND,NE.EXP.GNFS.KN,2015,23702816363000.0,observation::IND::NE.EXP.GNFS.KN::2015,Observation
IND,NE.EXP.GNFS.CD,2015,416787940847.812,observation::IND::NE.EXP.GNFS.CD::2015,Observation
IND,NE.DAB.TOTL.CN,2015,139856549418900.0,observation::IND::NE.DAB.TOTL.CN::2015,Observation
IND,NE.CON.TOTL.KN,2015,75142212139200.0,observation::IND::NE.CON.TOTL.KN::2015,Observation
IND,NE.CON.TOTL.CD,2015,1460638605841.84,observation::IND::NE.CON.TOTL.CD::2015,Observation
IND,NE.CON.PRVT.PC.KD.ZG,2015,6.64833269673993,observation::IND::NE.CON.PRVT.PC.KD.ZG::2015,Observation
IND,NE.CON.PRVT.KD,2015,1241270296331.75,observation::IND::NE.CON.PRVT.KD::2015,Observation
IND,NE.CON.PCAP.PP.KD,2015,4065.05959527427,observation::IND::NE.CON.PCAP.PP.KD::2015,Observation
IND,NE.CON.GOVT.KD.ZG,2015,7.46113483667517,observation::IND::NE.CON.GOVT.KD.ZG::2015,Observation
IND,MS.MIL.XPRT.KD,2015,42000000.0,observation::IND::MS.MIL.XPRT.KD::2015,Observation
IND,MS.MIL.XPND.CD,2015,51295483753.9436,observation::IND::MS.MIL.XPND.CD::2015,Observation
IND,IT.NET.SECR.P6,2015,11.5306607845422,observation::IND::IT.NET.SECR.P6::2015,Observation
IND,IT.MLT.MAIN.P2,2015,1.9216512977308,observation::IND::IT.MLT.MAIN.P2::2015,Observation
IND,IS.SHP.GOOD.TU,2015,12318610.0,observation::IND::IS.SHP.GOOD.TU::2015,Observation
IND,IS.RRS.GOOD.MT.K6,2015,681696.0,observation::IND::IS.RRS.GOOD.MT.K6::2015,Observation
IND,IQ.SPI.PIL1,2015,60.0,observation::IND::IQ.SPI.PIL1::2015,Observation
IND,VC.IHR.PSRC.P5,2015,3.341278725169,observation::IND::VC.IHR.PSRC.P5::2015,Observation
IND,VC.IDP.NWCV,2015,1000.0,observation::IND::VC.IDP.NWCV::2015,Observation
IND,TX.VAL.TECH.MF.ZS,2015,8.02476917234515,observation::IND::TX.VAL.TECH.MF.ZS::2015,Observation
IND,TX.VAL.MRCH.XD.WD,2015,100.0,observation::IND::TX.VAL.MRCH.XD.WD::2015,Observation
IND,TX.VAL.MRCH.R6.ZS,2015,8.18054330954276,observation::IND::TX.VAL.MRCH.R6.ZS::2015,Observation
IND,TX.VAL.MRCH.R2.ZS,2015,2.04056050722586,observation::IND::TX.VAL.MRCH.R2.ZS::2015,Observation
IND,TX.VAL.MRCH.CD.WT,2015,267951000000.0,observation::IND::TX.VAL.MRCH.CD.WT::2015,Observation
IND,TX.VAL.INSF.ZS.WT,2015,4.70680053586181,observation::IND::TX.VAL.INSF.ZS.WT::2015,Observation
IND,TX.VAL.AGRI.ZS.UN,2015,1.7736046518473,observation::IND::TX.VAL.AGRI.ZS.UN::2015,Observation
IND,TT.PRI.MRCH.XD.WD,2015,100.0,observation::IND::TT.PRI.MRCH.XD.WD::2015,Observation
IND,TM.VAL.OTHR.ZS.WT,2015,57.7808244339676,observation::IND::TM.VAL.OTHR.ZS.WT::2015,Observation
IND,TM.VAL.MRCH.RS.ZS,2015,1.75809478677642,observation::IND::TM.VAL.MRCH.RS.ZS::2015,Observation
IND,TM.VAL.MRCH.R3.ZS,2015,3.2819694977219,observation::IND::TM.VAL.MRCH.R3.ZS::2015,Observation
IND,TM.VAL.MRCH.HI.ZS,2015,54.6411903202234,observation::IND::TM.VAL.MRCH.HI.ZS::2015,Observation
IND,TM.VAL.MANF.ZS.UN,2015,47.9223654890216,observation::IND::TM.VAL.MANF.ZS.UN::2015,Observation
IND,TM.VAL.FOOD.ZS.UN,2015,5.2439586896853,observation::IND::TM.VAL.FOOD.ZS.UN::2015,Observation
IND,TM.TAX.TCOM.WM.AR.ZS,2015,7.18,observation::IND::TM.TAX.TCOM.WM.AR.ZS::2015,Observation
IND,TM.TAX.TCOM.BC.ZS,2015,77.03,observation::IND::TM.TAX.TCOM.BC.ZS::2015,Observation
IND,TM.TAX.MRCH.SM.AR.ZS,2015,9.75,observation::IND::TM.TAX.MRCH.SM.AR.ZS::2015,Observation
IND,TM.TAX.MANF.WM.AR.ZS,2015,7.0,observation::IND::TM.TAX.MANF.WM.AR.ZS::2015,Observation
IND,TM.TAX.MANF.BC.ZS,2015,73.52,observation::IND::TM.TAX.MANF.BC.ZS::2015,Observation
IND,ST.INT.XPND.CD,2015,17686000000.0,observation::IND::ST.INT.XPND.CD::2015,Observation
IND,ST.INT.TRNR.CD,2015,459000000.0,observation::IND::ST.INT.TRNR.CD::2015,Observation
IND,ST.INT.ARVL,2015,13284000.0,observation::IND::ST.INT.ARVL::2015,Observation
IND,SP.URB.GROW,2015,2.17617533145353,observation::IND::SP.URB.GROW::2015,Observation
IND,SP.POP.TOTL.FE.ZS,2015,48.3218315964544,observation::IND::SP.POP.TOTL.FE.ZS::2015,Observation
IND,SP.POP.SCIE.RD.P6,2015,214.34935,observation::IND::SP.POP.SCIE.RD.P6::2015,Observation
IND,SP.POP.DPND,2015,52.3977058192572,observation::IND::SP.POP.DPND::2015,Observation
IND,SP.POP.7579.MA.5Y,2015,0.85766659429075,observation::IND::SP.POP.7579.MA.5Y::2015,Observation
IND,SP.POP.65UP.TO.ZS,2015,5.46921307827757,observation::IND::SP.POP.65UP.TO.ZS::2015,Observation
IND,SP.POP.65UP.FE.ZS,2015,6.01712091779342,observation::IND::SP.POP.65UP.FE.ZS::2015,Observation
IND,SP.POP.6064.MA.5Y,2015,3.07508609262899,observation::IND::SP.POP.6064.MA.5Y::2015,Observation
IND,SP.POP.5054.MA.5Y,2015,4.62482958396063,observation::IND::SP.POP.5054.MA.5Y::2015,Observation
IND,SP.POP.4044.MA.5Y,2015,6.09157226679522,observation::IND::SP.POP.4044.MA.5Y::2015,Observation
IND,SP.POP.3034.MA.5Y,2015,7.97061688893259,observation::IND::SP.POP.3034.MA.5Y::2015,Observation
IND,SP.POP.2024.MA.5Y,2015,9.3025245573944,observation::IND::SP.POP.2024.MA.5Y::2015,Observation
IND,SP.POP.1564.MA.ZS,2015,65.7525864467332,observation::IND::SP.POP.1564.MA.ZS::2015,Observation
IND,SP.POP.1519.MA.5Y,2015,9.76702023988062,observation::IND::SP.POP.1519.MA.5Y::2015,Observation
IND,SP.POP.0509.MA.5Y,2015,9.74930004114906,observation::IND::SP.POP.0509.MA.5Y::2015,Observation
IND,SP.POP.0014.MA.ZS,2015,29.2905233987707,observation::IND::SP.POP.0014.MA.ZS::2015,Observation
IND,SP.POP.0004.MA.5Y,2015,9.47814079211845,observation::IND::SP.POP.0004.MA.5Y::2015,Observation
IND,SP.DYN.TO65.FE.ZS,2015,75.070213,observation::IND::SP.DYN.TO65.FE.ZS::2015,Observation
IND,SP.DYN.LE00.FE.IN,2015,70.94,observation::IND::SP.DYN.LE00.FE.IN::2015,Observation
IND,SP.DYN.AMRT.MA,2015,205.008,observation::IND::SP.DYN.AMRT.MA::2015,Observation
IND,SM.POP.TOTL.ZS,2015,0.4,observation::IND::SM.POP.TOTL.ZS::2015,Observation
IND,DT.NFL.WHOL.CD,2015,7015762.80593872,observation::IND::DT.NFL.WHOL.CD::2015,Observation
IND,DT.NFL.UNDP.CD,2015,10433799.7436523,observation::IND::DT.NFL.UNDP.CD::2015,Observation
IND,DT.NFL.UNCF.CD,2015,54455074.3103027,observation::IND::DT.NFL.UNCF.CD::2015,Observation
IND,DT.NFL.PROP.CD,2015,-7894000.0,observation::IND::DT.NFL.PROP.CD::2015,Observation
IND,DT.NFL.PCBK.CD,2015,1210636000.0,observation::IND::DT.NFL.PCBK.CD::2015,Observation
IND,DT.NFL.MOTH.CD,2015,-16057724.4,observation::IND::DT.NFL.MOTH.CD::2015,Observation
IND,DT.NFL.BOND.CD,2015,10705332000.0,observation::IND::DT.NFL.BOND.CD::2015,Observation
IND,VC.IHR.PSRC.MA.P5,2015,3.97552822829654,observation::IND::VC.IHR.PSRC.MA.P5::2015,Observation
IND,VC.BTL.DETH,2015,504.0,observation::IND::VC.BTL.DETH::2015,Observation
IND,TX.VAL.TECH.CD,2015,14588767825.0,observation::IND::TX.VAL.TECH.CD::2015,Observation
IND,TX.VAL.MRCH.WR.ZS,2015,6.70356986800557,observation::IND::TX.VAL.MRCH.WR.ZS::2015,Observation
IND,TX.VAL.MRCH.R5.ZS,2015,6.70356986800557,observation::IND::TX.VAL.MRCH.R5.ZS::2015,Observation
IND,TX.VAL.MRCH.R1.ZS,2015,10.8619612955609,observation::IND::TX.VAL.MRCH.R1.ZS::2015,Observation
IND,TX.VAL.MRCH.AL.ZS,2015,18.9495824534701,observation::IND::TX.VAL.MRCH.AL.ZS::2015,Observation
IND,TX.VAL.ICTG.ZS.UN,2015,0.89,observation::IND::TX.VAL.ICTG.ZS.UN::2015,Observation
IND,TX.UVI.MRCH.XD.WD,2015,100.0,observation::IND::TX.UVI.MRCH.XD.WD::2015,Observation
IND,TM.VAL.TRVL.ZS.WT,2015,18.1462490250814,observation::IND::TM.VAL.TRVL.ZS.WT::2015,Observation
IND,TM.VAL.MRCH.XD.WD,2015,100.0,observation::IND::TM.VAL.MRCH.XD.WD::2015,Observation
IND,TM.VAL.MRCH.R6.ZS,2015,8.04832934139794,observation::IND::TM.VAL.MRCH.R6.ZS::2015,Observation
IND,TM.VAL.MRCH.R2.ZS,2015,0.930508709626266,observation::IND::TM.VAL.MRCH.R2.ZS::2015,Observation
IND,TM.VAL.MRCH.CD.WT,2015,394131000000.0,observation::IND::TM.VAL.MRCH.CD.WT::2015,Observation
IND,TM.VAL.INSF.ZS.WT,2015,5.20757150547917,observation::IND::TM.VAL.INSF.ZS.WT::2015,Observation
IND,TM.VAL.AGRI.ZS.UN,2015,1.84970409889128,observation::IND::TM.VAL.AGRI.ZS.UN::2015,Observation
IND,TM.TAX.TCOM.SM.FN.ZS,2015,24.33,observation::IND::TM.TAX.TCOM.SM.FN.ZS::2015,Observation
IND,TM.TAX.MRCH.WM.FN.ZS,2015,7.49,observation::IND::TM.TAX.MRCH.WM.FN.ZS::2015,Observation
IND,TM.TAX.MRCH.BR.ZS,2015,51.93,observation::IND::TM.TAX.MRCH.BR.ZS::2015,Observation
IND,TM.TAX.MANF.SM.FN.ZS,2015,9.0,observation::IND::TM.TAX.MANF.SM.FN.ZS::2015,Observation
IND,TM.QTY.MRCH.XD.WD,2015,100.0,observation::IND::TM.QTY.MRCH.XD.WD::2015,Observation
IND,ST.INT.TVLX.CD,2015,14838000000.0,observation::IND::ST.INT.TVLX.CD::2015,Observation
IND,ST.INT.RCPT.XP.ZS,2015,5.00943815317626,observation::IND::ST.INT.RCPT.XP.ZS::2015,Observation
IND,SP.RUR.TOTL.ZS,2015,67.4527009977701,observation::IND::SP.RUR.TOTL.ZS::2015,Observation
IND,SP.POP.TOTL.FE.IN,2015,641725761.0,observation::IND::SP.POP.TOTL.FE.IN::2015,Observation
IND,SP.POP.GROW,2015,1.19285563384335,observation::IND::SP.POP.GROW::2015,Observation
IND,SP.POP.BRTH.MF,2015,1.09,observation::IND::SP.POP.BRTH.MF::2015,Observation
IND,SP.POP.7579.FE.5Y,2015,1.11723370569192,observation::IND::SP.POP.7579.FE.5Y::2015,Observation
IND,SP.POP.65UP.TO,2015,72632490.0,observation::IND::SP.POP.65UP.TO::2015,Observation
IND,SP.POP.65UP.FE.IN,2015,38613415.0,observation::IND::SP.POP.65UP.FE.IN::2015,Observation
IND,SP.POP.6064.FE.5Y,2015,3.26725032314855,observation::IND::SP.POP.6064.FE.5Y::2015,Observation
IND,SP.POP.5054.FE.5Y,2015,4.74183948180319,observation::IND::SP.POP.5054.FE.5Y::2015,Observation
IND,SP.POP.4044.FE.5Y,2015,6.13041206865311,observation::IND::SP.POP.4044.FE.5Y::2015,Observation
IND,SP.POP.3034.FE.5Y,2015,7.8256725149608,observation::IND::SP.POP.3034.FE.5Y::2015,Observation
IND,SP.POP.2024.FE.5Y,2015,9.09514173298086,observation::IND::SP.POP.2024.FE.5Y::2015,Observation
IND,SP.POP.1564.MA.IN,2015,451259170.0,observation::IND::SP.POP.1564.MA.IN::2015,Observation
IND,SP.POP.1519.FE.5Y,2015,9.45933094619837,observation::IND::SP.POP.1519.FE.5Y::2015,Observation
IND,SP.POP.0509.FE.5Y,2015,9.48076619289716,observation::IND::SP.POP.0509.FE.5Y::2015,Observation
IND,SP.POP.0014.MA.IN,2015,201020492.0,observation::IND::SP.POP.0014.MA.IN::2015,Observation
IND,SP.POP.0004.FE.5Y,2015,9.25981371036155,observation::IND::SP.POP.0004.FE.5Y::2015,Observation
IND,SP.DYN.TFRT.IN,2015,2.289,observation::IND::SP.DYN.TFRT.IN::2015,Observation
IND,SP.DYN.IMRT.MA.IN,2015,35.9,observation::IND::SP.DYN.IMRT.MA.IN::2015,Observation
IND,SP.DYN.AMRT.FE,2015,141.371,observation::IND::SP.DYN.AMRT.FE::2015,Observation
IND,SN.ITK.SALT.ZS,2015,94.5,observation::IND::SN.ITK.SALT.ZS::2015,Observation
IND,SM.POP.TOTL,2015,5252296.0,observation::IND::SM.POP.TOTL::2015,Observation
IND,SM.POP.RHCR.EA,2015,201379.0,observation::IND::SM.POP.RHCR.EA::2015,Observation
IND,SM.POP.IDPC,2015,612000.0,observation::IND::SM.POP.IDPC::2015,Observation
IND,DT.NFL.WFPG.CD,2015,93815.9972429276,observation::IND::DT.NFL.WFPG.CD::2015,Observation
IND,DT.NFL.UNFP.CD,2015,10052622.795105,observation::IND::DT.NFL.UNFP.CD::2015,Observation
IND,DT.NFL.RDBN.CD,2015,783042000.0,observation::IND::DT.NFL.RDBN.CD::2015,Observation
IND,DT.NFL.PNGC.CD,2015,14221671000.0,observation::IND::DT.NFL.PNGC.CD::2015,Observation
IND,DT.NFL.PBND.CD,2015,8701873000.0,observation::IND::DT.NFL.PBND.CD::2015,Observation
IND,DT.NFL.MLAT.CD,2015,848469000.0,observation::IND::DT.NFL.MLAT.CD::2015,Observation
IND,DT.NFL.IMFC.CD,2015,0.0,observation::IND::DT.NFL.IMFC.CD::2015,Observation
IND,DT.NFL.BLAT.CD,2015,591206534.1,observation::IND::DT.NFL.BLAT.CD::2015,Observation
IND,DT.DOD.MWBG.CD,2015,36508609000.0,observation::IND::DT.DOD.MWBG.CD::2015,Observation
IND,DT.DOD.DSTC.XP.ZS,2015,18.4046468871838,observation::IND::DT.DOD.DSTC.XP.ZS::2015,Observation
IND,DT.DOD.DPNG.CD,2015,229444505000.0,observation::IND::DT.DOD.DPNG.CD::2015,Observation
IND,DT.DOD.DECT.CD,2015,478831010025.1,observation::IND::DT.DOD.DECT.CD::2015,Observation
IND,VC.IDP.NWDS,2015,3655000.0,observation::IND::VC.IDP.NWDS::2015,Observation
IND,TX.VAL.TRAN.ZS.WT,2015,9.19553977795592,observation::IND::TX.VAL.TRAN.ZS.WT::2015,Observation
IND,TX.VAL.OTHR.ZS.WT,2015,72.6035402764255,observation::IND::TX.VAL.OTHR.ZS.WT::2015,Observation
IND,TX.VAL.MRCH.RS.ZS,2015,0.0609125770403581,observation::IND::TX.VAL.MRCH.RS.ZS::2015,Observation
IND,TX.VAL.MRCH.R3.ZS,2015,3.61113936988479,observation::IND::TX.VAL.MRCH.R3.ZS::2015,Observation
IND,TX.VAL.MRCH.HI.ZS,2015,64.8308877333434,observation::IND::TX.VAL.MRCH.HI.ZS::2015,Observation
IND,TX.VAL.MANF.ZS.UN,2015,68.7631584732676,observation::IND::TX.VAL.MANF.ZS.UN::2015,Observation
IND,TX.VAL.FOOD.ZS.UN,2015,11.3300090451308,observation::IND::TX.VAL.FOOD.ZS.UN::2015,Observation
IND,TX.MNF.TECH.ZS.UN,2015,33.8905663476031,observation::IND::TX.MNF.TECH.ZS.UN::2015,Observation
IND,TM.VAL.SERV.CD.WT,2015,81766553452.7492,observation::IND::TM.VAL.SERV.CD.WT::2015,Observation
IND,TM.VAL.MRCH.WL.CD,2015,383489738364.0,observation::IND::TM.VAL.MRCH.WL.CD::2015,Observation
IND,TM.VAL.MRCH.R4.ZS,2015,5.65247900542908,observation::IND::TM.VAL.MRCH.R4.ZS::2015,Observation
IND,TM.VAL.MRCH.OR.ZS,2015,42.8099144603895,observation::IND::TM.VAL.MRCH.OR.ZS::2015,Observation
IND,TM.VAL.MMTL.ZS.UN,2015,6.47213486642968,observation::IND::TM.VAL.MMTL.ZS.UN::2015,Observation
IND,TM.VAL.FUEL.ZS.UN,2015,26.777350937984,observation::IND::TM.VAL.FUEL.ZS.UN::2015,Observation
IND,TM.TAX.TCOM.WM.FN.ZS,2015,7.44,observation::IND::TM.TAX.TCOM.WM.FN.ZS::2015,Observation
IND,TM.TAX.TCOM.BR.ZS,2015,93.29,observation::IND::TM.TAX.TCOM.BR.ZS::2015,Observation
IND,TM.TAX.MRCH.SM.FN.ZS,2015,13.16,observation::IND::TM.TAX.MRCH.SM.FN.ZS::2015,Observation
IND,TM.TAX.MANF.WM.FN.ZS,2015,7.06,observation::IND::TM.TAX.MANF.WM.FN.ZS::2015,Observation
IND,TM.TAX.MANF.BR.ZS,2015,35.22,observation::IND::TM.TAX.MANF.BR.ZS::2015,Observation
IND,ST.INT.XPND.MP.ZS,2015,3.59559187581086,observation::IND::ST.INT.XPND.MP.ZS::2015,Observation
IND,ST.INT.TRNX.CD,2015,2848000000.0,observation::IND::ST.INT.TRNX.CD::2015,Observation
IND,ST.INT.DPRT,2015,20376000.0,observation::IND::ST.INT.DPRT::2015,Observation
IND,SP.URB.TOTL,2015,432236104.0,observation::IND::SP.URB.TOTL::2015,Observation
IND,SP.RUR.TOTL,2015,895788394.0,observation::IND::SP.RUR.TOTL::2015,Observation
IND,SP.POP.TOTL.MA.IN,2015,686298737.0,observation::IND::SP.POP.TOTL.MA.IN::2015,Observation
IND,SP.POP.TECH.RD.P6,2015,95.54919,observation::IND::SP.POP.TECH.RD.P6::2015,Observation
IND,SP.POP.DPND.OL,2015,8.33495531190129,observation::IND::SP.POP.DPND.OL::2015,Observation
IND,SP.POP.80UP.FE.5Y,2015,1.01086139816039,observation::IND::SP.POP.80UP.FE.5Y::2015,Observation
IND,SP.POP.7074.FE.5Y,2015,1.60421797372725,observation::IND::SP.POP.7074.FE.5Y::2015,Observation
IND,SP.POP.65UP.MA.IN,2015,34019075.0,observation::IND::SP.POP.65UP.MA.IN::2015,Observation
IND,SP.POP.6569.FE.5Y,2015,2.28480784021385,observation::IND::SP.POP.6569.FE.5Y::2015,Observation
IND,SP.POP.5559.FE.5Y,2015,4.04293743164847,observation::IND::SP.POP.5559.FE.5Y::2015,Observation
IND,SP.POP.4549.FE.5Y,2015,5.39106236690411,observation::IND::SP.POP.4549.FE.5Y::2015,Observation
IND,SP.POP.3539.FE.5Y,2015,6.88234985785462,observation::IND::SP.POP.3539.FE.5Y::2015,Observation
IND,SP.POP.2529.FE.5Y,2015,8.63762527058657,observation::IND::SP.POP.2529.FE.5Y::2015,Observation
IND,SP.POP.1564.TO,2015,871420269.0,observation::IND::SP.POP.1564.TO::2015,Observation
IND,SP.POP.1564.FE.IN,2015,420161099.0,observation::IND::SP.POP.1564.FE.IN::2015,Observation
IND,SP.POP.1014.FE.5Y,2015,9.76867718420922,observation::IND::SP.POP.1014.FE.5Y::2015,Observation
IND,SP.POP.0014.TO,2015,383971739.0,observation::IND::SP.POP.0014.TO::2015,Observation
IND,SP.POP.0014.FE.IN,2015,182951247.0,observation::IND::SP.POP.0014.FE.IN::2015,Observation
IND,SP.DYN.TO65.MA.ZS,2015,67.64069,observation::IND::SP.DYN.TO65.MA.ZS::2015,Observation
IND,SP.DYN.LE00.IN,2015,69.326,observation::IND::SP.DYN.LE00.IN::2015,Observation
IND,SP.DYN.IMRT.FE.IN,2015,36.7,observation::IND::SP.DYN.IMRT.FE.IN::2015,Observation
IND,SP.DYN.CBRT.IN,2015,18.936,observation::IND::SP.DYN.CBRT.IN::2015,Observation
IND,SN.ITK.VITA.ZS,2015,53.0,observation::IND::SN.ITK.VITA.ZS::2015,Observation
IND,SN.ITK.DEFC.ZS,2015,12.1,observation::IND::SN.ITK.DEFC.ZS::2015,Observation
IND,DT.NFL.UNCR.CD,2015,1239060.04428864,observation::IND::DT.NFL.UNCR.CD::2015,Observation
IND,DT.NFL.PRVT.CD,2015,9904614000.0,observation::IND::DT.NFL.PRVT.CD::2015,Observation
IND,DT.NFL.PCBO.CD,2015,15424413000.0,observation::IND::DT.NFL.PCBO.CD::2015,Observation
IND,DT.NFL.NIFC.CD,2015,-180483981.0,observation::IND::DT.NFL.NIFC.CD::2015,Observation
IND,DT.NFL.MIBR.CD,2015,492857000.0,observation::IND::DT.NFL.MIBR.CD::2015,Observation
IND,VC.IHR.PSRC.FE.P5,2015,2.66297553231621,observation::IND::VC.IHR.PSRC.FE.P5::2015,Observation
IND,TX.VAL.TRVL.ZS.WT,2015,13.4941194097567,observation::IND::TX.VAL.TRVL.ZS.WT::2015,Observation
IND,TX.VAL.SERV.CD.WT,2015,155717122914.279,observation::IND::TX.VAL.SERV.CD.WT::2015,Observation
IND,TX.VAL.MRCH.WL.CD,2015,263890314300.0,observation::IND::TX.VAL.MRCH.WL.CD::2015,Observation
IND,TX.VAL.MRCH.R4.ZS,2015,3.7104253393964,observation::IND::TX.VAL.MRCH.R4.ZS::2015,Observation
IND,TX.VAL.MRCH.OR.ZS,2015,28.4046298216107,observation::IND::TX.VAL.MRCH.OR.ZS::2015,Observation
IND,TX.VAL.MMTL.ZS.UN,2015,3.37741762924188,observation::IND::TX.VAL.MMTL.ZS.UN::2015,Observation
IND,TX.VAL.FUEL.ZS.UN,2015,11.8719127202525,observation::IND::TX.VAL.FUEL.ZS.UN::2015,Observation
IND,TX.QTY.MRCH.XD.WD,2015,100.0,observation::IND::TX.QTY.MRCH.XD.WD::2015,Observation
IND,TM.VAL.TRAN.ZS.WT,2015,18.8653550354718,observation::IND::TM.VAL.TRAN.ZS.WT::2015,Observation
IND,TM.VAL.MRCH.WR.ZS,2015,0.79080043261066,observation::IND::TM.VAL.MRCH.WR.ZS::2015,Observation
IND,TM.VAL.MRCH.R5.ZS,2015,0.79080043261066,observation::IND::TM.VAL.MRCH.R5.ZS::2015,Observation
IND,TM.VAL.MRCH.R1.ZS,2015,24.8966279062143,observation::IND::TM.VAL.MRCH.R1.ZS::2015,Observation
IND,TM.VAL.MRCH.AL.ZS,2015,19.5492444543173,observation::IND::TM.VAL.MRCH.AL.ZS::2015,Observation
IND,TM.VAL.ICTG.ZS.UN,2015,8.56,observation::IND::TM.VAL.ICTG.ZS.UN::2015,Observation
IND,TM.UVI.MRCH.XD.WD,2015,100.0,observation::IND::TM.UVI.MRCH.XD.WD::2015,Observation
IND,TM.TAX.TCOM.SM.AR.ZS,2015,18.4,observation::IND::TM.TAX.TCOM.SM.AR.ZS::2015,Observation
IND,TM.TAX.MRCH.WM.AR.ZS,2015,7.32,observation::IND::TM.TAX.MRCH.WM.AR.ZS::2015,Observation
IND,TM.TAX.MRCH.BC.ZS,2015,74.34,observation::IND::TM.TAX.MRCH.BC.ZS::2015,Observation
IND,TM.TAX.MANF.SM.AR.ZS,2015,8.51,observation::IND::TM.TAX.MANF.SM.AR.ZS::2015,Observation
IND,TG.VAL.TOTL.GD.ZS,2015,31.4739334261127,observation::IND::TG.VAL.TOTL.GD.ZS::2015,Observation
IND,ST.INT.TVLR.CD,2015,21013000000.0,observation::IND::ST.INT.TVLR.CD::2015,Observation
IND,ST.INT.RCPT.CD,2015,21472000000.0,observation::IND::ST.INT.RCPT.CD::2015,Observation
IND,SP.URB.TOTL.IN.ZS,2015,32.5472990022299,observation::IND::SP.URB.TOTL.IN.ZS::2015,Observation
IND,SP.RUR.TOTL.ZG,2015,0.721820172530689,observation::IND::SP.RUR.TOTL.ZG::2015,Observation
IND,SP.POP.TOTL.MA.ZS,2015,51.6781684035457,observation::IND::SP.POP.TOTL.MA.ZS::2015,Observation
IND,SP.POP.TOTL,2015,1328024498.0,observation::IND::SP.POP.TOTL::2015,Observation
IND,SP.POP.DPND.YG,2015,44.0627505073559,observation::IND::SP.POP.DPND.YG::2015,Observation
IND,SP.POP.80UP.MA.5Y,2015,0.71754080812008,observation::IND::SP.POP.80UP.MA.5Y::2015,Observation
IND,SP.POP.7074.MA.5Y,2015,1.33647055024121,observation::IND::SP.POP.7074.MA.5Y::2015,Observation
IND,SP.POP.65UP.MA.ZS,2015,4.95689015449615,observation::IND::SP.POP.65UP.MA.ZS::2015,Observation
IND,SP.POP.6569.MA.5Y,2015,2.04521220184412,observation::IND::SP.POP.6569.MA.5Y::2015,Observation
IND,SP.POP.5559.MA.5Y,2015,3.89942995327079,observation::IND::SP.POP.5559.MA.5Y::2015,Observation
IND,SP.POP.4549.MA.5Y,2015,5.2908284058891,observation::IND::SP.POP.4549.MA.5Y::2015,Observation
IND,SP.POP.3539.MA.5Y,2015,6.94505693585814,observation::IND::SP.POP.3539.MA.5Y::2015,Observation
IND,SP.POP.2529.MA.5Y,2015,8.78562152212268,observation::IND::SP.POP.2529.MA.5Y::2015,Observation
IND,SP.POP.1564.TO.ZS,2015,65.6177857140772,observation::IND::SP.POP.1564.TO.ZS::2015,Observation
IND,SP.POP.1564.FE.ZS,2015,65.4736219947387,observation::IND::SP.POP.1564.FE.ZS::2015,Observation
IND,SP.POP.1014.MA.5Y,2015,10.0630825655032,observation::IND::SP.POP.1014.MA.5Y::2015,Observation
IND,SP.POP.0014.TO.ZS,2015,28.9130012076453,observation::IND::SP.POP.0014.TO.ZS::2015,Observation
IND,SP.POP.0014.FE.ZS,2015,28.5092570874679,observation::IND::SP.POP.0014.FE.ZS::2015,Observation
IND,SP.DYN.LE00.MA.IN,2015,67.827,observation::IND::SP.DYN.LE00.MA.IN::2015,Observation
IND,SP.DYN.IMRT.IN,2015,36.3,observation::IND::SP.DYN.IMRT.IN::2015,Observation
IND,SP.DYN.CDRT.IN,2015,6.729,observation::IND::SP.DYN.CDRT.IN::2015,Observation
IND,SP.ADO.TFRT,2015,18.194,observation::IND::SP.ADO.TFRT::2015,Observation
IND,SM.POP.FDIP,2015,819855.0,observation::IND::SM.POP.FDIP::2015,Observation
IND,DT.ODA.ALLD.CD,2015,3174348388.67188,observation::IND::DT.ODA.ALLD.CD::2015,Observation
IND,DT.NFL.UNAI.CD,2015,1325721.97914124,observation::IND::DT.NFL.UNAI.CD::2015,Observation
IND,DT.NFL.PNGB.CD,2015,2003459000.0,observation::IND::DT.NFL.PNGB.CD::2015,Observation
IND,DT.NFL.OFFT.CD,2015,1439675564.9,observation::IND::DT.NFL.OFFT.CD::2015,Observation
IND,DT.NFL.MIDA.CD,2015,-232411000.0,observation::IND::DT.NFL.MIDA.CD::2015,Observation
IND,DT.NFL.ILOG.CD,2015,881070.017814636,observation::IND::DT.NFL.ILOG.CD::2015,Observation
IND,DT.NFL.DPNG.CD,2015,16225130000.0,observation::IND::DT.NFL.DPNG.CD::2015,Observation
IND,IP.PAT.NRES,2015,33079.0,observation::IND::IP.PAT.NRES::2015,Observation
IND,IE.PPN.WATR.CD,2015,18500000.0,observation::IND::IE.PPN.WATR.CD::2015,Observation
IND,IE.PPI.WATR.CD,2015,18500000.0,observation::IND::IE.PPI.WATR.CD::2015,Observation
IND,IC.BUS.NDNS.ZS,2015,0.0926391353299163,observation::IND::IC.BUS.NDNS.ZS::2015,Observation
IND,HD_HCIP_OVRL_TO,2015,134.644173130218,observation::IND::HD_HCIP_OVRL_TO::2015,Observation
IND,HD_HCIP_OTJL_MA,2015,42.842612099285,observation::IND::HD_HCIP_OTJL_MA::2015,Observation
IND,HD_HCIP_HLTH_FE,2015,38.7670900547504,observation::IND::HD_HCIP_HLTH_FE::2015,Observation
IND,GF.XPD.BUDG.ZS,2015,92.6893,observation::IND::GF.XPD.BUDG.ZS::2015,Observation
IND,GC.XPN.TRFT.ZS,2015,40.6923173303519,observation::IND::GC.XPN.TRFT.ZS::2015,Observation
IND,GC.XPN.OTHR.ZS,2015,0.411551871713718,observation::IND::GC.XPN.OTHR.ZS::2015,Observation
IND,GC.XPN.INTP.CN,2015,4315100000000.0,observation::IND::GC.XPN.INTP.CN::2015,Observation
IND,GC.XPN.COMP.CN,2015,1754730000000.0,observation::IND::GC.XPN.COMP.CN::2015,Observation
IND,GC.TAX.TOTL.GD.ZS,2015,10.5697090519718,observation::IND::GC.TAX.TOTL.GD.ZS::2015,Observation
IND,GC.TAX.INTT.RV.ZS,2015,12.2883375942345,observation::IND::GC.TAX.INTT.RV.ZS::2015,Observation
IND,GC.TAX.GSRV.VA.ZS,2015,4.93524391982655,observation::IND::GC.TAX.GSRV.VA.ZS::2015,Observation
IND,GC.TAX.EXPT.CN,2015,1220000000.0,observation::IND::GC.TAX.EXPT.CN::2015,Observation
IND,GC.REV.SOCL.CN,2015,16390000000.0,observation::IND::GC.REV.SOCL.CN::2015,Observation
IND,GC.NLD.TOTL.CN,2015,-3822810000000.0,observation::IND::GC.NLD.TOTL.CN::2015,Observation
IND,GC.LBL.TOTL.CN,2015,5122836700000.0,observation::IND::GC.LBL.TOTL.CN::2015,Observation
IND,GC.AST.TOTL.CN,2015,1300030000000.0,observation::IND::GC.AST.TOTL.CN::2015,Observation
IND,FR.INR.RINR,2015,7.55648841353986,observation::IND::FR.INR.RINR::2015,Observation
IND,FP.WPI.TOTL,2015,123.005391455829,observation::IND::FP.WPI.TOTL::2015,Observation
IND,FM.LBL.BMNY.IR.ZS,2015,4.64466724719304,observation::IND::FM.LBL.BMNY.IR.ZS::2015,Observation
IND,FM.AST.PRVT.GD.ZS,2015,51.8675240772049,observation::IND::FM.AST.PRVT.GD.ZS::2015,Observation
IND,IP.TMK.RSCT,2015,250586.0,observation::IND::IP.TMK.RSCT::2015,Observation
IND,IP.JRN.ARTC.SC,2015,98300.94,observation::IND::IP.JRN.ARTC.SC::2015,Observation
IND,IE.PPN.TRAN.CD,2015,2047220000.0,observation::IND::IE.PPN.TRAN.CD::2015,Observation
IND,IE.PPI.TRAN.CD,2015,2047220000.0,observation::IND::IE.PPI.TRAN.CD::2015,Observation
IND,HD_HCIP_OVRL_MA,2015,158.070260965206,observation::IND::HD_HCIP_OVRL_MA::2015,Observation
IND,HD_HCIP_OTJL_FE,2015,-6.86359092617003,observation::IND::HD_HCIP_OTJL_FE::2015,Observation
IND,HD_HCIP_EDUC_TO,2015,78.8107801631794,observation::IND::HD_HCIP_EDUC_TO::2015,Observation
IND,GC.XPN.TRFT.CN,2015,8476580000000.0,observation::IND::GC.XPN.TRFT.CN::2015,Observation
IND,GC.XPN.OTHR.CN,2015,85730000000.0,observation::IND::GC.XPN.OTHR.CN::2015,Observation
IND,GC.XPN.GSRV.ZS,2015,8.91996557039515,observation::IND::GC.XPN.GSRV.ZS::2015,Observation
IND,GC.TAX.YPKG.ZS,2015,50.3940859288,observation::IND::GC.TAX.YPKG.ZS::2015,Observation
IND,GC.TAX.TOTL.CN,2015,14556470000000.0,observation::IND::GC.TAX.TOTL.CN::2015,Observation
IND,GC.TAX.INTT.CN,2015,2103380000000.0,observation::IND::GC.TAX.INTT.CN::2015,Observation
IND,GC.TAX.GSRV.RV.ZS,2015,29.8330069498647,observation::IND::GC.TAX.GSRV.RV.ZS::2015,Observation
IND,GC.REV.XGRT.GD.ZS,2015,12.4152095425778,observation::IND::GC.REV.XGRT.GD.ZS::2015,Observation
IND,GC.REV.GOTR.ZS,2015,14.8626385182346,observation::IND::GC.REV.GOTR.ZS::2015,Observation
IND,GC.NFN.TOTL.GD.ZS,2015,0.0789870724614888,observation::IND::GC.NFN.TOTL.GD.ZS::2015,Observation
IND,GC.DOD.TOTL.GD.ZS,2015,49.9647183856551,observation::IND::GC.DOD.TOTL.GD.ZS::2015,Observation
IND,GB.XPD.RSDV.GD.ZS,2015,0.6931,observation::IND::GB.XPD.RSDV.GD.ZS::2015,Observation
IND,FP.CPI.TOTL.ZG,2015,4.90697344127256,observation::IND::FP.CPI.TOTL.ZG::2015,Observation
IND,FM.LBL.BMNY.GD.ZS,2015,78.0119105841633,observation::IND::FM.LBL.BMNY.GD.ZS::2015,Observation
IND,FM.AST.NFRG.CN,2015,22683687524311.0,observation::IND::FM.AST.NFRG.CN::2015,Observation
IND,IP.PAT.RESD,2015,12579.0,observation::IND::IP.PAT.RESD::2015,Observation
IND,IP.IDS.NRCT,2015,3461.0,observation::IND::IP.IDS.NRCT::2015,Observation
IND,IE.PPN.ENGY.CD,2015,2086940000.0,observation::IND::IE.PPN.ENGY.CD::2015,Observation
IND,IE.PPI.ENGY.CD,2015,2086940000.0,observation::IND::IE.PPI.ENGY.CD::2015,Observation
IND,IC.BUS.NREG,2015,80546.0,observation::IND::IC.BUS.NREG::2015,Observation
IND,HD_HCIP_OTJL_TO,2015,18.3334504664478,observation::IND::HD_HCIP_OTJL_TO::2015,Observation
IND,HD_HCIP_HLTH_MA,2015,36.3300258922577,observation::IND::HD_HCIP_HLTH_MA::2015,Observation
IND,HD_HCIP_EDUC_FE,2015,78.6891830385654,observation::IND::HD_HCIP_EDUC_FE::2015,Observation
IND,GC.XPN.TOTL.CN,2015,20830910000000.0,observation::IND::GC.XPN.TOTL.CN::2015,Observation
IND,GC.XPN.INTP.RV.ZS,2015,25.2096176405981,observation::IND::GC.XPN.INTP.RV.ZS::2015,Observation
IND,GC.XPN.COMP.ZS,2015,8.42368384290461,observation::IND::GC.XPN.COMP.ZS::2015,Observation
IND,GC.TAX.YPKG.CN,2015,7335600000000.0,observation::IND::GC.TAX.YPKG.CN::2015,Observation
IND,GC.TAX.OTHR.CN,2015,11010000000.0,observation::IND::GC.TAX.OTHR.CN::2015,Observation
IND,GC.TAX.IMPT.CN,2015,2102160000000.0,observation::IND::GC.TAX.IMPT.CN::2015,Observation
IND,GC.TAX.EXPT.ZS,2015,0.0083811528481836,observation::IND::GC.TAX.EXPT.ZS::2015,Observation
IND,GC.REV.SOCL.ZS,2015,0.0957534317001697,observation::IND::GC.REV.SOCL.ZS::2015,Observation
IND,GC.NLD.TOTL.GD.ZS,2015,-2.77580962011863,observation::IND::GC.NLD.TOTL.GD.ZS::2015,Observation
IND,GC.LBL.TOTL.GD.ZS,2015,3.71978188666367,observation::IND::GC.LBL.TOTL.GD.ZS::2015,Observation
IND,GC.AST.TOTL.GD.ZS,2015,0.943974662733125,observation::IND::GC.AST.TOTL.GD.ZS::2015,Observation
IND,FS.AST.PRVT.GD.ZS,2015,51.8675240772049,observation::IND::FS.AST.PRVT.GD.ZS::2015,Observation
IND,IP.TMK.NRCT,2015,39144.0,observation::IND::IP.TMK.NRCT::2015,Observation
IND,IP.IDS.RSCT,2015,6829.0,observation::IND::IP.IDS.RSCT::2015,Observation
IND,HD_HCIP_OVRL_FE,2015,110.592682167146,observation::IND::HD_HCIP_OVRL_FE::2015,Observation
IND,HD_HCIP_HLTH_TO,2015,37.4999425005913,observation::IND::HD_HCIP_HLTH_TO::2015,Observation
IND,HD_HCIP_EDUC_MA,2015,78.8976229736636,observation::IND::HD_HCIP_EDUC_MA::2015,Observation
IND,GC.XPN.TOTL.GD.ZS,2015,15.1256903622794,observation::IND::GC.XPN.TOTL.GD.ZS::2015,Observation
IND,GC.XPN.INTP.ZS,2015,20.7148895559531,observation::IND::GC.XPN.INTP.ZS::2015,Observation
IND,GC.XPN.GSRV.CN,2015,1858110000000.0,observation::IND::GC.XPN.GSRV.CN::2015,Observation
IND,GC.TAX.YPKG.RV.ZS,2015,42.8559410359832,observation::IND::GC.TAX.YPKG.RV.ZS::2015,Observation
IND,GC.TAX.OTHR.RV.ZS,2015,0.0643224699828474,observation::IND::GC.TAX.OTHR.RV.ZS::2015,Observation
IND,GC.TAX.IMPT.ZS,2015,14.4414133371621,observation::IND::GC.TAX.IMPT.ZS::2015,Observation
IND,GC.TAX.GSRV.CN,2015,5106480000000.0,observation::IND::GC.TAX.GSRV.CN::2015,Observation
IND,GC.REV.XGRT.CN,2015,17098070000000.0,observation::IND::GC.REV.XGRT.CN::2015,Observation
IND,GC.REV.GOTR.CN,2015,2544020000000.0,observation::IND::GC.REV.GOTR.CN::2015,Observation
IND,GC.NFN.TOTL.CN,2015,108780000000.0,observation::IND::GC.NFN.TOTL.CN::2015,Observation
IND,GC.DOD.TOTL.CN,2015,68810780000000.0,observation::IND::GC.DOD.TOTL.CN::2015,Observation
IND,FS.AST.CGOV.GD.ZS,2015,23.6965144461448,observation::IND::FS.AST.CGOV.GD.ZS::2015,Observation
IND,FM.AST.CGOV.ZG.M3,2015,2.81772714372633,observation::IND::FM.AST.CGOV.ZG.M3::2015,Observation
IND,FI.RES.TOTL.CD,2015,353319061013.224,observation::IND::FI.RES.TOTL.CD::2015,Observation
IND,FB.AST.NPER.ZS,2015,5.88352227400692,observation::IND::FB.AST.NPER.ZS::2015,Observation
IND,ER.H2O.INTR.PC,2015,1088.83533562647,observation::IND::ER.H2O.INTR.PC::2015,Observation
IND,ER.H2O.FWST.ZS,2015,66.49209283,observation::IND::ER.H2O.FWST.ZS::2015,Observation
IND,ER.GDP.FWTL.M3.KD,2015,3.24878511203852,observation::IND::ER.GDP.FWTL.M3.KD::2015,Observation
IND,EN.URB.MCTY.TL.ZS,2015,14.5034177675237,observation::IND::EN.URB.MCTY.TL.ZS::2015,Observation
IND,EN.POP.DNST,2015,446.666542669658,observation::IND::EN.POP.DNST::2015,Observation
IND,EN.GHG.N2O.ZG.AR5,2015,84.1167036036524,observation::IND::EN.GHG.N2O.ZG.AR5::2015,Observation
IND,EN.GHG.N2O.MT.CE.AR5,2015,234.5262,observation::IND::EN.GHG.N2O.MT.CE.AR5::2015,Observation
IND,EN.GHG.N2O.BU.MT.CE.AR5,2015,7.7702,observation::IND::EN.GHG.N2O.BU.MT.CE.AR5::2015,Observation
IND,EN.GHG.CO2.PI.MT.CE.AR5,2015,1069.129,observation::IND::EN.GHG.CO2.PI.MT.CE.AR5::2015,Observation
IND,EN.GHG.CO2.LU.OL.MT.CE.AR5,2015,-249.099,observation::IND::EN.GHG.CO2.LU.OL.MT.CE.AR5::2015,Observation
IND,EN.GHG.CO2.IP.MT.CE.AR5,2015,165.0019,observation::IND::EN.GHG.CO2.IP.MT.CE.AR5::2015,Observation
IND,EN.GHG.CO2.AG.MT.CE.AR5,2015,26.1607,observation::IND::EN.GHG.CO2.AG.MT.CE.AR5::2015,Observation
IND,EN.GHG.CH4.PI.MT.CE.AR5,2015,0.6078,observation::IND::EN.GHG.CH4.PI.MT.CE.AR5::2015,Observation
IND,EN.GHG.CH4.FE.MT.CE.AR5,2015,71.2065,observation::IND::EN.GHG.CH4.FE.MT.CE.AR5::2015,Observation
IND,EN.GHG.ALL.MT.CE.AR5,2015,3310.4591,observation::IND::EN.GHG.ALL.MT.CE.AR5::2015,Observation
IND,EN.ATM.PM25.MC.T2.ZS,2015,94.2948066111285,observation::IND::EN.ATM.PM25.MC.T2.ZS::2015,Observation
IND,EG.USE.ELEC.KH.PC,2015,841.085387869102,observation::IND::EG.USE.ELEC.KH.PC::2015,Observation
IND,EG.USE.COMM.CL.ZS,2015,3.15,observation::IND::EG.USE.COMM.CL.ZS::2015,Observation
IND,EG.FEC.RNEW.ZS,2015,33.4,observation::IND::EG.FEC.RNEW.ZS::2015,Observation
IND,EG.ELC.PETR.ZS,2015,0.97204719856999,observation::IND::EG.ELC.PETR.ZS::2015,Observation
IND,EG.ELC.HYRO.ZS,2015,10.0530066956214,observation::IND::EG.ELC.HYRO.ZS::2015,Observation
IND,EG.ELC.ACCS.UR.ZS,2015,97.5,observation::IND::EG.ELC.ACCS.UR.ZS::2015,Observation
IND,EG.CFT.ACCS.UR.ZS,2015,83.4,observation::IND::EG.CFT.ACCS.UR.ZS::2015,Observation
IND,DT.TDS.DPPG.XP.ZS,2015,3.08520682504648,observation::IND::DT.TDS.DPPG.XP.ZS::2015,Observation
IND,DT.TDS.DIMF.CD,2015,2788455.4,observation::IND::DT.TDS.DIMF.CD::2015,Observation
IND,DT.ODA.ODAT.XP.ZS,2015,0.99765095965487,observation::IND::DT.ODA.ODAT.XP.ZS::2015,Observation
IND,DT.ODA.ODAT.GN.ZS,2015,0.152672881309943,observation::IND::DT.ODA.ODAT.GN.ZS::2015,Observation
IND,FI.RES.XGLD.CD,2015,334310993025.188,observation::IND::FI.RES.XGLD.CD::2015,Observation
IND,FB.CBK.BRCH.P5,2015,13.4293593628255,observation::IND::FB.CBK.BRCH.P5::2015,Observation
IND,ER.PTD.TOTL.ZS,2015,3.5,observation::IND::ER.PTD.TOTL.ZS::2015,Observation
IND,ER.H2O.INTR.K3,2015,1446.0,observation::IND::ER.H2O.INTR.K3::2015,Observation
IND,ER.H2O.FWIN.ZS,2015,2.23390276,observation::IND::ER.H2O.FWIN.ZS::2015,Observation
IND,ER.FSH.PROD.MT,2015,10206040.515,observation::IND::ER.FSH.PROD.MT::2015,Observation
IND,EN.URB.MCTY,2015,192608941.0,observation::IND::EN.URB.MCTY::2015,Observation
IND,EN.POP.EL5M.ZS,2015,1.88001213009684,observation::IND::EN.POP.EL5M.ZS::2015,Observation
IND,EN.GHG.N2O.WA.MT.CE.AR5,2015,14.9502,observation::IND::EN.GHG.N2O.WA.MT.CE.AR5::2015,Observation
IND,EN.GHG.N2O.IP.MT.CE.AR5,2015,13.8926,observation::IND::EN.GHG.N2O.IP.MT.CE.AR5::2015,Observation
IND,EN.GHG.N2O.AG.MT.CE.AR5,2015,169.251,observation::IND::EN.GHG.N2O.AG.MT.CE.AR5::2015,Observation
IND,EN.GHG.CO2.TR.MT.CE.AR5,2015,257.7479,observation::IND::EN.GHG.CO2.TR.MT.CE.AR5::2015,Observation
IND,EN.GHG.CO2.PC.CE.AR5,2015,1.71550269097521,observation::IND::EN.GHG.CO2.PC.CE.AR5::2015,Observation
IND,EN.GHG.CO2.LU.MT.CE.AR5,2015,-296.093,observation::IND::EN.GHG.CO2.LU.MT.CE.AR5::2015,Observation
IND,EN.GHG.CO2.IC.MT.CE.AR5,2015,516.4268,observation::IND::EN.GHG.CO2.IC.MT.CE.AR5::2015,Observation
IND,EN.GHG.CH4.ZG.AR5,2015,22.6179855133568,observation::IND::EN.GHG.CH4.ZG.AR5::2015,Observation
IND,EN.GHG.CH4.MT.CE.AR5,2015,756.7342,observation::IND::EN.GHG.CH4.MT.CE.AR5::2015,Observation
IND,EN.GHG.CH4.BU.MT.CE.AR5,2015,37.6304,observation::IND::EN.GHG.CH4.BU.MT.CE.AR5::2015,Observation
IND,EN.GHG.ALL.LU.MT.CE.AR5,2015,3014.3661,observation::IND::EN.GHG.ALL.LU.MT.CE.AR5::2015,Observation
IND,EN.ATM.PM25.MC.T1.ZS,2015,87.1047685537071,observation::IND::EN.ATM.PM25.MC.T1.ZS::2015,Observation
IND,EG.USE.CRNW.ZS,2015,20.5114767795578,observation::IND::EG.USE.CRNW.ZS::2015,Observation
IND,EG.IMP.CONS.ZS,2015,37.2827822095164,observation::IND::EG.IMP.CONS.ZS::2015,Observation
IND,EG.ELC.RNWX.ZS,2015,4.84184605005476,observation::IND::EG.ELC.RNWX.ZS::2015,Observation
IND,EG.ELC.NUCL.ZS,2015,2.75558220088632,observation::IND::EG.ELC.NUCL.ZS::2015,Observation
IND,EG.ELC.FOSL.ZS,2015,81.87534846176,observation::IND::EG.ELC.FOSL.ZS::2015,Observation
IND,EG.ELC.ACCS.RU.ZS,2015,83.4,observation::IND::EG.ELC.ACCS.RU.ZS::2015,Observation
IND,EG.CFT.ACCS.RU.ZS,2015,28.0,observation::IND::EG.CFT.ACCS.RU.ZS::2015,Observation
IND,DT.TDS.DPPG.GN.ZS,2015,0.657591757048548,observation::IND::DT.TDS.DPPG.GN.ZS::2015,Observation
IND,DT.TDS.DECT.GN.ZS,2015,2.38856458537453,observation::IND::DT.TDS.DECT.GN.ZS::2015,Observation
IND,DT.ODA.ODAT.PC.ZS,2015,2.39027848767281,observation::IND::DT.ODA.ODAT.PC.ZS::2015,Observation
IND,DT.ODA.ODAT.GI.ZS,2015,0.469853544914173,observation::IND::DT.ODA.ODAT.GI.ZS::2015,Observation
IND,DT.ODA.ALLD.KD,2015,3489946044.92188,observation::IND::DT.ODA.ALLD.KD::2015,Observation
IND,FM.LBL.BMNY.ZG,2015,10.6177245568846,observation::IND::FM.LBL.BMNY.ZG::2015,Observation
IND,FM.AST.PRVT.ZG.M3,2015,6.94448182782826,observation::IND::FM.AST.PRVT.ZG.M3::2015,Observation
IND,FI.RES.TOTL.DT.ZS,2015,73.787840306062,observation::IND::FI.RES.TOTL.DT.ZS::2015,Observation
IND,FB.ATM.TOTL.P5,2015,19.5047348912025,observation::IND::FB.ATM.TOTL.P5::2015,Observation
IND,ER.LND.PTLD.ZS,2015,6.0,observation::IND::ER.LND.PTLD.ZS::2015,Observation
IND,ER.H2O.FWTL.K3,2015,647.5,observation::IND::ER.H2O.FWTL.K3::2015,Observation
IND,ER.H2O.FWAG.ZS,2015,90.40735874,observation::IND::ER.H2O.FWAG.ZS::2015,Observation
IND,ER.FSH.AQUA.MT,2015,5344002.0,observation::IND::ER.FSH.AQUA.MT::2015,Observation
IND,EN.URB.LCTY,2015,25865875.0,observation::IND::EN.URB.LCTY::2015,Observation
IND,EN.POP.EL5M.RU.ZS,2015,0.433148139684223,observation::IND::EN.POP.EL5M.RU.ZS::2015,Observation
IND,EN.GHG.TOT.ZG.AR5,2015,144.557510545911,observation::IND::EN.GHG.TOT.ZG.AR5::2015,Observation
IND,EN.GHG.N2O.PI.MT.CE.AR5,2015,18.3625,observation::IND::EN.GHG.N2O.PI.MT.CE.AR5::2015,Observation
IND,EN.GHG.N2O.FE.MT.CE.AR5,2015,0.1944,observation::IND::EN.GHG.N2O.FE.MT.CE.AR5::2015,Observation
IND,EN.GHG.CO2.ZG.AR5,2015,279.27433054339,observation::IND::EN.GHG.CO2.ZG.AR5::2015,Observation
IND,EN.GHG.CO2.RT.GDP.KD,2015,1.08302063429906,observation::IND::EN.GHG.CO2.RT.GDP.KD::2015,Observation
IND,EN.GHG.CO2.LU.OS.MT.CE.AR5,2015,0.0,observation::IND::EN.GHG.CO2.LU.OS.MT.CE.AR5::2015,Observation
IND,EN.GHG.CO2.LU.DF.MT.CE.AR5,2015,21.039,observation::IND::EN.GHG.CO2.LU.DF.MT.CE.AR5::2015,Observation
IND,EN.GHG.CO2.BU.MT.CE.AR5,2015,162.6889,observation::IND::EN.GHG.CO2.BU.MT.CE.AR5::2015,Observation
IND,EN.GHG.CH4.TR.MT.CE.AR5,2015,1.539,observation::IND::EN.GHG.CH4.TR.MT.CE.AR5::2015,Observation
IND,EN.GHG.CH4.IC.MT.CE.AR5,2015,2.9935,observation::IND::EN.GHG.CH4.IC.MT.CE.AR5::2015,Observation
IND,EN.GHG.ALL.PC.CE.AR5,2015,2.49276960250774,observation::IND::EN.GHG.ALL.PC.CE.AR5::2015,Observation
IND,EN.ATM.PM25.MC.T3.ZS,2015,99.9526466985651,observation::IND::EN.ATM.PM25.MC.T3.ZS::2015,Observation
IND,EG.USE.PCAP.KG.OE,2015,622.339883988149,observation::IND::EG.USE.PCAP.KG.OE::2015,Observation
IND,EG.USE.COMM.FO.ZS,2015,45.956629150643,observation::IND::EG.USE.COMM.FO.ZS::2015,Observation
IND,EG.GDP.PUSE.KO.PP,2015,8.71715943407826,observation::IND::EG.GDP.PUSE.KO.PP::2015,Observation
IND,EG.ELC.RNEW.ZS,2015,14.8948527456761,observation::IND::EG.ELC.RNEW.ZS::2015,Observation
IND,EG.ELC.LOSS.ZS,2015,17.7399718505501,observation::IND::EG.ELC.LOSS.ZS::2015,Observation
IND,EG.ELC.ACCS.ZS,2015,88.0,observation::IND::EG.ELC.ACCS.ZS::2015,Observation
IND,EG.CFT.ACCS.ZS,2015,48.4,observation::IND::EG.CFT.ACCS.ZS::2015,Observation
IND,DT.TDS.MLAT.CD,2015,3500047038.1,observation::IND::DT.TDS.MLAT.CD::2015,Observation
IND,DT.TDS.DPPF.XP.ZS,2015,3.08583603985883,observation::IND::DT.TDS.DPPF.XP.ZS::2015,Observation
IND,DT.TDS.DECT.CD,2015,49662625593.8,observation::IND::DT.TDS.DECT.CD::2015,Observation
IND,DT.ODA.ODAT.KD,2015,3489946044.92188,observation::IND::DT.ODA.ODAT.KD::2015,Observation
IND,FR.INR.LEND,2015,10.0083333333333,observation::IND::FR.INR.LEND::2015,Observation
IND,FP.CPI.TOTL,2015,146.790501522574,observation::IND::FP.CPI.TOTL::2015,Observation
IND,FM.LBL.BMNY.CN,2015,107437019361400.0,observation::IND::FM.LBL.BMNY.CN::2015,Observation
IND,FM.AST.DOMS.CN,2015,104130600832089.0,observation::IND::FM.AST.DOMS.CN::2015,Observation
IND,FI.RES.TOTL.MO,2015,8.00309182929655,observation::IND::FI.RES.TOTL.MO::2015,Observation
IND,FD.AST.PRVT.GD.ZS,2015,51.8675240772049,observation::IND::FD.AST.PRVT.GD.ZS::2015,Observation
IND,FB.BNK.CAPA.ZS,2015,6.67847337958985,observation::IND::FB.BNK.CAPA.ZS::2015,Observation
IND,ER.MRN.PTMR.ZS,2015,0.2,observation::IND::ER.MRN.PTMR.ZS::2015,Observation
IND,ER.H2O.FWTL.ZS,2015,44.7786998616874,observation::IND::ER.H2O.FWTL.ZS::2015,Observation
IND,ER.H2O.FWDM.ZS,2015,7.358738502,observation::IND::ER.H2O.FWDM.ZS::2015,Observation
IND,ER.FSH.CAPT.MT,2015,4862038.515,observation::IND::ER.FSH.CAPT.MT::2015,Observation
IND,EN.URB.LCTY.UR.ZS,2015,5.98420047761674,observation::IND::EN.URB.LCTY.UR.ZS::2015,Observation
IND,EN.POP.EL5M.UR.ZS,2015,1.44686399041262,observation::IND::EN.POP.EL5M.UR.ZS::2015,Observation
IND,EN.GHG.N2O.TR.MT.CE.AR5,2015,6.1602,observation::IND::EN.GHG.N2O.TR.MT.CE.AR5::2015,Observation
IND,EN.GHG.N2O.IC.MT.CE.AR5,2015,3.9449,observation::IND::EN.GHG.N2O.IC.MT.CE.AR5::2015,Observation
IND,EN.GHG.FGAS.IP.MT.CE.AR5,2015,40.9691,observation::IND::EN.GHG.FGAS.IP.MT.CE.AR5::2015,Observation
IND,EN.GHG.CO2.RT.GDP.PP.KD,2015,0.264405684347874,observation::IND::EN.GHG.CO2.RT.GDP.PP.KD::2015,Observation
IND,EN.GHG.CO2.MT.CE.AR5,2015,2278.2296,observation::IND::EN.GHG.CO2.MT.CE.AR5::2015,Observation
IND,EN.GHG.CO2.LU.FL.MT.CE.AR5,2015,-68.033,observation::IND::EN.GHG.CO2.LU.FL.MT.CE.AR5::2015,Observation
IND,EN.GHG.CO2.FE.MT.CE.AR5,2015,81.0745,observation::IND::EN.GHG.CO2.FE.MT.CE.AR5::2015,Observation
IND,EN.GHG.CH4.WA.MT.CE.AR5,2015,114.349,observation::IND::EN.GHG.CH4.WA.MT.CE.AR5::2015,Observation
IND,EN.GHG.CH4.IP.MT.CE.AR5,2015,0.2652,observation::IND::EN.GHG.CH4.IP.MT.CE.AR5::2015,Observation
IND,EN.GHG.CH4.AG.MT.CE.AR5,2015,528.1427,observation::IND::EN.GHG.CH4.AG.MT.CE.AR5::2015,Observation
IND,EN.ATM.PM25.MC.ZS,2015,100.0,observation::IND::EN.ATM.PM25.MC.ZS::2015,Observation
IND,EN.ATM.PM25.MC.M3,2015,73.810991410386,observation::IND::EN.ATM.PM25.MC.M3::2015,Observation
IND,EG.USE.COMM.GD.PP.KD,2015,95.9195248066452,observation::IND::EG.USE.COMM.GD.PP.KD::2015,Observation
IND,EG.GDP.PUSE.KO.PP.KD,2015,10.4254061101304,observation::IND::EG.GDP.PUSE.KO.PP.KD::2015,Observation
IND,EG.ELC.RNWX.KH,2015,65740310000.0,observation::IND::EG.ELC.RNWX.KH::2015,Observation
IND,EG.ELC.NGAS.ZS,2015,4.89087484984382,observation::IND::EG.ELC.NGAS.ZS::2015,Observation
IND,EG.ELC.COAL.ZS,2015,76.0124264133462,observation::IND::EG.ELC.COAL.ZS::2015,Observation
IND,EG.EGY.PRIM.PP.KD,2015,4.82,observation::IND::EG.EGY.PRIM.PP.KD::2015,Observation
IND,DT.TDS.MLAT.PG.ZS,2015,25.5991080123096,observation::IND::DT.TDS.MLAT.PG.ZS::2015,Observation
IND,DT.TDS.DPPG.CD,2015,13672535138.4,observation::IND::DT.TDS.DPPG.CD::2015,Observation
IND,DT.TDS.DECT.EX.ZS,2015,11.2063688175425,observation::IND::DT.TDS.DECT.EX.ZS::2015,Observation
IND,DT.ODA.ODAT.MP.ZS,2015,0.599189336588743,observation::IND::DT.ODA.ODAT.MP.ZS::2015,Observation
IND,DT.ODA.ODAT.CD,2015,3174348388.67188,observation::IND::DT.ODA.ODAT.CD::2015,Observation
IND,SM.POP.RHCR.EO,2016,7288.0,observation::IND::SM.POP.RHCR.EO::2016,Observation
IND,SM.POP.NETM,2016,81248.0,observation::IND::SM.POP.NETM::2016,Observation
IND,SM.POP.ASYS.EA,2016,9209.0,observation::IND::SM.POP.ASYS.EA::2016,Observation
IND,SL.UEM.TOTL.ZS,2016,7.611,observation::IND::SL.UEM.TOTL.ZS::2016,Observation
IND,SL.UEM.TOTL.FE.ZS,2016,7.678,observation::IND::SL.UEM.TOTL.FE.ZS::2016,Observation
IND,SL.TLF.TOTL.FE.ZS,2016,24.4337880971946,observation::IND::SL.TLF.TOTL.FE.ZS::2016,Observation
IND,SL.TLF.ACTI.1524.ZS,2016,31.552,observation::IND::SL.TLF.ACTI.1524.ZS::2016,Observation
IND,SL.TLF.ACTI.1524.FE.ZS,2016,14.915,observation::IND::SL.TLF.ACTI.1524.FE.ZS::2016,Observation
IND,SL.GDP.PCAP.EM.KD,2016,19847.6386279592,observation::IND::SL.GDP.PCAP.EM.KD::2016,Observation
IND,SL.EMP.WORK.MA.ZS,2016,22.0750942244181,observation::IND::SL.EMP.WORK.MA.ZS::2016,Observation
IND,SL.EMP.VULN.FE.ZS,2016,81.771117999702,observation::IND::SL.EMP.VULN.FE.ZS::2016,Observation
IND,SL.EMP.SELF.ZS,2016,78.9709618913313,observation::IND::SL.EMP.SELF.ZS::2016,Observation
IND,SL.EMP.MPYR.MA.ZS,2016,2.18085325096363,observation::IND::SL.EMP.MPYR.MA.ZS::2016,Observation
IND,SL.EMP.1524.SP.MA.ZS,2016,34.78,observation::IND::SL.EMP.1524.SP.MA.ZS::2016,Observation
IND,SL.AGR.EMPL.ZS,2016,43.2048505926307,observation::IND::SL.AGR.EMPL.ZS::2016,Observation
IND,SI.RMT.COST.IB.ZS,2016,6.1908655,observation::IND::SI.RMT.COST.IB.ZS::2016,Observation
IND,SH_UHC_SCI_RMNCH,2016,74.0,observation::IND::SH_UHC_SCI_RMNCH::2016,Observation
IND,SH_UHC_SCI,2016,63.0,observation::IND::SH_UHC_SCI::2016,Observation
IND,SH.XPD.PVTD.CH.ZS,2016,72.51978302,observation::IND::SH.XPD.PVTD.CH.ZS::2016,Observation
IND,SH.XPD.GHED.PP.CD,2016,54.5535107170908,observation::IND::SH.XPD.GHED.PP.CD::2016,Observation
IND,SH.XPD.GHED.CH.ZS,2016,26.83841324,observation::IND::SH.XPD.GHED.CH.ZS::2016,Observation
IND,SH.XPD.CHEX.PP.CD,2016,203.266515244254,observation::IND::SH.XPD.CHEX.PP.CD::2016,Observation
IND,SH.TBS.INCD,2016,225.0,observation::IND::SH.TBS.INCD::2016,Observation
IND,DT.DOD.DSTC.ZS,2016,18.4248,observation::IND::DT.DOD.DSTC.ZS::2016,Observation
IND,DT.DOD.DPPG.CD,2016,153013284921.7,observation::IND::DT.DOD.DPPG.CD::2016,Observation
IND,DT.DOD.DECT.GN.ZS,2016,20.0812235448632,observation::IND::DT.DOD.DECT.GN.ZS::2016,Observation
IND,DC.DAC.TOTL.CD,2016,1963541680.74075,observation::IND::DC.DAC.TOTL.CD::2016,Observation
IND,DC.DAC.PRTL.CD,2016,295558.989048004,observation::IND::DC.DAC.PRTL.CD::2016,Observation
IND,DC.DAC.NLDL.CD,2016,724175.989627838,observation::IND::DC.DAC.NLDL.CD::2016,Observation
IND,DC.DAC.JPNL.CD,2016,1007780029.29688,observation::IND::DC.DAC.JPNL.CD::2016,Observation
IND,DC.DAC.HUNL.CD,2016,1066041.94641113,observation::IND::DC.DAC.HUNL.CD::2016,Observation
IND,DC.DAC.FINL.CD,2016,2163979.05349731,observation::IND::DC.DAC.FINL.CD::2016,Observation
IND,DC.DAC.DEUL.CD,2016,222574935.913086,observation::IND::DC.DAC.DEUL.CD::2016,Observation
IND,SL.UEM.NEET.MA.ME.ZS,2016,13.131,observation::IND::SL.UEM.NEET.MA.ME.ZS::2016,Observation
IND,SL.UEM.1524.ZS,2016,25.23,observation::IND::SL.UEM.1524.ZS::2016,Observation
IND,SL.UEM.1524.FE.ZS,2016,24.386,observation::IND::SL.UEM.1524.FE.ZS::2016,Observation
IND,SL.TLF.CACT.MA.ZS,2016,77.692,observation::IND::SL.TLF.CACT.MA.ZS::2016,Observation
IND,SL.TLF.CACT.FE.ZS,2016,26.575,observation::IND::SL.TLF.CACT.FE.ZS::2016,Observation
IND,SL.TLF.ACTI.ZS,2016,55.326,observation::IND::SL.TLF.ACTI.ZS::2016,Observation
IND,SL.SRV.EMPL.ZS,2016,31.6056633714195,observation::IND::SL.SRV.EMPL.ZS::2016,Observation
IND,SL.IND.EMPL.ZS,2016,25.1894783758453,observation::IND::SL.IND.EMPL.ZS::2016,Observation
IND,SL.FAM.WORK.ZS,2016,16.6182899124755,observation::IND::SL.FAM.WORK.ZS::2016,Observation
IND,SL.EMP.WORK.FE.ZS,2016,17.7907638463436,observation::IND::SL.EMP.WORK.FE.ZS::2016,Observation
IND,SL.EMP.TOTL.SP.ZS,2016,48.83,observation::IND::SL.EMP.TOTL.SP.ZS::2016,Observation
IND,SL.EMP.TOTL.SP.FE.ZS,2016,24.535,observation::IND::SL.EMP.TOTL.SP.FE.ZS::2016,Observation
IND,SL.EMP.SELF.MA.ZS,2016,77.924902397399,observation::IND::SL.EMP.SELF.MA.ZS::2016,Observation
IND,SL.EMP.MPYR.FE.ZS,2016,0.438114668021533,observation::IND::SL.EMP.MPYR.FE.ZS::2016,Observation
IND,SL.AGR.EMPL.MA.ZS,2016,39.6861252124515,observation::IND::SL.AGR.EMPL.MA.ZS::2016,Observation
IND,SH_UHC_SCI_NCD,2016,47.0,observation::IND::SH_UHC_SCI_NCD::2016,Observation
IND,SH.XPD.OOPC.PP.CD,2016,128.477046583073,observation::IND::SH.XPD.OOPC.PP.CD::2016,Observation
IND,SH.XPD.GHED.PC.CD,2016,16.02965318,observation::IND::SH.XPD.GHED.PC.CD::2016,Observation
IND,SH.XPD.EHEX.PP.CD,2016,1.30456357673492,observation::IND::SH.XPD.EHEX.PP.CD::2016,Observation
IND,SH.XPD.CHEX.PC.CD,2016,59.72652817,observation::IND::SH.XPD.CHEX.PC.CD::2016,Observation
IND,DC.DAC.SWEL.CD,2016,5099155.90286255,observation::IND::DC.DAC.SWEL.CD::2016,Observation
IND,DC.DAC.POLL.CD,2016,87820.0009465218,observation::IND::DC.DAC.POLL.CD::2016,Observation
IND,DC.DAC.LUXL.CD,2016,1956347.94235229,observation::IND::DC.DAC.LUXL.CD::2016,Observation
IND,DC.DAC.ITAL.CD,2016,15128449.4400024,observation::IND::DC.DAC.ITAL.CD::2016,Observation
IND,DC.DAC.GRCL.CD,2016,1990.00001884997,observation::IND::DC.DAC.GRCL.CD::2016,Observation
IND,DC.DAC.CZEL.CD,2016,1431.99996091425,observation::IND::DC.DAC.CZEL.CD::2016,Observation
IND,DC.DAC.BELL.CD,2016,2123811.96022034,observation::IND::DC.DAC.BELL.CD::2016,Observation
IND,CM.MKT.TRAD.GD.ZS,2016,35.2251250429298,observation::IND::CM.MKT.TRAD.GD.ZS::2016,Observation
IND,CM.MKT.LCAP.CD,2016,1746297399289.67,observation::IND::CM.MKT.LCAP.CD::2016,Observation
IND,BX.TRF.PWKR.CD,2016,59083771821.7709,observation::IND::BX.TRF.PWKR.CD::2016,Observation
IND,SM.POP.ASYS.EO,2016,27939.0,observation::IND::SM.POP.ASYS.EO::2016,Observation
IND,SL.UEM.NEET.ME.ZS,2016,28.755,observation::IND::SL.UEM.NEET.ME.ZS::2016,Observation
IND,SL.UEM.NEET.FE.ME.ZS,2016,45.95,observation::IND::SL.UEM.NEET.FE.ME.ZS::2016,Observation
IND,SL.UEM.1524.MA.ZS,2016,25.475,observation::IND::SL.UEM.1524.MA.ZS::2016,Observation
IND,SL.TLF.TOTL.IN,2016,508681288.0,observation::IND::SL.TLF.TOTL.IN::2016,Observation
IND,SL.TLF.CACT.ZS,2016,52.852,observation::IND::SL.TLF.CACT.ZS::2016,Observation
IND,SL.TLF.CACT.FM.ZS,2016,34.205581012202,observation::IND::SL.TLF.CACT.FM.ZS::2016,Observation
IND,SL.TLF.ACTI.FE.ZS,2016,28.148,observation::IND::SL.TLF.ACTI.FE.ZS::2016,Observation
IND,SL.SRV.EMPL.FE.ZS,2016,26.1391527987101,observation::IND::SL.SRV.EMPL.FE.ZS::2016,Observation
IND,SL.IND.EMPL.FE.ZS,2016,19.7631015698568,observation::IND::SL.IND.EMPL.FE.ZS::2016,Observation
IND,SL.FAM.WORK.FE.ZS,2016,35.8165623646478,observation::IND::SL.FAM.WORK.FE.ZS::2016,Observation
IND,SL.EMP.WORK.ZS,2016,21.0290355553004,observation::IND::SL.EMP.WORK.ZS::2016,Observation
IND,SL.EMP.VULN.MA.ZS,2016,75.7440488649201,observation::IND::SL.EMP.VULN.MA.ZS::2016,Observation
IND,SL.EMP.TOTL.SP.MA.ZS,2016,71.795,observation::IND::SL.EMP.TOTL.SP.MA.ZS::2016,Observation
IND,SL.EMP.MPYR.ZS,2016,1.75534750965968,observation::IND::SL.EMP.MPYR.ZS::2016,Observation
IND,SH_UHC_SCI_CAPACITY,2016,76.0,observation::IND::SH_UHC_SCI_CAPACITY::2016,Observation
IND,SH.XPD.PVTD.PC.CD,2016,43.31354999,observation::IND::SH.XPD.PVTD.PC.CD::2016,Observation
IND,SH.XPD.OOPC.CH.ZS,2016,63.20619965,observation::IND::SH.XPD.OOPC.CH.ZS::2016,Observation
IND,SH.XPD.GHED.GD.ZS,2016,0.94049966,observation::IND::SH.XPD.GHED.GD.ZS::2016,Observation
IND,DT.NFL.IFAD.CD,2016,21363336.5631104,observation::IND::DT.NFL.IFAD.CD::2016,Observation
IND,DT.DOD.MIBR.CD,2016,12828396000.0,observation::IND::DT.DOD.MIBR.CD::2016,Observation
IND,DT.DOD.DSTC.CD,2016,83932884000.0,observation::IND::DT.DOD.DSTC.CD::2016,Observation
IND,DT.DOD.DIMF.CD,2016,5348098577.2,observation::IND::DT.DOD.DIMF.CD::2016,Observation
IND,DC.DAC.USAL.CD,2016,91074348.449707,observation::IND::DC.DAC.USAL.CD::2016,Observation
IND,DC.DAC.SVKL.CD,2016,19999.9995529652,observation::IND::DC.DAC.SVKL.CD::2016,Observation
IND,DC.DAC.NORL.CD,2016,17651767.7307129,observation::IND::DC.DAC.NORL.CD::2016,Observation
IND,DC.DAC.KORL.CD,2016,598480.999469757,observation::IND::DC.DAC.KORL.CD::2016,Observation
IND,DC.DAC.IRLL.CD,2016,1201092.95845032,observation::IND::DC.DAC.IRLL.CD::2016,Observation
IND,SL.UEM.TOTL.MA.ZS,2016,7.59,observation::IND::SL.UEM.TOTL.MA.ZS::2016,Observation
IND,SL.TLF.ACTI.MA.ZS,2016,80.628,observation::IND::SL.TLF.ACTI.MA.ZS::2016,Observation
IND,SL.TLF.ACTI.1524.MA.ZS,2016,46.669,observation::IND::SL.TLF.ACTI.1524.MA.ZS::2016,Observation
IND,SL.SRV.EMPL.MA.ZS,2016,33.3715122412943,observation::IND::SL.SRV.EMPL.MA.ZS::2016,Observation
IND,SL.IND.EMPL.MA.ZS,2016,26.9423608571629,observation::IND::SL.IND.EMPL.MA.ZS::2016,Observation
IND,SL.FAM.WORK.MA.ZS,2016,10.4166717222112,observation::IND::SL.FAM.WORK.MA.ZS::2016,Observation
IND,SL.EMP.VULN.ZS,2016,77.2156141688909,observation::IND::SL.EMP.VULN.ZS::2016,Observation
IND,SL.EMP.SELF.FE.ZS,2016,82.2092326677235,observation::IND::SL.EMP.SELF.FE.ZS::2016,Observation
IND,SL.EMP.1524.SP.ZS,2016,23.592,observation::IND::SL.EMP.1524.SP.ZS::2016,Observation
IND,SL.EMP.1524.SP.FE.ZS,2016,11.278,observation::IND::SL.EMP.1524.SP.FE.ZS::2016,Observation
IND,SL.AGR.EMPL.FE.ZS,2016,54.0977447599498,observation::IND::SL.AGR.EMPL.FE.ZS::2016,Observation
IND,SH_UHC_SCI_ID,2016,60.0,observation::IND::SH_UHC_SCI_ID::2016,Observation
IND,SH.XPD.PVTD.PP.CD,2016,147.408442834721,observation::IND::SH.XPD.PVTD.PP.CD::2016,Observation
IND,SH.XPD.OOPC.PC.CD,2016,37.75087012,observation::IND::SH.XPD.OOPC.PC.CD::2016,Observation
IND,SH.XPD.GHED.GE.ZS,2016,3.39333463,observation::IND::SH.XPD.GHED.GE.ZS::2016,Observation
IND,SH.XPD.EHEX.PC.CD,2016,0.38332458,observation::IND::SH.XPD.EHEX.PC.CD::2016,Observation
IND,SH.XPD.CHEX.GD.ZS,2016,3.50430417,observation::IND::SH.XPD.CHEX.GD.ZS::2016,Observation
IND,SH.TBS.CURE.ZS,2016,69.0,observation::IND::SH.TBS.CURE.ZS::2016,Observation
IND,SH.STA.TRAF.P5,2016,15.3,observation::IND::SH.STA.TRAF.P5::2016,Observation
IND,DT.DOD.MIDA.CD,2016,23519621000.0,observation::IND::DT.DOD.MIDA.CD::2016,Observation
IND,DT.DOD.DSTC.IR.ZS,2016,23.2054745958907,observation::IND::DT.DOD.DSTC.IR.ZS::2016,Observation
IND,DT.DOD.DLXF.CD,2016,366260913921.7,observation::IND::DT.DOD.DLXF.CD::2016,Observation
IND,DC.DAC.SVNL.CD,2016,387.000007322058,observation::IND::DC.DAC.SVNL.CD::2016,Observation
IND,DC.DAC.NZLL.CD,2016,879999.995231628,observation::IND::DC.DAC.NZLL.CD::2016,Observation
IND,DC.DAC.LTUL.CD,2016,9220.00035643578,observation::IND::DC.DAC.LTUL.CD::2016,Observation
IND,DC.DAC.GBRL.CD,2016,124993774.414063,observation::IND::DC.DAC.GBRL.CD::2016,Observation
IND,DC.DAC.ESPL.CD,2016,3445380.9261322,observation::IND::DC.DAC.ESPL.CD::2016,Observation
IND,DC.DAC.CHEL.CD,2016,13337759.0179443,observation::IND::DC.DAC.CHEL.CD::2016,Observation
IND,SH.STA.SUIC.MA.P5,2016,16.46,observation::IND::SH.STA.SUIC.MA.P5::2016,Observation
IND,SH.STA.STNT.ME.MA.ZS,2016,38.6,observation::IND::SH.STA.STNT.ME.MA.ZS::2016,Observation
IND,SH.STA.SMSS.ZS,2016,44.8599379840837,observation::IND::SH.STA.SMSS.ZS::2016,Observation
IND,SH.STA.POIS.P5.FE,2016,0.088,observation::IND::SH.STA.POIS.P5.FE::2016,Observation
IND,SH.STA.OWGH.ME.MA.ZS,2016,2.4,observation::IND::SH.STA.OWGH.ME.MA.ZS::2016,Observation
IND,SH.STA.ORTH,2016,50.6,observation::IND::SH.STA.ORTH::2016,Observation
IND,SH.STA.ODFC.RU.ZS,2016,37.6899803948054,observation::IND::SH.STA.ODFC.RU.ZS::2016,Observation
IND,SH.STA.HYGN.RU.ZS,2016,53.9093676541215,observation::IND::SH.STA.HYGN.RU.ZS::2016,Observation
IND,SH.STA.BRTC.ZS,2016,81.4,observation::IND::SH.STA.BRTC.ZS::2016,Observation
IND,SH.STA.BASS.RU.ZS,2016,53.611095028872,observation::IND::SH.STA.BASS.RU.ZS::2016,Observation
IND,SH.SGR.CRSK.ZS,2016,37.9,observation::IND::SH.SGR.CRSK.ZS::2016,Observation
IND,SH.PRG.ANEM,2016,48.1,observation::IND::SH.PRG.ANEM::2016,Observation
IND,SH.MLR.TRET.ZS,2016,20.1,observation::IND::SH.MLR.TRET.ZS::2016,Observation
IND,SH.MED.PHYS.ZS,2016,0.748,observation::IND::SH.MED.PHYS.ZS::2016,Observation
IND,SH.IMM.MEAS,2016,88.0,observation::IND::SH.IMM.MEAS::2016,Observation
IND,SH.H2O.SMDW.UR.ZS,2016,77.6776910648963,observation::IND::SH.H2O.SMDW.UR.ZS::2016,Observation
IND,SH.H2O.BASW.RU.ZS,2016,88.0485222949581,observation::IND::SH.H2O.BASW.RU.ZS::2016,Observation
IND,SH.DYN.NCOM.MA.ZS,2016,25.5,observation::IND::SH.DYN.NCOM.MA.ZS::2016,Observation
IND,SH.DYN.MORT,2016,41.3,observation::IND::SH.DYN.MORT::2016,Observation
IND,SH.DYN.1519,2016,4.5,observation::IND::SH.DYN.1519::2016,Observation
IND,SH.DTH.NMRT,2016,629356.0,observation::IND::SH.DTH.NMRT::2016,Observation
IND,SH.DTH.IMRT,2016,864666.0,observation::IND::SH.DTH.IMRT::2016,Observation
IND,SH.DTH.1014,2016,79733.0,observation::IND::SH.DTH.1014::2016,Observation
IND,SH.ANM.NPRG.ZS,2016,51.2,observation::IND::SH.ANM.NPRG.ZS::2016,Observation
IND,SH.ALC.PCAP.LI,2016,4.87,observation::IND::SH.ALC.PCAP.LI::2016,Observation
IND,SG.VAW.NEGL.ZS,2016,32.7,observation::IND::SG.VAW.NEGL.ZS::2016,Observation
IND,SG.VAW.1549.ZS,2016,22.0,observation::IND::SG.VAW.1549.ZS::2016,Observation
IND,SE.TER.ENRR.FE,2016,27.0964508083747,observation::IND::SE.TER.ENRR.FE::2016,Observation
IND,SE.TER.CUAT.BA.ZS,2016,10.1431703567505,observation::IND::SE.TER.CUAT.BA.ZS::2016,Observation
IND,SE.SEC.TCHR,2016,4638710.0,observation::IND::SE.SEC.TCHR::2016,Observation
IND,DC.DAC.CANL.CD,2016,5873415.94696045,observation::IND::DC.DAC.CANL.CD::2016,Observation
IND,CM.MKT.TRNR,2016,46.2890841379545,observation::IND::CM.MKT.TRNR::2016,Observation
IND,CM.MKT.LCAP.GD.ZS,2016,76.0981248580096,observation::IND::CM.MKT.LCAP.GD.ZS::2016,Observation
IND,BX.TRF.PWKR.CD.DT,2016,62744364089.9511,observation::IND::BX.TRF.PWKR.CD.DT::2016,Observation
IND,BX.KLT.DINV.WD.GD.ZS,2016,1.9373641224439,observation::IND::BX.KLT.DINV.WD.GD.ZS::2016,Observation
IND,BX.GSR.TOTL.CD,2016,445918512250.488,observation::IND::BX.GSR.TOTL.CD::2016,Observation
IND,BX.GSR.INSF.ZS,2016,4.45499468203815,observation::IND::BX.GSR.INSF.ZS::2016,Observation
IND,BX.GSR.CCIS.ZS,2016,47.300749949433,observation::IND::BX.GSR.CCIS.ZS::2016,Observation
IND,BN.TRF.KOGT.CD,2016,136835869.879331,observation::IND::BN.TRF.KOGT.CD::2016,Observation
IND,BN.KLT.DINV.CD,2016,-39411278940.2537,observation::IND::BN.KLT.DINV.CD::2016,Observation
IND,BN.GSR.FCTY.CD,2016,-27361150830.0874,observation::IND::BN.GSR.FCTY.CD::2016,Observation
IND,BM.TRF.PWKR.CD.DT,2016,5622636934.73719,observation::IND::BM.TRF.PWKR.CD.DT::2016,Observation
IND,BM.GSR.TRVL.ZS,2016,17.0726286196316,observation::IND::BM.GSR.TRVL.ZS::2016,Observation
IND,BM.GSR.NFSV.CD,2016,95922439916.7263,observation::IND::BM.GSR.NFSV.CD::2016,Observation
IND,BM.GSR.FCTY.CD,2016,42846175152.8797,observation::IND::BM.GSR.FCTY.CD::2016,Observation
IND,AG.SRF.TOTL.K2,2016,3287260.0,observation::IND::AG.SRF.TOTL.K2::2016,Observation
IND,AG.PRD.CREL.MT,2016,299053838.96,observation::IND::AG.PRD.CREL.MT::2016,Observation
IND,AG.LND.PRCP.MM,2016,1083.0,observation::IND::AG.LND.PRCP.MM::2016,Observation
IND,AG.LND.ARBL.HA.PC,2016,0.116312112388325,observation::IND::AG.LND.ARBL.HA.PC::2016,Observation
IND,AG.CON.FERT.ZS,2016,166.003057888777,observation::IND::AG.CON.FERT.ZS::2016,Observation
IND,SH.TBS.DTEC.ZS,2016,58.0,observation::IND::SH.TBS.DTEC.ZS::2016,Observation
IND,SH.STA.SUIC.FE.P5,2016,12.67,observation::IND::SH.STA.SUIC.FE.P5::2016,Observation
IND,SH.STA.STNT.ME.FE.ZS,2016,36.6,observation::IND::SH.STA.STNT.ME.FE.ZS::2016,Observation
IND,SH.STA.SMSS.UR.ZS,2016,45.7312871031218,observation::IND::SH.STA.SMSS.UR.ZS::2016,Observation
IND,SH.STA.POIS.P5,2016,0.16,observation::IND::SH.STA.POIS.P5::2016,Observation
IND,SH.STA.OWGH.ME.FE.ZS,2016,2.1,observation::IND::SH.STA.OWGH.ME.FE.ZS::2016,Observation
IND,SH.STA.ORCF.ZS,2016,40.1,observation::IND::SH.STA.ORCF.ZS::2016,Observation
IND,SH.STA.BFED.ZS,2016,54.87259,observation::IND::SH.STA.BFED.ZS::2016,Observation
IND,SH.STA.ARIC.ZS,2016,78.1,observation::IND::SH.STA.ARIC.ZS::2016,Observation
IND,SH.MMR.RISK.ZS,2016,0.274618372126596,observation::IND::SH.MMR.RISK.ZS::2016,Observation
IND,SH.MLR.NETS.ZS,2016,5.0,observation::IND::SH.MLR.NETS.ZS::2016,Observation
IND,SH.MED.NUMW.P3,2016,1.474,observation::IND::SH.MED.NUMW.P3::2016,Observation
IND,SH.IMM.IDPT,2016,88.0,observation::IND::SH.IMM.IDPT::2016,Observation
IND,SH.H2O.SMDW.RU.ZS,2016,55.5564218439551,observation::IND::SH.H2O.SMDW.RU.ZS::2016,Observation
IND,SH.FPL.SATM.ZS,2016,71.9,observation::IND::SH.FPL.SATM.ZS::2016,Observation
IND,SH.DYN.NCOM.FE.ZS,2016,20.0,observation::IND::SH.DYN.NCOM.FE.ZS::2016,Observation
IND,SH.DYN.1014,2016,3.0,observation::IND::SH.DYN.1014::2016,Observation
IND,SH.DTH.0509,2016,82445.0,observation::IND::SH.DTH.0509::2016,Observation
IND,SH.ANM.CHLD.ZS,2016,55.0,observation::IND::SH.ANM.CHLD.ZS::2016,Observation
IND,SH.ALC.PCAP.FE.LI,2016,1.55,observation::IND::SH.ALC.PCAP.FE.LI::2016,Observation
IND,SG.VAW.GOES.ZS,2016,26.1,observation::IND::SG.VAW.GOES.ZS::2016,Observation
IND,SG.DMK.ALLD.FN.ZS,2016,63.0,observation::IND::SG.DMK.ALLD.FN.ZS::2016,Observation
IND,SE.TER.ENRR,2016,27.3043573857643,observation::IND::SE.TER.ENRR::2016,Observation
IND,SE.TER.CUAT.BA.MA.ZS,2016,13.0686302185059,observation::IND::SE.TER.CUAT.BA.MA.ZS::2016,Observation
IND,BX.KLT.DINV.CD.WD,2016,44458571545.798,observation::IND::BX.KLT.DINV.CD.WD::2016,Observation
IND,BX.GSR.ROYL.CD,2016,524879155.063453,observation::IND::BX.GSR.ROYL.CD::2016,Observation
IND,BX.GSR.GNFS.CD,2016,430433487927.696,observation::IND::BX.GSR.GNFS.CD::2016,Observation
IND,BX.GSR.CCIS.CD,2016,76541497883.8453,observation::IND::BX.GSR.CCIS.CD::2016,Observation
IND,BN.TRF.CURR.CD,2016,56826569387.7324,observation::IND::BN.TRF.CURR.CD::2016,Observation
IND,BN.KAC.EOMS.CD,2016,150321039.016776,observation::IND::BN.KAC.EOMS.CD::2016,Observation
IND,BN.FIN.TOTL.CD,2016,-11826630798.4727,observation::IND::BN.FIN.TOTL.CD::2016,Observation
IND,BM.TRF.PRVT.CD,2016,3932777976.64613,observation::IND::BM.TRF.PRVT.CD::2016,Observation
IND,BM.GSR.TRAN.ZS,2016,14.7036626028538,observation::IND::BM.GSR.TRAN.ZS::2016,Observation
IND,BM.GSR.MRCH.CD,2016,376090254275.983,observation::IND::BM.GSR.MRCH.CD::2016,Observation
IND,BM.GSR.CMCP.ZS,2016,48.329617530437,observation::IND::BM.GSR.CMCP.ZS::2016,Observation
IND,AG.PRD.LVSK.XD,2016,105.22,observation::IND::AG.PRD.LVSK.XD::2016,Observation
IND,AG.LND.IRIG.AG.ZS,2016,37.4767510496831,observation::IND::AG.LND.IRIG.AG.ZS::2016,Observation
IND,AG.LND.CROP.ZS,2016,4.37240808693693,observation::IND::AG.LND.CROP.ZS::2016,Observation
IND,AG.LND.ARBL.HA,2016,156317000.0,observation::IND::AG.LND.ARBL.HA::2016,Observation
IND,AG.CON.FERT.PT.ZS,2016,144.728520036811,observation::IND::AG.CON.FERT.PT.ZS::2016,Observation
IND,SH.XPD.EHEX.CH.ZS,2016,0.64179951,observation::IND::SH.XPD.EHEX.CH.ZS::2016,Observation
IND,SH.VAC.TTNS.ZS,2016,87.0,observation::IND::SH.VAC.TTNS.ZS::2016,Observation
IND,SH.STA.SUIC.P5,2016,14.62,observation::IND::SH.STA.SUIC.P5::2016,Observation
IND,SH.STA.STNT.ME.ZS,2016,37.7,observation::IND::SH.STA.STNT.ME.ZS::2016,Observation
IND,SH.STA.POIS.P5.MA,2016,0.22,observation::IND::SH.STA.POIS.P5.MA::2016,Observation
IND,SH.STA.OWGH.ME.ZS,2016,2.3,observation::IND::SH.STA.OWGH.ME.ZS::2016,Observation
IND,SH.STA.ODFC.UR.ZS,2016,7.9631724652877,observation::IND::SH.STA.ODFC.UR.ZS::2016,Observation
IND,SH.STA.HYGN.UR.ZS,2016,79.9102001849351,observation::IND::SH.STA.HYGN.UR.ZS::2016,Observation
IND,SH.STA.BRTW.ZS,2016,28.36879643,observation::IND::SH.STA.BRTW.ZS::2016,Observation
IND,SH.STA.BASS.UR.ZS,2016,73.2384001554442,observation::IND::SH.STA.BASS.UR.ZS::2016,Observation
IND,SH.SGR.IRSK.ZS,2016,55.4,observation::IND::SH.SGR.IRSK.ZS::2016,Observation
IND,SH.MMR.DTHS,2016,30000.0,observation::IND::SH.MMR.DTHS::2016,Observation
IND,SH.MED.BEDS.ZS,2016,1.68,observation::IND::SH.MED.BEDS.ZS::2016,Observation
IND,SH.H2O.SMDW.ZS,2016,62.8967025513523,observation::IND::SH.H2O.SMDW.ZS::2016,Observation
IND,SH.H2O.BASW.UR.ZS,2016,95.1828262075497,observation::IND::SH.H2O.BASW.UR.ZS::2016,Observation
IND,SH.DYN.NCOM.ZS,2016,22.8,observation::IND::SH.DYN.NCOM.ZS::2016,Observation
IND,SH.DYN.MORT.FE,2016,42.5,observation::IND::SH.DYN.MORT.FE::2016,Observation
IND,SH.DYN.2024,2016,6.4,observation::IND::SH.DYN.2024::2016,Observation
IND,SH.DTH.1519,2016,116686.0,observation::IND::SH.DTH.1519::2016,Observation
IND,SH.ALC.PCAP.MA.LI,2016,8.01,observation::IND::SH.ALC.PCAP.MA.LI::2016,Observation
IND,SG.VAW.REAS.ZS,2016,44.6,observation::IND::SG.VAW.REAS.ZS::2016,Observation
IND,SG.VAW.ARGU.ZS,2016,29.1,observation::IND::SG.VAW.ARGU.ZS::2016,Observation
IND,SG.GEN.PARL.ZS,2016,11.9705340699816,observation::IND::SG.GEN.PARL.ZS::2016,Observation
IND,SE.XPD.TOTL.GB.ZS,2016,15.7215003967285,observation::IND::SE.XPD.TOTL.GB.ZS::2016,Observation
IND,SE.TER.ENRR.MA,2016,27.4949338283584,observation::IND::SE.TER.ENRR.MA::2016,Observation
IND,DC.DAC.FRAL.CD,2016,138538894.65332,observation::IND::DC.DAC.FRAL.CD::2016,Observation
IND,DC.DAC.DNKL.CD,2016,-2264820.09887695,observation::IND::DC.DAC.DNKL.CD::2016,Observation
IND,DC.DAC.CECL.CD,2016,300843536.376953,observation::IND::DC.DAC.CECL.CD::2016,Observation
IND,DC.DAC.AUSL.CD,2016,4663516.99829102,observation::IND::DC.DAC.AUSL.CD::2016,Observation
IND,CM.MKT.LDOM.NO,2016,5820.0,observation::IND::CM.MKT.LDOM.NO::2016,Observation
IND,BX.TRF.PWKR.DT.GD.ZS,2016,2.73420120455754,observation::IND::BX.TRF.PWKR.DT.GD.ZS::2016,Observation
IND,BX.PEF.TOTL.CD.WD,2016,2336743636.48133,observation::IND::BX.PEF.TOTL.CD.WD::2016,Observation
IND,BX.GSR.TRAN.ZS,2016,9.37809579204235,observation::IND::BX.GSR.TRAN.ZS::2016,Observation
IND,BX.GSR.MRCH.CD,2016,268614704999.999,observation::IND::BX.GSR.MRCH.CD::2016,Observation
IND,BX.GSR.CMCP.ZS,2016,58.2861632072611,observation::IND::BX.GSR.CMCP.ZS::2016,Observation
IND,BX.GRT.EXTA.CD.WD,2016,692177393.0,observation::IND::BX.GRT.EXTA.CD.WD::2016,Observation
IND,BN.KLT.PTXL.CD,2016,4725209437.40442,observation::IND::BN.KLT.PTXL.CD::2016,Observation
IND,BN.GSR.GNFS.CD,2016,-41579206265.0142,observation::IND::BN.GSR.GNFS.CD::2016,Observation
IND,BN.CAB.XOKA.CD,2016,-12113787707.3688,observation::IND::BN.CAB.XOKA.CD::2016,Observation
IND,BM.KLT.DINV.CD.WD,2016,5047292605.54427,observation::IND::BM.KLT.DINV.CD.WD::2016,Observation
IND,BM.GSR.ROYL.CD,2016,5466041709.75269,observation::IND::BM.GSR.ROYL.CD::2016,Observation
IND,BM.GSR.GNFS.CD,2016,472012694192.71,observation::IND::BM.GSR.GNFS.CD::2016,Observation
IND,AG.YLD.CREL.KG,2016,3012.9,observation::IND::AG.YLD.CREL.KG::2016,Observation
IND,AG.PRD.CROP.XD,2016,101.03,observation::IND::AG.PRD.CROP.XD::2016,Observation
IND,AG.LND.TOTL.K2,2016,2973190.0,observation::IND::AG.LND.TOTL.K2::2016,Observation
IND,AG.LND.FRST.K2,2016,710940.0,observation::IND::AG.LND.FRST.K2::2016,Observation
IND,AG.LND.ARBL.ZS,2016,52.5755165327477,observation::IND::AG.LND.ARBL.ZS::2016,Observation
IND,AG.LND.AGRI.K2,2016,1795780.0,observation::IND::AG.LND.AGRI.K2::2016,Observation
IND,SH.STA.SMSS.RU.ZS,2016,44.4272227906105,observation::IND::SH.STA.SMSS.RU.ZS::2016,Observation
IND,SH.STA.ODFC.ZS,2016,27.826030815518,observation::IND::SH.STA.ODFC.ZS::2016,Observation
IND,SH.STA.MMRT,2016,121.0,observation::IND::SH.STA.MMRT::2016,Observation
IND,SH.STA.HYGN.ZS,2016,62.5369651216312,observation::IND::SH.STA.HYGN.ZS::2016,Observation
IND,SH.STA.BASS.ZS,2016,60.1238284933312,observation::IND::SH.STA.BASS.ZS::2016,Observation
IND,SH.STA.ANVC.ZS,2016,79.3,observation::IND::SH.STA.ANVC.ZS::2016,Observation
IND,SH.MMR.RISK,2016,364.0,observation::IND::SH.MMR.RISK::2016,Observation
IND,SH.MLR.INCD.P3,2016,6.29,observation::IND::SH.MLR.INCD.P3::2016,Observation
IND,SH.MED.CMHW.P3,2016,0.581,observation::IND::SH.MED.CMHW.P3::2016,Observation
IND,SH.IMM.HEPB,2016,88.0,observation::IND::SH.IMM.HEPB::2016,Observation
IND,SH.H2O.BASW.ZS,2016,90.4158282525921,observation::IND::SH.H2O.BASW.ZS::2016,Observation
IND,SH.DYN.NMRT,2016,25.0,observation::IND::SH.DYN.NMRT::2016,Observation
IND,SH.DYN.MORT.MA,2016,40.1,observation::IND::SH.DYN.MORT.MA::2016,Observation
IND,SH.DYN.AIDS.FE.ZS,2016,43.319299957935,observation::IND::SH.DYN.AIDS.FE.ZS::2016,Observation
IND,SH.DYN.0509,2016,3.2,observation::IND::SH.DYN.0509::2016,Observation
IND,SH.DTH.MORT,2016,1038204.0,observation::IND::SH.DTH.MORT::2016,Observation
IND,SH.DTH.2024,2016,158157.0,observation::IND::SH.DTH.2024::2016,Observation
IND,SH.ANM.ALLW.ZS,2016,51.1,observation::IND::SH.ANM.ALLW.ZS::2016,Observation
IND,SG.VAW.REFU.ZS,2016,13.3,observation::IND::SG.VAW.REFU.ZS::2016,Observation
IND,SG.VAW.BURN.ZS,2016,19.1,observation::IND::SG.VAW.BURN.ZS::2016,Observation
IND,SE.XPD.TOTL.GD.ZS,2016,4.25406980514526,observation::IND::SE.XPD.TOTL.GD.ZS::2016,Observation
IND,SE.TER.TCHR.FE.ZS,2016,39.0872124263908,observation::IND::SE.TER.TCHR.FE.ZS::2016,Observation
IND,SE.TER.ENRL.TC.ZS,2016,23.74541,observation::IND::SE.TER.ENRL.TC.ZS::2016,Observation
IND,SE.TER.CUAT.BA.FE.ZS,2016,7.28427982330322,observation::IND::SE.TER.CUAT.BA.FE.ZS::2016,Observation
IND,SE.SEC.TCHR.FE.ZS,2016,43.2857626365951,observation::IND::SE.SEC.TCHR.FE.ZS::2016,Observation
IND,SE.SEC.TCAQ.LO.ZS,2016,76.9933384028456,observation::IND::SE.SEC.TCAQ.LO.ZS::2016,Observation
IND,SE.SEC.PROG.ZS,2016,90.34762,observation::IND::SE.SEC.PROG.ZS::2016,Observation
IND,DC.DAC.AUTL.CD,2016,3671196.93756104,observation::IND::DC.DAC.AUTL.CD::2016,Observation
IND,CM.MKT.TRAD.CD,2016,808345072456.108,observation::IND::CM.MKT.TRAD.CD::2016,Observation
IND,CM.MKT.INDX.ZG,2016,-0.150059361517285,observation::IND::CM.MKT.INDX.ZG::2016,Observation
IND,BX.TRF.CURR.CD,2016,61544776814.8191,observation::IND::BX.TRF.CURR.CD::2016,Observation
IND,BX.GSR.TRVL.ZS,2016,13.8595573607843,observation::IND::BX.GSR.TRVL.ZS::2016,Observation
IND,BX.GSR.NFSV.CD,2016,161818782927.696,observation::IND::BX.GSR.NFSV.CD::2016,Observation
IND,BX.GSR.FCTY.CD,2016,15485024322.7923,observation::IND::BX.GSR.FCTY.CD::2016,Observation
IND,BX.GRT.TECH.CD.WD,2016,352550999.0,observation::IND::BX.GRT.TECH.CD.WD::2016,Observation
IND,BN.RES.INCL.CD,2016,15739272990.1289,observation::IND::BN.RES.INCL.CD::2016,Observation
IND,BN.GSR.MRCH.CD,2016,-107475549275.983,observation::IND::BN.GSR.MRCH.CD::2016,Observation
IND,BN.CAB.XOKA.GD.ZS,2016,-0.527880606037518,observation::IND::BN.CAB.XOKA.GD.ZS::2016,Observation
IND,BM.KLT.DINV.WD.GD.ZS,2016,0.219945069521291,observation::IND::BM.KLT.DINV.WD.GD.ZS::2016,Observation
IND,BM.GSR.TOTL.CD,2016,514858869345.59,observation::IND::BM.GSR.TOTL.CD::2016,Observation
IND,BM.GSR.INSF.ZS,2016,6.59151565625745,observation::IND::BM.GSR.INSF.ZS::2016,Observation
IND,BG.GSR.NFSV.GD.ZS,2016,11.2315483977981,observation::IND::BG.GSR.NFSV.GD.ZS::2016,Observation
IND,AG.PRD.FOOD.XD,2016,102.31,observation::IND::AG.PRD.FOOD.XD::2016,Observation
IND,AG.LND.FRST.ZS,2016,23.9116908102072,observation::IND::AG.LND.FRST.ZS::2016,Observation
IND,AG.LND.CREL.HA,2016,99258511.0,observation::IND::AG.LND.CREL.HA::2016,Observation
IND,AG.LND.AGRI.ZS,2016,60.3990999566123,observation::IND::AG.LND.AGRI.ZS::2016,Observation
IND,SE.SEC.TCAQ.LO.FE.ZS,2016,78.6363725941599,observation::IND::SE.SEC.TCAQ.LO.FE.ZS::2016,Observation
IND,SE.SEC.PROG.FE.ZS,2016,90.36919,observation::IND::SE.SEC.PROG.FE.ZS::2016,Observation
IND,SE.SEC.ENRL.VO.FE.ZS,2016,16.58686,observation::IND::SE.SEC.ENRL.VO.FE.ZS::2016,Observation
IND,SE.SEC.ENRL.LO.TC.ZS,2016,26.9604,observation::IND::SE.SEC.ENRL.LO.TC.ZS::2016,Observation
IND,SE.SEC.ENRL,2016,132161360.0,observation::IND::SE.SEC.ENRL::2016,Observation
IND,SE.SEC.CUAT.LO.ZS,2016,42.0984115600586,observation::IND::SE.SEC.CUAT.LO.ZS::2016,Observation
IND,SE.SEC.CMPT.LO.MA.ZS,2016,84.6118176178778,observation::IND::SE.SEC.CMPT.LO.MA.ZS::2016,Observation
IND,SE.PRM.UNER.MA.ZS,2016,5.17290264653804,observation::IND::SE.PRM.UNER.MA.ZS::2016,Observation
IND,SE.PRM.UNER,2016,5010197.0,observation::IND::SE.PRM.UNER::2016,Observation
IND,SE.PRM.PRSL.ZS,2016,87.7373733520508,observation::IND::SE.PRM.PRSL.ZS::2016,Observation
IND,SE.PRM.PRS5.MA.ZS,2016,88.2896728515625,observation::IND::SE.PRM.PRS5.MA.ZS::2016,Observation
IND,SE.PRM.GINT.ZS,2016,104.07735,observation::IND::SE.PRM.GINT.ZS::2016,Observation
IND,SE.PRM.ENRR.FE,2016,104.836573961145,observation::IND::SE.PRM.ENRR.FE::2016,Observation
IND,SE.PRM.ENRL,2016,126563421.0,observation::IND::SE.PRM.ENRL::2016,Observation
IND,SE.PRM.CUAT.FE.ZS,2016,45.1310691833496,observation::IND::SE.PRM.CUAT.FE.ZS::2016,Observation
IND,SE.PRM.AGES,2016,6.0,observation::IND::SE.PRM.AGES::2016,Observation
IND,SE.PRE.DURS,2016,3.0,observation::IND::SE.PRE.DURS::2016,Observation
IND,SE.ENR.PRSC.FM.ZS,2016,1.03045177459717,observation::IND::SE.ENR.PRSC.FM.ZS::2016,Observation
IND,SE.ADT.1524.LT.FM.ZS,2016,0.930000007152557,observation::IND::SE.ADT.1524.LT.FM.ZS::2016,Observation
IND,PA.NUS.PPP,2016,19.7442391048838,observation::IND::PA.NUS.PPP::2016,Observation
IND,NY.TTF.GNFS.KN,2016,-880933721647.98,observation::IND::NY.TTF.GNFS.KN::2016,Observation
IND,NY.TAX.NIND.KN,2016,9799085989000.0,observation::IND::NY.TAX.NIND.KN::2016,Observation
IND,NY.GSR.NFCY.CN,2016,-1764001353000.0,observation::IND::NY.GSR.NFCY.CN::2016,Observation
IND,NY.GNS.ICTR.CN,2016,48832247471224.2,observation::IND::NY.GNS.ICTR.CN::2016,Observation
IND,NY.GNP.PCAP.KN,2016,90506.8654218984,observation::IND::NY.GNP.PCAP.KN::2016,Observation
IND,SE.SEC.PRIV.ZS,2016,50.5127716064453,observation::IND::SE.SEC.PRIV.ZS::2016,Observation
IND,SE.SEC.ENRR.MA,2016,76.0413970947266,observation::IND::SE.SEC.ENRR.MA::2016,Observation
IND,SE.SEC.ENRL.VO,2016,1762522.0,observation::IND::SE.SEC.ENRL.VO::2016,Observation
IND,SE.SEC.ENRL.GC.FE.ZS,2016,48.10071,observation::IND::SE.SEC.ENRL.GC.FE.ZS::2016,Observation
IND,SE.SEC.DURS,2016,7.0,observation::IND::SE.SEC.DURS::2016,Observation
IND,SE.SEC.CUAT.LO.MA.ZS,2016,52.9692192077637,observation::IND::SE.SEC.CUAT.LO.MA.ZS::2016,Observation
IND,SE.SEC.CMPT.LO.FE.ZS,2016,88.0608680483839,observation::IND::SE.SEC.CMPT.LO.FE.ZS::2016,Observation
IND,SE.PRM.UNER.MA,2016,3294559.0,observation::IND::SE.PRM.UNER.MA::2016,Observation
IND,SE.PRM.REPT.ZS,2016,0.52569,observation::IND::SE.PRM.REPT.ZS::2016,Observation
IND,SE.PRM.PRSL.MA.ZS,2016,88.2896728515625,observation::IND::SE.PRM.PRSL.MA.ZS::2016,Observation
IND,SE.PRM.PRS5.FE.ZS,2016,87.1502838134766,observation::IND::SE.PRM.PRS5.FE.ZS::2016,Observation
IND,SE.PRM.GINT.MA.ZS,2016,102.89682,observation::IND::SE.PRM.GINT.MA.ZS::2016,Observation
IND,SE.PRM.ENRR,2016,103.742722477923,observation::IND::SE.PRM.ENRR::2016,Observation
IND,SE.PRM.DURS,2016,5.0,observation::IND::SE.PRM.DURS::2016,Observation
IND,SE.PRM.CMPT.ZS,2016,99.3136774343373,observation::IND::SE.PRM.CMPT.ZS::2016,Observation
IND,SE.ENR.PRIM.FM.ZS,2016,1.03597581386566,observation::IND::SE.ENR.PRIM.FM.ZS::2016,Observation
IND,SE.ADT.1524.LT.FE.ZS,2016,86.7399978637695,observation::IND::SE.ADT.1524.LT.FE.ZS::2016,Observation
IND,PA.NUS.GDP.PLI,2016,29.4373653460861,observation::IND::PA.NUS.GDP.PLI::2016,Observation
IND,NY.TAX.NIND.CN,2016,14264688252000.0,observation::IND::NY.TAX.NIND.CN::2016,Observation
IND,NY.GSR.NFCY.CD,2016,-26300103044.4403,observation::IND::NY.GSR.NFCY.CD::2016,Observation
IND,SE.SEC.TCHR.FE,2016,2007901.0,observation::IND::SE.SEC.TCHR.FE::2016,Observation
IND,SE.SEC.TCAQ.LO.MA.ZS,2016,75.6484631628343,observation::IND::SE.SEC.TCAQ.LO.MA.ZS::2016,Observation
IND,SE.SEC.PROG.MA.ZS,2016,90.32743,observation::IND::SE.SEC.PROG.MA.ZS::2016,Observation
IND,SE.SEC.ENRR,2016,75.9372863769531,observation::IND::SE.SEC.ENRR::2016,Observation
IND,SE.SEC.ENRL.TC.ZS,2016,28.49097,observation::IND::SE.SEC.ENRL.TC.ZS::2016,Observation
IND,SE.SEC.ENRL.FE.ZS,2016,47.68043,observation::IND::SE.SEC.ENRL.FE.ZS::2016,Observation
IND,SE.SEC.CMPT.LO.ZS,2016,86.2597112438317,observation::IND::SE.SEC.CMPT.LO.ZS::2016,Observation
IND,SE.PRM.UNER.ZS,2016,4.10680647555128,observation::IND::SE.PRM.UNER.ZS::2016,Observation
IND,SE.PRM.UNER.FE,2016,1715638.0,observation::IND::SE.PRM.UNER.FE::2016,Observation
IND,SE.PRM.REPT.FE.ZS,2016,0.5095,observation::IND::SE.PRM.REPT.FE.ZS::2016,Observation
IND,SE.PRM.PRS5.ZS,2016,87.7373733520508,observation::IND::SE.PRM.PRS5.ZS::2016,Observation
IND,SE.PRM.ENRR.MA,2016,102.741275277526,observation::IND::SE.PRM.ENRR.MA::2016,Observation
IND,SE.PRM.ENRL.FE.ZS,2016,51.11492,observation::IND::SE.PRM.ENRL.FE.ZS::2016,Observation
IND,SE.PRM.CUAT.MA.ZS,2016,68.5063323974609,observation::IND::SE.PRM.CUAT.MA.ZS::2016,Observation
IND,SE.PRM.CMPT.FE.ZS,2016,100.53193195489,observation::IND::SE.PRM.CMPT.FE.ZS::2016,Observation
IND,SE.ENR.SECO.FM.ZS,2016,1.02354049682617,observation::IND::SE.ENR.SECO.FM.ZS::2016,Observation
IND,SE.ADT.1524.LT.MA.ZS,2016,93.5500030517578,observation::IND::SE.ADT.1524.LT.MA.ZS::2016,Observation
IND,PA.NUS.PRVT.PLI,2016,28.9754657431188,observation::IND::PA.NUS.PRVT.PLI::2016,Observation
IND,PA.NUS.ATLS,2016,67.072032,observation::IND::PA.NUS.ATLS::2016,Observation
IND,NY.TRF.NCTR.CD,2016,56571730333.1439,observation::IND::NY.TRF.NCTR.CD::2016,Observation
IND,SE.SEC.ENRR.FE,2016,75.823371887207,observation::IND::SE.SEC.ENRR.FE::2016,Observation
IND,SE.SEC.ENRL.UP.TC.ZS,2016,30.24963,observation::IND::SE.SEC.ENRL.UP.TC.ZS::2016,Observation
IND,SE.SEC.ENRL.GC,2016,130398837.0,observation::IND::SE.SEC.ENRL.GC::2016,Observation
IND,SE.SEC.CUAT.LO.FE.ZS,2016,31.4749908447266,observation::IND::SE.SEC.CUAT.LO.FE.ZS::2016,Observation
IND,SE.SEC.AGES,2016,11.0,observation::IND::SE.SEC.AGES::2016,Observation
IND,SE.PRM.UNER.FE.ZS,2016,2.9423408128292,observation::IND::SE.PRM.UNER.FE.ZS::2016,Observation
IND,SE.PRM.REPT.MA.ZS,2016,0.54082,observation::IND::SE.PRM.REPT.MA.ZS::2016,Observation
IND,SE.PRM.PRSL.FE.ZS,2016,87.1502838134766,observation::IND::SE.PRM.PRSL.FE.ZS::2016,Observation
IND,SE.PRM.PRIV.ZS,2016,33.4191017150879,observation::IND::SE.PRM.PRIV.ZS::2016,Observation
IND,SE.PRM.GINT.FE.ZS,2016,105.38116,observation::IND::SE.PRM.GINT.FE.ZS::2016,Observation
IND,SE.PRM.ENRL.TC.ZS,2016,35.21588,observation::IND::SE.PRM.ENRL.TC.ZS::2016,Observation
IND,SE.PRM.CUAT.ZS,2016,56.6841812133789,observation::IND::SE.PRM.CUAT.ZS::2016,Observation
IND,SE.PRM.CMPT.MA.ZS,2016,98.1993764970523,observation::IND::SE.PRM.CMPT.MA.ZS::2016,Observation
IND,SE.ENR.TERT.FM.ZS,2016,0.985507038406737,observation::IND::SE.ENR.TERT.FM.ZS::2016,Observation
IND,SE.COM.DURS,2016,8.0,observation::IND::SE.COM.DURS::2016,Observation
IND,SE.ADT.1524.LT.ZS,2016,90.2900009155273,observation::IND::SE.ADT.1524.LT.ZS::2016,Observation
IND,PA.NUS.PRVT.PP,2016,19.4344336553737,observation::IND::PA.NUS.PRVT.PP::2016,Observation
IND,PA.NUS.FCRF,2016,67.1953128073894,observation::IND::PA.NUS.FCRF::2016,Observation
IND,NY.TRF.NCTR.CN,2016,3794380907200.0,observation::IND::NY.TRF.NCTR.CN::2016,Observation
IND,NY.TAX.NIND.CD,2016,212677144655.465,observation::IND::NY.TAX.NIND.CD::2016,Observation
IND,NY.GNS.ICTR.ZS,2016,31.7264147403683,observation::IND::NY.GNS.ICTR.ZS::2016,Observation
IND,NY.GNP.PCAP.CD,2016,1670.0,observation::IND::NY.GNP.PCAP.CD::2016,Observation
IND,NY.GNP.MKTP.KD.ZG,2016,8.67441744856141,observation::IND::NY.GNP.MKTP.KD.ZG::2016,Observation
IND,NY.GNP.MKTP.CD,2016,2268496715258.31,observation::IND::NY.GNP.MKTP.CD::2016,Observation
IND,NY.GDS.TOTL.CN,2016,46784779861800.0,observation::IND::NY.GDS.TOTL.CN::2016,Observation
IND,NY.GDP.PCAP.PP.KD,2016,6940.62588857522,observation::IND::NY.GDP.PCAP.PP.KD::2016,Observation
IND,NY.GDP.PCAP.KD,2016,1694.46534973825,observation::IND::NY.GDP.PCAP.KD::2016,Observation
IND,NY.GDP.MKTP.PP.KD,2016,9327814573620.6,observation::IND::NY.GDP.MKTP.PP.KD::2016,Observation
IND,NY.GDP.MKTP.KD,2016,2277267041550.36,observation::IND::NY.GDP.MKTP.KD::2016,Observation
IND,NY.GDP.MINR.RT.ZS,2016,0.356697463670271,observation::IND::NY.GDP.MINR.RT.ZS::2016,Observation
IND,NY.GDP.FCST.CN,2016,139652001896700.0,observation::IND::NY.GDP.FCST.CN::2016,Observation
IND,NY.GDP.DEFL.ZS.AD,2016,125.052221196612,observation::IND::NY.GDP.DEFL.ZS.AD::2016,Observation
IND,NY.GDP.COAL.RT.ZS,2016,0.81269479010056,observation::IND::NY.GDP.COAL.RT.ZS::2016,Observation
IND,NY.ADJ.SVNG.GN.ZS,2016,18.4271504168552,observation::IND::NY.ADJ.SVNG.GN.ZS::2016,Observation
IND,NY.ADJ.NNTY.PC.CD,2016,1481.89005549439,observation::IND::NY.ADJ.NNTY.PC.CD::2016,Observation
IND,NY.ADJ.NNAT.GN.ZS,2016,20.918800874011,observation::IND::NY.ADJ.NNAT.GN.ZS::2016,Observation
IND,NY.ADJ.DPEM.GN.ZS,2016,1.21477416196932,observation::IND::NY.ADJ.DPEM.GN.ZS::2016,Observation
IND,NY.ADJ.DMIN.GN.ZS,2016,0.194207934460027,observation::IND::NY.ADJ.DMIN.GN.ZS::2016,Observation
IND,NY.ADJ.DFOR.GN.ZS,2016,0.304148825578988,observation::IND::NY.ADJ.DFOR.GN.ZS::2016,Observation
IND,NY.ADJ.AEDU.GN.ZS,2016,3.08,observation::IND::NY.ADJ.AEDU.GN.ZS::2016,Observation
IND,NV.SRV.TOTL.KD.ZG,2016,8.46306384864708,observation::IND::NV.SRV.TOTL.KD.ZG::2016,Observation
IND,NV.SRV.EMPL.KD,2016,7339.84467096915,observation::IND::NV.SRV.EMPL.KD::2016,Observation
IND,NV.MNF.MTRN.ZS.UN,2016,19.4178572346925,observation::IND::NV.MNF.MTRN.ZS.UN::2016,Observation
IND,NV.IND.TOTL.KN,2016,35669527296900.0,observation::IND::NV.IND.TOTL.KN::2016,Observation
IND,NV.IND.TOTL.CD,2016,610851981617.316,observation::IND::NV.IND.TOTL.CD::2016,Observation
IND,NV.IND.MANF.KD,2016,353805869086.678,observation::IND::NV.IND.MANF.KD::2016,Observation
IND,NV.AGR.TOTL.KD.ZG,2016,6.79755863179108,observation::IND::NV.AGR.TOTL.KD.ZG::2016,Observation
IND,NV.AGR.EMPL.KD,2016,1789.57373878368,observation::IND::NV.AGR.EMPL.KD::2016,Observation
IND,NE.RSB.GNFS.CN,2016,-2718193208600.0,observation::IND::NE.RSB.GNFS.CN::2016,Observation
IND,NE.IMP.GNFS.KD.ZG,2016,4.38189390370411,observation::IND::NE.IMP.GNFS.KD.ZG::2016,Observation
IND,NE.GDI.TOTL.ZS,2016,30.172690580036,observation::IND::NE.GDI.TOTL.ZS::2016,Observation
IND,NY.GNS.ICTR.CD,2016,728056777394.551,observation::IND::NY.GNS.ICTR.CD::2016,Observation
IND,NY.GNP.PCAP.KD.ZG,2016,6.98702602483041,observation::IND::NY.GNP.PCAP.KD.ZG::2016,Observation
IND,NY.GNP.MKTP.PP.KD,2016,9228864334351.47,observation::IND::NY.GNP.MKTP.PP.KD::2016,Observation
IND,NY.GNP.MKTP.KD,2016,2251121753581.88,observation::IND::NY.GNP.MKTP.KD::2016,Observation
IND,NY.GNP.ATLS.CD,2016,2246783906989.46,observation::IND::NY.GNP.ATLS.CD::2016,Observation
IND,NY.GDS.TOTL.CD,2016,697530378411.675,observation::IND::NY.GDS.TOTL.CD::2016,Observation
IND,NY.GDP.PCAP.PP.CD,2016,5800.48149366552,observation::IND::NY.GDP.PCAP.PP.CD::2016,Observation
IND,NY.GDP.PCAP.CN,2016,114526.093534386,observation::IND::NY.GDP.PCAP.CN::2016,Observation
IND,NY.GDP.MKTP.PP.CD,2016,7795524017465.34,observation::IND::NY.GDP.MKTP.PP.CD::2016,Observation
IND,NY.GDP.MKTP.CN.AD,2016,153916690148700.0,observation::IND::NY.GDP.MKTP.CN.AD::2016,Observation
IND,NY.GDP.FRST.RT.ZS,2016,0.297938360808894,observation::IND::NY.GDP.FRST.RT.ZS::2016,Observation
IND,NY.GDP.FCST.CD,2016,2082119741007.7,observation::IND::NY.GDP.FCST.CD::2016,Observation
IND,NY.GDP.DEFL.ZS,2016,125.052221196612,observation::IND::NY.GDP.DEFL.ZS::2016,Observation
IND,NY.EXP.CAPM.KN,2016,24003292072352.0,observation::IND::NY.EXP.CAPM.KN::2016,Observation
IND,NY.ADJ.SVNG.CD,2016,414231307938.761,observation::IND::NY.ADJ.SVNG.CD::2016,Observation
IND,NY.ADJ.NNTY.KD.ZG,2016,7.49438183641379,observation::IND::NY.ADJ.NNTY.KD.ZG::2016,Observation
IND,NY.ADJ.NNAT.CD,2016,470242118316.137,observation::IND::NY.ADJ.NNAT.CD::2016,Observation
IND,NY.ADJ.DPEM.CD,2016,27307395803.4496,observation::IND::NY.ADJ.DPEM.CD::2016,Observation
IND,NY.ADJ.DMIN.CD,2016,4365678082.80751,observation::IND::NY.ADJ.DMIN.CD::2016,Observation
IND,NY.ADJ.DFOR.CD,2016,6837083487.00414,observation::IND::NY.ADJ.DFOR.CD::2016,Observation
IND,NY.ADJ.AEDU.CD,2016,69236555820.6106,observation::IND::NY.ADJ.AEDU.CD::2016,Observation
IND,NV.SRV.TOTL.KD,2016,1090241826993.68,observation::IND::NV.SRV.TOTL.KD::2016,Observation
IND,NV.MNF.TXTL.ZS.UN,2016,8.43202853147108,observation::IND::NV.MNF.TXTL.ZS.UN::2016,Observation
IND,NV.MNF.FBTO.ZS.UN,2016,10.6901766931468,observation::IND::NV.MNF.FBTO.ZS.UN::2016,Observation
IND,NV.IND.TOTL.KD.ZG,2016,7.72008397972867,observation::IND::NV.IND.TOTL.KD.ZG::2016,Observation
IND,NV.IND.MANF.ZS,2016,15.1622371332529,observation::IND::NV.IND.MANF.ZS::2016,Observation
IND,NV.IND.MANF.CN,2016,23337213548000.0,observation::IND::NV.IND.MANF.CN::2016,Observation
IND,NV.AGR.TOTL.KD,2016,363373427943.486,observation::IND::NV.AGR.TOTL.KD::2016,Observation
IND,NE.TRD.GNFS.ZS,2016,40.082485713276,observation::IND::NE.TRD.GNFS.ZS::2016,Observation
IND,NE.RSB.GNFS.CD,2016,-40526477691.9238,observation::IND::NE.RSB.GNFS.CD::2016,Observation
IND,NY.GNS.ICTR.GN.ZS,2016,32.0942398768979,observation::IND::NY.GNS.ICTR.GN.ZS::2016,Observation
IND,NY.GNP.PCAP.PP.CD,2016,5730.0,observation::IND::NY.GNP.PCAP.PP.CD::2016,Observation
IND,NY.GNP.PCAP.CN,2016,113213.534765209,observation::IND::NY.GNP.PCAP.CN::2016,Observation
IND,NY.GNP.MKTP.KN,2016,121636185532600.0,observation::IND::NY.GNP.MKTP.KN::2016,Observation
IND,NY.GNP.MKTP.CN,2016,152152684277700.0,observation::IND::NY.GNP.MKTP.CN::2016,Observation
IND,NY.GDS.TOTL.ZS,2016,30.3961706924706,observation::IND::NY.GDS.TOTL.ZS::2016,Observation
IND,NY.GDP.PETR.RT.ZS,2016,0.220297977730946,observation::IND::NY.GDP.PETR.RT.ZS::2016,Observation
IND,NY.GDP.PCAP.KD.ZG,2016,6.97394690929247,observation::IND::NY.GDP.PCAP.KD.ZG::2016,Observation
IND,NY.GDP.NGAS.RT.ZS,2016,0.0607616430187198,observation::IND::NY.GDP.NGAS.RT.ZS::2016,Observation
IND,NY.GDP.MKTP.KD.ZG,2016,8.25630550179086,observation::IND::NY.GDP.MKTP.KD.ZG::2016,Observation
IND,NY.GDP.MKTP.CD,2016,2294796885663.16,observation::IND::NY.GDP.MKTP.CD::2016,Observation
IND,NY.GDP.FCST.KD,2016,2073813215325.09,observation::IND::NY.GDP.FCST.KD::2016,Observation
IND,NY.GDP.DISC.CN,2016,3062166400800.0,observation::IND::NY.GDP.DISC.CN::2016,Observation
IND,NY.GDP.DEFL.KD.ZG,2016,3.23797495080767,observation::IND::NY.GDP.DEFL.KD.ZG::2016,Observation
IND,NY.ADJ.SVNX.CD,2016,441538703742.211,observation::IND::NY.ADJ.SVNX.CD::2016,Observation
IND,NY.ADJ.NNTY.PC.KD,2016,1471.06871326035,observation::IND::NY.ADJ.NNTY.PC.KD::2016,Observation
IND,NY.ADJ.NNTY.CD,2016,1991577687380.81,observation::IND::NY.ADJ.NNTY.CD::2016,Observation
IND,NY.ADJ.DRES.GN.ZS,2016,0.849895006070074,observation::IND::NY.ADJ.DRES.GN.ZS::2016,Observation
IND,NY.ADJ.DNGY.CD,2016,7902369283.89902,observation::IND::NY.ADJ.DNGY.CD::2016,Observation
IND,NY.ADJ.DKAP.CD,2016,237257305811.278,observation::IND::NY.ADJ.DKAP.CD::2016,Observation
IND,NY.ADJ.DCO2.CD,2016,78834839540.8265,observation::IND::NY.ADJ.DCO2.CD::2016,Observation
IND,NV.SRV.TOTL.KN,2016,60353274951500.0,observation::IND::NV.SRV.TOTL.KN::2016,Observation
IND,NV.SRV.TOTL.CD,2016,1095751773725.9,observation::IND::NV.SRV.TOTL.CD::2016,Observation
IND,NV.MNF.OTHR.ZS.UN,2016,43.4157141002785,observation::IND::NV.MNF.OTHR.ZS.UN::2016,Observation
IND,NV.IND.TOTL.ZS,2016,26.6189999399789,observation::IND::NV.IND.TOTL.ZS::2016,Observation
IND,NV.IND.TOTL.CN,2016,40971083658300.0,observation::IND::NV.IND.TOTL.CN::2016,Observation
IND,NV.IND.MANF.KD.ZG,2016,7.92682142090599,observation::IND::NV.IND.MANF.KD.ZG::2016,Observation
IND,NV.IND.EMPL.KD,2016,5234.59535590151,observation::IND::NV.IND.EMPL.KD::2016,Observation
IND,NV.AGR.TOTL.KN,2016,17260043995700.0,observation::IND::NV.AGR.TOTL.KN::2016,Observation
IND,NV.AGR.TOTL.CD,2016,375515985664.487,observation::IND::NV.AGR.TOTL.CD::2016,Observation
IND,NE.RSB.GNFS.KN,2016,-1331702017500.0,observation::IND::NE.RSB.GNFS.KN::2016,Observation
IND,NE.IMP.GNFS.KN,2016,26215927811500.0,observation::IND::NE.IMP.GNFS.KN::2016,Observation
IND,NY.GNP.PCAP.PP.KD,2016,6866.99914707735,observation::IND::NY.GNP.PCAP.PP.KD::2016,Observation
IND,NY.GNP.PCAP.KD,2016,1675.01120417113,observation::IND::NY.GNP.PCAP.KD::2016,Observation
IND,NY.GNP.MKTP.PP.CD,2016,7706181204018.37,observation::IND::NY.GNP.MKTP.PP.CD::2016,Observation
IND,NY.GNP.MKTP.CN.AD,2016,152152684277700.0,observation::IND::NY.GNP.MKTP.CN.AD::2016,Observation
IND,NY.GDY.TOTL.KN,2016,122200998511052.0,observation::IND::NY.GDY.TOTL.KN::2016,Observation
IND,NY.GDP.TOTL.RT.ZS,2016,1.74839023532939,observation::IND::NY.GDP.TOTL.RT.ZS::2016,Observation
IND,NY.GDP.PCAP.KN,2016,91582.6143978069,observation::IND::NY.GDP.PCAP.KN::2016,Observation
IND,NY.GDP.PCAP.CD,2016,1707.50892912243,observation::IND::NY.GDP.PCAP.CD::2016,Observation
IND,NY.GDP.MKTP.KN,2016,123081932232700.0,observation::IND::NY.GDP.MKTP.KN::2016,Observation
IND,NY.GDP.MKTP.CN,2016,153916690148700.0,observation::IND::NY.GDP.MKTP.CN::2016,Observation
IND,NY.GDP.FCST.KN,2016,113282846243700.0,observation::IND::NY.GDP.FCST.KN::2016,Observation
IND,NY.GDP.DISC.KN,2016,2778435202100.0,observation::IND::NY.GDP.DISC.KN::2016,Observation
IND,NY.GDP.DEFL.KD.ZG.AD,2016,3.23797495080767,observation::IND::NY.GDP.DEFL.KD.ZG.AD::2016,Observation
IND,NY.ADJ.SVNX.GN.ZS,2016,19.6419245788245,observation::IND::NY.ADJ.SVNX.GN.ZS::2016,Observation
IND,NY.ADJ.NNTY.PC.KD.ZG,2016,6.22104867069856,observation::IND::NY.ADJ.NNTY.PC.KD.ZG::2016,Observation
IND,NY.ADJ.NNTY.KD,2016,1977034406210.3,observation::IND::NY.ADJ.NNTY.KD::2016,Observation
IND,NY.ADJ.ICTR.GN.ZS,2016,31.4732326079073,observation::IND::NY.ADJ.ICTR.GN.ZS::2016,Observation
IND,NY.ADJ.DNGY.GN.ZS,2016,0.351538246031059,observation::IND::NY.ADJ.DNGY.GN.ZS::2016,Observation
IND,NY.ADJ.DKAP.GN.ZS,2016,10.5544317338963,observation::IND::NY.ADJ.DKAP.GN.ZS::2016,Observation
IND,NY.ADJ.DCO2.GN.ZS,2016,3.50698128911641,observation::IND::NY.ADJ.DCO2.GN.ZS::2016,Observation
IND,NV.SRV.TOTL.ZS,2016,47.7494012900074,observation::IND::NV.SRV.TOTL.ZS::2016,Observation
IND,NV.SRV.TOTL.CN,2016,73494298031400.0,observation::IND::NV.SRV.TOTL.CN::2016,Observation
IND,NV.MNF.TECH.ZS.UN,2016,41.392282940074,observation::IND::NV.MNF.TECH.ZS.UN::2016,Observation
IND,NV.MNF.CHEM.ZS.UN,2016,18.044223440411,observation::IND::NV.MNF.CHEM.ZS.UN::2016,Observation
IND,NV.IND.TOTL.KD,2016,619688376211.08,observation::IND::NV.IND.TOTL.KD::2016,Observation
IND,NV.IND.MANF.KN,2016,20547643441000.0,observation::IND::NV.IND.MANF.KN::2016,Observation
IND,NV.IND.MANF.CD,2016,347942545530.751,observation::IND::NV.IND.MANF.CD::2016,Observation
IND,NV.AGR.TOTL.ZS,2016,16.3638005616331,observation::IND::NV.AGR.TOTL.ZS::2016,Observation
IND,NE.GDI.TOTL.CN,2016,46440806669600.0,observation::IND::NE.GDI.TOTL.CN::2016,Observation
IND,NE.GDI.STKB.CD,2016,20587312274.9584,observation::IND::NE.GDI.STKB.CD::2016,Observation
IND,NE.GDI.FTOT.KD,2016,655552238038.235,observation::IND::NE.GDI.FTOT.KD::2016,Observation
IND,NE.GDI.FPRV.CN,2016,37685382891700.0,observation::IND::NE.GDI.FPRV.CN::2016,Observation
IND,NE.EXP.GNFS.KD,2016,437561725553.553,observation::IND::NE.EXP.GNFS.KD::2016,Observation
IND,NE.DAB.TOTL.KN,2016,121635199048100.0,observation::IND::NE.DAB.TOTL.KN::2016,Observation
IND,NE.DAB.DEFL.ZS,2016,126.256805725924,observation::IND::NE.DAB.DEFL.ZS::2016,Observation
IND,NE.CON.TOTL.KD,2016,1574860693605.71,observation::IND::NE.CON.TOTL.KD::2016,Observation
IND,NE.CON.PRVT.PP.KD,2016,5837403398517.9,observation::IND::NE.CON.PRVT.PP.KD::2016,Observation
IND,NE.CON.PRVT.KN,2016,69002360052700.0,observation::IND::NE.CON.PRVT.KN::2016,Observation
IND,NE.CON.PRVT.CN,2016,91265334287900.0,observation::IND::NE.CON.PRVT.CN::2016,Observation
IND,NE.CON.GOVT.ZS,2016,10.3085480747222,observation::IND::NE.CON.GOVT.ZS::2016,Observation
IND,NE.CON.GOVT.CN,2016,15866575999000.0,observation::IND::NE.CON.GOVT.CN::2016,Observation
IND,MS.MIL.XPND.GD.ZS,2016,2.54315152114541,observation::IND::MS.MIL.XPND.GD.ZS::2016,Observation
IND,MS.MIL.TOTL.P1,2016,2981050.0,observation::IND::MS.MIL.TOTL.P1::2016,Observation
IND,LP.LPI.OVRL.XQ,2016,3.420043,observation::IND::LP.LPI.OVRL.XQ::2016,Observation
IND,LP.LPI.CUST.XQ,2016,3.17442,observation::IND::LP.LPI.CUST.XQ::2016,Observation
IND,IT.NET.BBND.P2,2016,1.38795276378032,observation::IND::IT.NET.BBND.P2::2016,Observation
IND,IT.CEL.SETS.P2,2016,83.917838213735,observation::IND::IT.CEL.SETS.P2::2016,Observation
IND,IS.RRS.TOTL.KM,2016,66687.0,observation::IND::IS.RRS.TOTL.KM::2016,Observation
IND,IS.AIR.GOOD.MT.K1,2016,1893.8815,observation::IND::IS.AIR.GOOD.MT.K1::2016,Observation
IND,IQ.SPI.PIL3,2016,63.84375,observation::IND::IQ.SPI.PIL3::2016,Observation
IND,NE.IMP.GNFS.KD,2016,485477678606.438,observation::IND::NE.IMP.GNFS.KD::2016,Observation
IND,NE.GDI.TOTL.KN,2016,40616858265300.0,observation::IND::NE.GDI.TOTL.KN::2016,Observation
IND,NE.GDI.TOTL.CD,2016,692401963751.449,observation::IND::NE.GDI.TOTL.CD::2016,Observation
IND,NE.GDI.FTOT.ZS,2016,28.1884378846659,observation::IND::NE.GDI.FTOT.ZS::2016,Observation
IND,NE.GDI.FTOT.CN,2016,43386710596700.0,observation::IND::NE.GDI.FTOT.CN::2016,Observation
IND,NE.EXP.GNFS.ZS,2016,19.1582349105946,observation::IND::NE.EXP.GNFS.ZS::2016,Observation
IND,NE.EXP.GNFS.CN,2016,29487721065300.0,observation::IND::NE.EXP.GNFS.CN::2016,Observation
IND,NE.DAB.TOTL.KD,2016,2275290011817.08,observation::IND::NE.DAB.TOTL.KD::2016,Observation
IND,NE.CON.TOTL.ZS,2016,69.6038293075294,observation::IND::NE.CON.TOTL.ZS::2016,Observation
IND,NE.CON.TOTL.CN,2016,107131910286900.0,observation::IND::NE.CON.TOTL.CN::2016,Observation
IND,NE.CON.PRVT.PP.CD,2016,4696063487430.97,observation::IND::NE.CON.PRVT.PP.CD::2016,Observation
IND,NE.CON.PRVT.KD.ZG,2016,8.13012454478277,observation::IND::NE.CON.PRVT.KD.ZG::2016,Observation
IND,NE.CON.PRVT.CD,2016,1360706267075.67,observation::IND::NE.CON.PRVT.CD::2016,Observation
IND,NE.CON.GOVT.KN,2016,12015980730100.0,observation::IND::NE.CON.GOVT.KN::2016,Observation
IND,NE.CON.GOVT.CD,2016,236560240175.816,observation::IND::NE.CON.GOVT.CD::2016,Observation
IND,MS.MIL.XPND.CN,2016,3805752500000.0,observation::IND::MS.MIL.XPND.CN::2016,Observation
IND,MS.MIL.MPRT.KD,2016,2558000000.0,observation::IND::MS.MIL.MPRT.KD::2016,Observation
IND,LP.LPI.LOGS.XQ,2016,3.387064,observation::IND::LP.LPI.LOGS.XQ::2016,Observation
IND,LP.IMP.DURS.MD,2016,5.0,observation::IND::LP.IMP.DURS.MD::2016,Observation
IND,IT.NET.BBND,2016,18653312.0,observation::IND::IT.NET.BBND::2016,Observation
IND,IT.CEL.SETS,2016,1127809000.0,observation::IND::IT.CEL.SETS::2016,Observation
IND,IS.RRS.PASG.KM,2016,1143039.0,observation::IND::IS.RRS.PASG.KM::2016,Observation
IND,IS.AIR.DPRT,2016,917625.0,observation::IND::IS.AIR.DPRT::2016,Observation
IND,IQ.SPI.PIL2,2016,85.7333333333333,observation::IND::IQ.SPI.PIL2::2016,Observation
IND,NE.IMP.GNFS.CD,2016,480169055768.282,observation::IND::NE.IMP.GNFS.CD::2016,Observation
IND,NE.GDI.TOTL.KD,2016,700429318211.373,observation::IND::NE.GDI.TOTL.KD::2016,Observation
IND,NE.GDI.STKB.CN,2016,1380832867700.0,observation::IND::NE.GDI.STKB.CN::2016,Observation
IND,NE.GDI.FTOT.KD.ZG,2016,8.45845011828128,observation::IND::NE.GDI.FTOT.KD.ZG::2016,Observation
IND,NE.GDI.FPRV.ZS,2016,24.484273183949,observation::IND::NE.GDI.FPRV.ZS::2016,Observation
IND,NE.EXP.GNFS.KD.ZG,2016,4.98425762114994,observation::IND::NE.EXP.GNFS.KD.ZG::2016,Observation
IND,NE.DAB.TOTL.ZS,2016,99.7765198875654,observation::IND::NE.DAB.TOTL.ZS::2016,Observation
IND,NE.DAB.TOTL.CD,2016,2289668471002.94,observation::IND::NE.DAB.TOTL.CD::2016,Observation
IND,NE.CON.TOTL.KD.ZG,2016,7.82001018643761,observation::IND::NE.CON.TOTL.KD.ZG::2016,Observation
IND,NE.CON.PRVT.ZS,2016,59.2952812328071,observation::IND::NE.CON.PRVT.ZS::2016,Observation
IND,NE.CON.PRVT.PC.KD,2016,998.692521227021,observation::IND::NE.CON.PRVT.PC.KD::2016,Observation
IND,NE.CON.PRVT.CN.AD,2016,91265334287900.0,observation::IND::NE.CON.PRVT.CN.AD::2016,Observation
IND,NE.CON.PCAP.PP.CD,2016,3494.2396804748,observation::IND::NE.CON.PCAP.PP.CD::2016,Observation
IND,NE.CON.GOVT.KD,2016,232690639768.909,observation::IND::NE.CON.GOVT.KD::2016,Observation
IND,MS.MIL.XPND.ZS,2016,9.07949738588422,observation::IND::MS.MIL.XPND.ZS::2016,Observation
IND,MS.MIL.TOTL.TF.ZS,2016,0.586034924091802,observation::IND::MS.MIL.TOTL.TF.ZS::2016,Observation
IND,LP.LPI.TIME.XQ,2016,3.73805,observation::IND::LP.LPI.TIME.XQ::2016,Observation
IND,LP.LPI.INFR.XQ,2016,3.337178,observation::IND::LP.LPI.INFR.XQ::2016,Observation
IND,IT.NET.USER.ZS,2016,16.5,observation::IND::IT.NET.USER.ZS::2016,Observation
IND,IT.NET.SECR,2016,50723.0,observation::IND::IT.NET.SECR::2016,Observation
IND,IT.MLT.MAIN,2016,24404000.0,observation::IND::IT.MLT.MAIN::2016,Observation
IND,IS.SHP.GCNW.XQ,2016,56.5217413481,observation::IND::IS.SHP.GCNW.XQ::2016,Observation
IND,IS.AIR.PSGR,2016,119577835.0,observation::IND::IS.AIR.PSGR::2016,Observation
IND,IQ.SPI.PIL4,2016,49.0166666666667,observation::IND::IQ.SPI.PIL4::2016,Observation
IND,IQ.SPI.OVRL,2016,65.71875,observation::IND::IQ.SPI.OVRL::2016,Observation
IND,NV.AGR.TOTL.CN,2016,25186620207000.0,observation::IND::NV.AGR.TOTL.CN::2016,Observation
IND,NE.RSB.GNFS.ZS,2016,-1.76601589208677,observation::IND::NE.RSB.GNFS.ZS::2016,Observation
IND,NE.IMP.GNFS.ZS,2016,20.9242508026814,observation::IND::NE.IMP.GNFS.ZS::2016,Observation
IND,NE.IMP.GNFS.CN,2016,32205914273900.0,observation::IND::NE.IMP.GNFS.CN::2016,Observation
IND,NE.GDI.TOTL.KD.ZG,2016,3.67456807761519,observation::IND::NE.GDI.TOTL.KD.ZG::2016,Observation
IND,NE.GDI.STKB.KN,2016,1226393339200.0,observation::IND::NE.GDI.STKB.KN::2016,Observation
IND,NE.GDI.FTOT.KN,2016,37875676200000.0,observation::IND::NE.GDI.FTOT.KN::2016,Observation
IND,NE.GDI.FTOT.CD,2016,646867394694.409,observation::IND::NE.GDI.FTOT.CD::2016,Observation
IND,NE.EXP.GNFS.KN,2016,24884225794000.0,observation::IND::NE.EXP.GNFS.KN::2016,Observation
IND,NE.EXP.GNFS.CD,2016,439642578076.358,observation::IND::NE.EXP.GNFS.CD::2016,Observation
IND,NE.DAB.TOTL.CN,2016,153572716956500.0,observation::IND::NE.DAB.TOTL.CN::2016,Observation
IND,NE.CON.TOTL.KN,2016,81018340782800.0,observation::IND::NE.CON.TOTL.KN::2016,Observation
IND,NE.CON.TOTL.CD,2016,1597266507251.49,observation::IND::NE.CON.TOTL.CD::2016,Observation
IND,NE.CON.PRVT.PC.KD.ZG,2016,6.84926063874795,observation::IND::NE.CON.PRVT.PC.KD.ZG::2016,Observation
IND,NE.CON.PRVT.KD,2016,1342187117360.91,observation::IND::NE.CON.PRVT.KD::2016,Observation
IND,NE.CON.PCAP.PP.KD,2016,4343.48612207503,observation::IND::NE.CON.PCAP.PP.KD::2016,Observation
IND,NE.CON.GOVT.KD.ZG,2016,6.07304231343728,observation::IND::NE.CON.GOVT.KD.ZG::2016,Observation
IND,MS.MIL.XPRT.KD,2016,49000000.0,observation::IND::MS.MIL.XPRT.KD::2016,Observation
IND,MS.MIL.XPND.CD,2016,56637622640.8741,observation::IND::MS.MIL.XPND.CD::2016,Observation
IND,LP.LPI.TRAC.XQ,2016,3.518981,observation::IND::LP.LPI.TRAC.XQ::2016,Observation
IND,LP.LPI.ITRN.XQ,2016,3.364115,observation::IND::LP.LPI.ITRN.XQ::2016,Observation
IND,LP.EXP.DURS.MD,2016,4.0,observation::IND::LP.EXP.DURS.MD::2016,Observation
IND,IT.NET.SECR.P6,2016,37.7418916475687,observation::IND::IT.NET.SECR.P6::2016,Observation
IND,IT.MLT.MAIN.P2,2016,1.81584906998258,observation::IND::IT.MLT.MAIN.P2::2016,Observation
IND,IS.SHP.GOOD.TU,2016,13724110.0,observation::IND::IS.SHP.GOOD.TU::2016,Observation
IND,IS.RRS.GOOD.MT.K6,2016,654481.0,observation::IND::IS.RRS.GOOD.MT.K6::2016,Observation
IND,IQ.SPI.PIL5,2016,50.0,observation::IND::IQ.SPI.PIL5::2016,Observation
IND,IQ.SPI.PIL1,2016,80.0,observation::IND::IQ.SPI.PIL1::2016,Observation
IND,VC.IHR.PSRC.P5,2016,3.14894003612781,observation::IND::VC.IHR.PSRC.P5::2016,Observation
IND,VC.IDP.NWCV,2016,448000.0,observation::IND::VC.IDP.NWCV::2016,Observation
IND,TX.VAL.TECH.MF.ZS,2016,7.66325704378624,observation::IND::TX.VAL.TECH.MF.ZS::2016,Observation
IND,TX.VAL.MRCH.XD.WD,2016,98.7,observation::IND::TX.VAL.MRCH.XD.WD::2016,Observation
IND,TX.VAL.MRCH.R6.ZS,2016,7.20244514991733,observation::IND::TX.VAL.MRCH.R6.ZS::2016,Observation
IND,TX.VAL.MRCH.R2.ZS,2016,2.09583751723784,observation::IND::TX.VAL.MRCH.R2.ZS::2016,Observation
IND,TX.VAL.MRCH.CD.WT,2016,264542000000.0,observation::IND::TX.VAL.MRCH.CD.WT::2016,Observation
IND,TX.VAL.INSF.ZS.WT,2016,4.47114693817744,observation::IND::TX.VAL.INSF.ZS.WT::2016,Observation
IND,TX.VAL.AGRI.ZS.UN,2016,1.5373233001934,observation::IND::TX.VAL.AGRI.ZS.UN::2016,Observation
IND,TT.PRI.MRCH.XD.WD,2016,105.1,observation::IND::TT.PRI.MRCH.XD.WD::2016,Observation
IND,TM.VAL.OTHR.ZS.WT,2016,61.3569272813629,observation::IND::TM.VAL.OTHR.ZS.WT::2016,Observation
IND,TM.VAL.MRCH.RS.ZS,2016,1.4584058212173,observation::IND::TM.VAL.MRCH.RS.ZS::2016,Observation
IND,TM.VAL.MRCH.R3.ZS,2016,3.278772945899,observation::IND::TM.VAL.MRCH.R3.ZS::2016,Observation
IND,TM.VAL.MRCH.HI.ZS,2016,53.9143491662793,observation::IND::TM.VAL.MRCH.HI.ZS::2016,Observation
IND,TM.VAL.MANF.ZS.UN,2016,52.1511047329015,observation::IND::TM.VAL.MANF.ZS.UN::2016,Observation
IND,TM.VAL.FOOD.ZS.UN,2016,6.08873220309444,observation::IND::TM.VAL.FOOD.ZS.UN::2016,Observation
IND,TM.TAX.TCOM.WM.AR.ZS,2016,5.92,observation::IND::TM.TAX.TCOM.WM.AR.ZS::2016,Observation
IND,TM.TAX.TCOM.BC.ZS,2016,77.03,observation::IND::TM.TAX.TCOM.BC.ZS::2016,Observation
IND,TM.TAX.MRCH.SM.AR.ZS,2016,8.91,observation::IND::TM.TAX.MRCH.SM.AR.ZS::2016,Observation
IND,TM.TAX.MANF.WM.AR.ZS,2016,6.26,observation::IND::TM.TAX.MANF.WM.AR.ZS::2016,Observation
IND,TM.TAX.MANF.BC.ZS,2016,73.52,observation::IND::TM.TAX.MANF.BC.ZS::2016,Observation
IND,ST.INT.XPND.CD,2016,19184000000.0,observation::IND::ST.INT.XPND.CD::2016,Observation
IND,ST.INT.TRNR.CD,2016,684000000.0,observation::IND::ST.INT.TRNR.CD::2016,Observation
IND,ST.INT.ARVL,2016,14570000.0,observation::IND::ST.INT.ARVL::2016,Observation
IND,SP.URB.GROW,2016,2.16325487902533,observation::IND::SP.URB.GROW::2016,Observation
IND,SP.REG.BRTH.MA.ZS,2016,79.4,observation::IND::SP.REG.BRTH.MA.ZS::2016,Observation
IND,SP.POP.TOTL.FE.ZS,2016,48.3299201412735,observation::IND::SP.POP.TOTL.FE.ZS::2016,Observation
IND,SP.POP.DPND,2016,51.5768937298059,observation::IND::SP.POP.DPND::2016,Observation
IND,SP.POP.7579.MA.5Y,2016,0.870195172082826,observation::IND::SP.POP.7579.MA.5Y::2016,Observation
IND,SP.POP.65UP.TO.ZS,2016,5.64173085340436,observation::IND::SP.POP.65UP.TO.ZS::2016,Observation
IND,SP.POP.65UP.FE.ZS,2016,6.19188175497591,observation::IND::SP.POP.65UP.FE.ZS::2016,Observation
IND,SP.POP.6064.MA.5Y,2016,3.14934450540475,observation::IND::SP.POP.6064.MA.5Y::2016,Observation
IND,SP.POP.5054.MA.5Y,2016,4.65808106096859,observation::IND::SP.POP.5054.MA.5Y::2016,Observation
IND,SP.POP.4044.MA.5Y,2016,6.16220698692452,observation::IND::SP.POP.4044.MA.5Y::2016,Observation
IND,SP.POP.3034.MA.5Y,2016,8.04575538593707,observation::IND::SP.POP.3034.MA.5Y::2016,Observation
IND,SP.POP.2024.MA.5Y,2016,9.27790672709696,observation::IND::SP.POP.2024.MA.5Y::2016,Observation
IND,SP.POP.1564.MA.ZS,2016,66.1222604470719,observation::IND::SP.POP.1564.MA.ZS::2016,Observation
IND,SP.POP.1519.MA.5Y,2016,9.738176864659,observation::IND::SP.POP.1519.MA.5Y::2016,Observation
IND,SP.POP.0509.MA.5Y,2016,9.59503191432828,observation::IND::SP.POP.0509.MA.5Y::2016,Observation
IND,SP.POP.0014.MA.ZS,2016,28.7505956560623,observation::IND::SP.POP.0014.MA.ZS::2016,Observation
IND,SP.POP.0004.MA.5Y,2016,9.26713006261536,observation::IND::SP.POP.0004.MA.5Y::2016,Observation
IND,SP.M15.2024.FE.ZS,2016,5.4,observation::IND::SP.M15.2024.FE.ZS::2016,Observation
IND,SP.DYN.TO65.FE.ZS,2016,75.413346,observation::IND::SP.DYN.TO65.FE.ZS::2016,Observation
IND,SP.DYN.LE00.FE.IN,2016,71.297,observation::IND::SP.DYN.LE00.FE.IN::2016,Observation
IND,SP.DYN.CONU.ZS,2016,53.5,observation::IND::SP.DYN.CONU.ZS::2016,Observation
IND,SP.DYN.AMRT.MA,2016,201.451,observation::IND::SP.DYN.AMRT.MA::2016,Observation
IND,DT.NFL.WHOL.CD,2016,8019294.73876953,observation::IND::DT.NFL.WHOL.CD::2016,Observation
IND,DT.NFL.UNDP.CD,2016,6103316.78390503,observation::IND::DT.NFL.UNDP.CD::2016,Observation
IND,DT.NFL.UNCF.CD,2016,58949291.229248,observation::IND::DT.NFL.UNCF.CD::2016,Observation
IND,DT.NFL.PROP.CD,2016,-7878000.0,observation::IND::DT.NFL.PROP.CD::2016,Observation
IND,DT.NFL.PCBK.CD,2016,-4604093000.0,observation::IND::DT.NFL.PCBK.CD::2016,Observation
IND,DT.NFL.MOTH.CD,2016,22010854.2,observation::IND::DT.NFL.MOTH.CD::2016,Observation
IND,DT.NFL.BOND.CD,2016,-3796397000.0,observation::IND::DT.NFL.BOND.CD::2016,Observation
IND,VC.IHR.PSRC.MA.P5,2016,3.52163279345324,observation::IND::VC.IHR.PSRC.MA.P5::2016,Observation
IND,VC.BTL.DETH,2016,637.0,observation::IND::VC.BTL.DETH::2016,Observation
IND,TX.VAL.TECH.CD,2016,14266747536.0,observation::IND::TX.VAL.TECH.CD::2016,Observation
IND,TX.VAL.MRCH.WR.ZS,2016,6.53850078063825,observation::IND::TX.VAL.MRCH.WR.ZS::2016,Observation
IND,TX.VAL.MRCH.R5.ZS,2016,6.53850078063825,observation::IND::TX.VAL.MRCH.R5.ZS::2016,Observation
IND,TX.VAL.MRCH.R1.ZS,2016,10.8487340554913,observation::IND::TX.VAL.MRCH.R1.ZS::2016,Observation
IND,TX.VAL.MRCH.AL.ZS,2016,18.6321600652584,observation::IND::TX.VAL.MRCH.AL.ZS::2016,Observation
IND,TX.VAL.ICTG.ZS.UN,2016,0.95,observation::IND::TX.VAL.ICTG.ZS.UN::2016,Observation
IND,TX.UVI.MRCH.XD.WD,2016,96.8,observation::IND::TX.UVI.MRCH.XD.WD::2016,Observation
IND,TM.VAL.TRVL.ZS.WT,2016,17.1951144179739,observation::IND::TM.VAL.TRVL.ZS.WT::2016,Observation
IND,TM.VAL.MRCH.XD.WD,2016,91.8,observation::IND::TM.VAL.MRCH.XD.WD::2016,Observation
IND,TM.VAL.MRCH.R6.ZS,2016,6.76211634460378,observation::IND::TM.VAL.MRCH.R6.ZS::2016,Observation
IND,TM.VAL.MRCH.R2.ZS,2016,1.14896430766399,observation::IND::TM.VAL.MRCH.R2.ZS::2016,Observation
IND,TM.VAL.MRCH.CD.WT,2016,361649000000.0,observation::IND::TM.VAL.MRCH.CD.WT::2016,Observation
IND,TM.VAL.INSF.ZS.WT,2016,6.63880579976319,observation::IND::TM.VAL.INSF.ZS.WT::2016,Observation
IND,TM.VAL.AGRI.ZS.UN,2016,2.04943968255047,observation::IND::TM.VAL.AGRI.ZS.UN::2016,Observation
IND,TM.TAX.TCOM.SM.FN.ZS,2016,24.39,observation::IND::TM.TAX.TCOM.SM.FN.ZS::2016,Observation
IND,TM.TAX.MRCH.WM.FN.ZS,2016,7.57,observation::IND::TM.TAX.MRCH.WM.FN.ZS::2016,Observation
IND,TM.TAX.MRCH.BR.ZS,2016,51.93,observation::IND::TM.TAX.MRCH.BR.ZS::2016,Observation
IND,TM.TAX.MANF.SM.FN.ZS,2016,9.87,observation::IND::TM.TAX.MANF.SM.FN.ZS::2016,Observation
IND,TM.QTY.MRCH.XD.WD,2016,99.5,observation::IND::TM.QTY.MRCH.XD.WD::2016,Observation
IND,ST.INT.TVLX.CD,2016,16376000000.0,observation::IND::ST.INT.TVLX.CD::2016,Observation
IND,ST.INT.RCPT.XP.ZS,2016,5.36923837205765,observation::IND::ST.INT.RCPT.XP.ZS::2016,Observation
IND,SP.UWT.TFRT,2016,12.9,observation::IND::SP.UWT.TFRT::2016,Observation
IND,SP.RUR.TOTL.ZS,2016,67.1349219027177,observation::IND::SP.RUR.TOTL.ZS::2016,Observation
IND,SP.REG.BRTH.ZS,2016,79.7,observation::IND::SP.REG.BRTH.ZS::2016,Observation
IND,SP.REG.BRTH.FE.ZS,2016,80.1,observation::IND::SP.REG.BRTH.FE.ZS::2016,Observation
IND,SP.POP.TOTL.FE.IN,2016,649527205.0,observation::IND::SP.POP.TOTL.FE.IN::2016,Observation
IND,SP.POP.GROW,2016,1.19162966402099,observation::IND::SP.POP.GROW::2016,Observation
IND,SP.POP.BRTH.MF,2016,1.088,observation::IND::SP.POP.BRTH.MF::2016,Observation
IND,SP.POP.7579.FE.5Y,2016,1.12877781616553,observation::IND::SP.POP.7579.FE.5Y::2016,Observation
IND,SP.POP.65UP.TO,2016,75821720.0,observation::IND::SP.POP.65UP.TO::2016,Observation
IND,SP.POP.65UP.FE.IN,2016,40217956.0,observation::IND::SP.POP.65UP.FE.IN::2016,Observation
IND,SP.POP.6064.FE.5Y,2016,3.34559012043229,observation::IND::SP.POP.6064.FE.5Y::2016,Observation
IND,SP.POP.5054.FE.5Y,2016,4.78308549062237,observation::IND::SP.POP.5054.FE.5Y::2016,Observation
IND,SP.POP.4044.FE.5Y,2016,6.19163257372722,observation::IND::SP.POP.4044.FE.5Y::2016,Observation
IND,SP.POP.3034.FE.5Y,2016,7.90278391803466,observation::IND::SP.POP.3034.FE.5Y::2016,Observation
IND,SP.POP.2024.FE.5Y,2016,9.04510751016195,observation::IND::SP.POP.2024.FE.5Y::2016,Observation
IND,SP.POP.1564.MA.IN,2016,459164278.0,observation::IND::SP.POP.1564.MA.IN::2016,Observation
IND,SP.POP.1519.FE.5Y,2016,9.42692615931307,observation::IND::SP.POP.1519.FE.5Y::2016,Observation
IND,SP.POP.0509.FE.5Y,2016,9.32951399626133,observation::IND::SP.POP.0509.FE.5Y::2016,Observation
IND,SP.POP.0014.MA.IN,2016,199649050.0,observation::IND::SP.POP.0014.MA.IN::2016,Observation
IND,SP.POP.0004.FE.5Y,2016,9.06314670838152,observation::IND::SP.POP.0004.FE.5Y::2016,Observation
IND,SP.HOU.FEMA.ZS,2016,14.6,observation::IND::SP.HOU.FEMA.ZS::2016,Observation
IND,SP.DYN.TFRT.IN,2016,2.284,observation::IND::SP.DYN.TFRT.IN::2016,Observation
IND,SP.DYN.IMRT.MA.IN,2016,34.3,observation::IND::SP.DYN.IMRT.MA.IN::2016,Observation
IND,SP.DYN.CONM.ZS,2016,47.8,observation::IND::SP.DYN.CONM.ZS::2016,Observation
IND,SP.DYN.AMRT.FE,2016,140.3,observation::IND::SP.DYN.AMRT.FE::2016,Observation
IND,SN.ITK.SALT.ZS,2016,92.7,observation::IND::SN.ITK.SALT.ZS::2016,Observation
IND,SM.POP.RHCR.EA,2016,197848.0,observation::IND::SM.POP.RHCR.EA::2016,Observation
IND,SM.POP.IDPC,2016,796000.0,observation::IND::SM.POP.IDPC::2016,Observation
IND,DT.NFL.UNFP.CD,2016,7328519.82116699,observation::IND::DT.NFL.UNFP.CD::2016,Observation
IND,DT.NFL.RDBN.CD,2016,699390000.0,observation::IND::DT.NFL.RDBN.CD::2016,Observation
IND,DT.NFL.PNGC.CD,2016,-17599311000.0,observation::IND::DT.NFL.PNGC.CD::2016,Observation
IND,DT.NFL.PBND.CD,2016,-6268032000.0,observation::IND::DT.NFL.PBND.CD::2016,Observation
IND,DT.NFL.MLAT.CD,2016,1048008000.0,observation::IND::DT.NFL.MLAT.CD::2016,Observation
IND,DT.NFL.IMFC.CD,2016,0.0,observation::IND::DT.NFL.IMFC.CD::2016,Observation
IND,DT.NFL.BLAT.CD,2016,964623430.3,observation::IND::DT.NFL.BLAT.CD::2016,Observation
IND,DT.DOD.MWBG.CD,2016,36348017000.0,observation::IND::DT.DOD.MWBG.CD::2016,Observation
IND,DT.DOD.DSTC.XP.ZS,2016,18.822471302302,observation::IND::DT.DOD.DSTC.XP.ZS::2016,Observation
IND,DT.DOD.DPNG.CD,2016,213247629000.0,observation::IND::DT.DOD.DPNG.CD::2016,Observation
IND,DT.DOD.DECT.CD,2016,455541896498.9,observation::IND::DT.DOD.DECT.CD::2016,Observation
IND,VC.IDP.NWDS,2016,2400000.0,observation::IND::VC.IDP.NWDS::2016,Observation
IND,TX.VAL.TRAN.ZS.WT,2016,9.41209749488224,observation::IND::TX.VAL.TRAN.ZS.WT::2016,Observation
IND,TX.VAL.OTHR.ZS.WT,2016,72.2069482874814,observation::IND::TX.VAL.OTHR.ZS.WT::2016,Observation
IND,TX.VAL.MRCH.RS.ZS,2016,0.028224863826947,observation::IND::TX.VAL.MRCH.RS.ZS::2016,Observation
IND,TX.VAL.MRCH.R3.ZS,2016,3.49740285420278,observation::IND::TX.VAL.MRCH.R3.ZS::2016,Observation
IND,TX.VAL.MRCH.HI.ZS,2016,66.4687166707141,observation::IND::TX.VAL.MRCH.HI.ZS::2016,Observation
IND,TX.VAL.MANF.ZS.UN,2016,71.5142380206267,observation::IND::TX.VAL.MANF.ZS.UN::2016,Observation
IND,TX.VAL.FOOD.ZS.UN,2016,11.1636147178675,observation::IND::TX.VAL.FOOD.ZS.UN::2016,Observation
IND,TX.MNF.TECH.ZS.UN,2016,34.0705238527559,observation::IND::TX.MNF.TECH.ZS.UN::2016,Observation
IND,TM.VAL.SERV.CD.WT,2016,95239156494.0896,observation::IND::TM.VAL.SERV.CD.WT::2016,Observation
IND,TM.VAL.MRCH.WL.CD,2016,348229422299.0,observation::IND::TM.VAL.MRCH.WL.CD::2016,Observation
IND,TM.VAL.MRCH.R4.ZS,2016,6.24960234414474,observation::IND::TM.VAL.MRCH.R4.ZS::2016,Observation
IND,TM.VAL.MRCH.OR.ZS,2016,43.8455268788006,observation::IND::TM.VAL.MRCH.OR.ZS::2016,Observation
IND,TM.VAL.MMTL.ZS.UN,2016,5.26754235316349,observation::IND::TM.VAL.MMTL.ZS.UN::2016,Observation
IND,TM.VAL.FUEL.ZS.UN,2016,25.0353799489221,observation::IND::TM.VAL.FUEL.ZS.UN::2016,Observation
IND,TM.TAX.TCOM.WM.FN.ZS,2016,7.34,observation::IND::TM.TAX.TCOM.WM.FN.ZS::2016,Observation
IND,TM.TAX.TCOM.BR.ZS,2016,93.29,observation::IND::TM.TAX.TCOM.BR.ZS::2016,Observation
IND,TM.TAX.MRCH.SM.FN.ZS,2016,13.72,observation::IND::TM.TAX.MRCH.SM.FN.ZS::2016,Observation
IND,TM.TAX.MANF.WM.FN.ZS,2016,7.44,observation::IND::TM.TAX.MANF.WM.FN.ZS::2016,Observation
IND,TM.TAX.MANF.BR.ZS,2016,35.22,observation::IND::TM.TAX.MANF.BR.ZS::2016,Observation
IND,ST.INT.XPND.MP.ZS,2016,4.06429747250986,observation::IND::ST.INT.XPND.MP.ZS::2016,Observation
IND,ST.INT.TRNX.CD,2016,2808000000.0,observation::IND::ST.INT.TRNX.CD::2016,Observation
IND,ST.INT.DPRT,2016,21872000.0,observation::IND::ST.INT.DPRT::2016,Observation
IND,SP.URB.TOTL,2016,441688342.0,observation::IND::SP.URB.TOTL::2016,Observation
IND,SP.RUR.TOTL,2016,902255954.0,observation::IND::SP.RUR.TOTL::2016,Observation
IND,SP.REG.BRTH.RU.ZS,2016,76.1,observation::IND::SP.REG.BRTH.RU.ZS::2016,Observation
IND,SP.POP.TOTL.MA.IN,2016,694417091.0,observation::IND::SP.POP.TOTL.MA.IN::2016,Observation
IND,SP.POP.DPND.OL,2016,8.5515603801864,observation::IND::SP.POP.DPND.OL::2016,Observation
IND,SP.POP.80UP.FE.5Y,2016,1.04641036552118,observation::IND::SP.POP.80UP.FE.5Y::2016,Observation
IND,SP.POP.7074.FE.5Y,2016,1.63266363877707,observation::IND::SP.POP.7074.FE.5Y::2016,Observation
IND,SP.POP.65UP.MA.IN,2016,35603764.0,observation::IND::SP.POP.65UP.MA.IN::2016,Observation
IND,SP.POP.6569.FE.5Y,2016,2.38402993451214,observation::IND::SP.POP.6569.FE.5Y::2016,Observation
IND,SP.POP.5559.FE.5Y,2016,4.08992314648314,observation::IND::SP.POP.5559.FE.5Y::2016,Observation
IND,SP.POP.4549.FE.5Y,2016,5.44281259166042,observation::IND::SP.POP.4549.FE.5Y::2016,Observation
IND,SP.POP.3539.FE.5Y,2016,6.95804920134177,observation::IND::SP.POP.3539.FE.5Y::2016,Observation
IND,SP.POP.2529.FE.5Y,2016,8.62775339795044,observation::IND::SP.POP.2529.FE.5Y::2016,Observation
IND,SP.POP.1564.TO,2016,886641930.0,observation::IND::SP.POP.1564.TO::2016,Observation
IND,SP.POP.1564.FE.IN,2016,427477653.0,observation::IND::SP.POP.1564.FE.IN::2016,Observation
IND,SP.POP.1014.FE.5Y,2016,9.60179343065392,observation::IND::SP.POP.1014.FE.5Y::2016,Observation
IND,SP.POP.0014.TO,2016,381480646.0,observation::IND::SP.POP.0014.TO::2016,Observation
IND,SP.POP.0014.FE.IN,2016,181831596.0,observation::IND::SP.POP.0014.FE.IN::2016,Observation
IND,SP.M18.2024.FE.ZS,2016,25.3,observation::IND::SP.M18.2024.FE.ZS::2016,Observation
IND,SP.DYN.TO65.MA.ZS,2016,68.208033,observation::IND::SP.DYN.TO65.MA.ZS::2016,Observation
IND,SP.DYN.LE00.IN,2016,69.709,observation::IND::SP.DYN.LE00.IN::2016,Observation
IND,SP.DYN.IMRT.FE.IN,2016,34.9,observation::IND::SP.DYN.IMRT.FE.IN::2016,Observation
IND,SP.DYN.CBRT.IN,2016,18.756,observation::IND::SP.DYN.CBRT.IN::2016,Observation
IND,SN.ITK.VITA.ZS,2016,71.0,observation::IND::SN.ITK.VITA.ZS::2016,Observation
IND,SN.ITK.DEFC.ZS,2016,11.6,observation::IND::SN.ITK.DEFC.ZS::2016,Observation
IND,DT.NFL.PRVT.CD,2016,-10880003000.0,observation::IND::DT.NFL.PRVT.CD::2016,Observation
IND,DT.NFL.PCBO.CD,2016,-22211282000.0,observation::IND::DT.NFL.PCBO.CD::2016,Observation
IND,DT.NFL.NIFC.CD,2016,-35824667.0,observation::IND::DT.NFL.NIFC.CD::2016,Observation
IND,DT.NFL.MIBR.CD,2016,440724000.0,observation::IND::DT.NFL.MIBR.CD::2016,Observation
IND,VC.IHR.PSRC.FE.P5,2016,2.75048987363047,observation::IND::VC.IHR.PSRC.FE.P5::2016,Observation
IND,TX.VAL.TRVL.ZS.WT,2016,13.909807279459,observation::IND::TX.VAL.TRVL.ZS.WT::2016,Observation
IND,TX.VAL.SERV.CD.WT,2016,161234203967.054,observation::IND::TX.VAL.SERV.CD.WT::2016,Observation
IND,TX.VAL.MRCH.WL.CD,2016,259504855184.0,observation::IND::TX.VAL.MRCH.WL.CD::2016,Observation
IND,TX.VAL.MRCH.R4.ZS,2016,3.32013810797141,observation::IND::TX.VAL.MRCH.R4.ZS::2016,Observation
IND,TX.VAL.MRCH.OR.ZS,2016,26.9645576848207,observation::IND::TX.VAL.MRCH.OR.ZS::2016,Observation
IND,TX.VAL.MMTL.ZS.UN,2016,3.15923171416737,observation::IND::TX.VAL.MMTL.ZS.UN::2016,Observation
IND,TX.VAL.FUEL.ZS.UN,2016,10.6421920620902,observation::IND::TX.VAL.FUEL.ZS.UN::2016,Observation
IND,TX.QTY.MRCH.XD.WD,2016,101.9,observation::IND::TX.QTY.MRCH.XD.WD::2016,Observation
IND,TM.VAL.TRAN.ZS.WT,2016,14.8091525009001,observation::IND::TM.VAL.TRAN.ZS.WT::2016,Observation
IND,TM.VAL.MRCH.WR.ZS,2016,0.781718133702862,observation::IND::TM.VAL.MRCH.WR.ZS::2016,Observation
IND,TM.VAL.MRCH.R5.ZS,2016,0.781718133702862,observation::IND::TM.VAL.MRCH.R5.ZS::2016,Observation
IND,TM.VAL.MRCH.R1.ZS,2016,26.4060709364891,observation::IND::TM.VAL.MRCH.R1.ZS::2016,Observation
IND,TM.VAL.MRCH.AL.ZS,2016,18.5436591436419,observation::IND::TM.VAL.MRCH.AL.ZS::2016,Observation
IND,TM.VAL.ICTG.ZS.UN,2016,9.33,observation::IND::TM.VAL.ICTG.ZS.UN::2016,Observation
IND,TM.UVI.MRCH.XD.WD,2016,92.2,observation::IND::TM.UVI.MRCH.XD.WD::2016,Observation
IND,TM.TAX.TCOM.SM.AR.ZS,2016,16.64,observation::IND::TM.TAX.TCOM.SM.AR.ZS::2016,Observation
IND,TM.TAX.MRCH.WM.AR.ZS,2016,6.35,observation::IND::TM.TAX.MRCH.WM.AR.ZS::2016,Observation
IND,TM.TAX.MRCH.BC.ZS,2016,74.34,observation::IND::TM.TAX.MRCH.BC.ZS::2016,Observation
IND,TM.TAX.MANF.SM.AR.ZS,2016,7.84,observation::IND::TM.TAX.MANF.SM.AR.ZS::2016,Observation
IND,TG.VAL.TOTL.GD.ZS,2016,27.287425911729,observation::IND::TG.VAL.TOTL.GD.ZS::2016,Observation
IND,ST.INT.TVLR.CD,2016,22427000000.0,observation::IND::ST.INT.TVLR.CD::2016,Observation
IND,ST.INT.RCPT.CD,2016,23111000000.0,observation::IND::ST.INT.RCPT.CD::2016,Observation
IND,SP.URB.TOTL.IN.ZS,2016,32.8650780972823,observation::IND::SP.URB.TOTL.IN.ZS::2016,Observation
IND,SP.RUR.TOTL.ZG,2016,0.719402488673327,observation::IND::SP.RUR.TOTL.ZG::2016,Observation
IND,SP.REG.BRTH.UR.ZS,2016,88.8,observation::IND::SP.REG.BRTH.UR.ZS::2016,Observation
IND,SP.POP.TOTL.MA.ZS,2016,51.6700798587265,observation::IND::SP.POP.TOTL.MA.ZS::2016,Observation
IND,SP.POP.TOTL,2016,1343944296.0,observation::IND::SP.POP.TOTL::2016,Observation
IND,SP.POP.DPND.YG,2016,43.0253333496195,observation::IND::SP.POP.DPND.YG::2016,Observation
IND,SP.POP.80UP.MA.5Y,2016,0.740380394813757,observation::IND::SP.POP.80UP.MA.5Y::2016,Observation
IND,SP.POP.7074.MA.5Y,2016,1.36518356516084,observation::IND::SP.POP.7074.MA.5Y::2016,Observation
IND,SP.POP.65UP.MA.ZS,2016,5.12714389686587,observation::IND::SP.POP.65UP.MA.ZS::2016,Observation
IND,SP.POP.6569.MA.5Y,2016,2.15138476480845,observation::IND::SP.POP.6569.MA.5Y::2016,Observation
IND,SP.POP.5559.MA.5Y,2016,3.94221935992068,observation::IND::SP.POP.5559.MA.5Y::2016,Observation
IND,SP.POP.4549.MA.5Y,2016,5.34039635265832,observation::IND::SP.POP.4549.MA.5Y::2016,Observation
IND,SP.POP.3539.MA.5Y,2016,7.03413893941732,observation::IND::SP.POP.3539.MA.5Y::2016,Observation
IND,SP.POP.2529.MA.5Y,2016,8.77403426408467,observation::IND::SP.POP.2529.MA.5Y::2016,Observation
IND,SP.POP.1564.TO.ZS,2016,65.9731160836743,observation::IND::SP.POP.1564.TO.ZS::2016,Observation
IND,SP.POP.1564.FE.ZS,2016,65.8136641097273,observation::IND::SP.POP.1564.FE.ZS::2016,Observation
IND,SP.POP.1014.MA.5Y,2016,9.88843367911865,observation::IND::SP.POP.1014.MA.5Y::2016,Observation
IND,SP.POP.0014.TO.ZS,2016,28.3851530629213,observation::IND::SP.POP.0014.TO.ZS::2016,Observation
IND,SP.POP.0014.FE.ZS,2016,27.9944541352968,observation::IND::SP.POP.0014.FE.ZS::2016,Observation
IND,SP.MTR.1519.ZS,2016,7.9,observation::IND::SP.MTR.1519.ZS::2016,Observation
IND,SP.DYN.WFRT,2016,1.8,observation::IND::SP.DYN.WFRT::2016,Observation
IND,SP.DYN.LE00.MA.IN,2016,68.231,observation::IND::SP.DYN.LE00.MA.IN::2016,Observation
IND,SP.DYN.IMRT.IN,2016,34.6,observation::IND::SP.DYN.IMRT.IN::2016,Observation
IND,SP.DYN.CDRT.IN,2016,6.7,observation::IND::SP.DYN.CDRT.IN::2016,Observation
IND,SP.ADO.TFRT,2016,14.535,observation::IND::SP.ADO.TFRT::2016,Observation
IND,SM.POP.FDIP,2016,1003057.0,observation::IND::SM.POP.FDIP::2016,Observation
IND,DT.ODA.ALLD.CD,2016,2679044677.73438,observation::IND::DT.ODA.ALLD.CD::2016,Observation
IND,DT.NFL.UNAI.CD,2016,1332757.9498291,observation::IND::DT.NFL.UNAI.CD::2016,Observation
IND,DT.NFL.PNGB.CD,2016,2471635000.0,observation::IND::DT.NFL.PNGB.CD::2016,Observation
IND,DT.NFL.OFFT.CD,2016,2012631656.3,observation::IND::DT.NFL.OFFT.CD::2016,Observation
IND,DT.NFL.MIDA.CD,2016,65688000.0,observation::IND::DT.NFL.MIDA.CD::2016,Observation
IND,DT.NFL.ILOG.CD,2016,1598430.03749847,observation::IND::DT.NFL.ILOG.CD::2016,Observation
IND,DT.NFL.DPNG.CD,2016,-15127676000.0,observation::IND::DT.NFL.DPNG.CD::2016,Observation
IND,IP.PAT.NRES,2016,31858.0,observation::IND::IP.PAT.NRES::2016,Observation
IND,IC.BUS.NDNS.ZS,2016,0.105997509518874,observation::IND::IC.BUS.NDNS.ZS::2016,Observation
IND,GF.XPD.BUDG.ZS,2016,100.7486,observation::IND::GF.XPD.BUDG.ZS::2016,Observation
IND,GC.XPN.TRFT.ZS,2016,42.6655767997046,observation::IND::GC.XPN.TRFT.ZS::2016,Observation
IND,GC.XPN.OTHR.ZS,2016,0.276524201398106,observation::IND::GC.XPN.OTHR.ZS::2016,Observation
IND,GC.XPN.INTP.CN,2016,4791960000000.0,observation::IND::GC.XPN.INTP.CN::2016,Observation
IND,GC.XPN.COMP.CN,2016,2263430000000.0,observation::IND::GC.XPN.COMP.CN::2016,Observation
IND,GC.TAX.TOTL.GD.ZS,2016,11.1477384183764,observation::IND::GC.TAX.TOTL.GD.ZS::2016,Observation
IND,GC.TAX.INTT.RV.ZS,2016,11.2889250411133,observation::IND::GC.TAX.INTT.RV.ZS::2016,Observation
IND,GC.TAX.GSRV.VA.ZS,2016,5.69421068954204,observation::IND::GC.TAX.GSRV.VA.ZS::2016,Observation
IND,GC.TAX.EXPT.CN,2016,1770000000.0,observation::IND::GC.TAX.EXPT.CN::2016,Observation
IND,GC.REV.SOCL.CN,2016,17040000000.0,observation::IND::GC.REV.SOCL.CN::2016,Observation
IND,GC.NLD.TOTL.CN,2016,-3722500000000.0,observation::IND::GC.NLD.TOTL.CN::2016,Observation
IND,GC.LBL.TOTL.CN,2016,4905520000000.0,observation::IND::GC.LBL.TOTL.CN::2016,Observation
IND,GC.AST.TOTL.CN,2016,1183010000000.0,observation::IND::GC.AST.TOTL.CN::2016,Observation
IND,FR.INR.RINR,2016,6.2327114148242,observation::IND::FR.INR.RINR::2016,Observation
IND,FP.WPI.TOTL,2016,122.940363305373,observation::IND::FP.WPI.TOTL::2016,Observation
IND,FM.LBL.BMNY.IR.ZS,2016,4.7298343259971,observation::IND::FM.LBL.BMNY.IR.ZS::2016,Observation
IND,FM.AST.PRVT.GD.ZS,2016,38.2036507912231,observation::IND::FM.AST.PRVT.GD.ZS::2016,Observation
IND,IP.TMK.RSCT,2016,264662.0,observation::IND::IP.TMK.RSCT::2016,Observation
IND,IP.JRN.ARTC.SC,2016,107483.91,observation::IND::IP.JRN.ARTC.SC::2016,Observation
IND,IE.PPN.TRAN.CD,2016,2623120000.0,observation::IND::IE.PPN.TRAN.CD::2016,Observation
IND,IE.PPI.TRAN.CD,2016,2623120000.0,observation::IND::IE.PPI.TRAN.CD::2016,Observation
IND,GC.XPN.TRFT.CN,2016,10029004615000.0,observation::IND::GC.XPN.TRFT.CN::2016,Observation
IND,GC.XPN.OTHR.CN,2016,65000000000.0,observation::IND::GC.XPN.OTHR.CN::2016,Observation
IND,GC.XPN.GSRV.ZS,2016,7.75084573863443,observation::IND::GC.XPN.GSRV.ZS::2016,Observation
IND,GC.TAX.YPKG.ZS,2016,48.9906010118759,observation::IND::GC.TAX.YPKG.ZS::2016,Observation
IND,GC.TAX.TOTL.CN,2016,17158230000000.0,observation::IND::GC.TAX.TOTL.CN::2016,Observation
IND,GC.TAX.INTT.CN,2016,2234400000000.0,observation::IND::GC.TAX.INTT.CN::2016,Observation
IND,GC.TAX.GSRV.RV.ZS,2016,32.9305784664664,observation::IND::GC.TAX.GSRV.RV.ZS::2016,Observation
IND,GC.REV.XGRT.GD.ZS,2016,12.8510169890546,observation::IND::GC.REV.XGRT.GD.ZS::2016,Observation
IND,GC.REV.GOTR.ZS,2016,13.224876660006,observation::IND::GC.REV.GOTR.ZS::2016,Observation
IND,GC.NFN.TOTL.GD.ZS,2016,0.0060227386588447,observation::IND::GC.NFN.TOTL.GD.ZS::2016,Observation
IND,GC.DOD.TOTL.GD.ZS,2016,47.6337555915272,observation::IND::GC.DOD.TOTL.GD.ZS::2016,Observation
IND,GB.XPD.RSDV.GD.ZS,2016,0.66984,observation::IND::GB.XPD.RSDV.GD.ZS::2016,Observation
IND,FP.CPI.TOTL.ZG,2016,4.94821634062141,observation::IND::FP.CPI.TOTL.ZG::2016,Observation
IND,FM.LBL.BMNY.GD.ZS,2016,74.5492653519617,observation::IND::FM.LBL.BMNY.GD.ZS::2016,Observation
IND,FM.AST.NFRG.CN,2016,25384505063113.2,observation::IND::FM.AST.NFRG.CN::2016,Observation
IND,IP.PAT.RESD,2016,13199.0,observation::IND::IP.PAT.RESD::2016,Observation
IND,IP.IDS.NRCT,2016,3920.0,observation::IND::IP.IDS.NRCT::2016,Observation
IND,IE.PPN.ENGY.CD,2016,1686930000.0,observation::IND::IE.PPN.ENGY.CD::2016,Observation
IND,IE.PPI.ENGY.CD,2016,1686930000.0,observation::IND::IE.PPI.ENGY.CD::2016,Observation
IND,IC.BUS.NREG,2016,93714.0,observation::IND::IC.BUS.NREG::2016,Observation
IND,GC.XPN.TOTL.CN,2016,23506080000000.0,observation::IND::GC.XPN.TOTL.CN::2016,Observation
IND,GC.XPN.INTP.RV.ZS,2016,24.2105608843598,observation::IND::GC.XPN.INTP.RV.ZS::2016,Observation
IND,GC.XPN.COMP.ZS,2016,9.62912574108486,observation::IND::GC.XPN.COMP.ZS::2016,Observation
IND,GC.TAX.YPKG.CN,2016,8405920000000.0,observation::IND::GC.TAX.YPKG.CN::2016,Observation
IND,GC.TAX.OTHR.CN,2016,10000000.0,observation::IND::GC.TAX.OTHR.CN::2016,Observation
IND,GC.TAX.IMPT.CN,2016,2232630000000.0,observation::IND::GC.TAX.IMPT.CN::2016,Observation
IND,GC.TAX.EXPT.ZS,2016,0.0103157493517688,observation::IND::GC.TAX.EXPT.ZS::2016,Observation
IND,GC.REV.SOCL.ZS,2016,0.0860916947281468,observation::IND::GC.REV.SOCL.ZS::2016,Observation
IND,GC.NLD.TOTL.GD.ZS,2016,-2.41851614428797,observation::IND::GC.NLD.TOTL.GD.ZS::2016,Observation
IND,GC.LBL.TOTL.GD.ZS,2016,3.18712674711283,observation::IND::GC.LBL.TOTL.GD.ZS::2016,Observation
IND,GC.AST.TOTL.GD.ZS,2016,0.768604105803656,observation::IND::GC.AST.TOTL.GD.ZS::2016,Observation
IND,FS.AST.PRVT.GD.ZS,2016,38.2036507912231,observation::IND::FS.AST.PRVT.GD.ZS::2016,Observation
IND,IP.TMK.NRCT,2016,48786.0,observation::IND::IP.TMK.NRCT::2016,Observation
IND,IP.IDS.RSCT,2016,6753.0,observation::IND::IP.IDS.RSCT::2016,Observation
IND,GC.XPN.TOTL.GD.ZS,2016,15.2719500252316,observation::IND::GC.XPN.TOTL.GD.ZS::2016,Observation
IND,GC.XPN.INTP.ZS,2016,20.3860448020257,observation::IND::GC.XPN.INTP.ZS::2016,Observation
IND,GC.XPN.GSRV.CN,2016,1821920000000.0,observation::IND::GC.XPN.GSRV.CN::2016,Observation
IND,GC.TAX.YPKG.RV.ZS,2016,42.4694776143911,observation::IND::GC.TAX.YPKG.RV.ZS::2016,Observation
IND,GC.TAX.OTHR.RV.ZS,2016,5.05232950282551e-05,observation::IND::GC.TAX.OTHR.RV.ZS::2016,Observation
IND,GC.TAX.IMPT.ZS,2016,13.0120064831862,observation::IND::GC.TAX.IMPT.ZS::2016,Observation
IND,GC.TAX.GSRV.CN,2016,6517900000000.0,observation::IND::GC.TAX.GSRV.CN::2016,Observation
IND,GC.REV.XGRT.CN,2016,19779860000000.0,observation::IND::GC.REV.XGRT.CN::2016,Observation
IND,GC.REV.GOTR.CN,2016,2617580000000.0,observation::IND::GC.REV.GOTR.CN::2016,Observation
IND,GC.NFN.TOTL.CN,2016,9270000000.0,observation::IND::GC.NFN.TOTL.CN::2016,Observation
IND,GC.DOD.TOTL.CN,2016,73316300000000.0,observation::IND::GC.DOD.TOTL.CN::2016,Observation
IND,FS.AST.CGOV.GD.ZS,2016,20.1725181723074,observation::IND::FS.AST.CGOV.GD.ZS::2016,Observation
IND,FM.AST.CGOV.ZG.M3,2016,-1.47590518710732,observation::IND::FM.AST.CGOV.ZG.M3::2016,Observation
IND,FI.RES.TOTL.CD,2016,361694321972.036,observation::IND::FI.RES.TOTL.CD::2016,Observation
IND,FB.AST.NPER.ZS,2016,9.18565591814957,observation::IND::FB.AST.NPER.ZS::2016,Observation
IND,ER.H2O.INTR.PC,2016,1075.93745090756,observation::IND::ER.H2O.INTR.PC::2016,Observation
IND,ER.H2O.FWST.ZS,2016,66.49209283,observation::IND::ER.H2O.FWST.ZS::2016,Observation
IND,ER.GDP.FWTL.M3.KD,2016,3.51701473598511,observation::IND::ER.GDP.FWTL.M3.KD::2016,Observation
IND,EN.URB.MCTY.TL.ZS,2016,14.7191857273227,observation::IND::EN.URB.MCTY.TL.ZS::2016,Observation
IND,EN.POP.DNST,2016,452.020992940243,observation::IND::EN.POP.DNST::2016,Observation
IND,EN.GHG.N2O.ZG.AR5,2016,82.5882739005065,observation::IND::EN.GHG.N2O.ZG.AR5::2016,Observation
IND,EN.GHG.N2O.MT.CE.AR5,2016,232.5793,observation::IND::EN.GHG.N2O.MT.CE.AR5::2016,Observation
IND,EN.GHG.N2O.BU.MT.CE.AR5,2016,7.8368,observation::IND::EN.GHG.N2O.BU.MT.CE.AR5::2016,Observation
IND,EN.GHG.CO2.PI.MT.CE.AR5,2016,1055.8263,observation::IND::EN.GHG.CO2.PI.MT.CE.AR5::2016,Observation
IND,EN.GHG.CO2.LU.OL.MT.CE.AR5,2016,-253.765,observation::IND::EN.GHG.CO2.LU.OL.MT.CE.AR5::2016,Observation
IND,EN.GHG.CO2.IP.MT.CE.AR5,2016,177.5718,observation::IND::EN.GHG.CO2.IP.MT.CE.AR5::2016,Observation
IND,EN.GHG.CO2.AG.MT.CE.AR5,2016,25.3388,observation::IND::EN.GHG.CO2.AG.MT.CE.AR5::2016,Observation
IND,EN.GHG.CH4.PI.MT.CE.AR5,2016,0.7599,observation::IND::EN.GHG.CH4.PI.MT.CE.AR5::2016,Observation
IND,EN.GHG.CH4.FE.MT.CE.AR5,2016,72.2603,observation::IND::EN.GHG.CH4.FE.MT.CE.AR5::2016,Observation
IND,EN.GHG.ALL.MT.CE.AR5,2016,3353.9184,observation::IND::EN.GHG.ALL.MT.CE.AR5::2016,Observation
IND,EN.ATM.PM25.MC.T2.ZS,2016,93.6286819246882,observation::IND::EN.ATM.PM25.MC.T2.ZS::2016,Observation
IND,EG.USE.ELEC.KH.PC,2016,879.945696796945,observation::IND::EG.USE.ELEC.KH.PC::2016,Observation
IND,EG.USE.COMM.CL.ZS,2016,3.35,observation::IND::EG.USE.COMM.CL.ZS::2016,Observation
IND,EG.FEC.RNEW.ZS,2016,33.0,observation::IND::EG.FEC.RNEW.ZS::2016,Observation
IND,EG.ELC.PETR.ZS,2016,0.811158435859302,observation::IND::EG.ELC.PETR.ZS::2016,Observation
IND,EG.ELC.HYRO.ZS,2016,9.61393380785253,observation::IND::EG.ELC.HYRO.ZS::2016,Observation
IND,EG.ELC.ACCS.UR.ZS,2016,98.2,observation::IND::EG.ELC.ACCS.UR.ZS::2016,Observation
IND,EG.CFT.ACCS.UR.ZS,2016,85.6,observation::IND::EG.CFT.ACCS.UR.ZS::2016,Observation
IND,DT.TDS.DPPG.XP.ZS,2016,5.06303391726372,observation::IND::DT.TDS.DPPG.XP.ZS::2016,Observation
IND,DT.TDS.DIMF.CD,2016,4671986.7,observation::IND::DT.TDS.DIMF.CD::2016,Observation
IND,DT.ODA.ODAT.XP.ZS,2016,0.764436138881643,observation::IND::DT.ODA.ODAT.XP.ZS::2016,Observation
IND,DT.ODA.ODAT.GN.ZS,2016,0.118097798410492,observation::IND::DT.ODA.ODAT.GN.ZS::2016,Observation
IND,FI.RES.XGLD.CD,2016,341145194692.363,observation::IND::FI.RES.XGLD.CD::2016,Observation
IND,FD.RES.LIQU.AS.ZS,2016,7.96058062514581,observation::IND::FD.RES.LIQU.AS.ZS::2016,Observation
IND,FB.CBK.BRCH.P5,2016,14.0954651389178,observation::IND::FB.CBK.BRCH.P5::2016,Observation
IND,ER.PTD.TOTL.ZS,2016,3.5,observation::IND::ER.PTD.TOTL.ZS::2016,Observation
IND,ER.H2O.INTR.K3,2016,1446.0,observation::IND::ER.H2O.INTR.K3::2016,Observation
IND,ER.H2O.FWIN.ZS,2016,2.23390276,observation::IND::ER.H2O.FWIN.ZS::2016,Observation
IND,ER.FSH.PROD.MT,2016,10898848.024,observation::IND::ER.FSH.PROD.MT::2016,Observation
IND,EN.URB.MCTY,2016,197817657.0,observation::IND::EN.URB.MCTY::2016,Observation
IND,EN.GHG.N2O.WA.MT.CE.AR5,2016,15.3562,observation::IND::EN.GHG.N2O.WA.MT.CE.AR5::2016,Observation
IND,EN.GHG.N2O.IP.MT.CE.AR5,2016,13.9329,observation::IND::EN.GHG.N2O.IP.MT.CE.AR5::2016,Observation
IND,EN.GHG.N2O.AG.MT.CE.AR5,2016,166.971,observation::IND::EN.GHG.N2O.AG.MT.CE.AR5::2016,Observation
IND,EN.GHG.CO2.TR.MT.CE.AR5,2016,269.3869,observation::IND::EN.GHG.CO2.TR.MT.CE.AR5::2016,Observation
IND,EN.GHG.CO2.PC.CE.AR5,2016,1.7202923565219,observation::IND::EN.GHG.CO2.PC.CE.AR5::2016,Observation
IND,EN.GHG.CO2.LU.MT.CE.AR5,2016,-307.819,observation::IND::EN.GHG.CO2.LU.MT.CE.AR5::2016,Observation
IND,EN.GHG.CO2.IC.MT.CE.AR5,2016,530.4163,observation::IND::EN.GHG.CO2.IC.MT.CE.AR5::2016,Observation
IND,EN.GHG.CH4.ZG.AR5,2016,23.935481905631,observation::IND::EN.GHG.CH4.ZG.AR5::2016,Observation
IND,EN.GHG.CH4.MT.CE.AR5,2016,764.8651,observation::IND::EN.GHG.CH4.MT.CE.AR5::2016,Observation
IND,EN.GHG.CH4.BU.MT.CE.AR5,2016,37.6574,observation::IND::EN.GHG.CH4.BU.MT.CE.AR5::2016,Observation
IND,EN.GHG.ALL.LU.MT.CE.AR5,2016,3046.0994,observation::IND::EN.GHG.ALL.LU.MT.CE.AR5::2016,Observation
IND,EN.ATM.PM25.MC.T1.ZS,2016,84.446709031019,observation::IND::EN.ATM.PM25.MC.T1.ZS::2016,Observation
IND,EG.USE.CRNW.ZS,2016,20.9058412113241,observation::IND::EG.USE.CRNW.ZS::2016,Observation
IND,EG.IMP.CONS.ZS,2016,37.3874186548518,observation::IND::EG.IMP.CONS.ZS::2016,Observation
IND,EG.ELC.RNWX.ZS,2016,3.9832387575032,observation::IND::EG.ELC.RNWX.ZS::2016,Observation
IND,EG.ELC.NUCL.ZS,2016,2.64612262359471,observation::IND::EG.ELC.NUCL.ZS::2016,Observation
IND,EG.ELC.FOSL.ZS,2016,81.2130597694588,observation::IND::EG.ELC.FOSL.ZS::2016,Observation
IND,EG.ELC.ACCS.RU.ZS,2016,85.3,observation::IND::EG.ELC.ACCS.RU.ZS::2016,Observation
IND,EG.CFT.ACCS.RU.ZS,2016,32.0,observation::IND::EG.CFT.ACCS.RU.ZS::2016,Observation
IND,DT.TDS.DPPG.GN.ZS,2016,0.995240829168634,observation::IND::DT.TDS.DPPG.GN.ZS::2016,Observation
IND,DT.TDS.DECT.GN.ZS,2016,3.39347044179142,observation::IND::DT.TDS.DECT.GN.ZS::2016,Observation
IND,DT.ODA.ODAT.PC.ZS,2016,1.99341943390664,observation::IND::DT.ODA.ODAT.PC.ZS::2016,Observation
IND,DT.ODA.ODAT.GI.ZS,2016,0.386920433214727,observation::IND::DT.ODA.ODAT.GI.ZS::2016,Observation
IND,DT.ODA.ALLD.KD,2016,2789457519.53125,observation::IND::DT.ODA.ALLD.KD::2016,Observation
IND,FM.LBL.BMNY.ZG,2016,6.80095412358039,observation::IND::FM.LBL.BMNY.ZG::2016,Observation
IND,FM.AST.PRVT.ZG.M3,2016,-11.7552639316047,observation::IND::FM.AST.PRVT.ZG.M3::2016,Observation
IND,FI.RES.TOTL.DT.ZS,2016,79.3986952137363,observation::IND::FI.RES.TOTL.DT.ZS::2016,Observation
IND,FB.ATM.TOTL.P5,2016,20.9991055582406,observation::IND::FB.ATM.TOTL.P5::2016,Observation
IND,ER.LND.PTLD.ZS,2016,6.0,observation::IND::ER.LND.PTLD.ZS::2016,Observation
IND,ER.H2O.FWTL.K3,2016,647.5,observation::IND::ER.H2O.FWTL.K3::2016,Observation
IND,ER.H2O.FWAG.ZS,2016,90.40735874,observation::IND::ER.H2O.FWAG.ZS::2016,Observation
IND,ER.FSH.AQUA.MT,2016,5701902.0,observation::IND::ER.FSH.AQUA.MT::2016,Observation
IND,EN.URB.LCTY,2016,26719965.0,observation::IND::EN.URB.LCTY::2016,Observation
IND,EN.GHG.TOT.ZG.AR5,2016,147.768031472772,observation::IND::EN.GHG.TOT.ZG.AR5::2016,Observation
IND,EN.GHG.N2O.PI.MT.CE.AR5,2016,18.1538,observation::IND::EN.GHG.N2O.PI.MT.CE.AR5::2016,Observation
IND,EN.GHG.N2O.FE.MT.CE.AR5,2016,0.19,observation::IND::EN.GHG.N2O.FE.MT.CE.AR5::2016,Observation
IND,EN.GHG.CO2.ZG.AR5,2016,284.892535341542,observation::IND::EN.GHG.CO2.ZG.AR5::2016,Observation
IND,EN.GHG.CO2.RT.GDP.KD,2016,1.0152419798892,observation::IND::EN.GHG.CO2.RT.GDP.KD::2016,Observation
IND,EN.GHG.CO2.LU.OS.MT.CE.AR5,2016,0.0,observation::IND::EN.GHG.CO2.LU.OS.MT.CE.AR5::2016,Observation
IND,EN.GHG.CO2.LU.DF.MT.CE.AR5,2016,21.289,observation::IND::EN.GHG.CO2.LU.DF.MT.CE.AR5::2016,Observation
IND,EN.GHG.CO2.BU.MT.CE.AR5,2016,168.3979,observation::IND::EN.GHG.CO2.BU.MT.CE.AR5::2016,Observation
IND,EN.GHG.CH4.TR.MT.CE.AR5,2016,1.7241,observation::IND::EN.GHG.CH4.TR.MT.CE.AR5::2016,Observation
IND,EN.GHG.CH4.IC.MT.CE.AR5,2016,3.0583,observation::IND::EN.GHG.CH4.IC.MT.CE.AR5::2016,Observation
IND,EN.GHG.ALL.PC.CE.AR5,2016,2.49557843281326,observation::IND::EN.GHG.ALL.PC.CE.AR5::2016,Observation
IND,EN.ATM.PM25.MC.T3.ZS,2016,99.938251622829,observation::IND::EN.ATM.PM25.MC.T3.ZS::2016,Observation
IND,EG.USE.PCAP.KG.OE,2016,627.273531026365,observation::IND::EG.USE.PCAP.KG.OE::2016,Observation
IND,EG.USE.COMM.FO.ZS,2016,0.0,observation::IND::EG.USE.COMM.FO.ZS::2016,Observation
IND,EG.GDP.PUSE.KO.PP,2016,9.24713256141159,observation::IND::EG.GDP.PUSE.KO.PP::2016,Observation
IND,EG.ELC.RNEW.ZS,2016,13.5971725653557,observation::IND::EG.ELC.RNEW.ZS::2016,Observation
IND,EG.ELC.LOSS.ZS,2016,17.3912982792107,observation::IND::EG.ELC.LOSS.ZS::2016,Observation
IND,EG.ELC.ACCS.ZS,2016,89.6,observation::IND::EG.ELC.ACCS.ZS::2016,Observation
IND,EG.CFT.ACCS.ZS,2016,51.8,observation::IND::EG.CFT.ACCS.ZS::2016,Observation
IND,DT.TDS.MLAT.CD,2016,4004564371.3,observation::IND::DT.TDS.MLAT.CD::2016,Observation
IND,DT.TDS.DPPF.XP.ZS,2016,5.06408163934111,observation::IND::DT.TDS.DPPF.XP.ZS::2016,Observation
IND,DT.TDS.DECT.CD,2016,76980765505.3,observation::IND::DT.TDS.DECT.CD::2016,Observation
IND,DT.ODA.ODAT.KD,2016,2789457519.53125,observation::IND::DT.ODA.ODAT.KD::2016,Observation
IND,FR.INR.LEND,2016,9.6725,observation::IND::FR.INR.LEND::2016,Observation
IND,FP.CPI.TOTL,2016,154.054013105394,observation::IND::FP.CPI.TOTL::2016,Observation
IND,FM.LBL.BMNY.CN,2016,114743761759911.0,observation::IND::FM.LBL.BMNY.CN::2016,Observation
IND,FM.AST.DOMS.CN,2016,124279176266290.0,observation::IND::FM.AST.DOMS.CN::2016,Observation
IND,FI.RES.TOTL.MO,2016,8.43013905768235,observation::IND::FI.RES.TOTL.MO::2016,Observation
IND,FD.AST.PRVT.GD.ZS,2016,38.2036507912231,observation::IND::FD.AST.PRVT.GD.ZS::2016,Observation
IND,FB.BNK.CAPA.ZS,2016,6.70143866382393,observation::IND::FB.BNK.CAPA.ZS::2016,Observation
IND,ER.MRN.PTMR.ZS,2016,0.2,observation::IND::ER.MRN.PTMR.ZS::2016,Observation
IND,ER.H2O.FWTL.ZS,2016,44.7786998616874,observation::IND::ER.H2O.FWTL.ZS::2016,Observation
IND,ER.H2O.FWDM.ZS,2016,7.358738502,observation::IND::ER.H2O.FWDM.ZS::2016,Observation
IND,ER.FSH.CAPT.MT,2016,5196946.024,observation::IND::ER.FSH.CAPT.MT::2016,Observation
IND,EN.URB.LCTY.UR.ZS,2016,6.04950650927527,observation::IND::EN.URB.LCTY.UR.ZS::2016,Observation
IND,EN.GHG.N2O.TR.MT.CE.AR5,2016,6.1143,observation::IND::EN.GHG.N2O.TR.MT.CE.AR5::2016,Observation
IND,EN.GHG.N2O.IC.MT.CE.AR5,2016,4.0243,observation::IND::EN.GHG.N2O.IC.MT.CE.AR5::2016,Observation
IND,EN.GHG.FGAS.IP.MT.CE.AR5,2016,44.4969,observation::IND::EN.GHG.FGAS.IP.MT.CE.AR5::2016,Observation
IND,EN.GHG.CO2.RT.GDP.PP.KD,2016,0.247858389738831,observation::IND::EN.GHG.CO2.RT.GDP.PP.KD::2016,Observation
IND,EN.GHG.CO2.MT.CE.AR5,2016,2311.9771,observation::IND::EN.GHG.CO2.MT.CE.AR5::2016,Observation
IND,EN.GHG.CO2.LU.FL.MT.CE.AR5,2016,-75.343,observation::IND::EN.GHG.CO2.LU.FL.MT.CE.AR5::2016,Observation
IND,EN.GHG.CO2.FE.MT.CE.AR5,2016,85.0392,observation::IND::EN.GHG.CO2.FE.MT.CE.AR5::2016,Observation
IND,EN.GHG.CH4.WA.MT.CE.AR5,2016,115.9961,observation::IND::EN.GHG.CH4.WA.MT.CE.AR5::2016,Observation
IND,EN.GHG.CH4.IP.MT.CE.AR5,2016,0.2915,observation::IND::EN.GHG.CH4.IP.MT.CE.AR5::2016,Observation
IND,EN.GHG.CH4.AG.MT.CE.AR5,2016,533.1175,observation::IND::EN.GHG.CH4.AG.MT.CE.AR5::2016,Observation
IND,EN.ATM.PM25.MC.ZS,2016,100.0,observation::IND::EN.ATM.PM25.MC.ZS::2016,Observation
IND,EN.ATM.PM25.MC.M3,2016,75.7890035327013,observation::IND::EN.ATM.PM25.MC.M3::2016,Observation
IND,EG.USE.COMM.GD.PP.KD,2016,90.3770842999769,observation::IND::EG.USE.COMM.GD.PP.KD::2016,Observation
IND,EG.GDP.PUSE.KO.PP.KD,2016,11.0647517315433,observation::IND::EG.GDP.PUSE.KO.PP.KD::2016,Observation
IND,EG.ELC.RNWX.KH,2016,57075390000.0,observation::IND::EG.ELC.RNWX.KH::2016,Observation
IND,EG.ELC.NGAS.ZS,2016,4.91740811744664,observation::IND::EG.ELC.NGAS.ZS::2016,Observation
IND,EG.ELC.COAL.ZS,2016,75.4844932161528,observation::IND::EG.ELC.COAL.ZS::2016,Observation
IND,EG.EGY.PRIM.PP.KD,2016,4.54,observation::IND::EG.EGY.PRIM.PP.KD::2016,Observation
IND,DT.TDS.MLAT.PG.ZS,2016,17.7373583401078,observation::IND::DT.TDS.MLAT.PG.ZS::2016,Observation
IND,DT.TDS.DPPG.CD,2016,22577005518.6,observation::IND::DT.TDS.DPPG.CD::2016,Observation
IND,DT.TDS.DECT.EX.ZS,2016,17.2634154874596,observation::IND::DT.TDS.DECT.EX.ZS::2016,Observation
IND,DT.ODA.ODAT.MP.ZS,2016,0.520345445566389,observation::IND::DT.ODA.ODAT.MP.ZS::2016,Observation
IND,DT.ODA.ODAT.CD,2016,2679044677.73438,observation::IND::DT.ODA.ODAT.CD::2016,Observation
IND,SM.POP.RHCR.EO,2017,7926.0,observation::IND::SM.POP.RHCR.EO::2017,Observation
IND,SM.POP.NETM,2017,-251642.0,observation::IND::SM.POP.NETM::2017,Observation
IND,SM.POP.ASYS.EA,2017,10508.0,observation::IND::SM.POP.ASYS.EA::2017,Observation
IND,SL.UEM.TOTL.ZS,2017,7.626,observation::IND::SL.UEM.TOTL.ZS::2017,Observation
IND,SL.UEM.TOTL.FE.ZS,2017,7.69,observation::IND::SL.UEM.TOTL.FE.ZS::2017,Observation
IND,SL.TLF.TOTL.FE.ZS,2017,24.5196387309549,observation::IND::SL.TLF.TOTL.FE.ZS::2017,Observation
IND,SL.TLF.ACTI.1524.ZS,2017,30.836,observation::IND::SL.TLF.ACTI.1524.ZS::2017,Observation
IND,SL.TLF.ACTI.1524.FE.ZS,2017,14.336,observation::IND::SL.TLF.ACTI.1524.FE.ZS::2017,Observation
IND,SL.GDP.PCAP.EM.KD,2017,20870.1837470054,observation::IND::SL.GDP.PCAP.EM.KD::2017,Observation
IND,SL.EMP.WORK.MA.ZS,2017,22.5675448760932,observation::IND::SL.EMP.WORK.MA.ZS::2017,Observation
IND,SL.EMP.VULN.FE.ZS,2017,80.8680728383916,observation::IND::SL.EMP.VULN.FE.ZS::2017,Observation
IND,SL.EMP.SELF.ZS,2017,78.3819853865813,observation::IND::SL.EMP.SELF.ZS::2017,Observation
IND,SL.EMP.MPYR.MA.ZS,2017,2.32609250823433,observation::IND::SL.EMP.MPYR.MA.ZS::2017,Observation
IND,SL.EMP.1524.SP.MA.ZS,2017,33.998,observation::IND::SL.EMP.1524.SP.MA.ZS::2017,Observation
IND,SL.AGR.EMPL.ZS,2017,42.2671064682124,observation::IND::SL.AGR.EMPL.ZS::2017,Observation
IND,SI.RMT.COST.IB.ZS,2017,3.70181210526316,observation::IND::SI.RMT.COST.IB.ZS::2017,Observation
IND,SH_UHC_SCI_RMNCH,2017,73.0,observation::IND::SH_UHC_SCI_RMNCH::2017,Observation
IND,SH_UHC_SCI,2017,64.0,observation::IND::SH_UHC_SCI::2017,Observation
IND,SH.XPD.PVTD.CH.ZS,2017,66.46324158,observation::IND::SH.XPD.PVTD.CH.ZS::2017,Observation
IND,SH.XPD.GHED.PP.CD,2017,59.4407182546561,observation::IND::SH.XPD.GHED.PP.CD::2017,Observation
IND,SH.XPD.GHED.CH.ZS,2017,32.94804382,observation::IND::SH.XPD.GHED.CH.ZS::2017,Observation
IND,SH.XPD.CHEX.PP.CD,2017,180.407423467841,observation::IND::SH.XPD.CHEX.PP.CD::2017,Observation
IND,SH.TBS.INCD,2017,217.0,observation::IND::SH.TBS.INCD::2017,Observation
IND,DT.DOD.DSTC.ZS,2017,19.0799,observation::IND::DT.DOD.DSTC.ZS::2017,Observation
IND,DT.DOD.DPPG.CD,2017,183017515967.3,observation::IND::DT.DOD.DPPG.CD::2017,Observation
IND,DT.DOD.DECT.GN.ZS,2017,19.5049373712632,observation::IND::DT.DOD.DECT.GN.ZS::2017,Observation
IND,DC.DAC.TOTL.CD,2017,3032268824.75306,observation::IND::DC.DAC.TOTL.CD::2017,Observation
IND,DC.DAC.PRTL.CD,2017,371713.012456894,observation::IND::DC.DAC.PRTL.CD::2017,Observation
IND,DC.DAC.NLDL.CD,2017,412719.011306763,observation::IND::DC.DAC.NLDL.CD::2017,Observation
IND,DC.DAC.JPNL.CD,2017,1554627075.19531,observation::IND::DC.DAC.JPNL.CD::2017,Observation
IND,DC.DAC.HUNL.CD,2017,1238574.98168945,observation::IND::DC.DAC.HUNL.CD::2017,Observation
IND,DC.DAC.FINL.CD,2017,1598346.94862366,observation::IND::DC.DAC.FINL.CD::2017,Observation
IND,DC.DAC.DEUL.CD,2017,525986816.40625,observation::IND::DC.DAC.DEUL.CD::2017,Observation
IND,SL.UEM.NEET.MA.ME.ZS,2017,14.401,observation::IND::SL.UEM.NEET.MA.ME.ZS::2017,Observation
IND,SL.UEM.1524.ZS,2017,25.591,observation::IND::SL.UEM.1524.ZS::2017,Observation
IND,SL.UEM.1524.FE.ZS,2017,24.872,observation::IND::SL.UEM.1524.FE.ZS::2017,Observation
IND,SL.TLF.CACT.MA.ZS,2017,77.336,observation::IND::SL.TLF.CACT.MA.ZS::2017,Observation
IND,SL.TLF.CACT.FE.ZS,2017,26.578,observation::IND::SL.TLF.CACT.FE.ZS::2017,Observation
IND,SL.TLF.ACTI.ZS,2017,55.23,observation::IND::SL.TLF.ACTI.ZS::2017,Observation
IND,SL.SRV.EMPL.ZS,2017,32.4671651415297,observation::IND::SL.SRV.EMPL.ZS::2017,Observation
IND,SL.IND.EMPL.ZS,2017,25.2657227336051,observation::IND::SL.IND.EMPL.ZS::2017,Observation
IND,SL.FAM.WORK.ZS,2017,16.3552895243215,observation::IND::SL.FAM.WORK.ZS::2017,Observation
IND,SL.EMP.WORK.FE.ZS,2017,18.6922364226639,observation::IND::SL.EMP.WORK.FE.ZS::2017,Observation
IND,SL.EMP.TOTL.SP.ZS,2017,48.655,observation::IND::SL.EMP.TOTL.SP.ZS::2017,Observation
IND,SL.EMP.TOTL.SP.FE.ZS,2017,24.534,observation::IND::SL.EMP.TOTL.SP.FE.ZS::2017,Observation
IND,SL.EMP.SELF.MA.ZS,2017,77.4324576213902,observation::IND::SL.EMP.SELF.MA.ZS::2017,Observation
IND,SL.EMP.MPYR.FE.ZS,2017,0.439688173774087,observation::IND::SL.EMP.MPYR.FE.ZS::2017,Observation
IND,SL.AGR.EMPL.MA.ZS,2017,38.9038956189591,observation::IND::SL.AGR.EMPL.MA.ZS::2017,Observation
IND,SH_UHC_SCI_NCD,2017,48.0,observation::IND::SH_UHC_SCI_NCD::2017,Observation
IND,SH.XPD.OOPC.PP.CD,2017,99.4270013764884,observation::IND::SH.XPD.OOPC.PP.CD::2017,Observation
IND,SH.XPD.GHED.PC.CD,2017,18.67114483,observation::IND::SH.XPD.GHED.PC.CD::2017,Observation
IND,SH.XPD.EHEX.PP.CD,2017,1.06208507164266,observation::IND::SH.XPD.EHEX.PP.CD::2017,Observation
IND,SH.XPD.CHEX.PC.CD,2017,56.66844559,observation::IND::SH.XPD.CHEX.PC.CD::2017,Observation
IND,DC.DAC.SWEL.CD,2017,5299987.79296875,observation::IND::DC.DAC.SWEL.CD::2017,Observation
IND,DC.DAC.POLL.CD,2017,1267799.97348785,observation::IND::DC.DAC.POLL.CD::2017,Observation
IND,DC.DAC.LUXL.CD,2017,2143692.01660156,observation::IND::DC.DAC.LUXL.CD::2017,Observation
IND,DC.DAC.ITAL.CD,2017,11447370.5291748,observation::IND::DC.DAC.ITAL.CD::2017,Observation
IND,DC.DAC.GRCL.CD,2017,4982.99999162555,observation::IND::DC.DAC.GRCL.CD::2017,Observation
IND,DC.DAC.CZEL.CD,2017,5131.00018724799,observation::IND::DC.DAC.CZEL.CD::2017,Observation
IND,DC.DAC.BELL.CD,2017,1295879.96006012,observation::IND::DC.DAC.BELL.CD::2017,Observation
IND,CM.MKT.TRAD.GD.ZS,2017,45.4391814566137,observation::IND::CM.MKT.TRAD.GD.ZS::2017,Observation
IND,CM.MKT.LCAP.CD,2017,2555988798537.81,observation::IND::CM.MKT.LCAP.CD::2017,Observation
IND,BX.TRF.PWKR.CD,2017,64523217413.1284,observation::IND::BX.TRF.PWKR.CD::2017,Observation
IND,SM.POP.ASYS.EO,2017,40356.0,observation::IND::SM.POP.ASYS.EO::2017,Observation
IND,SL.UEM.NEET.ME.ZS,2017,29.337,observation::IND::SL.UEM.NEET.ME.ZS::2017,Observation
IND,SL.UEM.NEET.FE.ME.ZS,2017,45.789,observation::IND::SL.UEM.NEET.FE.ME.ZS::2017,Observation
IND,SL.UEM.1524.MA.ZS,2017,25.795,observation::IND::SL.UEM.1524.MA.ZS::2017,Observation
IND,SL.TLF.TOTL.IN,2017,516713963.0,observation::IND::SL.TLF.TOTL.IN::2017,Observation
IND,SL.TLF.CACT.ZS,2017,52.671,observation::IND::SL.TLF.CACT.ZS::2017,Observation
IND,SL.TLF.CACT.FM.ZS,2017,34.3669183821248,observation::IND::SL.TLF.CACT.FM.ZS::2017,Observation
IND,SL.TLF.ACTI.FE.ZS,2017,28.201,observation::IND::SL.TLF.ACTI.FE.ZS::2017,Observation
IND,SL.SRV.EMPL.FE.ZS,2017,27.8819306789207,observation::IND::SL.SRV.EMPL.FE.ZS::2017,Observation
IND,SL.IND.EMPL.FE.ZS,2017,19.4878628748831,observation::IND::SL.IND.EMPL.FE.ZS::2017,Observation
IND,SL.FAM.WORK.FE.ZS,2017,35.8982164985403,observation::IND::SL.FAM.WORK.FE.ZS::2017,Observation
IND,SL.EMP.WORK.ZS,2017,21.6180190130378,observation::IND::SL.EMP.WORK.ZS::2017,Observation
IND,SL.EMP.VULN.MA.ZS,2017,75.106365390654,observation::IND::SL.EMP.VULN.MA.ZS::2017,Observation
IND,SL.EMP.TOTL.SP.MA.ZS,2017,71.454,observation::IND::SL.EMP.TOTL.SP.MA.ZS::2017,Observation
IND,SL.EMP.MPYR.ZS,2017,1.86388649007804,observation::IND::SL.EMP.MPYR.ZS::2017,Observation
IND,SH_UHC_SCI_CAPACITY,2017,75.0,observation::IND::SH_UHC_SCI_CAPACITY::2017,Observation
IND,SH.XPD.PVTD.PC.CD,2017,37.66368481,observation::IND::SH.XPD.PVTD.PC.CD::2017,Observation
IND,SH.XPD.OOPC.CH.ZS,2017,55.11247635,observation::IND::SH.XPD.OOPC.CH.ZS::2017,Observation
IND,SH.XPD.GHED.GD.ZS,2017,0.96734685,observation::IND::SH.XPD.GHED.GD.ZS::2017,Observation
IND,DT.NFL.IFAD.CD,2017,25005992.8894043,observation::IND::DT.NFL.IFAD.CD::2017,Observation
IND,DT.DOD.MIBR.CD,2017,12854611000.0,observation::IND::DT.DOD.MIBR.CD::2017,Observation
IND,DT.DOD.DSTC.CD,2017,97608593000.0,observation::IND::DT.DOD.DSTC.CD::2017,Observation
IND,DT.DOD.DIMF.CD,2017,5665573406.3,observation::IND::DT.DOD.DIMF.CD::2017,Observation
IND,DC.DAC.USAL.CD,2017,109887222.290039,observation::IND::DC.DAC.USAL.CD::2017,Observation
IND,DC.DAC.SVKL.CD,2017,24960.0000679493,observation::IND::DC.DAC.SVKL.CD::2017,Observation
IND,DC.DAC.NORL.CD,2017,18182825.088501,observation::IND::DC.DAC.NORL.CD::2017,Observation
IND,DC.DAC.KORL.CD,2017,717414.021492004,observation::IND::DC.DAC.KORL.CD::2017,Observation
IND,DC.DAC.IRLL.CD,2017,1917554.97455597,observation::IND::DC.DAC.IRLL.CD::2017,Observation
IND,SL.UEM.TOTL.MA.ZS,2017,7.605,observation::IND::SL.UEM.TOTL.MA.ZS::2017,Observation
IND,SL.TLF.ACTI.MA.ZS,2017,80.393,observation::IND::SL.TLF.ACTI.MA.ZS::2017,Observation
IND,SL.TLF.ACTI.1524.MA.ZS,2017,45.816,observation::IND::SL.TLF.ACTI.1524.MA.ZS::2017,Observation
IND,SL.SRV.EMPL.MA.ZS,2017,33.9552452645218,observation::IND::SL.SRV.EMPL.MA.ZS::2017,Observation
IND,SL.IND.EMPL.MA.ZS,2017,27.1408591165191,observation::IND::SL.IND.EMPL.MA.ZS::2017,Observation
IND,SL.FAM.WORK.MA.ZS,2017,10.0128747212673,observation::IND::SL.FAM.WORK.MA.ZS::2017,Observation
IND,SL.EMP.VULN.ZS,2017,76.5180932398501,observation::IND::SL.EMP.VULN.ZS::2017,Observation
IND,SL.EMP.SELF.FE.ZS,2017,81.307768707677,observation::IND::SL.EMP.SELF.FE.ZS::2017,Observation
IND,SL.EMP.1524.SP.ZS,2017,22.945,observation::IND::SL.EMP.1524.SP.ZS::2017,Observation
IND,SL.EMP.1524.SP.FE.ZS,2017,10.77,observation::IND::SL.EMP.1524.SP.FE.ZS::2017,Observation
IND,SL.AGR.EMPL.FE.ZS,2017,52.6302055911395,observation::IND::SL.AGR.EMPL.FE.ZS::2017,Observation
IND,SH_UHC_SCI_ID,2017,63.0,observation::IND::SH_UHC_SCI_ID::2017,Observation
IND,SH.XPD.PVTD.PP.CD,2017,119.904617420831,observation::IND::SH.XPD.PVTD.PP.CD::2017,Observation
IND,SH.XPD.OOPC.PC.CD,2017,31.23138477,observation::IND::SH.XPD.OOPC.PC.CD::2017,Observation
IND,SH.XPD.GHED.GE.ZS,2017,3.66080451,observation::IND::SH.XPD.GHED.GE.ZS::2017,Observation
IND,SH.XPD.EHEX.PC.CD,2017,0.33361549,observation::IND::SH.XPD.EHEX.PC.CD::2017,Observation
IND,SH.XPD.CHEX.GD.ZS,2017,2.93597651,observation::IND::SH.XPD.CHEX.GD.ZS::2017,Observation
IND,SH.TBS.CURE.ZS,2017,81.0,observation::IND::SH.TBS.CURE.ZS::2017,Observation
IND,SH.STA.WAST.ZS,2017,16.9,observation::IND::SH.STA.WAST.ZS::2017,Observation
IND,SH.STA.TRAF.P5,2017,15.2,observation::IND::SH.STA.TRAF.P5::2017,Observation
IND,DT.DOD.MIDA.CD,2017,24379153000.0,observation::IND::DT.DOD.MIDA.CD::2017,Observation
IND,DT.DOD.DSTC.IR.ZS,2017,23.6561634360702,observation::IND::DT.DOD.DSTC.IR.ZS::2017,Observation
IND,DT.DOD.DLXF.CD,2017,408301540967.3,observation::IND::DT.DOD.DLXF.CD::2017,Observation
IND,DC.DAC.SVNL.CD,2017,528.000004123896,observation::IND::DC.DAC.SVNL.CD::2017,Observation
IND,DC.DAC.NZLL.CD,2017,209999.993443489,observation::IND::DC.DAC.NZLL.CD::2017,Observation
IND,DC.DAC.LTUL.CD,2017,64614.9963140488,observation::IND::DC.DAC.LTUL.CD::2017,Observation
IND,DC.DAC.GBRL.CD,2017,116067077.636719,observation::IND::DC.DAC.GBRL.CD::2017,Observation
IND,DC.DAC.ESPL.CD,2017,5013000.01144409,observation::IND::DC.DAC.ESPL.CD::2017,Observation
IND,DC.DAC.CHEL.CD,2017,12161789.894104,observation::IND::DC.DAC.CHEL.CD::2017,Observation
IND,SH.SVR.WAST.MA.ZS,2017,5.0,observation::IND::SH.SVR.WAST.MA.ZS::2017,Observation
IND,SH.STA.WAST.FE.ZS,2017,16.0,observation::IND::SH.STA.WAST.FE.ZS::2017,Observation
IND,SH.STA.SUIC.MA.P5,2017,16.84,observation::IND::SH.STA.SUIC.MA.P5::2017,Observation
IND,SH.STA.STNT.ME.MA.ZS,2017,37.6,observation::IND::SH.STA.STNT.ME.MA.ZS::2017,Observation
IND,SH.STA.SMSS.ZS,2017,47.2396698437666,observation::IND::SH.STA.SMSS.ZS::2017,Observation
IND,SH.STA.POIS.P5.FE,2017,0.086,observation::IND::SH.STA.POIS.P5.FE::2017,Observation
IND,SH.STA.OWGH.ME.MA.ZS,2017,2.5,observation::IND::SH.STA.OWGH.ME.MA.ZS::2017,Observation
IND,SH.STA.ODFC.RU.ZS,2017,34.3325444905586,observation::IND::SH.STA.ODFC.RU.ZS::2017,Observation
IND,SH.STA.MALN.MA.ZS,2017,33.0,observation::IND::SH.STA.MALN.MA.ZS::2017,Observation
IND,SH.STA.HYGN.RU.ZS,2017,58.4824744403122,observation::IND::SH.STA.HYGN.RU.ZS::2017,Observation
IND,SH.STA.BASS.RU.ZS,2017,57.094589913836,observation::IND::SH.STA.BASS.RU.ZS::2017,Observation
IND,SH.SGR.CRSK.ZS,2017,30.1,observation::IND::SH.SGR.CRSK.ZS::2017,Observation
IND,SH.PRG.ANEM,2017,47.8,observation::IND::SH.PRG.ANEM::2017,Observation
IND,SH.MED.PHYS.ZS,2017,0.766,observation::IND::SH.MED.PHYS.ZS::2017,Observation
IND,SH.IMM.MEAS,2017,90.0,observation::IND::SH.IMM.MEAS::2017,Observation
IND,SH.H2O.SMDW.UR.ZS,2017,78.3335616815052,observation::IND::SH.H2O.SMDW.UR.ZS::2017,Observation
IND,SH.H2O.BASW.RU.ZS,2017,88.8978899356979,observation::IND::SH.H2O.BASW.RU.ZS::2017,Observation
IND,SH.DYN.NCOM.MA.ZS,2017,25.6,observation::IND::SH.DYN.NCOM.MA.ZS::2017,Observation
IND,SH.DYN.MORT,2017,39.0,observation::IND::SH.DYN.MORT::2017,Observation
IND,SH.DYN.1519,2017,4.3,observation::IND::SH.DYN.1519::2017,Observation
IND,SH.DTH.NMRT,2017,586817.0,observation::IND::SH.DTH.NMRT::2017,Observation
IND,SH.DTH.IMRT,2017,811465.0,observation::IND::SH.DTH.IMRT::2017,Observation
IND,SH.DTH.1014,2017,75588.0,observation::IND::SH.DTH.1014::2017,Observation
IND,SH.ANM.NPRG.ZS,2017,51.6,observation::IND::SH.ANM.NPRG.ZS::2017,Observation
IND,SH.ALC.PCAP.LI,2017,4.87,observation::IND::SH.ALC.PCAP.LI::2017,Observation
IND,SE.TER.ENRR.FE,2017,28.1063681820981,observation::IND::SE.TER.ENRR.FE::2017,Observation
IND,SE.SEC.TCHR,2017,4731207.0,observation::IND::SE.SEC.TCHR::2017,Observation
IND,DC.DAC.CANL.CD,2017,5467989.92156982,observation::IND::DC.DAC.CANL.CD::2017,Observation
IND,CM.MKT.TRNR,2017,47.1366776809853,observation::IND::CM.MKT.TRNR::2017,Observation
IND,CM.MKT.LCAP.GD.ZS,2017,96.3987783868431,observation::IND::CM.MKT.LCAP.GD.ZS::2017,Observation
IND,BX.TRF.PWKR.CD.DT,2017,68967175499.8664,observation::IND::BX.TRF.PWKR.CD.DT::2017,Observation
IND,BX.KLT.DINV.WD.GD.ZS,2017,1.50731583255894,observation::IND::BX.KLT.DINV.WD.GD.ZS::2017,Observation
IND,BX.GSR.TOTL.CD,2017,507948171892.782,observation::IND::BX.GSR.TOTL.CD::2017,Observation
IND,BX.GSR.INSF.ZS,2017,3.74785906169842,observation::IND::BX.GSR.INSF.ZS::2017,Observation
IND,BX.GSR.CCIS.ZS,2017,42.3751022077091,observation::IND::BX.GSR.CCIS.ZS::2017,Observation
IND,BN.TRF.KOGT.CD,2017,37311530.9812796,observation::IND::BN.TRF.KOGT.CD::2017,Observation
IND,BN.KLT.DINV.CD,2017,-28875941053.3143,observation::IND::BN.KLT.DINV.CD::2017,Observation
IND,BN.GSR.FCTY.CD,2017,-26423108357.8149,observation::IND::BN.GSR.FCTY.CD::2017,Observation
IND,BM.TRF.PWKR.CD.DT,2017,6958929627.68116,observation::IND::BM.TRF.PWKR.CD.DT::2017,Observation
IND,BM.GSR.TRVL.ZS,2017,16.8630162724458,observation::IND::BM.GSR.TRVL.ZS::2017,Observation
IND,BM.GSR.NFSV.CD,2017,109371141905.165,observation::IND::BM.GSR.NFSV.CD::2017,Observation
IND,BM.GSR.FCTY.CD,2017,44970367090.4048,observation::IND::BM.GSR.FCTY.CD::2017,Observation
IND,AG.SRF.TOTL.K2,2017,3287260.0,observation::IND::AG.SRF.TOTL.K2::2017,Observation
IND,AG.PRD.CREL.MT,2017,309663380.51,observation::IND::AG.PRD.CREL.MT::2017,Observation
IND,AG.LND.PRCP.MM,2017,1083.0,observation::IND::AG.LND.PRCP.MM::2017,Observation
IND,AG.LND.ARBL.HA.PC,2017,0.11465756005888,observation::IND::AG.LND.ARBL.HA.PC::2017,Observation
IND,AG.CON.FERT.ZS,2017,170.569293434684,observation::IND::AG.CON.FERT.ZS::2017,Observation
IND,SH.TBS.DTEC.ZS,2017,56.0,observation::IND::SH.TBS.DTEC.ZS::2017,Observation
IND,SH.SVR.WAST.FE.ZS,2017,4.7,observation::IND::SH.SVR.WAST.FE.ZS::2017,Observation
IND,SH.STA.SUIC.FE.P5,2017,12.77,observation::IND::SH.STA.SUIC.FE.P5::2017,Observation
IND,SH.STA.STNT.ME.FE.ZS,2017,35.6,observation::IND::SH.STA.STNT.ME.FE.ZS::2017,Observation
IND,SH.STA.SMSS.UR.ZS,2017,46.9646656884271,observation::IND::SH.STA.SMSS.UR.ZS::2017,Observation
IND,SH.STA.POIS.P5,2017,0.16,observation::IND::SH.STA.POIS.P5::2017,Observation
IND,SH.STA.OWGH.ME.FE.ZS,2017,2.2,observation::IND::SH.STA.OWGH.ME.FE.ZS::2017,Observation
IND,SH.STA.MALN.FE.ZS,2017,34.7,observation::IND::SH.STA.MALN.FE.ZS::2017,Observation
IND,SH.MMR.RISK.ZS,2017,0.245857820138793,observation::IND::SH.MMR.RISK.ZS::2017,Observation
IND,SH.MED.NUMW.P3,2017,2.126,observation::IND::SH.MED.NUMW.P3::2017,Observation
IND,SH.IMM.IDPT,2017,89.0,observation::IND::SH.IMM.IDPT::2017,Observation
IND,SH.H2O.SMDW.RU.ZS,2017,57.6022145697101,observation::IND::SH.H2O.SMDW.RU.ZS::2017,Observation
IND,SH.DYN.NCOM.FE.ZS,2017,20.2,observation::IND::SH.DYN.NCOM.FE.ZS::2017,Observation
IND,SH.DYN.1014,2017,2.9,observation::IND::SH.DYN.1014::2017,Observation
IND,SH.DTH.0509,2017,76385.0,observation::IND::SH.DTH.0509::2017,Observation
IND,SH.ANM.CHLD.ZS,2017,54.5,observation::IND::SH.ANM.CHLD.ZS::2017,Observation
IND,SH.ALC.PCAP.FE.LI,2017,1.55,observation::IND::SH.ALC.PCAP.FE.LI::2017,Observation
IND,SE.TER.ENRR,2017,27.9090519049334,observation::IND::SE.TER.ENRR::2017,Observation
IND,SE.SEC.TCAQ.ZS,2017,76.4794691925337,observation::IND::SE.SEC.TCAQ.ZS::2017,Observation
IND,BX.KLT.DINV.CD.WD,2017,39966091358.7384,observation::IND::BX.KLT.DINV.CD.WD::2017,Observation
IND,BX.GSR.ROYL.CD,2017,659628260.998322,observation::IND::BX.GSR.ROYL.CD::2017,Observation
IND,BX.GSR.GNFS.CD,2017,489400913160.192,observation::IND::BX.GSR.GNFS.CD::2017,Observation
IND,BX.GSR.CCIS.CD,2017,78518527934.617,observation::IND::BX.GSR.CCIS.CD::2017,Observation
IND,BN.TRF.CURR.CD,2017,60467061759.6437,observation::IND::BN.TRF.CURR.CD::2017,Observation
IND,BN.KAC.EOMS.CD,2017,-850009103.636688,observation::IND::BN.KAC.EOMS.CD::2017,Observation
IND,BN.FIN.TOTL.CD,2017,-38980356796.1663,observation::IND::BN.FIN.TOTL.CD::2017,Observation
IND,BM.TRF.PRVT.CD,2017,5845379246.01509,observation::IND::BM.TRF.PRVT.CD::2017,Observation
IND,BM.GSR.TRAN.ZS,2017,14.9580464247137,observation::IND::BM.GSR.TRAN.ZS::2017,Observation
IND,BM.GSR.MRCH.CD,2017,452241383880.367,observation::IND::BM.GSR.MRCH.CD::2017,Observation
IND,BM.GSR.CMCP.ZS,2017,47.5362505440048,observation::IND::BM.GSR.CMCP.ZS::2017,Observation
IND,AG.PRD.LVSK.XD,2017,111.37,observation::IND::AG.PRD.LVSK.XD::2017,Observation
IND,AG.LND.IRIG.AG.ZS,2017,38.3008993728938,observation::IND::AG.LND.IRIG.AG.ZS::2017,Observation
IND,AG.LND.CROP.ZS,2017,4.37240808693693,observation::IND::AG.LND.CROP.ZS::2017,Observation
IND,AG.LND.ARBL.HA,2017,155895000.0,observation::IND::AG.LND.ARBL.HA::2017,Observation
IND,AG.CON.FERT.PT.ZS,2017,146.530556014768,observation::IND::AG.CON.FERT.PT.ZS::2017,Observation
IND,SH.XPD.EHEX.CH.ZS,2017,0.58871472,observation::IND::SH.XPD.EHEX.CH.ZS::2017,Observation
IND,SH.VAC.TTNS.ZS,2017,90.0,observation::IND::SH.VAC.TTNS.ZS::2017,Observation
IND,SH.SVR.WAST.ZS,2017,4.8,observation::IND::SH.SVR.WAST.ZS::2017,Observation
IND,SH.STA.WAST.MA.ZS,2017,17.7,observation::IND::SH.STA.WAST.MA.ZS::2017,Observation
IND,SH.STA.SUIC.P5,2017,14.87,observation::IND::SH.STA.SUIC.P5::2017,Observation
IND,SH.STA.STNT.ME.ZS,2017,36.6,observation::IND::SH.STA.STNT.ME.ZS::2017,Observation
IND,SH.STA.STNT.FE.ZS,2017,35.8,observation::IND::SH.STA.STNT.FE.ZS::2017,Observation
IND,SH.STA.POIS.P5.MA,2017,0.22,observation::IND::SH.STA.POIS.P5.MA::2017,Observation
IND,SH.STA.OWGH.ME.ZS,2017,2.3,observation::IND::SH.STA.OWGH.ME.ZS::2017,Observation
IND,SH.STA.OWGH.FE.ZS,2017,1.6,observation::IND::SH.STA.OWGH.FE.ZS::2017,Observation
IND,SH.STA.ODFC.UR.ZS,2017,6.87235641760071,observation::IND::SH.STA.ODFC.UR.ZS::2017,Observation
IND,SH.STA.MALN.ZS,2017,33.8,observation::IND::SH.STA.MALN.ZS::2017,Observation
IND,SH.STA.HYGN.UR.ZS,2017,82.2300432302718,observation::IND::SH.STA.HYGN.UR.ZS::2017,Observation
IND,SH.STA.BRTW.ZS,2017,28.08633456,observation::IND::SH.STA.BRTW.ZS::2017,Observation
IND,SH.STA.BASS.UR.ZS,2017,75.0052138951575,observation::IND::SH.STA.BASS.UR.ZS::2017,Observation
IND,SH.SGR.IRSK.ZS,2017,52.4,observation::IND::SH.SGR.IRSK.ZS::2017,Observation
IND,SH.MMR.DTHS,2017,28000.0,observation::IND::SH.MMR.DTHS::2017,Observation
IND,SH.MED.BEDS.ZS,2017,1.66,observation::IND::SH.MED.BEDS.ZS::2017,Observation
IND,SH.H2O.SMDW.ZS,2017,64.567945966321,observation::IND::SH.H2O.SMDW.ZS::2017,Observation
IND,SH.H2O.BASW.UR.ZS,2017,95.4237658766528,observation::IND::SH.H2O.BASW.UR.ZS::2017,Observation
IND,SH.DYN.NCOM.ZS,2017,23.0,observation::IND::SH.DYN.NCOM.ZS::2017,Observation
IND,SH.DYN.MORT.FE,2017,40.0,observation::IND::SH.DYN.MORT.FE::2017,Observation
IND,SH.DYN.2024,2017,6.1,observation::IND::SH.DYN.2024::2017,Observation
IND,SH.DTH.1519,2017,112589.0,observation::IND::SH.DTH.1519::2017,Observation
IND,SH.ALC.PCAP.MA.LI,2017,8.02,observation::IND::SH.ALC.PCAP.MA.LI::2017,Observation
IND,SG.GEN.PARL.ZS,2017,11.8081180811808,observation::IND::SG.GEN.PARL.ZS::2017,Observation
IND,SE.XPD.TOTL.GB.ZS,2017,15.8097696304321,observation::IND::SE.XPD.TOTL.GB.ZS::2017,Observation
IND,SE.TER.ENRR.MA,2017,27.7286239351783,observation::IND::SE.TER.ENRR.MA::2017,Observation
IND,DC.DAC.FRAL.CD,2017,180873306.274414,observation::IND::DC.DAC.FRAL.CD::2017,Observation
IND,DC.DAC.DNKL.CD,2017,3410361.05155945,observation::IND::DC.DAC.DNKL.CD::2017,Observation
IND,DC.DAC.CECL.CD,2017,462365631.103516,observation::IND::DC.DAC.CECL.CD::2017,Observation
IND,DC.DAC.AUSL.CD,2017,6198443.88961792,observation::IND::DC.DAC.AUSL.CD::2017,Observation
IND,CM.MKT.LDOM.NO,2017,5615.0,observation::IND::CM.MKT.LDOM.NO::2017,Observation
IND,BX.TRF.PWKR.DT.GD.ZS,2017,2.60108787283474,observation::IND::BX.TRF.PWKR.DT.GD.ZS::2017,Observation
IND,BX.PEF.TOTL.CD.WD,2017,5928064111.04438,observation::IND::BX.PEF.TOTL.CD.WD::2017,Observation
IND,BX.GSR.TRAN.ZS,2017,9.16335489442505,observation::IND::BX.GSR.TRAN.ZS::2017,Observation
IND,BX.GSR.MRCH.CD,2017,304106898883.26,observation::IND::BX.GSR.MRCH.CD::2017,Observation
IND,BX.GSR.CMCP.ZS,2017,52.6112568869802,observation::IND::BX.GSR.CMCP.ZS::2017,Observation
IND,BX.GRT.EXTA.CD.WD,2017,593527522.0,observation::IND::BX.GRT.EXTA.CD.WD::2017,Observation
IND,BN.KLT.PTXL.CD,2017,-30637784957.5154,observation::IND::BN.KLT.PTXL.CD::2017,Observation
IND,BN.GSR.GNFS.CD,2017,-72211612625.3398,observation::IND::BN.GSR.GNFS.CD::2017,Observation
IND,BN.CAB.XOKA.CD,2017,-38167659223.511,observation::IND::BN.CAB.XOKA.CD::2017,Observation
IND,BM.KLT.DINV.CD.WD,2017,11090150305.4241,observation::IND::BM.KLT.DINV.CD.WD::2017,Observation
IND,BM.GSR.ROYL.CD,2017,6515405393.63594,observation::IND::BM.GSR.ROYL.CD::2017,Observation
IND,BM.GSR.GNFS.CD,2017,561612525785.532,observation::IND::BM.GSR.GNFS.CD::2017,Observation
IND,AG.YLD.CREL.KG,2017,3127.6,observation::IND::AG.YLD.CREL.KG::2017,Observation
IND,AG.PRD.CROP.XD,2017,107.28,observation::IND::AG.PRD.CROP.XD::2017,Observation
IND,AG.LND.TOTL.K2,2017,2973190.0,observation::IND::AG.LND.TOTL.K2::2017,Observation
IND,AG.LND.FRST.K2,2017,713610.0,observation::IND::AG.LND.FRST.K2::2017,Observation
IND,AG.LND.ARBL.ZS,2017,52.433581439464,observation::IND::AG.LND.ARBL.ZS::2017,Observation
IND,AG.LND.AGRI.K2,2017,1792360.0,observation::IND::AG.LND.AGRI.K2::2017,Observation
IND,SH.STA.STNT.ZS,2017,36.1,observation::IND::SH.STA.STNT.ZS::2017,Observation
IND,SH.STA.STNT.MA.ZS,2017,36.4,observation::IND::SH.STA.STNT.MA.ZS::2017,Observation
IND,SH.STA.SMSS.RU.ZS,2017,47.3788298797235,observation::IND::SH.STA.SMSS.RU.ZS::2017,Observation
IND,SH.STA.OWGH.ZS,2017,1.6,observation::IND::SH.STA.OWGH.ZS::2017,Observation
IND,SH.STA.OWGH.MA.ZS,2017,1.7,observation::IND::SH.STA.OWGH.MA.ZS::2017,Observation
IND,SH.STA.ODFC.ZS,2017,25.1059208970117,observation::IND::SH.STA.ODFC.ZS::2017,Observation
IND,SH.STA.MMRT,2017,113.0,observation::IND::SH.STA.MMRT::2017,Observation
IND,SH.STA.HYGN.ZS,2017,66.4616562793116,observation::IND::SH.STA.HYGN.ZS::2017,Observation
IND,SH.STA.BASS.ZS,2017,63.1125583715917,observation::IND::SH.STA.BASS.ZS::2017,Observation
IND,SH.MMR.RISK,2017,407.0,observation::IND::SH.MMR.RISK::2017,Observation
IND,SH.MLR.INCD.P3,2017,4.61,observation::IND::SH.MLR.INCD.P3::2017,Observation
IND,SH.IMM.HEPB,2017,89.0,observation::IND::SH.IMM.HEPB::2017,Observation
IND,SH.H2O.BASW.ZS,2017,91.0905825625786,observation::IND::SH.H2O.BASW.ZS::2017,Observation
IND,SH.DYN.NMRT,2017,24.0,observation::IND::SH.DYN.NMRT::2017,Observation
IND,SH.DYN.MORT.MA,2017,38.1,observation::IND::SH.DYN.MORT.MA::2017,Observation
IND,SH.DYN.AIDS.FE.ZS,2017,43.7816712252342,observation::IND::SH.DYN.AIDS.FE.ZS::2017,Observation
IND,SH.DYN.0509,2017,3.0,observation::IND::SH.DYN.0509::2017,Observation
IND,SH.DTH.MORT,2017,967313.0,observation::IND::SH.DTH.MORT::2017,Observation
IND,SH.DTH.2024,2017,152902.0,observation::IND::SH.DTH.2024::2017,Observation
IND,SH.ANM.ALLW.ZS,2017,51.4,observation::IND::SH.ANM.ALLW.ZS::2017,Observation
IND,SE.XPD.TOTL.GD.ZS,2017,4.30543994903565,observation::IND::SE.XPD.TOTL.GD.ZS::2017,Observation
IND,SE.TER.TCHR.FE.ZS,2017,40.5884230765288,observation::IND::SE.TER.TCHR.FE.ZS::2017,Observation
IND,SE.TER.ENRL.TC.ZS,2017,24.43582,observation::IND::SE.TER.ENRL.TC.ZS::2017,Observation
IND,SE.SEC.TCHR.FE.ZS,2017,43.9838502098936,observation::IND::SE.SEC.TCHR.FE.ZS::2017,Observation
IND,SE.SEC.TCAQ.UP.ZS,2017,76.3615193746282,observation::IND::SE.SEC.TCAQ.UP.ZS::2017,Observation
IND,SE.SEC.TCAQ.LO.ZS,2017,76.5798696499204,observation::IND::SE.SEC.TCAQ.LO.ZS::2017,Observation
IND,SE.SEC.PROG.ZS,2017,91.25519,observation::IND::SE.SEC.PROG.ZS::2017,Observation
IND,DC.DAC.AUTL.CD,2017,4006015.77758789,observation::IND::DC.DAC.AUTL.CD::2017,Observation
IND,CM.MKT.TRAD.CD,2017,1204808201528.86,observation::IND::CM.MKT.TRAD.CD::2017,Observation
IND,CM.MKT.INDX.ZG,2017,44.4235258464243,observation::IND::CM.MKT.INDX.ZG::2017,Observation
IND,BX.TRF.CURR.CD,2017,67068092782.4906,observation::IND::BX.TRF.CURR.CD::2017,Observation
IND,BX.GSR.TRVL.ZS,2017,14.7684749816753,observation::IND::BX.GSR.TRVL.ZS::2017,Observation
IND,BX.GSR.NFSV.CD,2017,185294014276.932,observation::IND::BX.GSR.NFSV.CD::2017,Observation
IND,BX.GSR.FCTY.CD,2017,18547258732.5898,observation::IND::BX.GSR.FCTY.CD::2017,Observation
IND,BX.GRT.TECH.CD.WD,2017,495322675.0,observation::IND::BX.GRT.TECH.CD.WD::2017,Observation
IND,BN.RES.INCL.CD,2017,37070503126.3043,observation::IND::BN.RES.INCL.CD::2017,Observation
IND,BN.GSR.MRCH.CD,2017,-148134484997.107,observation::IND::BN.GSR.MRCH.CD::2017,Observation
IND,BN.CAB.XOKA.GD.ZS,2017,-1.43948820320988,observation::IND::BN.CAB.XOKA.GD.ZS::2017,Observation
IND,BM.KLT.DINV.WD.GD.ZS,2017,0.418263547235003,observation::IND::BM.KLT.DINV.WD.GD.ZS::2017,Observation
IND,BM.GSR.TOTL.CD,2017,606582892875.937,observation::IND::BM.GSR.TOTL.CD::2017,Observation
IND,BM.GSR.INSF.ZS,2017,6.91676362830694,observation::IND::BM.GSR.INSF.ZS::2017,Observation
IND,BG.GSR.NFSV.GD.ZS,2017,11.1132572667659,observation::IND::BG.GSR.NFSV.GD.ZS::2017,Observation
IND,AG.PRD.FOOD.XD,2017,108.94,observation::IND::AG.PRD.FOOD.XD::2017,Observation
IND,AG.LND.FRST.ZS,2017,24.0014933455312,observation::IND::AG.LND.FRST.ZS::2017,Observation
IND,AG.LND.CREL.HA,2017,99009594.0,observation::IND::AG.LND.CREL.HA::2017,Observation
IND,AG.LND.AGRI.ZS,2017,60.2840719900175,observation::IND::AG.LND.AGRI.ZS::2017,Observation
IND,SE.SEC.TCAQ.UP.FE.ZS,2017,78.6989631615603,observation::IND::SE.SEC.TCAQ.UP.FE.ZS::2017,Observation
IND,SE.SEC.TCAQ.LO.FE.ZS,2017,78.3673973936251,observation::IND::SE.SEC.TCAQ.LO.FE.ZS::2017,Observation
IND,SE.SEC.PROG.FE.ZS,2017,91.5643,observation::IND::SE.SEC.PROG.FE.ZS::2017,Observation
IND,SE.SEC.ENRL.VO.FE.ZS,2017,16.58685,observation::IND::SE.SEC.ENRL.VO.FE.ZS::2017,Observation
IND,SE.SEC.ENRL.LO.TC.ZS,2017,25.85525,observation::IND::SE.SEC.ENRL.LO.TC.ZS::2017,Observation
IND,SE.SEC.ENRL,2017,129829192.0,observation::IND::SE.SEC.ENRL::2017,Observation
IND,SE.SEC.CMPT.LO.MA.ZS,2017,84.5285491440158,observation::IND::SE.SEC.CMPT.LO.MA.ZS::2017,Observation
IND,SE.PRM.UNER.MA.ZS,2017,6.90627899740571,observation::IND::SE.PRM.UNER.MA.ZS::2017,Observation
IND,SE.PRM.UNER,2017,7328295.0,observation::IND::SE.PRM.UNER::2017,Observation
IND,SE.PRM.TCHR.FE.ZS,2017,51.210552298123,observation::IND::SE.PRM.TCHR.FE.ZS::2017,Observation
IND,SE.PRM.TCAQ.FE.ZS,2017,70.5142452998257,observation::IND::SE.PRM.TCAQ.FE.ZS::2017,Observation
IND,SE.PRM.GINT.ZS,2017,100.26909,observation::IND::SE.PRM.GINT.ZS::2017,Observation
IND,SE.PRM.ENRR.FE,2017,102.547235057217,observation::IND::SE.PRM.ENRR.FE::2017,Observation
IND,SE.PRM.ENRL,2017,123807892.0,observation::IND::SE.PRM.ENRL::2017,Observation
IND,SE.PRM.AGES,2017,6.0,observation::IND::SE.PRM.AGES::2017,Observation
IND,SE.PRE.ENRR.MA,2017,59.123218536377,observation::IND::SE.PRE.ENRR.MA::2017,Observation
IND,SE.PRE.DURS,2017,3.0,observation::IND::SE.PRE.DURS::2017,Observation
IND,SE.LPV.PRIM.MA,2017,57.4794998168945,observation::IND::SE.LPV.PRIM.MA::2017,Observation
IND,SE.LPV.PRIM.FE,2017,55.2042999267578,observation::IND::SE.LPV.PRIM.FE::2017,Observation
IND,SE.ENR.PRSC.FM.ZS,2017,1.08402001857758,observation::IND::SE.ENR.PRSC.FM.ZS::2017,Observation
IND,PA.NUS.PPP,2017,20.4555778503418,observation::IND::PA.NUS.PPP::2017,Observation
IND,NY.TTF.GNFS.KN,2017,332623788331.027,observation::IND::NY.TTF.GNFS.KN::2017,Observation
IND,NY.TAX.NIND.KN,2017,11104116310000.0,observation::IND::NY.TAX.NIND.KN::2017,Observation
IND,NY.GSR.NFCY.CN,2017,-1848126425500.0,observation::IND::NY.GSR.NFCY.CN::2017,Observation
IND,NY.GNS.ICTR.CN,2017,54186975481965.7,observation::IND::NY.GNS.ICTR.CN::2017,Observation
IND,NY.GNP.PCAP.KN,2017,95602.7197295436,observation::IND::NY.GNP.PCAP.KN::2017,Observation
IND,SE.SEC.TCAQ.MA.ZS,2017,74.882463475006,observation::IND::SE.SEC.TCAQ.MA.ZS::2017,Observation
IND,SE.SEC.TCAQ.FE.ZS,2017,78.5133546086987,observation::IND::SE.SEC.TCAQ.FE.ZS::2017,Observation
IND,SE.SEC.ENRR.MA,2017,75.0866012573242,observation::IND::SE.SEC.ENRR.MA::2017,Observation
IND,SE.SEC.ENRL.VO,2017,2300769.0,observation::IND::SE.SEC.ENRL.VO::2017,Observation
IND,SE.SEC.ENRL.GC.FE.ZS,2017,48.03725,observation::IND::SE.SEC.ENRL.GC.FE.ZS::2017,Observation
IND,SE.SEC.DURS,2017,7.0,observation::IND::SE.SEC.DURS::2017,Observation
IND,SE.SEC.CMPT.LO.FE.ZS,2017,87.552296340435,observation::IND::SE.SEC.CMPT.LO.FE.ZS::2017,Observation
IND,SE.PRM.UNER.MA,2017,4380744.0,observation::IND::SE.PRM.UNER.MA::2017,Observation
IND,SE.PRM.TCHR,2017,4373417.0,observation::IND::SE.PRM.TCHR::2017,Observation
IND,SE.PRM.REPT.ZS,2017,0.56638,observation::IND::SE.PRM.REPT.ZS::2017,Observation
IND,SE.PRM.GINT.MA.ZS,2017,99.94738,observation::IND::SE.PRM.GINT.MA.ZS::2017,Observation
IND,SE.PRM.ENRR,2017,101.886981326278,observation::IND::SE.PRM.ENRR::2017,Observation
IND,SE.PRM.DURS,2017,5.0,observation::IND::SE.PRM.DURS::2017,Observation
IND,SE.PRM.CMPT.ZS,2017,98.5887118701809,observation::IND::SE.PRM.CMPT.ZS::2017,Observation
IND,SE.PRE.ENRR.FE,2017,62.0241241455078,observation::IND::SE.PRE.ENRR.FE::2017,Observation
IND,SE.LPV.PRIM.SD.MA,2017,5.51000213623046,observation::IND::SE.LPV.PRIM.SD.MA::2017,Observation
IND,SE.LPV.PRIM.LD.MA,2017,55.0,observation::IND::SE.LPV.PRIM.LD.MA::2017,Observation
IND,SE.LPV.PRIM,2017,56.0705604553222,observation::IND::SE.LPV.PRIM::2017,Observation
IND,SE.ENR.PRIM.FM.ZS,2017,1.02605366706848,observation::IND::SE.ENR.PRIM.FM.ZS::2017,Observation
IND,PA.NUS.GDP.PLI,2017,31.7362807264485,observation::IND::PA.NUS.GDP.PLI::2017,Observation
IND,NY.TAX.NIND.CN,2017,15843771496000.0,observation::IND::NY.TAX.NIND.CN::2017,Observation
IND,NY.GSR.NFCY.CD,2017,-28673186104.4227,observation::IND::NY.GSR.NFCY.CD::2017,Observation
IND,SE.SEC.TCHR.FE,2017,2080967.0,observation::IND::SE.SEC.TCHR.FE::2017,Observation
IND,SE.SEC.TCAQ.UP.MA.ZS,2017,74.6613520509441,observation::IND::SE.SEC.TCAQ.UP.MA.ZS::2017,Observation
IND,SE.SEC.TCAQ.LO.MA.ZS,2017,75.0826850347277,observation::IND::SE.SEC.TCAQ.LO.MA.ZS::2017,Observation
IND,SE.SEC.PROG.MA.ZS,2017,90.96657,observation::IND::SE.SEC.PROG.MA.ZS::2017,Observation
IND,SE.SEC.ENRR,2017,74.6743774414062,observation::IND::SE.SEC.ENRR::2017,Observation
IND,SE.SEC.ENRL.TC.ZS,2017,27.44103,observation::IND::SE.SEC.ENRL.TC.ZS::2017,Observation
IND,SE.SEC.ENRL.FE.ZS,2017,47.4799,observation::IND::SE.SEC.ENRL.FE.ZS::2017,Observation
IND,SE.SEC.CMPT.LO.ZS,2017,85.9737227202048,observation::IND::SE.SEC.CMPT.LO.ZS::2017,Observation
IND,SE.PRM.UNER.ZS,2017,6.03077755187412,observation::IND::SE.PRM.UNER.ZS::2017,Observation
IND,SE.PRM.UNER.FE,2017,2947551.0,observation::IND::SE.PRM.UNER.FE::2017,Observation
IND,SE.PRM.TCAQ.MA.ZS,2017,69.1139515766959,observation::IND::SE.PRM.TCAQ.MA.ZS::2017,Observation
IND,SE.PRM.REPT.FE.ZS,2017,0.55693,observation::IND::SE.PRM.REPT.FE.ZS::2017,Observation
IND,SE.PRM.ENRR.MA,2017,101.282391706772,observation::IND::SE.PRM.ENRR.MA::2017,Observation
IND,SE.PRM.ENRL.FE.ZS,2017,50.88245,observation::IND::SE.PRM.ENRL.FE.ZS::2017,Observation
IND,SE.PRM.CMPT.FE.ZS,2017,99.6020834131864,observation::IND::SE.PRM.CMPT.FE.ZS::2017,Observation
IND,SE.LPV.PRIM.SD,2017,5.12000274658203,observation::IND::SE.LPV.PRIM.SD::2017,Observation
IND,SE.LPV.PRIM.LD,2017,53.7000007629394,observation::IND::SE.LPV.PRIM.LD::2017,Observation
IND,SE.ENR.SECO.FM.ZS,2017,1.01506996154785,observation::IND::SE.ENR.SECO.FM.ZS::2017,Observation
IND,PA.NUS.PRVT.PLI,2017,31.2623470467818,observation::IND::PA.NUS.PRVT.PLI::2017,Observation
IND,PA.NUS.ATLS,2017,64.454868,observation::IND::PA.NUS.ATLS::2017,Observation
IND,NY.TRF.NCTR.CD,2017,62949506006.2802,observation::IND::NY.TRF.NCTR.CD::2017,Observation
IND,SE.SEC.ENRR.FE,2017,74.2236328125,observation::IND::SE.SEC.ENRR.FE::2017,Observation
IND,SE.SEC.ENRL.UP.TC.ZS,2017,29.30399,observation::IND::SE.SEC.ENRL.UP.TC.ZS::2017,Observation
IND,SE.SEC.ENRL.GC,2017,127528425.0,observation::IND::SE.SEC.ENRL.GC::2017,Observation
IND,SE.SEC.AGES,2017,11.0,observation::IND::SE.SEC.AGES::2017,Observation
IND,SE.PRM.UNER.FE.ZS,2017,5.07466934689507,observation::IND::SE.PRM.UNER.FE.ZS::2017,Observation
IND,SE.PRM.TCAQ.ZS,2017,69.8310497261066,observation::IND::SE.PRM.TCAQ.ZS::2017,Observation
IND,SE.PRM.REPT.MA.ZS,2017,0.57514,observation::IND::SE.PRM.REPT.MA.ZS::2017,Observation
IND,SE.PRM.PRIV.ZS,2017,35.2080917358398,observation::IND::SE.PRM.PRIV.ZS::2017,Observation
IND,SE.PRM.GINT.FE.ZS,2017,100.62381,observation::IND::SE.PRM.GINT.FE.ZS::2017,Observation
IND,SE.PRM.ENRL.TC.ZS,2017,32.74955,observation::IND::SE.PRM.ENRL.TC.ZS::2017,Observation
IND,SE.PRM.CMPT.MA.ZS,2017,97.6611329753984,observation::IND::SE.PRM.CMPT.MA.ZS::2017,Observation
IND,SE.PRE.ENRR,2017,60.5040664672852,observation::IND::SE.PRE.ENRR::2017,Observation
IND,SE.LPV.PRIM.SD.FE,2017,4.69000244140625,observation::IND::SE.LPV.PRIM.SD.FE::2017,Observation
IND,SE.LPV.PRIM.LD.FE,2017,53.0,observation::IND::SE.LPV.PRIM.LD.FE::2017,Observation
IND,SE.ENR.TERT.FM.ZS,2017,1.01343980995597,observation::IND::SE.ENR.TERT.FM.ZS::2017,Observation
IND,SE.COM.DURS,2017,8.0,observation::IND::SE.COM.DURS::2017,Observation
IND,PA.NUS.PRVT.PP,2017,20.1501045227051,observation::IND::PA.NUS.PRVT.PP::2017,Observation
IND,PA.NUS.FCRF,2017,65.1215686450659,observation::IND::PA.NUS.FCRF::2017,Observation
IND,NY.TRF.NCTR.CN,2017,4057402100300.0,observation::IND::NY.TRF.NCTR.CN::2017,Observation
IND,NY.TAX.NIND.CD,2017,245811867863.883,observation::IND::NY.TAX.NIND.CD::2017,Observation
IND,NY.GNS.ICTR.ZS,2017,31.7067531706123,observation::IND::NY.GNS.ICTR.ZS::2017,Observation
IND,NY.GNP.PCAP.CD,2017,1790.0,observation::IND::NY.GNP.PCAP.CD::2017,Observation
IND,NY.GNP.MKTP.KD.ZG,2017,8.09470773200715,observation::IND::NY.GNP.MKTP.KD.ZG::2017,Observation
IND,NY.GNP.MKTP.CD,2017,2622801076651.03,observation::IND::NY.GNP.MKTP.CD::2017,Observation
IND,NY.GDS.TOTL.CN,2017,52137705423400.0,observation::IND::NY.GDS.TOTL.CN::2017,Observation
IND,NY.GDP.PCAP.PP.KD,2017,7326.60693679859,observation::IND::NY.GDP.PCAP.PP.KD::2017,Observation
IND,NY.GDP.PCAP.KD,2017,1788.69770318446,observation::IND::NY.GDP.PCAP.KD::2017,Observation
IND,NY.GDP.MKTP.PP.KD,2017,9961675338509.53,observation::IND::NY.GDP.MKTP.PP.KD::2017,Observation
IND,NY.GDP.MKTP.KD,2017,2432016068497.75,observation::IND::NY.GDP.MKTP.KD::2017,Observation
IND,NY.GDP.MINR.RT.ZS,2017,0.457790108813118,observation::IND::NY.GDP.MINR.RT.ZS::2017,Observation
IND,NY.GDP.FCST.CN,2017,155056652114900.0,observation::IND::NY.GDP.FCST.CN::2017,Observation
IND,NY.GDP.DEFL.ZS.AD,2017,130.015866407506,observation::IND::NY.GDP.DEFL.ZS.AD::2017,Observation
IND,NY.GDP.COAL.RT.ZS,2017,0.944480460585748,observation::IND::NY.GDP.COAL.RT.ZS::2017,Observation
IND,NY.ADJ.SVNG.GN.ZS,2017,19.3623423020035,observation::IND::NY.ADJ.SVNG.GN.ZS::2017,Observation
IND,NY.ADJ.NNTY.PC.CD,2017,1710.8931713233,observation::IND::NY.ADJ.NNTY.PC.CD::2017,Observation
IND,NY.ADJ.NNAT.GN.ZS,2017,21.6139384470424,observation::IND::NY.ADJ.NNAT.GN.ZS::2017,Observation
IND,NY.ADJ.DPEM.GN.ZS,2017,1.15329309752058,observation::IND::NY.ADJ.DPEM.GN.ZS::2017,Observation
IND,NY.ADJ.DMIN.GN.ZS,2017,0.213918469176233,observation::IND::NY.ADJ.DMIN.GN.ZS::2017,Observation
IND,NY.ADJ.DFOR.GN.ZS,2017,0.209054526568512,observation::IND::NY.ADJ.DFOR.GN.ZS::2017,Observation
IND,NY.ADJ.AEDU.GN.ZS,2017,3.08,observation::IND::NY.ADJ.AEDU.GN.ZS::2017,Observation
IND,NV.SRV.TOTL.KD.ZG,2017,6.34306289886734,observation::IND::NV.SRV.TOTL.KD.ZG::2017,Observation
IND,NV.SRV.EMPL.KD,2017,7481.37671450743,observation::IND::NV.SRV.EMPL.KD::2017,Observation
IND,NV.MNF.MTRN.ZS.UN,2017,19.6445398115139,observation::IND::NV.MNF.MTRN.ZS.UN::2017,Observation
IND,NV.IND.TOTL.KN,2017,37759955038600.0,observation::IND::NV.IND.TOTL.KN::2017,Observation
IND,NV.IND.TOTL.CD,2017,702641121007.338,observation::IND::NV.IND.TOTL.CD::2017,Observation
IND,NV.IND.MANF.KD,2017,380437061888.771,observation::IND::NV.IND.MANF.KD::2017,Observation
IND,NV.AGR.TOTL.KD.ZG,2017,6.60592151667778,observation::IND::NV.AGR.TOTL.KD.ZG::2017,Observation
IND,NV.AGR.EMPL.KD,2017,1920.10892336577,observation::IND::NV.AGR.EMPL.KD::2017,Observation
IND,NE.RSB.GNFS.CN,2017,-5398688456300.0,observation::IND::NE.RSB.GNFS.CN::2017,Observation
IND,NE.IMP.GNFS.KD.ZG,2017,17.4199833755138,observation::IND::NE.IMP.GNFS.KD.ZG::2017,Observation
IND,NE.GDI.TOTL.ZS,2017,30.9821728344733,observation::IND::NE.GDI.TOTL.ZS::2017,Observation
IND,NY.GNS.ICTR.CD,2017,840696399874.183,observation::IND::NY.GNS.ICTR.CD::2017,Observation
IND,NY.GNP.PCAP.KD.ZG,2017,5.63035111633891,observation::IND::NY.GNP.PCAP.KD.ZG::2017,Observation
IND,NY.GNP.MKTP.PP.KD,2017,9862458926433.5,observation::IND::NY.GNP.MKTP.PP.KD::2017,Observation
IND,NY.GNP.MKTP.KD,2017,2405669324931.34,observation::IND::NY.GNP.MKTP.KD::2017,Observation
IND,NY.GNP.ATLS.CD,2017,2439593980808.9,observation::IND::NY.GNP.ATLS.CD::2017,Observation
IND,NY.GDS.TOTL.CD,2017,808902524218.962,observation::IND::NY.GDS.TOTL.CD::2017,Observation
IND,NY.GDP.PCAP.PP.CD,2017,6144.71714444938,observation::IND::NY.GDP.PCAP.PP.CD::2017,Observation
IND,NY.GDP.PCAP.CN,2017,125693.739916614,observation::IND::NY.GDP.PCAP.CN::2017,Observation
IND,NY.GDP.MKTP.PP.CD,2017,8354710136357.47,observation::IND::NY.GDP.MKTP.PP.CD::2017,Observation
IND,NY.GDP.MKTP.CN.AD,2017,170900423611300.0,observation::IND::NY.GDP.MKTP.CN.AD::2017,Observation
IND,NY.GDP.FRST.RT.ZS,2017,0.206793799609741,observation::IND::NY.GDP.FRST.RT.ZS::2017,Observation
IND,NY.GDP.FCST.CD,2017,2405662394885.36,observation::IND::NY.GDP.FCST.CD::2017,Observation
IND,NY.GDP.DEFL.ZS,2017,130.015866407506,observation::IND::NY.GDP.DEFL.ZS::2017,Observation
IND,NY.EXP.CAPM.KN,2017,26352741768931.0,observation::IND::NY.EXP.CAPM.KN::2017,Observation
IND,NY.ADJ.SVNG.CD,2017,507835470236.008,observation::IND::NY.ADJ.SVNG.CD::2017,Observation
IND,NY.ADJ.NNTY.KD.ZG,2017,8.75634435946382,observation::IND::NY.ADJ.NNTY.KD.ZG::2017,Observation
IND,NY.ADJ.NNAT.CD,2017,566890328850.871,observation::IND::NY.ADJ.NNAT.CD::2017,Observation
IND,NY.ADJ.DPEM.CD,2017,30248568761.1619,observation::IND::NY.ADJ.DPEM.CD::2017,Observation
IND,NY.ADJ.DMIN.CD,2017,5610653127.18072,observation::IND::NY.ADJ.DMIN.CD::2017,Observation
IND,NY.ADJ.DFOR.CD,2017,5483081651.43331,observation::IND::NY.ADJ.DFOR.CD::2017,Observation
IND,NY.ADJ.AEDU.CD,2017,80782233054.7817,observation::IND::NY.ADJ.AEDU.CD::2017,Observation
IND,NV.SRV.TOTL.KD,2017,1159396551829.65,observation::IND::NV.SRV.TOTL.KD::2017,Observation
IND,NV.MNF.TXTL.ZS.UN,2017,8.57915376007985,observation::IND::NV.MNF.TXTL.ZS.UN::2017,Observation
IND,NV.MNF.FBTO.ZS.UN,2017,10.6798568131121,observation::IND::NV.MNF.FBTO.ZS.UN::2017,Observation
IND,NV.IND.TOTL.KD.ZG,2017,5.86054231753634,observation::IND::NV.IND.TOTL.KD.ZG::2017,Observation
IND,NV.IND.MANF.ZS,2017,15.0182387501718,observation::IND::NV.IND.MANF.ZS::2017,Observation
IND,NV.IND.MANF.CN,2017,25666233643000.0,observation::IND::NV.IND.MANF.CN::2017,Observation
IND,NV.AGR.TOTL.KD,2017,387377591405.895,observation::IND::NV.AGR.TOTL.KD::2017,Observation
IND,NE.TRD.GNFS.ZS,2017,40.7424969545225,observation::IND::NE.TRD.GNFS.ZS::2017,Observation
IND,NE.RSB.GNFS.CD,2017,-83759204290.0468,observation::IND::NE.RSB.GNFS.CD::2017,Observation
IND,NY.GNS.ICTR.GN.ZS,2017,32.0533801575086,observation::IND::NY.GNS.ICTR.GN.ZS::2017,Observation
IND,NY.GNP.PCAP.PP.CD,2017,6080.0,observation::IND::NY.GNP.PCAP.PP.CD::2017,Observation
IND,NY.GNP.PCAP.CN,2017,124334.481013967,observation::IND::NY.GNP.PCAP.CN::2017,Observation
IND,NY.GNP.MKTP.KN,2017,129986945340400.0,observation::IND::NY.GNP.MKTP.KN::2017,Observation
IND,NY.GNP.MKTP.CN,2017,169052297185800.0,observation::IND::NY.GNP.MKTP.CN::2017,Observation
IND,NY.GDS.TOTL.ZS,2017,30.5076513689534,observation::IND::NY.GDS.TOTL.ZS::2017,Observation
IND,NY.GDP.PETR.RT.ZS,2017,0.313225226270499,observation::IND::NY.GDP.PETR.RT.ZS::2017,Observation
IND,NY.GDP.PCAP.KD.ZG,2017,5.561185034605,observation::IND::NY.GDP.PCAP.KD.ZG::2017,Observation
IND,NY.GDP.NGAS.RT.ZS,2017,0.0616444207974507,observation::IND::NY.GDP.NGAS.RT.ZS::2017,Observation
IND,NY.GDP.MKTP.KD.ZG,2017,6.79538341897911,observation::IND::NY.GDP.MKTP.KD.ZG::2017,Observation
IND,NY.GDP.MKTP.CD,2017,2651474262755.45,observation::IND::NY.GDP.MKTP.CD::2017,Observation
IND,NY.GDP.FCST.KD,2017,2203036264922.3,observation::IND::NY.GDP.FCST.KD::2017,Observation
IND,NY.GDP.DISC.CN,2017,4587729261600.0,observation::IND::NY.GDP.DISC.CN::2017,Observation
IND,NY.GDP.DEFL.KD.ZG,2017,3.96925793352338,observation::IND::NY.GDP.DEFL.KD.ZG::2017,Observation
IND,NY.ADJ.SVNX.CD,2017,538084038997.17,observation::IND::NY.ADJ.SVNX.CD::2017,Observation
IND,NY.ADJ.NNTY.PC.KD,2017,1581.39127321571,observation::IND::NY.ADJ.NNTY.PC.KD::2017,Observation
IND,NY.ADJ.NNTY.CD,2017,2326228560999.19,observation::IND::NY.ADJ.NNTY.CD::2017,Observation
IND,NY.ADJ.DRES.GN.ZS,2017,0.867985809136638,observation::IND::NY.ADJ.DRES.GN.ZS::2017,Observation
IND,NY.ADJ.DNGY.CD,2017,11671795066.1649,observation::IND::NY.ADJ.DNGY.CD::2017,Observation
IND,NY.ADJ.DKAP.CD,2017,273805683661.935,observation::IND::NY.ADJ.DKAP.CD::2017,Observation
IND,NY.ADJ.DCO2.CD,2017,86822993063.7043,observation::IND::NY.ADJ.DCO2.CD::2017,Observation
IND,NV.SRV.TOTL.KN,2017,64181521143200.0,observation::IND::NV.SRV.TOTL.KN::2017,Observation
IND,NV.SRV.TOTL.CD,2017,1263981378334.37,observation::IND::NV.SRV.TOTL.CD::2017,Observation
IND,NV.MNF.OTHR.ZS.UN,2017,43.2891013378129,observation::IND::NV.MNF.OTHR.ZS.UN::2017,Observation
IND,NV.IND.TOTL.ZS,2017,26.5000166464804,observation::IND::NV.IND.TOTL.ZS::2017,Observation
IND,NV.IND.TOTL.CN,2017,45288640705900.0,observation::IND::NV.IND.TOTL.CN::2017,Observation
IND,NV.IND.MANF.KD.ZG,2017,7.52706360435427,observation::IND::NV.IND.MANF.KD.ZG::2017,Observation
IND,NV.IND.EMPL.KD,2017,5439.6333510982,observation::IND::NV.IND.EMPL.KD::2017,Observation
IND,NV.AGR.TOTL.KN,2017,18400228955800.0,observation::IND::NV.AGR.TOTL.KN::2017,Observation
IND,NV.AGR.TOTL.CD,2017,439039895543.654,observation::IND::NV.AGR.TOTL.CD::2017,Observation
IND,NE.RSB.GNFS.KN,2017,-4762620097400.0,observation::IND::NE.RSB.GNFS.KN::2017,Observation
IND,NE.IMP.GNFS.KN,2017,30782738078000.0,observation::IND::NE.IMP.GNFS.KN::2017,Observation
IND,NY.GNP.PCAP.PP.KD,2017,7253.63531021381,observation::IND::NY.GNP.PCAP.PP.KD::2017,Observation
IND,NY.GNP.PCAP.KD,2017,1769.32021620398,observation::IND::NY.GNP.PCAP.KD::2017,Observation
IND,NY.GNP.MKTP.PP.CD,2017,8264361849009.08,observation::IND::NY.GNP.MKTP.PP.CD::2017,Observation
IND,NY.GNP.MKTP.CN.AD,2017,169052297185800.0,observation::IND::NY.GNP.MKTP.CN.AD::2017,Observation
IND,NY.GDY.TOTL.KN,2017,131778445235731.0,observation::IND::NY.GDY.TOTL.KN::2017,Observation
IND,NY.GDP.TOTL.RT.ZS,2017,1.98393401607656,observation::IND::NY.GDP.TOTL.RT.ZS::2017,Observation
IND,NY.GDP.PCAP.KN,2017,96675.6930439977,observation::IND::NY.GDP.PCAP.KN::2017,Observation
IND,NY.GDP.PCAP.CD,2017,1950.10468280866,observation::IND::NY.GDP.PCAP.CD::2017,Observation
IND,NY.GDP.MKTP.KN,2017,131445821447400.0,observation::IND::NY.GDP.MKTP.KN::2017,Observation
IND,NY.GDP.MKTP.CN,2017,170900423611300.0,observation::IND::NY.GDP.MKTP.CN::2017,Observation
IND,NY.GDP.FCST.KN,2017,120341705137300.0,observation::IND::NY.GDP.FCST.KN::2017,Observation
IND,NY.GDP.DISC.KN,2017,4434511630500.0,observation::IND::NY.GDP.DISC.KN::2017,Observation
IND,NY.GDP.DEFL.KD.ZG.AD,2017,3.96925793352338,observation::IND::NY.GDP.DEFL.KD.ZG.AD::2017,Observation
IND,NY.ADJ.SVNX.GN.ZS,2017,20.5156353995241,observation::IND::NY.ADJ.SVNX.GN.ZS::2017,Observation
IND,NY.ADJ.NNTY.PC.KD.ZG,2017,7.49948380798955,observation::IND::NY.ADJ.NNTY.PC.KD.ZG::2017,Observation
IND,NY.ADJ.NNTY.KD,2017,2150150346923.16,observation::IND::NY.ADJ.NNTY.KD::2017,Observation
IND,NY.ADJ.ICTR.GN.ZS,2017,32.0533813020929,observation::IND::NY.ADJ.ICTR.GN.ZS::2017,Observation
IND,NY.ADJ.DNGY.GN.ZS,2017,0.445012813391893,observation::IND::NY.ADJ.DNGY.GN.ZS::2017,Observation
IND,NY.ADJ.DKAP.GN.ZS,2017,10.4394428550504,observation::IND::NY.ADJ.DKAP.GN.ZS::2017,Observation
IND,NY.ADJ.DCO2.GN.ZS,2017,3.31031723838167,observation::IND::NY.ADJ.DCO2.GN.ZS::2017,Observation
IND,NV.SRV.TOTL.ZS,2017,47.6708899682407,observation::IND::NV.SRV.TOTL.ZS::2017,Observation
IND,NV.SRV.TOTL.CN,2017,81469752895000.0,observation::IND::NV.SRV.TOTL.CN::2017,Observation
IND,NV.MNF.TECH.ZS.UN,2017,41.1977535693425,observation::IND::NV.MNF.TECH.ZS.UN::2017,Observation
IND,NV.MNF.CHEM.ZS.UN,2017,17.8073482774812,observation::IND::NV.MNF.CHEM.ZS.UN::2017,Observation
IND,NV.IND.TOTL.KD,2017,656005475735.785,observation::IND::NV.IND.TOTL.KD::2017,Observation
IND,NV.IND.MANF.KN,2017,22094277632000.0,observation::IND::NV.IND.MANF.KN::2017,Observation
IND,NV.IND.MANF.CD,2017,398204735179.971,observation::IND::NV.IND.MANF.CD::2017,Observation
IND,NV.AGR.TOTL.ZS,2017,16.5583314049368,observation::IND::NV.AGR.TOTL.ZS::2017,Observation
IND,NE.GDI.TOTL.CN,2017,52948664618100.0,observation::IND::NE.GDI.TOTL.CN::2017,Observation
IND,NE.GDI.STKB.CD,2017,36860024612.8811,observation::IND::NE.GDI.STKB.CD::2017,Observation
IND,NE.GDI.FTOT.KD,2017,706699366106.559,observation::IND::NE.GDI.FTOT.KD::2017,Observation
IND,NE.GDI.FPRV.CN,2017,42026838669700.0,observation::IND::NE.GDI.FPRV.CN::2017,Observation
IND,NE.EXP.GNFS.KD,2017,457535139608.144,observation::IND::NE.EXP.GNFS.KD::2017,Observation
IND,NE.DAB.TOTL.KN,2017,131773929914300.0,observation::IND::NE.DAB.TOTL.KN::2017,Observation
IND,NE.DAB.DEFL.ZS,2017,130.307552425335,observation::IND::NE.DAB.DEFL.ZS::2017,Observation
IND,NE.CON.TOTL.KD,2017,1686385553862.93,observation::IND::NE.CON.TOTL.KD::2017,Observation
IND,NE.CON.PRVT.PP.KD,2017,6201587792479.77,observation::IND::NE.CON.PRVT.PP.KD::2017,Observation
IND,NE.CON.PRVT.KN,2017,73307284856100.0,observation::IND::NE.CON.PRVT.KN::2017,Observation
IND,NE.CON.PRVT.CN,2017,100361529563100.0,observation::IND::NE.CON.PRVT.CN::2017,Observation
IND,NE.CON.GOVT.ZS,2017,10.7671989547856,observation::IND::NE.CON.GOVT.ZS::2017,Observation
IND,NE.CON.GOVT.CN,2017,18401188624800.0,observation::IND::NE.CON.GOVT.CN::2017,Observation
IND,MS.MIL.XPND.GD.ZS,2017,2.53151136056791,observation::IND::MS.MIL.XPND.GD.ZS::2017,Observation
IND,MS.MIL.TOTL.P1,2017,3031000.0,observation::IND::MS.MIL.TOTL.P1::2017,Observation
IND,IT.NET.BBND.P2,2017,1.31327377028949,observation::IND::IT.NET.BBND.P2::2017,Observation
IND,IT.CEL.SETS.P2,2017,85.9703537817688,observation::IND::IT.CEL.SETS.P2::2017,Observation
IND,IS.RRS.TOTL.KM,2017,67368.0,observation::IND::IS.RRS.TOTL.KM::2017,Observation
IND,IS.AIR.GOOD.MT.K1,2017,2407.098107,observation::IND::IS.AIR.GOOD.MT.K1::2017,Observation
IND,IQ.SPI.PIL3,2017,60.2125,observation::IND::IQ.SPI.PIL3::2017,Observation
IND,NE.IMP.GNFS.KD,2017,570047809511.51,observation::IND::NE.IMP.GNFS.KD::2017,Observation
IND,NE.GDI.TOTL.KN,2017,45018218727400.0,observation::IND::NE.GDI.TOTL.KN::2017,Observation
IND,NE.GDI.TOTL.CD,2017,821484338748.471,observation::IND::NE.GDI.TOTL.CD::2017,Observation
IND,NE.GDI.FTOT.ZS,2017,28.1778136155632,observation::IND::NE.GDI.FTOT.ZS::2017,Observation
IND,NE.GDI.FTOT.CN,2017,48156002833400.0,observation::IND::NE.GDI.FTOT.CN::2017,Observation
IND,NE.EXP.GNFS.ZS,2017,18.7917648392982,observation::IND::NE.EXP.GNFS.ZS::2017,Observation
IND,NE.EXP.GNFS.CN,2017,32115205714400.0,observation::IND::NE.EXP.GNFS.CN::2017,Observation
IND,NE.DAB.TOTL.KD,2017,2462715422715.98,observation::IND::NE.DAB.TOTL.KD::2017,Observation
IND,NE.CON.TOTL.ZS,2017,69.4923486310466,observation::IND::NE.CON.TOTL.ZS::2017,Observation
IND,NE.CON.TOTL.CN,2017,118762718187900.0,observation::IND::NE.CON.TOTL.CN::2017,Observation
IND,NE.CON.PRVT.PP.CD,2017,4980695234112.2,observation::IND::NE.CON.PRVT.PP.CD::2017,Observation
IND,NE.CON.PRVT.KD.ZG,2017,6.2388080641186,observation::IND::NE.CON.PRVT.KD.ZG::2017,Observation
IND,NE.CON.PRVT.CD,2017,1557082229430.68,observation::IND::NE.CON.PRVT.CD::2017,Observation
IND,NE.CON.GOVT.KN,2017,13448426330800.0,observation::IND::NE.CON.GOVT.KN::2017,Observation
IND,NE.CON.GOVT.CD,2017,285489509105.813,observation::IND::NE.CON.GOVT.CD::2017,Observation
IND,MS.MIL.XPND.CN,2017,4209430000000.0,observation::IND::MS.MIL.XPND.CN::2017,Observation
IND,MS.MIL.MPRT.KD,2017,2659000000.0,observation::IND::MS.MIL.MPRT.KD::2017,Observation
IND,IT.NET.BBND,2017,17856024.0,observation::IND::IT.NET.BBND::2017,Observation
IND,IT.CEL.SETS,2017,1168902277.0,observation::IND::IT.CEL.SETS::2017,Observation
IND,IS.RRS.PASG.KM,2017,1149835.0,observation::IND::IS.RRS.PASG.KM::2017,Observation
IND,IS.AIR.DPRT,2017,1029426.0,observation::IND::IS.AIR.DPRT::2017,Observation
IND,IQ.SPI.PIL2,2017,86.3,observation::IND::IQ.SPI.PIL2::2017,Observation
IND,NE.IMP.GNFS.CD,2017,582018012521.568,observation::IND::NE.IMP.GNFS.CD::2017,Observation
IND,NE.GDI.TOTL.KD,2017,776329868853.049,observation::IND::NE.GDI.TOTL.KD::2017,Observation
IND,NE.GDI.STKB.CN,2017,2375808020900.0,observation::IND::NE.GDI.STKB.CN::2017,Observation
IND,NE.GDI.FTOT.KD.ZG,2017,7.80214376529071,observation::IND::NE.GDI.FTOT.KD.ZG::2017,Observation
IND,NE.GDI.FPRV.ZS,2017,24.5914186645241,observation::IND::NE.GDI.FPRV.ZS::2017,Observation
IND,NE.EXP.GNFS.KD.ZG,2017,4.56470776307569,observation::IND::NE.EXP.GNFS.KD.ZG::2017,Observation
IND,NE.DAB.TOTL.ZS,2017,100.47452146552,observation::IND::NE.DAB.TOTL.ZS::2017,Observation
IND,NE.DAB.TOTL.CD,2017,2664056077284.96,observation::IND::NE.DAB.TOTL.CD::2017,Observation
IND,NE.CON.TOTL.KD.ZG,2017,7.0815698626576,observation::IND::NE.CON.TOTL.KD.ZG::2017,Observation
IND,NE.CON.PRVT.ZS,2017,58.725149676261,observation::IND::NE.CON.PRVT.ZS::2017,Observation
IND,NE.CON.PRVT.PC.KD,2017,1048.73742126096,observation::IND::NE.CON.PRVT.PC.KD::2017,Observation
IND,NE.CON.PRVT.CN.AD,2017,100361529563100.0,observation::IND::NE.CON.PRVT.CN.AD::2017,Observation
IND,NE.CON.PCAP.PP.CD,2017,3663.19871028702,observation::IND::NE.CON.PCAP.PP.CD::2017,Observation
IND,NE.CON.GOVT.KD,2017,260430088653.517,observation::IND::NE.CON.GOVT.KD::2017,Observation
IND,MS.MIL.XPND.ZS,2017,9.38975796930342,observation::IND::MS.MIL.XPND.ZS::2017,Observation
IND,MS.MIL.TOTL.TF.ZS,2017,0.58659146395082,observation::IND::MS.MIL.TOTL.TF.ZS::2017,Observation
IND,IT.NET.USER.ZS,2017,18.20000076,observation::IND::IT.NET.USER.ZS::2017,Observation
IND,IT.NET.SECR,2017,164791.0,observation::IND::IT.NET.SECR::2017,Observation
IND,IT.MLT.MAIN,2017,23234687.0,observation::IND::IT.MLT.MAIN::2017,Observation
IND,IS.SHP.GCNW.XQ,2017,55.3798260922,observation::IND::IS.SHP.GCNW.XQ::2017,Observation
IND,IS.AIR.PSGR,2017,139752424.0,observation::IND::IS.AIR.PSGR::2017,Observation
IND,IQ.SPI.PIL4,2017,58.4666666666667,observation::IND::IQ.SPI.PIL4::2017,Observation
IND,IQ.SPI.OVRL,2017,64.9958333333333,observation::IND::IQ.SPI.OVRL::2017,Observation
IND,NV.AGR.TOTL.CN,2017,28298258514000.0,observation::IND::NV.AGR.TOTL.CN::2017,Observation
IND,NE.RSB.GNFS.ZS,2017,-3.15896727592607,observation::IND::NE.RSB.GNFS.ZS::2017,Observation
IND,NE.IMP.GNFS.ZS,2017,21.9507321152243,observation::IND::NE.IMP.GNFS.ZS::2017,Observation
IND,NE.IMP.GNFS.CN,2017,37513894170700.0,observation::IND::NE.IMP.GNFS.CN::2017,Observation
IND,NE.GDI.TOTL.KD.ZG,2017,10.8362897823148,observation::IND::NE.GDI.TOTL.KD.ZG::2017,Observation
IND,NE.GDI.STKB.KN,2017,2064362663700.0,observation::IND::NE.GDI.STKB.KN::2017,Observation
IND,NE.GDI.FTOT.KN,2017,40830790909200.0,observation::IND::NE.GDI.FTOT.KN::2017,Observation
IND,NE.GDI.FTOT.CD,2017,747127475823.859,observation::IND::NE.GDI.FTOT.CD::2017,Observation
IND,NE.EXP.GNFS.KN,2017,26020117980600.0,observation::IND::NE.EXP.GNFS.KN::2017,Observation
IND,NE.EXP.GNFS.CD,2017,498258808231.521,observation::IND::NE.EXP.GNFS.CD::2017,Observation
IND,NE.DAB.TOTL.CN,2017,171711382806000.0,observation::IND::NE.DAB.TOTL.CN::2017,Observation
IND,NE.CON.TOTL.KN,2017,86755711186900.0,observation::IND::NE.CON.TOTL.KN::2017,Observation
IND,NE.CON.TOTL.CD,2017,1842571738536.49,observation::IND::NE.CON.TOTL.CD::2017,Observation
IND,NE.CON.PRVT.PC.KD.ZG,2017,5.01104183422309,observation::IND::NE.CON.PRVT.PC.KD.ZG::2017,Observation
IND,NE.CON.PRVT.KD,2017,1425923595474.39,observation::IND::NE.CON.PRVT.KD::2017,Observation
IND,NE.CON.PCAP.PP.KD,2017,4561.14002871589,observation::IND::NE.CON.PCAP.PP.KD::2017,Observation
IND,NE.CON.GOVT.KD.ZG,2017,11.9211709212526,observation::IND::NE.CON.GOVT.KD.ZG::2017,Observation
IND,MS.MIL.XPRT.KD,2017,56000000.0,observation::IND::MS.MIL.XPRT.KD::2017,Observation
IND,MS.MIL.XPND.CD,2017,64559435280.6927,observation::IND::MS.MIL.XPND.CD::2017,Observation
IND,IT.NET.SECR.P6,2017,121.20038474398,observation::IND::IT.NET.SECR.P6::2017,Observation
IND,IT.MLT.MAIN.P2,2017,1.70886335042931,observation::IND::IT.MLT.MAIN.P2::2017,Observation
IND,IS.SHP.GOOD.TU,2017,15450523.0,observation::IND::IS.SHP.GOOD.TU::2017,Observation
IND,IS.RRS.GOOD.MT.K6,2017,620175.0,observation::IND::IS.RRS.GOOD.MT.K6::2017,Observation
IND,IQ.SPI.PIL5,2017,50.0,observation::IND::IQ.SPI.PIL5::2017,Observation
IND,IQ.SPI.PIL1,2017,70.0,observation::IND::IQ.SPI.PIL1::2017,Observation
IND,VC.IHR.PSRC.P5,2017,3.07665739913599,observation::IND::VC.IHR.PSRC.P5::2017,Observation
IND,VC.IDP.NWCV,2017,78000.0,observation::IND::VC.IDP.NWCV::2017,Observation
IND,TX.VAL.TECH.MF.ZS,2017,7.36208114076572,observation::IND::TX.VAL.TECH.MF.ZS::2017,Observation
IND,TX.VAL.MRCH.XD.WD,2017,111.7,observation::IND::TX.VAL.MRCH.XD.WD::2017,Observation
IND,TX.VAL.MRCH.R6.ZS,2017,6.86526925868836,observation::IND::TX.VAL.MRCH.R6.ZS::2017,Observation
IND,TX.VAL.MRCH.R2.ZS,2017,2.02694633867948,observation::IND::TX.VAL.MRCH.R2.ZS::2017,Observation
IND,TX.VAL.MRCH.CD.WT,2017,299241000000.0,observation::IND::TX.VAL.MRCH.CD.WT::2017,Observation
IND,TX.VAL.INSF.ZS.WT,2017,3.76046571297754,observation::IND::TX.VAL.INSF.ZS.WT::2017,Observation
IND,TX.VAL.AGRI.ZS.UN,2017,1.51484254623607,observation::IND::TX.VAL.AGRI.ZS.UN::2017,Observation
IND,TT.PRI.MRCH.XD.WD,2017,100.4,observation::IND::TT.PRI.MRCH.XD.WD::2017,Observation
IND,TM.VAL.OTHR.ZS.WT,2017,61.0358569006148,observation::IND::TM.VAL.OTHR.ZS.WT::2017,Observation
IND,TM.VAL.MRCH.RS.ZS,2017,1.35535207556985,observation::IND::TM.VAL.MRCH.RS.ZS::2017,Observation
IND,TM.VAL.MRCH.R3.ZS,2017,3.61335449092074,observation::IND::TM.VAL.MRCH.R3.ZS::2017,Observation
IND,TM.VAL.MRCH.HI.ZS,2017,53.4137397959676,observation::IND::TM.VAL.MRCH.HI.ZS::2017,Observation
IND,TM.VAL.MANF.ZS.UN,2017,50.149572697062,observation::IND::TM.VAL.MANF.ZS.UN::2017,Observation
IND,TM.VAL.FOOD.ZS.UN,2017,5.63841140503153,observation::IND::TM.VAL.FOOD.ZS.UN::2017,Observation
IND,TM.TAX.TCOM.WM.AR.ZS,2017,4.64,observation::IND::TM.TAX.TCOM.WM.AR.ZS::2017,Observation
IND,TM.TAX.TCOM.BC.ZS,2017,76.98,observation::IND::TM.TAX.TCOM.BC.ZS::2017,Observation
IND,TM.TAX.MRCH.SM.AR.ZS,2017,8.88,observation::IND::TM.TAX.MRCH.SM.AR.ZS::2017,Observation
IND,TM.TAX.MANF.WM.AR.ZS,2017,6.08,observation::IND::TM.TAX.MANF.WM.AR.ZS::2017,Observation
IND,TM.TAX.MANF.BC.ZS,2017,73.62,observation::IND::TM.TAX.MANF.BC.ZS::2017,Observation
IND,ST.INT.XPND.CD,2017,21856000000.0,observation::IND::ST.INT.XPND.CD::2017,Observation
IND,ST.INT.TRNR.CD,2017,513000000.0,observation::IND::ST.INT.TRNR.CD::2017,Observation
IND,ST.INT.ARVL,2017,15543000.0,observation::IND::ST.INT.ARVL::2017,Observation
IND,SP.URB.GROW,2017,2.12248866445848,observation::IND::SP.URB.GROW::2017,Observation
IND,SP.POP.TOTL.FE.ZS,2017,48.3385229249662,observation::IND::SP.POP.TOTL.FE.ZS::2017,Observation
IND,SP.POP.DPND,2017,50.7672033452389,observation::IND::SP.POP.DPND::2017,Observation
IND,SP.POP.7579.MA.5Y,2017,0.88268820293954,observation::IND::SP.POP.7579.MA.5Y::2017,Observation
IND,SP.POP.65UP.TO.ZS,2017,5.8247052897296,observation::IND::SP.POP.65UP.TO.ZS::2017,Observation
IND,SP.POP.65UP.FE.ZS,2017,6.37739603379644,observation::IND::SP.POP.65UP.FE.ZS::2017,Observation
IND,SP.POP.6064.MA.5Y,2017,3.21665265260908,observation::IND::SP.POP.6064.MA.5Y::2017,Observation
IND,SP.POP.5054.MA.5Y,2017,4.6928390990862,observation::IND::SP.POP.5054.MA.5Y::2017,Observation
IND,SP.POP.4044.MA.5Y,2017,6.23269152535064,observation::IND::SP.POP.4044.MA.5Y::2017,Observation
IND,SP.POP.3034.MA.5Y,2017,8.11588577019845,observation::IND::SP.POP.3034.MA.5Y::2017,Observation
IND,SP.POP.2024.MA.5Y,2017,9.25262693224628,observation::IND::SP.POP.2024.MA.5Y::2017,Observation
IND,SP.POP.1564.MA.ZS,2017,66.4907741442647,observation::IND::SP.POP.1564.MA.ZS::2017,Observation
IND,SP.POP.1519.MA.5Y,2017,9.70831912739719,observation::IND::SP.POP.1519.MA.5Y::2017,Observation
IND,SP.POP.0509.MA.5Y,2017,9.45357356183439,observation::IND::SP.POP.0509.MA.5Y::2017,Observation
IND,SP.POP.0014.MA.ZS,2017,28.2016612997935,observation::IND::SP.POP.0014.MA.ZS::2017,Observation
IND,SP.POP.0004.MA.5Y,2017,9.05436851260208,observation::IND::SP.POP.0004.MA.5Y::2017,Observation
IND,SP.DYN.TO65.FE.ZS,2017,75.757583,observation::IND::SP.DYN.TO65.FE.ZS::2017,Observation
IND,SP.DYN.LE00.FE.IN,2017,71.632,observation::IND::SP.DYN.LE00.FE.IN::2017,Observation
IND,SP.DYN.AMRT.MA,2017,197.986,observation::IND::SP.DYN.AMRT.MA::2017,Observation
IND,DT.NFL.WHOL.CD,2017,5201595.78323364,observation::IND::DT.NFL.WHOL.CD::2017,Observation
IND,DT.NFL.UNDP.CD,2017,5558685.77957153,observation::IND::DT.NFL.UNDP.CD::2017,Observation
IND,DT.NFL.UNCF.CD,2017,64811882.019043,observation::IND::DT.NFL.UNCF.CD::2017,Observation
IND,DT.NFL.PROP.CD,2017,-8010000.0,observation::IND::DT.NFL.PROP.CD::2017,Observation
IND,DT.NFL.PCBK.CD,2017,-3708107000.0,observation::IND::DT.NFL.PCBK.CD::2017,Observation
IND,DT.NFL.MOTH.CD,2017,78013001.8,observation::IND::DT.NFL.MOTH.CD::2017,Observation
IND,DT.NFL.BOND.CD,2017,33309782000.0,observation::IND::DT.NFL.BOND.CD::2017,Observation
IND,VC.IHR.PSRC.MA.P5,2017,3.40737461712788,observation::IND::VC.IHR.PSRC.MA.P5::2017,Observation
IND,VC.BTL.DETH,2017,665.0,observation::IND::VC.BTL.DETH::2017,Observation
IND,TX.VAL.TECH.CD,2017,15104651310.0,observation::IND::TX.VAL.TECH.CD::2017,Observation
IND,TX.VAL.MRCH.WR.ZS,2017,6.91563459438903,observation::IND::TX.VAL.MRCH.WR.ZS::2017,Observation
IND,TX.VAL.MRCH.R5.ZS,2017,6.91563459438903,observation::IND::TX.VAL.MRCH.R5.ZS::2017,Observation
IND,TX.VAL.MRCH.R1.ZS,2017,12.4141677702927,observation::IND::TX.VAL.MRCH.R1.ZS::2017,Observation
IND,TX.VAL.MRCH.AL.ZS,2017,16.8179519574815,observation::IND::TX.VAL.MRCH.AL.ZS::2017,Observation
IND,TX.VAL.ICTG.ZS.UN,2017,0.86,observation::IND::TX.VAL.ICTG.ZS.UN::2017,Observation
IND,TX.UVI.MRCH.XD.WD,2017,101.2,observation::IND::TX.UVI.MRCH.XD.WD::2017,Observation
IND,TM.VAL.TRVL.ZS.WT,2017,16.9615345374939,observation::IND::TM.VAL.TRVL.ZS.WT::2017,Observation
IND,TM.VAL.MRCH.XD.WD,2017,114.2,observation::IND::TM.VAL.MRCH.XD.WD::2017,Observation
IND,TM.VAL.MRCH.R6.ZS,2017,7.49175881708845,observation::IND::TM.VAL.MRCH.R6.ZS::2017,Observation
IND,TM.VAL.MRCH.R2.ZS,2017,1.30815126280316,observation::IND::TM.VAL.MRCH.R2.ZS::2017,Observation
IND,TM.VAL.MRCH.CD.WT,2017,449925000000.0,observation::IND::TM.VAL.MRCH.CD.WT::2017,Observation
IND,TM.VAL.INSF.ZS.WT,2017,6.95717321704238,observation::IND::TM.VAL.INSF.ZS.WT::2017,Observation
IND,TM.VAL.AGRI.ZS.UN,2017,1.79104776706967,observation::IND::TM.VAL.AGRI.ZS.UN::2017,Observation
IND,TM.TAX.TCOM.SM.FN.ZS,2017,24.14,observation::IND::TM.TAX.TCOM.SM.FN.ZS::2017,Observation
IND,TM.TAX.MRCH.WM.FN.ZS,2017,6.85,observation::IND::TM.TAX.MRCH.WM.FN.ZS::2017,Observation
IND,TM.TAX.MRCH.BR.ZS,2017,51.96,observation::IND::TM.TAX.MRCH.BR.ZS::2017,Observation
IND,TM.TAX.MANF.SM.FN.ZS,2017,10.01,observation::IND::TM.TAX.MANF.SM.FN.ZS::2017,Observation
IND,TM.QTY.MRCH.XD.WD,2017,113.2,observation::IND::TM.QTY.MRCH.XD.WD::2017,Observation
IND,ST.INT.TVLX.CD,2017,18443000000.0,observation::IND::ST.INT.TVLX.CD::2017,Observation
IND,ST.INT.RCPT.XP.ZS,2017,5.69635226464625,observation::IND::ST.INT.RCPT.XP.ZS::2017,Observation
IND,SP.RUR.TOTL.ZS,2017,66.8178671842461,observation::IND::SP.RUR.TOTL.ZS::2017,Observation
IND,SP.POP.TOTL.FE.IN,2017,657238304.0,observation::IND::SP.POP.TOTL.FE.IN::2017,Observation
IND,SP.POP.GROW,2017,1.1623961434697,observation::IND::SP.POP.GROW::2017,Observation
IND,SP.POP.BRTH.MF,2017,1.086,observation::IND::SP.POP.BRTH.MF::2017,Observation
IND,SP.POP.7579.FE.5Y,2017,1.13788225065005,observation::IND::SP.POP.7579.FE.5Y::2017,Observation
IND,SP.POP.65UP.TO,2017,79196036.0,observation::IND::SP.POP.65UP.TO::2017,Observation
IND,SP.POP.65UP.FE.IN,2017,41914690.0,observation::IND::SP.POP.65UP.FE.IN::2017,Observation
IND,SP.POP.6064.FE.5Y,2017,3.41581719757452,observation::IND::SP.POP.6064.FE.5Y::2017,Observation
IND,SP.POP.5054.FE.5Y,2017,4.82466258146198,observation::IND::SP.POP.5054.FE.5Y::2017,Observation
IND,SP.POP.4044.FE.5Y,2017,6.25060092834349,observation::IND::SP.POP.4044.FE.5Y::2017,Observation
IND,SP.POP.3034.FE.5Y,2017,7.97513797063716,observation::IND::SP.POP.3034.FE.5Y::2017,Observation
IND,SP.POP.2024.FE.5Y,2017,8.99738849441541,observation::IND::SP.POP.2024.FE.5Y::2017,Observation
IND,SP.POP.1564.MA.IN,2017,467043895.0,observation::IND::SP.POP.1564.MA.IN::2017,Observation
IND,SP.POP.1519.FE.5Y,2017,9.39966975007567,observation::IND::SP.POP.1519.FE.5Y::2017,Observation
IND,SP.POP.0509.FE.5Y,2017,9.19281053436046,observation::IND::SP.POP.0509.FE.5Y::2017,Observation
IND,SP.POP.0014.MA.IN,2017,198093854.0,observation::IND::SP.POP.0014.MA.IN::2017,Observation
IND,SP.POP.0004.FE.5Y,2017,8.86457548042162,observation::IND::SP.POP.0004.FE.5Y::2017,Observation
IND,SP.DYN.TFRT.IN,2017,2.193,observation::IND::SP.DYN.TFRT.IN::2017,Observation
IND,SP.DYN.IMRT.MA.IN,2017,32.6,observation::IND::SP.DYN.IMRT.MA.IN::2017,Observation
IND,SP.DYN.AMRT.FE,2017,138.988,observation::IND::SP.DYN.AMRT.FE::2017,Observation
IND,SM.POP.RHCR.EA,2017,197142.0,observation::IND::SM.POP.RHCR.EA::2017,Observation
IND,SM.POP.IDPC,2017,826000.0,observation::IND::SM.POP.IDPC::2017,Observation
IND,DT.NFL.UNFP.CD,2017,4502139.0914917,observation::IND::DT.NFL.UNFP.CD::2017,Observation
IND,DT.NFL.RDBN.CD,2017,1202813000.0,observation::IND::DT.NFL.RDBN.CD::2017,Observation
IND,DT.NFL.PNGC.CD,2017,7430979000.0,observation::IND::DT.NFL.PNGC.CD::2017,Observation
IND,DT.NFL.PBND.CD,2017,28704365000.0,observation::IND::DT.NFL.PBND.CD::2017,Observation
IND,DT.NFL.MLAT.CD,2017,935023000.0,observation::IND::DT.NFL.MLAT.CD::2017,Observation
IND,DT.NFL.IMFC.CD,2017,0.0,observation::IND::DT.NFL.IMFC.CD::2017,Observation
IND,DT.NFL.BLAT.CD,2017,1564429495.5,observation::IND::DT.NFL.BLAT.CD::2017,Observation
IND,DT.DOD.MWBG.CD,2017,37233764000.0,observation::IND::DT.DOD.MWBG.CD::2017,Observation
IND,DT.DOD.DSTC.XP.ZS,2017,19.2162504761614,observation::IND::DT.DOD.DSTC.XP.ZS::2017,Observation
IND,DT.DOD.DPNG.CD,2017,225284025000.0,observation::IND::DT.DOD.DPNG.CD::2017,Observation
IND,DT.DOD.DECT.CD,2017,511575707373.6,observation::IND::DT.DOD.DECT.CD::2017,Observation
IND,VC.IDP.NWDS,2017,1346000.0,observation::IND::VC.IDP.NWDS::2017,Observation
IND,TX.VAL.TRAN.ZS.WT,2017,9.19417761689116,observation::IND::TX.VAL.TRAN.ZS.WT::2017,Observation
IND,TX.VAL.OTHR.ZS.WT,2017,72.2272050568236,observation::IND::TX.VAL.OTHR.ZS.WT::2017,Observation
IND,TX.VAL.MRCH.RS.ZS,2017,0.0278995125184994,observation::IND::TX.VAL.MRCH.RS.ZS::2017,Observation
IND,TX.VAL.MRCH.R3.ZS,2017,3.5761088500586,observation::IND::TX.VAL.MRCH.R3.ZS::2017,Observation
IND,TX.VAL.MRCH.HI.ZS,2017,64.9529758051891,observation::IND::TX.VAL.MRCH.HI.ZS::2017,Observation
IND,TX.VAL.MANF.ZS.UN,2017,69.6987012211939,observation::IND::TX.VAL.MANF.ZS.UN::2017,Observation
IND,TX.VAL.FOOD.ZS.UN,2017,11.6772125285785,observation::IND::TX.VAL.FOOD.ZS.UN::2017,Observation
IND,TX.MNF.TECH.ZS.UN,2017,33.8424641183214,observation::IND::TX.MNF.TECH.ZS.UN::2017,Observation
IND,TM.VAL.SERV.CD.WT,2017,108735877735.935,observation::IND::TM.VAL.SERV.CD.WT::2017,Observation
IND,TM.VAL.MRCH.WL.CD,2017,435140810001.0,observation::IND::TM.VAL.MRCH.WL.CD::2017,Observation
IND,TM.VAL.MRCH.R4.ZS,2017,7.02582917927871,observation::IND::TM.VAL.MRCH.R4.ZS::2017,Observation
IND,TM.VAL.MRCH.OR.ZS,2017,44.6481818151126,observation::IND::TM.VAL.MRCH.OR.ZS::2017,Observation
IND,TM.VAL.MMTL.ZS.UN,2017,5.64045090260919,observation::IND::TM.VAL.MMTL.ZS.UN::2017,Observation
IND,TM.VAL.FUEL.ZS.UN,2017,27.722837394409,observation::IND::TM.VAL.FUEL.ZS.UN::2017,Observation
IND,TM.TAX.TCOM.WM.FN.ZS,2017,5.61,observation::IND::TM.TAX.TCOM.WM.FN.ZS::2017,Observation
IND,TM.TAX.TCOM.BR.ZS,2017,93.29,observation::IND::TM.TAX.TCOM.BR.ZS::2017,Observation
IND,TM.TAX.MRCH.SM.FN.ZS,2017,13.75,observation::IND::TM.TAX.MRCH.SM.FN.ZS::2017,Observation
IND,TM.TAX.MANF.WM.FN.ZS,2017,7.33,observation::IND::TM.TAX.MANF.WM.FN.ZS::2017,Observation
IND,TM.TAX.MANF.BR.ZS,2017,35.26,observation::IND::TM.TAX.MANF.BR.ZS::2017,Observation
IND,ST.INT.XPND.MP.ZS,2017,3.89165109332806,observation::IND::ST.INT.XPND.MP.ZS::2017,Observation
IND,ST.INT.TRNX.CD,2017,3413000000.0,observation::IND::ST.INT.TRNX.CD::2017,Observation
IND,ST.INT.DPRT,2017,23943000.0,observation::IND::ST.INT.DPRT::2017,Observation
IND,SP.URB.TOTL,2017,451163324.0,observation::IND::SP.URB.TOTL::2017,Observation
IND,SP.RUR.TOTL,2017,908494076.0,observation::IND::SP.RUR.TOTL::2017,Observation
IND,SP.POP.TOTL.MA.IN,2017,702419096.0,observation::IND::SP.POP.TOTL.MA.IN::2017,Observation
IND,SP.POP.DPND.OL,2017,8.78174521944322,observation::IND::SP.POP.DPND.OL::2017,Observation
IND,SP.POP.80UP.FE.5Y,2017,1.08377851109221,observation::IND::SP.POP.80UP.FE.5Y::2017,Observation
IND,SP.POP.7074.FE.5Y,2017,1.66612824323925,observation::IND::SP.POP.7074.FE.5Y::2017,Observation
IND,SP.POP.65UP.MA.IN,2017,37281347.0,observation::IND::SP.POP.65UP.MA.IN::2017,Observation
IND,SP.POP.6569.FE.5Y,2017,2.48960702881493,observation::IND::SP.POP.6569.FE.5Y::2017,Observation
IND,SP.POP.5559.FE.5Y,2017,4.13712124737721,observation::IND::SP.POP.5559.FE.5Y::2017,Observation
IND,SP.POP.4549.FE.5Y,2017,5.50054368521752,observation::IND::SP.POP.4549.FE.5Y::2017,Observation
IND,SP.POP.3539.FE.5Y,2017,7.04111381725031,observation::IND::SP.POP.3539.FE.5Y::2017,Observation
IND,SP.POP.2529.FE.5Y,2017,8.61078587456369,observation::IND::SP.POP.2529.FE.5Y::2017,Observation
IND,SP.POP.1564.TO,2017,901825708.0,observation::IND::SP.POP.1564.TO::2017,Observation
IND,SP.POP.1564.FE.IN,2017,434781814.0,observation::IND::SP.POP.1564.FE.IN::2017,Observation
IND,SP.POP.1014.FE.5Y,2017,9.41237640450455,observation::IND::SP.POP.1014.FE.5Y::2017,Observation
IND,SP.POP.0014.TO,2017,378635655.0,observation::IND::SP.POP.0014.TO::2017,Observation
IND,SP.POP.0014.FE.IN,2017,180541801.0,observation::IND::SP.POP.0014.FE.IN::2017,Observation
IND,SP.DYN.TO65.MA.ZS,2017,68.747707,observation::IND::SP.DYN.TO65.MA.ZS::2017,Observation
IND,SP.DYN.LE00.IN,2017,70.068,observation::IND::SP.DYN.LE00.IN::2017,Observation
IND,SP.DYN.IMRT.FE.IN,2017,33.1,observation::IND::SP.DYN.IMRT.FE.IN::2017,Observation
IND,SP.DYN.CBRT.IN,2017,17.995,observation::IND::SP.DYN.CBRT.IN::2017,Observation
IND,SN.ITK.DEFC.ZS,2017,10.6,observation::IND::SN.ITK.DEFC.ZS::2017,Observation
IND,DT.NFL.UNCR.CD,2017,2383310.07957459,observation::IND::DT.NFL.UNCR.CD::2017,Observation
IND,DT.NFL.PRVT.CD,2017,24988249000.0,observation::IND::DT.NFL.PRVT.CD::2017,Observation
IND,DT.NFL.PCBO.CD,2017,3714862000.0,observation::IND::DT.NFL.PCBO.CD::2017,Observation
IND,DT.NFL.NIFC.CD,2017,718275132.0,observation::IND::DT.NFL.NIFC.CD::2017,Observation
IND,DT.NFL.MIBR.CD,2017,27322000.0,observation::IND::DT.NFL.MIBR.CD::2017,Observation
IND,VC.IHR.PSRC.FE.P5,2017,2.72320555644548,observation::IND::VC.IHR.PSRC.FE.P5::2017,Observation
IND,TX.VAL.TRVL.ZS.WT,2017,14.8181516133077,observation::IND::TX.VAL.TRVL.ZS.WT::2017,Observation
IND,TX.VAL.SERV.CD.WT,2017,184672831370.241,observation::IND::TX.VAL.SERV.CD.WT::2017,Observation
IND,TX.VAL.MRCH.WL.CD,2017,294091160000.0,observation::IND::TX.VAL.MRCH.WL.CD::2017,Observation
IND,TX.VAL.MRCH.R4.ZS,2017,3.2209978701842,observation::IND::TX.VAL.MRCH.R4.ZS::2017,Observation
IND,TX.VAL.MRCH.OR.ZS,2017,28.1034900879034,observation::IND::TX.VAL.MRCH.OR.ZS::2017,Observation
IND,TX.VAL.MMTL.ZS.UN,2017,4.00964790911576,observation::IND::TX.VAL.MMTL.ZS.UN::2017,Observation
IND,TX.VAL.FUEL.ZS.UN,2017,12.1859467424678,observation::IND::TX.VAL.FUEL.ZS.UN::2017,Observation
IND,TX.QTY.MRCH.XD.WD,2017,110.3,observation::IND::TX.QTY.MRCH.XD.WD::2017,Observation
IND,TM.VAL.TRAN.ZS.WT,2017,15.0454353448489,observation::IND::TM.VAL.TRAN.ZS.WT::2017,Observation
IND,TM.VAL.MRCH.WR.ZS,2017,0.582726313349964,observation::IND::TM.VAL.MRCH.WR.ZS::2017,Observation
IND,TM.VAL.MRCH.R5.ZS,2017,0.582726313349964,observation::IND::TM.VAL.MRCH.R5.ZS::2017,Observation
IND,TM.VAL.MRCH.R1.ZS,2017,25.2090880650215,observation::IND::TM.VAL.MRCH.R1.ZS::2017,Observation
IND,TM.VAL.MRCH.AL.ZS,2017,18.8107385284804,observation::IND::TM.VAL.MRCH.AL.ZS::2017,Observation
IND,TM.VAL.ICTG.ZS.UN,2017,9.72,observation::IND::TM.VAL.ICTG.ZS.UN::2017,Observation
IND,TM.UVI.MRCH.XD.WD,2017,100.8,observation::IND::TM.UVI.MRCH.XD.WD::2017,Observation
IND,TM.TAX.TCOM.SM.AR.ZS,2017,16.67,observation::IND::TM.TAX.TCOM.SM.AR.ZS::2017,Observation
IND,TM.TAX.MRCH.WM.AR.ZS,2017,5.78,observation::IND::TM.TAX.MRCH.WM.AR.ZS::2017,Observation
IND,TM.TAX.MRCH.BC.ZS,2017,74.4,observation::IND::TM.TAX.MRCH.BC.ZS::2017,Observation
IND,TM.TAX.MANF.SM.AR.ZS,2017,7.8,observation::IND::TM.TAX.MANF.SM.AR.ZS::2017,Observation
IND,TG.VAL.TOTL.GD.ZS,2017,28.2546962843779,observation::IND::TG.VAL.TOTL.GD.ZS::2017,Observation
IND,ST.INT.TVLR.CD,2017,27365000000.0,observation::IND::ST.INT.TVLR.CD::2017,Observation
IND,ST.INT.RCPT.CD,2017,27878000000.0,observation::IND::ST.INT.RCPT.CD::2017,Observation
IND,SP.URB.TOTL.IN.ZS,2017,33.1821328157539,observation::IND::SP.URB.TOTL.IN.ZS::2017,Observation
IND,SP.RUR.TOTL.ZG,2017,0.689012461751642,observation::IND::SP.RUR.TOTL.ZG::2017,Observation
IND,SP.POP.TOTL.MA.ZS,2017,51.6614770750338,observation::IND::SP.POP.TOTL.MA.ZS::2017,Observation
IND,SP.POP.TOTL,2017,1359657400.0,observation::IND::SP.POP.TOTL::2017,Observation
IND,SP.POP.DPND.YG,2017,41.9854581257956,observation::IND::SP.POP.DPND.YG::2017,Observation
IND,SP.POP.80UP.MA.5Y,2017,0.764784446602813,observation::IND::SP.POP.80UP.MA.5Y::2017,Observation
IND,SP.POP.7074.MA.5Y,2017,1.39743282164596,observation::IND::SP.POP.7074.MA.5Y::2017,Observation
IND,SP.POP.65UP.MA.ZS,2017,5.30756455594171,observation::IND::SP.POP.65UP.MA.ZS::2017,Observation
IND,SP.POP.6569.MA.5Y,2017,2.2626590847534,observation::IND::SP.POP.6569.MA.5Y::2017,Observation
IND,SP.POP.5559.MA.5Y,2017,3.9850375138541,observation::IND::SP.POP.5559.MA.5Y::2017,Observation
IND,SP.POP.4549.MA.5Y,2017,5.39857582018344,observation::IND::SP.POP.4549.MA.5Y::2017,Observation
IND,SP.POP.3539.MA.5Y,2017,7.12861819240132,observation::IND::SP.POP.3539.MA.5Y::2017,Observation
IND,SP.POP.2529.MA.5Y,2017,8.75952751093805,observation::IND::SP.POP.2529.MA.5Y::2017,Observation
IND,SP.POP.1564.TO.ZS,2017,66.3274225183491,observation::IND::SP.POP.1564.TO.ZS::2017,Observation
IND,SP.POP.1564.FE.ZS,2017,66.1528415469169,observation::IND::SP.POP.1564.FE.ZS::2017,Observation
IND,SP.POP.1014.MA.5Y,2017,9.69371922535708,observation::IND::SP.POP.1014.MA.5Y::2017,Observation
IND,SP.POP.0014.TO.ZS,2017,27.8478721919213,observation::IND::SP.POP.0014.TO.ZS::2017,Observation
IND,SP.POP.0014.FE.ZS,2017,27.4697624192866,observation::IND::SP.POP.0014.FE.ZS::2017,Observation
IND,SP.DYN.LE00.MA.IN,2017,68.61,observation::IND::SP.DYN.LE00.MA.IN::2017,Observation
IND,SP.DYN.IMRT.IN,2017,32.9,observation::IND::SP.DYN.IMRT.IN::2017,Observation
IND,SP.DYN.CDRT.IN,2017,6.673,observation::IND::SP.DYN.CDRT.IN::2017,Observation
IND,SP.ADO.TFRT,2017,15.166,observation::IND::SP.ADO.TFRT::2017,Observation
IND,SM.POP.FDIP,2017,1033650.0,observation::IND::SM.POP.FDIP::2017,Observation
IND,DT.ODA.ALLD.CD,2017,3198135253.90625,observation::IND::DT.ODA.ALLD.CD::2017,Observation
IND,DT.NFL.UNAI.CD,2017,950800.001621246,observation::IND::DT.NFL.UNAI.CD::2017,Observation
IND,DT.NFL.PNGB.CD,2017,4605417000.0,observation::IND::DT.NFL.PNGB.CD::2017,Observation
IND,DT.NFL.OFFT.CD,2017,2499452436.9,observation::IND::DT.NFL.OFFT.CD::2017,Observation
IND,DT.NFL.MIDA.CD,2017,-395979000.0,observation::IND::DT.NFL.MIDA.CD::2017,Observation
IND,DT.NFL.ILOG.CD,2017,1071040.03429413,observation::IND::DT.NFL.ILOG.CD::2017,Observation
IND,DT.NFL.DPNG.CD,2017,12036396000.0,observation::IND::DT.NFL.DPNG.CD::2017,Observation
IND,IP.PAT.NRES,2017,31621.0,observation::IND::IP.PAT.NRES::2017,Observation
IND,IE.PPN.WATR.CD,2017,50880000.0,observation::IND::IE.PPN.WATR.CD::2017,Observation
IND,IE.PPI.WATR.CD,2017,50880000.0,observation::IND::IE.PPI.WATR.CD::2017,Observation
IND,IC.BUS.NDNS.ZS,2017,0.119609106641605,observation::IND::IC.BUS.NDNS.ZS::2017,Observation
IND,GF.XPD.BUDG.ZS,2017,100.0611,observation::IND::GF.XPD.BUDG.ZS::2017,Observation
IND,GC.XPN.TRFT.ZS,2017,44.0898826213491,observation::IND::GC.XPN.TRFT.ZS::2017,Observation
IND,GC.XPN.OTHR.ZS,2017,0.307443474845772,observation::IND::GC.XPN.OTHR.ZS::2017,Observation
IND,GC.XPN.INTP.CN,2017,5292460000000.0,observation::IND::GC.XPN.INTP.CN::2017,Observation
IND,GC.XPN.COMP.CN,2017,2523250000000.0,observation::IND::GC.XPN.COMP.CN::2017,Observation
IND,GC.TAX.TOTL.GD.ZS,2017,11.3874439798131,observation::IND::GC.TAX.TOTL.GD.ZS::2017,Observation
IND,GC.TAX.INTT.RV.ZS,2017,6.20749165783108,observation::IND::GC.TAX.INTT.RV.ZS::2017,Observation
IND,GC.TAX.GSRV.VA.ZS,2017,6.41887276168687,observation::IND::GC.TAX.GSRV.VA.ZS::2017,Observation
IND,GC.TAX.EXPT.CN,2017,1000000000.0,observation::IND::GC.TAX.EXPT.CN::2017,Observation
IND,GC.REV.SOCL.CN,2017,28280000000.0,observation::IND::GC.REV.SOCL.CN::2017,Observation
IND,GC.NLD.TOTL.CN,2017,-4365250000000.0,observation::IND::GC.NLD.TOTL.CN::2017,Observation
IND,GC.LBL.TOTL.CN,2017,5854260000000.0,observation::IND::GC.LBL.TOTL.CN::2017,Observation
IND,GC.AST.TOTL.CN,2017,1489010000000.0,observation::IND::GC.AST.TOTL.CN::2017,Observation
IND,FX.OWN.TOTL.SO.ZS,2017,84.9415841843192,observation::IND::FX.OWN.TOTL.SO.ZS::2017,Observation
IND,FX.OWN.TOTL.FE.ZS,2017,76.6396327822793,observation::IND::FX.OWN.TOTL.FE.ZS::2017,Observation
IND,FR.INR.RINR,2017,5.32760886237311,observation::IND::FR.INR.RINR::2017,Observation
IND,FP.WPI.TOTL,2017,127.167193085027,observation::IND::FP.WPI.TOTL::2017,Observation
IND,FM.LBL.BMNY.IR.ZS,2017,4.76453801665368,observation::IND::FM.LBL.BMNY.IR.ZS::2017,Observation
IND,FM.AST.PRVT.GD.ZS,2017,38.1707138624147,observation::IND::FM.AST.PRVT.GD.ZS::2017,Observation
IND,IP.TMK.RSCT,2017,242483.0,observation::IND::IP.TMK.RSCT::2017,Observation
IND,IP.JRN.ARTC.SC,2017,113508.58,observation::IND::IP.JRN.ARTC.SC::2017,Observation
IND,IE.PPN.TRAN.CD,2017,3482900000.0,observation::IND::IE.PPN.TRAN.CD::2017,Observation
IND,IE.PPI.TRAN.CD,2017,3482900000.0,observation::IND::IE.PPI.TRAN.CD::2017,Observation
IND,GC.XPN.TRFT.CN,2017,11765200000000.0,observation::IND::GC.XPN.TRFT.CN::2017,Observation
IND,GC.XPN.OTHR.CN,2017,82040000000.0,observation::IND::GC.XPN.OTHR.CN::2017,Observation
IND,GC.XPN.GSRV.ZS,2017,7.18313722756738,observation::IND::GC.XPN.GSRV.ZS::2017,Observation
IND,GC.TAX.YPKG.ZS,2017,51.2420360728198,observation::IND::GC.TAX.YPKG.ZS::2017,Observation
IND,GC.TAX.TOTL.CN,2017,19461190000000.0,observation::IND::GC.TAX.TOTL.CN::2017,Observation
IND,GC.TAX.INTT.CN,2017,1352420000000.0,observation::IND::GC.TAX.INTT.CN::2017,Observation
IND,GC.TAX.GSRV.RV.ZS,2017,37.3456526628387,observation::IND::GC.TAX.GSRV.RV.ZS::2017,Observation
IND,GC.REV.XGRT.GD.ZS,2017,12.7267619005257,observation::IND::GC.REV.XGRT.GD.ZS::2017,Observation
IND,GC.REV.GOTR.ZS,2017,10.5450064029302,observation::IND::GC.REV.GOTR.ZS::2017,Observation
IND,GC.NFN.TOTL.GD.ZS,2017,-0.31154399079254,observation::IND::GC.NFN.TOTL.GD.ZS::2017,Observation
IND,GC.DOD.TOTL.GD.ZS,2017,47.5836093800197,observation::IND::GC.DOD.TOTL.GD.ZS::2017,Observation
IND,GB.XPD.RSDV.GD.ZS,2017,0.66603,observation::IND::GB.XPD.RSDV.GD.ZS::2017,Observation
IND,FX.OWN.TOTL.PL.ZS,2017,75.3695415930049,observation::IND::FX.OWN.TOTL.PL.ZS::2017,Observation
IND,FX.OWN.TOTL.60.ZS,2017,81.735424055538,observation::IND::FX.OWN.TOTL.60.ZS::2017,Observation
IND,FP.CPI.TOTL.ZG,2017,3.32817337461298,observation::IND::FP.CPI.TOTL.ZG::2017,Observation
IND,FM.LBL.BMNY.GD.ZS,2017,74.1441893624702,observation::IND::FM.LBL.BMNY.GD.ZS::2017,Observation
IND,FM.AST.NFRG.CN,2017,27354557013635.1,observation::IND::FM.AST.NFRG.CN::2017,Observation
IND,IP.PAT.RESD,2017,14961.0,observation::IND::IP.PAT.RESD::2017,Observation
IND,IP.IDS.NRCT,2017,3583.0,observation::IND::IP.IDS.NRCT::2017,Observation
IND,IE.PPN.ENGY.CD,2017,1311630000.0,observation::IND::IE.PPN.ENGY.CD::2017,Observation
IND,IE.PPI.ENGY.CD,2017,1311630000.0,observation::IND::IE.PPI.ENGY.CD::2017,Observation
IND,IC.BUS.NREG,2017,107492.0,observation::IND::IC.BUS.NREG::2017,Observation
IND,GC.XPN.TOTL.CN,2017,26684580000000.0,observation::IND::GC.XPN.TOTL.CN::2017,Observation
IND,GC.XPN.INTP.RV.ZS,2017,24.2919368978606,observation::IND::GC.XPN.INTP.RV.ZS::2017,Observation
IND,GC.XPN.COMP.ZS,2017,9.45583554247434,observation::IND::GC.XPN.COMP.ZS::2017,Observation
IND,GC.TAX.YPKG.CN,2017,9972310000000.0,observation::IND::GC.TAX.YPKG.CN::2017,Observation
IND,GC.TAX.IMPT.CN,2017,1351420000000.0,observation::IND::GC.TAX.IMPT.CN::2017,Observation
IND,GC.TAX.EXPT.ZS,2017,0.005138431925283,observation::IND::GC.TAX.EXPT.ZS::2017,Observation
IND,GC.REV.SOCL.ZS,2017,0.129802771390147,observation::IND::GC.REV.SOCL.ZS::2017,Observation
IND,GC.NLD.TOTL.GD.ZS,2017,-2.55426517252434,observation::IND::GC.NLD.TOTL.GD.ZS::2017,Observation
IND,GC.LBL.TOTL.GD.ZS,2017,3.42553861265731,observation::IND::GC.LBL.TOTL.GD.ZS::2017,Observation
IND,GC.AST.TOTL.GD.ZS,2017,0.871273440132975,observation::IND::GC.AST.TOTL.GD.ZS::2017,Observation
IND,FX.OWN.TOTL.YG.ZS,2017,71.4001548367143,observation::IND::FX.OWN.TOTL.YG.ZS::2017,Observation
IND,FX.OWN.TOTL.MA.ZS,2017,83.0089957378931,observation::IND::FX.OWN.TOTL.MA.ZS::2017,Observation
IND,FS.AST.PRVT.GD.ZS,2017,38.1707138624147,observation::IND::FS.AST.PRVT.GD.ZS::2017,Observation
IND,IP.TMK.NRCT,2017,41091.0,observation::IND::IP.TMK.NRCT::2017,Observation
IND,IP.IDS.RSCT,2017,7534.0,observation::IND::IP.IDS.RSCT::2017,Observation
IND,GC.XPN.TOTL.GD.ZS,2017,15.6141099220983,observation::IND::GC.XPN.TOTL.GD.ZS::2017,Observation
IND,GC.XPN.INTP.ZS,2017,19.8334019122654,observation::IND::GC.XPN.INTP.ZS::2017,Observation
IND,GC.XPN.GSRV.CN,2017,1916790000000.0,observation::IND::GC.XPN.GSRV.CN::2017,Observation
IND,GC.TAX.YPKG.RV.ZS,2017,45.7720465050099,observation::IND::GC.TAX.YPKG.RV.ZS::2017,Observation
IND,GC.TAX.IMPT.ZS,2017,6.94417967246607,observation::IND::GC.TAX.IMPT.ZS::2017,Observation
IND,GC.TAX.GSRV.CN,2017,8136460000000.0,observation::IND::GC.TAX.GSRV.CN::2017,Observation
IND,GC.REV.XGRT.CN,2017,21750090000000.0,observation::IND::GC.REV.XGRT.CN::2017,Observation
IND,GC.REV.GOTR.CN,2017,2297430000000.0,observation::IND::GC.REV.GOTR.CN::2017,Observation
IND,GC.NFN.TOTL.CN,2017,-532430000000.0,observation::IND::GC.NFN.TOTL.CN::2017,Observation
IND,GC.DOD.TOTL.CN,2017,81320590000000.0,observation::IND::GC.DOD.TOTL.CN::2017,Observation
IND,FX.OWN.TOTL.ZS,2017,79.8753284971461,observation::IND::FX.OWN.TOTL.ZS::2017,Observation
IND,FX.OWN.TOTL.OL.ZS,2017,83.0843120310959,observation::IND::FX.OWN.TOTL.OL.ZS::2017,Observation
IND,FX.OWN.TOTL.40.ZS,2017,77.0829503240223,observation::IND::FX.OWN.TOTL.40.ZS::2017,Observation
IND,FS.AST.CGOV.GD.ZS,2017,18.5645487783904,observation::IND::FS.AST.CGOV.GD.ZS::2017,Observation
IND,FM.AST.CGOV.ZG.M3,2017,0.590899411816116,observation::IND::FM.AST.CGOV.ZG.M3::2017,Observation
IND,FI.RES.TOTL.CD,2017,412613792019.924,observation::IND::FI.RES.TOTL.CD::2017,Observation
IND,FB.AST.NPER.ZS,2017,9.97528206363178,observation::IND::FB.AST.NPER.ZS::2017,Observation
IND,ER.H2O.INTR.PC,2017,1063.50320308631,observation::IND::ER.H2O.INTR.PC::2017,Observation
IND,ER.H2O.FWST.ZS,2017,66.49209283,observation::IND::ER.H2O.FWST.ZS::2017,Observation
IND,ER.GDP.FWTL.M3.KD,2017,3.7560093721973,observation::IND::ER.GDP.FWTL.M3.KD::2017,Observation
IND,EN.URB.MCTY.TL.ZS,2017,14.9452932040086,observation::IND::EN.URB.MCTY.TL.ZS::2017,Observation
IND,EN.POP.DNST,2017,457.30592394028,observation::IND::EN.POP.DNST::2017,Observation
IND,EN.GHG.N2O.ZG.AR5,2017,85.8252256453374,observation::IND::EN.GHG.N2O.ZG.AR5::2017,Observation
IND,EN.GHG.N2O.MT.CE.AR5,2017,236.7025,observation::IND::EN.GHG.N2O.MT.CE.AR5::2017,Observation
IND,EN.GHG.N2O.BU.MT.CE.AR5,2017,8.0355,observation::IND::EN.GHG.N2O.BU.MT.CE.AR5::2017,Observation
IND,EN.GHG.CO2.PI.MT.CE.AR5,2017,1111.9579,observation::IND::EN.GHG.CO2.PI.MT.CE.AR5::2017,Observation
IND,EN.GHG.CO2.LU.OL.MT.CE.AR5,2017,-257.59,observation::IND::EN.GHG.CO2.LU.OL.MT.CE.AR5::2017,Observation
IND,EN.GHG.CO2.IP.MT.CE.AR5,2017,187.2316,observation::IND::EN.GHG.CO2.IP.MT.CE.AR5::2017,Observation
IND,EN.GHG.CO2.AG.MT.CE.AR5,2017,25.8574,observation::IND::EN.GHG.CO2.AG.MT.CE.AR5::2017,Observation
IND,EN.GHG.CH4.PI.MT.CE.AR5,2017,0.9234,observation::IND::EN.GHG.CH4.PI.MT.CE.AR5::2017,Observation
IND,EN.GHG.CH4.FE.MT.CE.AR5,2017,72.0298,observation::IND::EN.GHG.CH4.FE.MT.CE.AR5::2017,Observation
IND,EN.GHG.ALL.MT.CE.AR5,2017,3495.5015,observation::IND::EN.GHG.ALL.MT.CE.AR5::2017,Observation
IND,EN.ATM.PM25.MC.T2.ZS,2017,93.7299726265532,observation::IND::EN.ATM.PM25.MC.T2.ZS::2017,Observation
IND,EG.USE.ELEC.KH.PC,2017,918.313686962613,observation::IND::EG.USE.ELEC.KH.PC::2017,Observation
IND,EG.USE.COMM.CL.ZS,2017,3.41,observation::IND::EG.USE.COMM.CL.ZS::2017,Observation
IND,EG.FEC.RNEW.ZS,2017,32.5,observation::IND::EG.FEC.RNEW.ZS::2017,Observation
IND,EG.ELC.PETR.ZS,2017,0.683201597779214,observation::IND::EG.ELC.PETR.ZS::2017,Observation
IND,EG.ELC.HYRO.ZS,2017,9.38781375488711,observation::IND::EG.ELC.HYRO.ZS::2017,Observation
IND,EG.ELC.ACCS.UR.ZS,2017,98.7,observation::IND::EG.ELC.ACCS.UR.ZS::2017,Observation
IND,EG.CFT.ACCS.UR.ZS,2017,87.6,observation::IND::EG.CFT.ACCS.UR.ZS::2017,Observation
IND,DT.TDS.DPPG.XP.ZS,2017,2.78246051138133,observation::IND::DT.TDS.DPPG.XP.ZS::2017,Observation
IND,DT.TDS.DIMF.CD,2017,2949592.7,observation::IND::DT.TDS.DIMF.CD::2017,Observation
IND,DT.ODA.ODAT.XP.ZS,2017,0.77248877680171,observation::IND::DT.ODA.ODAT.XP.ZS::2017,Observation
IND,DT.ODA.ODAT.GN.ZS,2017,0.121935867816169,observation::IND::DT.ODA.ODAT.GN.ZS::2017,Observation
IND,FI.RES.XGLD.CD,2017,389350147912.134,observation::IND::FI.RES.XGLD.CD::2017,Observation
IND,FD.RES.LIQU.AS.ZS,2017,6.20053658787501,observation::IND::FD.RES.LIQU.AS.ZS::2017,Observation
IND,FB.CBK.BRCH.P5,2017,14.3473985182086,observation::IND::FB.CBK.BRCH.P5::2017,Observation
IND,ER.PTD.TOTL.ZS,2017,3.5,observation::IND::ER.PTD.TOTL.ZS::2017,Observation
IND,ER.H2O.INTR.K3,2017,1446.0,observation::IND::ER.H2O.INTR.K3::2017,Observation
IND,ER.H2O.FWIN.ZS,2017,2.23390276,observation::IND::ER.H2O.FWIN.ZS::2017,Observation
IND,ER.FSH.PROD.MT,2017,11763822.001,observation::IND::ER.FSH.PROD.MT::2017,Observation
IND,EN.URB.MCTY,2017,203204785.0,observation::IND::EN.URB.MCTY::2017,Observation
IND,EN.GHG.N2O.WA.MT.CE.AR5,2017,15.7887,observation::IND::EN.GHG.N2O.WA.MT.CE.AR5::2017,Observation
IND,EN.GHG.N2O.IP.MT.CE.AR5,2017,14.6952,observation::IND::EN.GHG.N2O.IP.MT.CE.AR5::2017,Observation
IND,EN.GHG.N2O.AG.MT.CE.AR5,2017,169.2143,observation::IND::EN.GHG.N2O.AG.MT.CE.AR5::2017,Observation
IND,EN.GHG.CO2.TR.MT.CE.AR5,2017,291.2325,observation::IND::EN.GHG.CO2.TR.MT.CE.AR5::2017,Observation
IND,EN.GHG.CO2.PC.CE.AR5,2017,1.79545339877531,observation::IND::EN.GHG.CO2.PC.CE.AR5::2017,Observation
IND,EN.GHG.CO2.LU.MT.CE.AR5,2017,-311.779,observation::IND::EN.GHG.CO2.LU.MT.CE.AR5::2017,Observation
IND,EN.GHG.CO2.IC.MT.CE.AR5,2017,559.9203,observation::IND::EN.GHG.CO2.IC.MT.CE.AR5::2017,Observation
IND,EN.GHG.CH4.ZG.AR5,2017,24.6836819316216,observation::IND::EN.GHG.CH4.ZG.AR5::2017,Observation
IND,EN.GHG.CH4.MT.CE.AR5,2017,769.4826,observation::IND::EN.GHG.CH4.MT.CE.AR5::2017,Observation
IND,EN.GHG.CH4.BU.MT.CE.AR5,2017,37.6648,observation::IND::EN.GHG.CH4.BU.MT.CE.AR5::2017,Observation
IND,EN.GHG.ALL.LU.MT.CE.AR5,2017,3183.7225,observation::IND::EN.GHG.ALL.LU.MT.CE.AR5::2017,Observation
IND,EN.ATM.PM25.MC.T1.ZS,2017,84.7557712206317,observation::IND::EN.ATM.PM25.MC.T1.ZS::2017,Observation
IND,EG.USE.CRNW.ZS,2017,20.9563106851386,observation::IND::EG.USE.CRNW.ZS::2017,Observation
IND,EG.IMP.CONS.ZS,2017,37.4713105330607,observation::IND::EG.IMP.CONS.ZS::2017,Observation
IND,EG.ELC.RNWX.ZS,2017,4.77156485415497,observation::IND::EG.ELC.RNWX.ZS::2017,Observation
IND,EG.ELC.NUCL.ZS,2017,2.53930875917822,observation::IND::EG.ELC.NUCL.ZS::2017,Observation
IND,EG.ELC.FOSL.ZS,2017,80.4613746410824,observation::IND::EG.ELC.FOSL.ZS::2017,Observation
IND,EG.ELC.ACCS.RU.ZS,2017,88.3,observation::IND::EG.ELC.ACCS.RU.ZS::2017,Observation
IND,EG.CFT.ACCS.RU.ZS,2017,36.4,observation::IND::EG.CFT.ACCS.RU.ZS::2017,Observation
IND,DT.TDS.DPPG.GN.ZS,2017,0.538868823374381,observation::IND::DT.TDS.DPPG.GN.ZS::2017,Observation
IND,DT.TDS.DECT.GN.ZS,2017,1.95306263787674,observation::IND::DT.TDS.DECT.GN.ZS::2017,Observation
IND,DT.ODA.ODAT.PC.ZS,2017,2.35216257706261,observation::IND::DT.ODA.ODAT.PC.ZS::2017,Observation
IND,DT.ODA.ODAT.GI.ZS,2017,0.389311774193845,observation::IND::DT.ODA.ODAT.GI.ZS::2017,Observation
IND,DT.ODA.ALLD.KD,2017,3214598876.95313,observation::IND::DT.ODA.ALLD.KD::2017,Observation
IND,FM.LBL.BMNY.ZG,2017,10.4310437100352,observation::IND::FM.LBL.BMNY.ZG::2017,Observation
IND,FM.AST.PRVT.ZG.M3,2017,5.60563535119609,observation::IND::FM.AST.PRVT.ZG.M3::2017,Observation
IND,FM.AST.DOMO.ZG.M3,2017,8.36208860437369,observation::IND::FM.AST.DOMO.ZG.M3::2017,Observation
IND,FI.RES.TOTL.DT.ZS,2017,80.6554701626196,observation::IND::FI.RES.TOTL.DT.ZS::2017,Observation
IND,FB.ATM.TOTL.P5,2017,21.7800477391949,observation::IND::FB.ATM.TOTL.P5::2017,Observation
IND,ER.LND.PTLD.ZS,2017,6.0,observation::IND::ER.LND.PTLD.ZS::2017,Observation
IND,ER.H2O.FWTL.K3,2017,647.5,observation::IND::ER.H2O.FWTL.K3::2017,Observation
IND,ER.H2O.FWAG.ZS,2017,90.40735874,observation::IND::ER.H2O.FWAG.ZS::2017,Observation
IND,ER.FSH.AQUA.MT,2017,6212869.0,observation::IND::ER.FSH.AQUA.MT::2017,Observation
IND,EN.URB.LCTY,2017,27602257.0,observation::IND::EN.URB.LCTY::2017,Observation
IND,EN.GHG.TOT.ZG.AR5,2017,158.227369415166,observation::IND::EN.GHG.TOT.ZG.AR5::2017,Observation
IND,EN.GHG.N2O.PI.MT.CE.AR5,2017,17.9632,observation::IND::EN.GHG.N2O.PI.MT.CE.AR5::2017,Observation
IND,EN.GHG.N2O.FE.MT.CE.AR5,2017,0.1828,observation::IND::EN.GHG.N2O.FE.MT.CE.AR5::2017,Observation
IND,EN.GHG.CO2.ZG.AR5,2017,306.405510943242,observation::IND::EN.GHG.CO2.ZG.AR5::2017,Observation
IND,EN.GHG.CO2.RT.GDP.KD,2017,1.00377687944633,observation::IND::EN.GHG.CO2.RT.GDP.KD::2017,Observation
IND,EN.GHG.CO2.LU.OS.MT.CE.AR5,2017,0.0,observation::IND::EN.GHG.CO2.LU.OS.MT.CE.AR5::2017,Observation
IND,EN.GHG.CO2.LU.DF.MT.CE.AR5,2017,21.131,observation::IND::EN.GHG.CO2.LU.DF.MT.CE.AR5::2017,Observation
IND,EN.GHG.CO2.BU.MT.CE.AR5,2017,173.2178,observation::IND::EN.GHG.CO2.BU.MT.CE.AR5::2017,Observation
IND,EN.GHG.CH4.TR.MT.CE.AR5,2017,1.7714,observation::IND::EN.GHG.CH4.TR.MT.CE.AR5::2017,Observation
IND,EN.GHG.CH4.IC.MT.CE.AR5,2017,3.2519,observation::IND::EN.GHG.CH4.IC.MT.CE.AR5::2017,Observation
IND,EN.GHG.ALL.PC.CE.AR5,2017,2.57086932340456,observation::IND::EN.GHG.ALL.PC.CE.AR5::2017,Observation
IND,EN.ATM.PM25.MC.T3.ZS,2017,99.9389164237351,observation::IND::EN.ATM.PM25.MC.T3.ZS::2017,Observation
IND,EG.USE.PCAP.KG.OE,2017,648.014718317903,observation::IND::EG.USE.PCAP.KG.OE::2017,Observation
IND,EG.USE.COMM.FO.ZS,2017,0.0,observation::IND::EG.USE.COMM.FO.ZS::2017,Observation
IND,EG.GDP.PUSE.KO.PP,2017,9.4823728084443,observation::IND::EG.GDP.PUSE.KO.PP::2017,Observation
IND,EG.ELC.RNEW.ZS,2017,14.1593786090421,observation::IND::EG.ELC.RNEW.ZS::2017,Observation
IND,EG.ELC.LOSS.ZS,2017,17.1759941089838,observation::IND::EG.ELC.LOSS.ZS::2017,Observation
IND,EG.ELC.ACCS.ZS,2017,91.8,observation::IND::EG.ELC.ACCS.ZS::2017,Observation
IND,EG.CFT.ACCS.ZS,2017,55.3,observation::IND::EG.CFT.ACCS.ZS::2017,Observation
IND,DT.TDS.MLAT.CD,2017,4211072924.9,observation::IND::DT.TDS.MLAT.CD::2017,Observation
IND,DT.TDS.DPPF.XP.ZS,2017,2.78304119910956,observation::IND::DT.TDS.DPPF.XP.ZS::2017,Observation
IND,DT.TDS.DECT.CD,2017,51224947893.9,observation::IND::DT.TDS.DECT.CD::2017,Observation
IND,DT.ODA.ODAT.KD,2017,3214598876.95313,observation::IND::DT.ODA.ODAT.KD::2017,Observation
IND,FR.INR.LEND,2017,9.50833333333333,observation::IND::FR.INR.LEND::2017,Observation
IND,FP.CPI.TOTL,2017,159.18119775209,observation::IND::FP.CPI.TOTL::2017,Observation
IND,FM.LBL.BMNY.CN,2017,126712733703626.0,observation::IND::FM.LBL.BMNY.CN::2017,Observation
IND,FM.AST.DOMS.CN,2017,134552171505980.0,observation::IND::FM.AST.DOMS.CN::2017,Observation
IND,FI.RES.TOTL.MO,2017,8.1627186694363,observation::IND::FI.RES.TOTL.MO::2017,Observation
IND,FD.AST.PRVT.GD.ZS,2017,38.1707138624147,observation::IND::FD.AST.PRVT.GD.ZS::2017,Observation
IND,FB.BNK.CAPA.ZS,2017,7.04073187631062,observation::IND::FB.BNK.CAPA.ZS::2017,Observation
IND,ER.MRN.PTMR.ZS,2017,0.2,observation::IND::ER.MRN.PTMR.ZS::2017,Observation
IND,ER.H2O.FWTL.ZS,2017,44.7786998616874,observation::IND::ER.H2O.FWTL.ZS::2017,Observation
IND,ER.H2O.FWDM.ZS,2017,7.358738502,observation::IND::ER.H2O.FWDM.ZS::2017,Observation
IND,ER.FSH.CAPT.MT,2017,5550953.001,observation::IND::ER.FSH.CAPT.MT::2017,Observation
IND,EN.URB.LCTY.UR.ZS,2017,6.11801880420581,observation::IND::EN.URB.LCTY.UR.ZS::2017,Observation
IND,EN.GHG.N2O.TR.MT.CE.AR5,2017,6.5109,observation::IND::EN.GHG.N2O.TR.MT.CE.AR5::2017,Observation
IND,EN.GHG.N2O.IC.MT.CE.AR5,2017,4.312,observation::IND::EN.GHG.N2O.IC.MT.CE.AR5::2017,Observation
IND,EN.GHG.FGAS.IP.MT.CE.AR5,2017,48.1149,observation::IND::EN.GHG.FGAS.IP.MT.CE.AR5::2017,Observation
IND,EN.GHG.CO2.RT.GDP.PP.KD,2017,0.245059331592838,observation::IND::EN.GHG.CO2.RT.GDP.PP.KD::2017,Observation
IND,EN.GHG.CO2.MT.CE.AR5,2017,2441.2015,observation::IND::EN.GHG.CO2.MT.CE.AR5::2017,Observation
IND,EN.GHG.CO2.LU.FL.MT.CE.AR5,2017,-75.32,observation::IND::EN.GHG.CO2.LU.FL.MT.CE.AR5::2017,Observation
IND,EN.GHG.CO2.FE.MT.CE.AR5,2017,91.784,observation::IND::EN.GHG.CO2.FE.MT.CE.AR5::2017,Observation
IND,EN.GHG.CH4.WA.MT.CE.AR5,2017,117.729,observation::IND::EN.GHG.CH4.WA.MT.CE.AR5::2017,Observation
IND,EN.GHG.CH4.IP.MT.CE.AR5,2017,0.3204,observation::IND::EN.GHG.CH4.IP.MT.CE.AR5::2017,Observation
IND,EN.GHG.CH4.AG.MT.CE.AR5,2017,535.7919,observation::IND::EN.GHG.CH4.AG.MT.CE.AR5::2017,Observation
IND,EN.ATM.PM25.MC.ZS,2017,100.0,observation::IND::EN.ATM.PM25.MC.ZS::2017,Observation
IND,EN.ATM.PM25.MC.M3,2017,67.3122713926644,observation::IND::EN.ATM.PM25.MC.M3::2017,Observation
IND,EG.USE.COMM.GD.PP.KD,2017,88.4467699588451,observation::IND::EG.USE.COMM.GD.PP.KD::2017,Observation
IND,EG.GDP.PUSE.KO.PP.KD,2017,11.3062353827653,observation::IND::EG.GDP.PUSE.KO.PP.KD::2017,Observation
IND,EG.ELC.RNWX.KH,2017,72055210000.0,observation::IND::EG.ELC.RNWX.KH::2017,Observation
IND,EG.ELC.NGAS.ZS,2017,4.91816414320679,observation::IND::EG.ELC.NGAS.ZS::2017,Observation
IND,EG.ELC.COAL.ZS,2017,74.8600089000964,observation::IND::EG.ELC.COAL.ZS::2017,Observation
IND,EG.EGY.PRIM.PP.KD,2017,4.46,observation::IND::EG.EGY.PRIM.PP.KD::2017,Observation
IND,DT.TDS.MLAT.PG.ZS,2017,29.7950659570214,observation::IND::DT.TDS.MLAT.PG.ZS::2017,Observation
IND,DT.TDS.DPPG.CD,2017,14133457301.2,observation::IND::DT.TDS.DPPG.CD::2017,Observation
IND,DT.TDS.DECT.EX.ZS,2017,10.0846800379296,observation::IND::DT.TDS.DECT.EX.ZS::2017,Observation
IND,DT.ODA.ODAT.MP.ZS,2017,0.527237957329001,observation::IND::DT.ODA.ODAT.MP.ZS::2017,Observation
IND,DT.ODA.ODAT.CD,2017,3198135253.90625,observation::IND::DT.ODA.ODAT.CD::2017,Observation
IND,SM.POP.RHCR.EO,2018,9586.0,observation::IND::SM.POP.RHCR.EO::2018,Observation
IND,SM.POP.NETM,2018,-589794.0,observation::IND::SM.POP.NETM::2018,Observation
IND,SM.POP.ASYS.EA,2018,11938.0,observation::IND::SM.POP.ASYS.EA::2018,Observation
IND,SL.UEM.TOTL.ZS,2018,7.652,observation::IND::SL.UEM.TOTL.ZS::2018,Observation
IND,SL.UEM.TOTL.FE.ZS,2018,7.713,observation::IND::SL.UEM.TOTL.FE.ZS::2018,Observation
IND,SL.UEM.NEET.MA.ZS,2018,15.302,observation::IND::SL.UEM.NEET.MA.ZS::2018,Observation
IND,SL.UEM.INTM.ZS,2018,12.343,observation::IND::SL.UEM.INTM.ZS::2018,Observation
IND,SL.UEM.BASC.MA.ZS,2018,6.714,observation::IND::SL.UEM.BASC.MA.ZS::2018,Observation
IND,SL.UEM.ADVN.FE.ZS,2018,25.439,observation::IND::SL.UEM.ADVN.FE.ZS::2018,Observation
IND,SL.UEM.1524.MA.NE.ZS,2018,26.18,observation::IND::SL.UEM.1524.MA.NE.ZS::2018,Observation
IND,SL.TLF.TOTL.FE.ZS,2018,24.5975525560696,observation::IND::SL.TLF.TOTL.FE.ZS::2018,Observation
IND,SL.TLF.INTM.ZS,2018,41.43,observation::IND::SL.TLF.INTM.ZS::2018,Observation
IND,SL.TLF.CACT.NE.ZS,2018,47.56,observation::IND::SL.TLF.CACT.NE.ZS::2018,Observation
IND,SL.TLF.CACT.FM.NE.ZS,2018,28.0894160336867,observation::IND::SL.TLF.CACT.FM.NE.ZS::2018,Observation
IND,SL.TLF.BASC.MA.ZS,2018,74.009,observation::IND::SL.TLF.BASC.MA.ZS::2018,Observation
IND,SL.TLF.ADVN.FE.ZS,2018,31.854,observation::IND::SL.TLF.ADVN.FE.ZS::2018,Observation
IND,SL.TLF.ACTI.1524.ZS,2018,30.082,observation::IND::SL.TLF.ACTI.1524.ZS::2018,Observation
IND,SL.TLF.ACTI.1524.FE.ZS,2018,13.73,observation::IND::SL.TLF.ACTI.1524.FE.ZS::2018,Observation
IND,SL.GDP.PCAP.EM.KD,2018,21902.46573935,observation::IND::SL.GDP.PCAP.EM.KD::2018,Observation
IND,SL.EMP.WORK.MA.ZS,2018,23.0568961943943,observation::IND::SL.EMP.WORK.MA.ZS::2018,Observation
IND,SL.EMP.VULN.FE.ZS,2018,79.9286344711076,observation::IND::SL.EMP.VULN.FE.ZS::2018,Observation
IND,SL.EMP.TOTL.SP.MA.NE.ZS,2018,68.219,observation::IND::SL.EMP.TOTL.SP.MA.NE.ZS::2018,Observation
IND,SL.EMP.SELF.ZS,2018,77.7850400021394,observation::IND::SL.EMP.SELF.ZS::2018,Observation
IND,SL.EMP.MPYR.MA.ZS,2018,2.47134316446137,observation::IND::SL.EMP.MPYR.MA.ZS::2018,Observation
IND,SL.EMP.1524.SP.MA.ZS,2018,33.163,observation::IND::SL.EMP.1524.SP.MA.ZS::2018,Observation
IND,SL.AGR.EMPL.ZS,2018,41.2949989249141,observation::IND::SL.AGR.EMPL.ZS::2018,Observation
IND,SI.RMT.COST.IB.ZS,2018,2.737479,observation::IND::SI.RMT.COST.IB.ZS::2018,Observation
IND,SH_UHC_SCI_RMNCH,2018,72.0,observation::IND::SH_UHC_SCI_RMNCH::2018,Observation
IND,SH_UHC_SCI,2018,63.0,observation::IND::SH_UHC_SCI::2018,Observation
IND,SH.XPD.PVTD.CH.ZS,2018,65.24591064,observation::IND::SH.XPD.PVTD.CH.ZS::2018,Observation
IND,SH.XPD.GHED.PP.CD,2018,65.8233442504417,observation::IND::SH.XPD.GHED.PP.CD::2018,Observation
IND,SH.XPD.GHED.CH.ZS,2018,34.29247284,observation::IND::SH.XPD.GHED.CH.ZS::2018,Observation
IND,SH.XPD.CHEX.PP.CD,2018,191.946915727321,observation::IND::SH.XPD.CHEX.PP.CD::2018,Observation
IND,SH.TBS.INCD,2018,208.0,observation::IND::SH.TBS.INCD::2018,Observation
IND,DT.DOD.DSTC.ZS,2018,19.9402,observation::IND::DT.DOD.DSTC.ZS::2018,Observation
IND,DT.DOD.DPPG.CD,2018,180539953724.2,observation::IND::DT.DOD.DPPG.CD::2018,Observation
IND,DT.DOD.DECT.GN.ZS,2018,19.4905310721105,observation::IND::DT.DOD.DECT.GN.ZS::2018,Observation
IND,DC.DAC.TOTL.CD,2018,2645879101.93215,observation::IND::DC.DAC.TOTL.CD::2018,Observation
IND,DC.DAC.PRTL.CD,2018,378178.000450134,observation::IND::DC.DAC.PRTL.CD::2018,Observation
IND,DC.DAC.NLDL.CD,2018,1397763.01383972,observation::IND::DC.DAC.NLDL.CD::2018,Observation
IND,DC.DAC.JPNL.CD,2018,1375401489.25781,observation::IND::DC.DAC.JPNL.CD::2018,Observation
IND,DC.DAC.HUNL.CD,2018,3571305.0365448,observation::IND::DC.DAC.HUNL.CD::2018,Observation
IND,DC.DAC.FINL.CD,2018,2150774.95574951,observation::IND::DC.DAC.FINL.CD::2018,Observation
IND,DC.DAC.DEUL.CD,2018,244281661.987305,observation::IND::DC.DAC.DEUL.CD::2018,Observation
IND,SL.UEM.TOTL.FE.NE.ZS,2018,7.715,observation::IND::SL.UEM.TOTL.FE.NE.ZS::2018,Observation
IND,SL.UEM.NEET.MA.ME.ZS,2018,15.757,observation::IND::SL.UEM.NEET.MA.ME.ZS::2018,Observation
IND,SL.UEM.INTM.MA.ZS,2018,11.461,observation::IND::SL.UEM.INTM.MA.ZS::2018,Observation
IND,SL.UEM.BASC.FE.ZS,2018,4.626,observation::IND::SL.UEM.BASC.FE.ZS::2018,Observation
IND,SL.UEM.1524.ZS,2018,26.003,observation::IND::SL.UEM.1524.ZS::2018,Observation
IND,SL.UEM.1524.FE.ZS,2018,25.408,observation::IND::SL.UEM.1524.FE.ZS::2018,Observation
IND,SL.TLF.PART.ZS,2018,14.66,observation::IND::SL.TLF.PART.ZS::2018,Observation
IND,SL.TLF.INTM.MA.ZS,2018,60.355,observation::IND::SL.TLF.INTM.MA.ZS::2018,Observation
IND,SL.TLF.CACT.MA.ZS,2018,76.974,observation::IND::SL.TLF.CACT.MA.ZS::2018,Observation
IND,SL.TLF.CACT.FE.ZS,2018,26.568,observation::IND::SL.TLF.CACT.FE.ZS::2018,Observation
IND,SL.TLF.BASC.FE.ZS,2018,16.646,observation::IND::SL.TLF.BASC.FE.ZS::2018,Observation
IND,SL.TLF.ACTI.ZS,2018,55.13,observation::IND::SL.TLF.ACTI.ZS::2018,Observation
IND,SL.TLF.ACTI.1524.NE.ZS,2018,26.742,observation::IND::SL.TLF.ACTI.1524.NE.ZS::2018,Observation
IND,SL.TLF.ACTI.1524.FE.NE.ZS,2018,9.968,observation::IND::SL.TLF.ACTI.1524.FE.NE.ZS::2018,Observation
IND,SL.SRV.EMPL.ZS,2018,33.3391272966505,observation::IND::SL.SRV.EMPL.ZS::2018,Observation
IND,SL.IND.EMPL.ZS,2018,25.3658737784355,observation::IND::SL.IND.EMPL.ZS::2018,Observation
IND,SL.FAM.WORK.ZS,2018,16.0805588684603,observation::IND::SL.FAM.WORK.ZS::2018,Observation
IND,SL.EMP.WORK.FE.ZS,2018,19.6317751253999,observation::IND::SL.EMP.WORK.FE.ZS::2018,Observation
IND,SL.EMP.TOTL.SP.ZS,2018,48.466,observation::IND::SL.EMP.TOTL.SP.ZS::2018,Observation
IND,SL.EMP.TOTL.SP.FE.ZS,2018,24.519,observation::IND::SL.EMP.TOTL.SP.FE.ZS::2018,Observation
IND,SL.EMP.SELF.MA.ZS,2018,76.943101067048,observation::IND::SL.EMP.SELF.MA.ZS::2018,Observation
IND,SL.EMP.MPYR.FE.ZS,2018,0.439590403492565,observation::IND::SL.EMP.MPYR.FE.ZS::2018,Observation
IND,SL.EMP.1524.SP.MA.NE.ZS,2018,30.853,observation::IND::SL.EMP.1524.SP.MA.NE.ZS::2018,Observation
IND,SL.AGR.EMPL.MA.ZS,2018,38.0995186174218,observation::IND::SL.AGR.EMPL.MA.ZS::2018,Observation
IND,SH_UHC_SCI_NCD,2018,50.0,observation::IND::SH_UHC_SCI_NCD::2018,Observation
IND,SH.XPD.OOPC.PP.CD,2018,102.17323727869,observation::IND::SH.XPD.OOPC.PP.CD::2018,Observation
IND,SH.XPD.GHED.PC.CD,2018,19.70634426,observation::IND::SH.XPD.GHED.PC.CD::2018,Observation
IND,SH.XPD.EHEX.PP.CD,2018,0.886063293947787,observation::IND::SH.XPD.EHEX.PP.CD::2018,Observation
IND,SH.XPD.CHEX.PC.CD,2018,57.46551132,observation::IND::SH.XPD.CHEX.PC.CD::2018,Observation
IND,DC.DAC.SWEL.CD,2018,5432396.88873291,observation::IND::DC.DAC.SWEL.CD::2018,Observation
IND,DC.DAC.POLL.CD,2018,1334854.96044159,observation::IND::DC.DAC.POLL.CD::2018,Observation
IND,DC.DAC.LUXL.CD,2018,1461758.97121429,observation::IND::DC.DAC.LUXL.CD::2018,Observation
IND,DC.DAC.ITAL.CD,2018,17885782.2418213,observation::IND::DC.DAC.ITAL.CD::2018,Observation
IND,DC.DAC.GRCL.CD,2018,10843.999683857,observation::IND::DC.DAC.GRCL.CD::2018,Observation
IND,DC.DAC.CZEL.CD,2018,139748.007059097,observation::IND::DC.DAC.CZEL.CD::2018,Observation
IND,DC.DAC.BELL.CD,2018,1636922.00183868,observation::IND::DC.DAC.BELL.CD::2018,Observation
IND,CM.MKT.TRAD.GD.ZS,2018,46.5946852849553,observation::IND::CM.MKT.TRAD.GD.ZS::2018,Observation
IND,CM.MKT.LCAP.CD,2018,4139820080000.0,observation::IND::CM.MKT.LCAP.CD::2018,Observation
IND,BX.TRF.PWKR.CD,2018,74079856483.6134,observation::IND::BX.TRF.PWKR.CD::2018,Observation
IND,SM.POP.ASYS.EO,2018,51802.0,observation::IND::SM.POP.ASYS.EO::2018,Observation
IND,SL.UEM.TOTL.MA.NE.ZS,2018,7.634,observation::IND::SL.UEM.TOTL.MA.NE.ZS::2018,Observation
IND,SL.UEM.NEET.ME.ZS,2018,30.023,observation::IND::SL.UEM.NEET.ME.ZS::2018,Observation
IND,SL.UEM.NEET.FE.ME.ZS,2018,45.746,observation::IND::SL.UEM.NEET.FE.ME.ZS::2018,Observation
IND,SL.UEM.BASC.ZS,2018,6.394,observation::IND::SL.UEM.BASC.ZS::2018,Observation
IND,SL.UEM.ADVN.MA.ZS,2018,14.039,observation::IND::SL.UEM.ADVN.MA.ZS::2018,Observation
IND,SL.UEM.1524.MA.ZS,2018,26.168,observation::IND::SL.UEM.1524.MA.ZS::2018,Observation
IND,SL.TLF.TOTL.IN,2018,524292869.0,observation::IND::SL.TLF.TOTL.IN::2018,Observation
IND,SL.TLF.PART.FE.ZS,2018,28.8,observation::IND::SL.TLF.PART.FE.ZS::2018,Observation
IND,SL.TLF.CACT.ZS,2018,52.482,observation::IND::SL.TLF.CACT.ZS::2018,Observation
IND,SL.TLF.CACT.FM.ZS,2018,34.515550705433,observation::IND::SL.TLF.CACT.FM.ZS::2018,Observation
IND,SL.TLF.BASC.ZS,2018,48.506,observation::IND::SL.TLF.BASC.ZS::2018,Observation
IND,SL.TLF.ADVN.MA.ZS,2018,80.842,observation::IND::SL.TLF.ADVN.MA.ZS::2018,Observation
IND,SL.TLF.ACTI.FE.ZS,2018,28.243,observation::IND::SL.TLF.ACTI.FE.ZS::2018,Observation
IND,SL.TLF.ACTI.1524.MA.NE.ZS,2018,41.795,observation::IND::SL.TLF.ACTI.1524.MA.NE.ZS::2018,Observation
IND,SL.SRV.EMPL.FE.ZS,2018,29.7186037766973,observation::IND::SL.SRV.EMPL.FE.ZS::2018,Observation
IND,SL.IND.EMPL.FE.ZS,2018,19.182179123674,observation::IND::SL.IND.EMPL.FE.ZS::2018,Observation
IND,SL.FAM.WORK.FE.ZS,2018,35.938869392821,observation::IND::SL.FAM.WORK.FE.ZS::2018,Observation
IND,SL.EMP.WORK.ZS,2018,22.2149620632483,observation::IND::SL.EMP.WORK.ZS::2018,Observation
IND,SL.EMP.VULN.MA.ZS,2018,74.4717579025866,observation::IND::SL.EMP.VULN.MA.ZS::2018,Observation
IND,SL.EMP.TOTL.SP.MA.ZS,2018,71.099,observation::IND::SL.EMP.TOTL.SP.MA.ZS::2018,Observation
IND,SL.EMP.SMGT.FE.ZS,2018,14.356,observation::IND::SL.EMP.SMGT.FE.ZS::2018,Observation
IND,SL.EMP.MPYR.ZS,2018,1.97191422220255,observation::IND::SL.EMP.MPYR.ZS::2018,Observation
IND,SL.EMP.1524.SP.NE.ZS,2018,19.744,observation::IND::SL.EMP.1524.SP.NE.ZS::2018,Observation
IND,SL.EMP.1524.SP.FE.NE.ZS,2018,7.361,observation::IND::SL.EMP.1524.SP.FE.NE.ZS::2018,Observation
IND,SH_UHC_SCI_CAPACITY,2018,66.0,observation::IND::SH_UHC_SCI_CAPACITY::2018,Observation
IND,SH.XPD.PVTD.PC.CD,2018,37.49389408,observation::IND::SH.XPD.PVTD.PC.CD::2018,Observation
IND,SH.XPD.OOPC.CH.ZS,2018,53.22994614,observation::IND::SH.XPD.OOPC.CH.ZS::2018,Observation
IND,SH.XPD.GHED.GD.ZS,2018,0.98024821,observation::IND::SH.XPD.GHED.GD.ZS::2018,Observation
IND,DT.NFL.IFAD.CD,2018,26532979.96521,observation::IND::DT.NFL.IFAD.CD::2018,Observation
IND,DT.NFL.CERF.CD,2018,4979179.85916138,observation::IND::DT.NFL.CERF.CD::2018,Observation
IND,DT.DOD.MIBR.CD,2018,13394927000.0,observation::IND::DT.DOD.MIBR.CD::2018,Observation
IND,DT.DOD.DSTC.CD,2018,103923910000.0,observation::IND::DT.DOD.DSTC.CD::2018,Observation
IND,DT.DOD.DIMF.CD,2018,5532927685.8,observation::IND::DT.DOD.DIMF.CD::2018,Observation
IND,DC.DAC.USAL.CD,2018,117840927.124023,observation::IND::DC.DAC.USAL.CD::2018,Observation
IND,DC.DAC.NORL.CD,2018,10254715.9194946,observation::IND::DC.DAC.NORL.CD::2018,Observation
IND,DC.DAC.KORL.CD,2018,687741.994857788,observation::IND::DC.DAC.KORL.CD::2018,Observation
IND,DC.DAC.IRLL.CD,2018,1632241.96434021,observation::IND::DC.DAC.IRLL.CD::2018,Observation
IND,SL.UEM.TOTL.MA.ZS,2018,7.632,observation::IND::SL.UEM.TOTL.MA.ZS::2018,Observation
IND,SL.UEM.NEET.ZS,2018,30.805,observation::IND::SL.UEM.NEET.ZS::2018,Observation
IND,SL.UEM.NEET.FE.ZS,2018,48.076,observation::IND::SL.UEM.NEET.FE.ZS::2018,Observation
IND,SL.UEM.INTM.FE.ZS,2018,17.789,observation::IND::SL.UEM.INTM.FE.ZS::2018,Observation
IND,SL.UEM.ADVN.ZS,2018,16.507,observation::IND::SL.UEM.ADVN.ZS::2018,Observation
IND,SL.UEM.1524.NE.ZS,2018,26.171,observation::IND::SL.UEM.1524.NE.ZS::2018,Observation
IND,SL.UEM.1524.FE.NE.ZS,2018,26.153,observation::IND::SL.UEM.1524.FE.NE.ZS::2018,Observation
IND,SL.TLF.PART.MA.ZS,2018,10.77,observation::IND::SL.TLF.PART.MA.ZS::2018,Observation
IND,SL.TLF.INTM.FE.ZS,2018,14.113,observation::IND::SL.TLF.INTM.FE.ZS::2018,Observation
IND,SL.TLF.CACT.MA.NE.ZS,2018,73.857,observation::IND::SL.TLF.CACT.MA.NE.ZS::2018,Observation
IND,SL.TLF.CACT.FE.NE.ZS,2018,20.746,observation::IND::SL.TLF.CACT.FE.NE.ZS::2018,Observation
IND,SL.TLF.ADVN.ZS,2018,60.646,observation::IND::SL.TLF.ADVN.ZS::2018,Observation
IND,SL.TLF.ACTI.MA.ZS,2018,80.158,observation::IND::SL.TLF.ACTI.MA.ZS::2018,Observation
IND,SL.TLF.ACTI.1524.MA.ZS,2018,44.917,observation::IND::SL.TLF.ACTI.1524.MA.ZS::2018,Observation
IND,SL.SRV.EMPL.MA.ZS,2018,34.5191619566487,observation::IND::SL.SRV.EMPL.MA.ZS::2018,Observation
IND,SL.IND.EMPL.MA.ZS,2018,27.3813194259295,observation::IND::SL.IND.EMPL.MA.ZS::2018,Observation
IND,SL.FAM.WORK.MA.ZS,2018,9.60815613452675,observation::IND::SL.FAM.WORK.MA.ZS::2018,Observation
IND,SL.EMP.VULN.ZS,2018,75.8131257799368,observation::IND::SL.EMP.VULN.ZS::2018,Observation
IND,SL.EMP.TOTL.SP.NE.ZS,2018,43.921,observation::IND::SL.EMP.TOTL.SP.NE.ZS::2018,Observation
IND,SL.EMP.TOTL.SP.FE.NE.ZS,2018,19.145,observation::IND::SL.EMP.TOTL.SP.FE.NE.ZS::2018,Observation
IND,SL.EMP.SELF.FE.ZS,2018,80.3682248746001,observation::IND::SL.EMP.SELF.FE.ZS::2018,Observation
IND,SL.EMP.1524.SP.ZS,2018,22.259,observation::IND::SL.EMP.1524.SP.ZS::2018,Observation
IND,SL.EMP.1524.SP.FE.ZS,2018,10.242,observation::IND::SL.EMP.1524.SP.FE.ZS::2018,Observation
IND,SL.AGR.EMPL.FE.ZS,2018,51.0992095375496,observation::IND::SL.AGR.EMPL.FE.ZS::2018,Observation
IND,SH_UHC_SCI_ID,2018,66.0,observation::IND::SH_UHC_SCI_ID::2018,Observation
IND,SH.XPD.PVTD.PP.CD,2018,125.237510571228,observation::IND::SH.XPD.PVTD.PP.CD::2018,Observation
IND,SH.XPD.OOPC.PC.CD,2018,30.58885887,observation::IND::SH.XPD.OOPC.PC.CD::2018,Observation
IND,SH.XPD.GHED.GE.ZS,2018,3.67532182,observation::IND::SH.XPD.GHED.GE.ZS::2018,Observation
IND,SH.XPD.EHEX.PC.CD,2018,0.26527167,observation::IND::SH.XPD.EHEX.PC.CD::2018,Observation
IND,SH.XPD.CHEX.GD.ZS,2018,2.8584938,observation::IND::SH.XPD.CHEX.GD.ZS::2018,Observation
IND,SH.TBS.CURE.ZS,2018,82.0,observation::IND::SH.TBS.CURE.ZS::2018,Observation
IND,SH.STA.TRAF.P5,2018,15.5,observation::IND::SH.STA.TRAF.P5::2018,Observation
IND,DT.DOD.MIDA.CD,2018,23069523000.0,observation::IND::DT.DOD.MIDA.CD::2018,Observation
IND,DT.DOD.DSTC.IR.ZS,2018,26.0351854098756,observation::IND::DT.DOD.DSTC.IR.ZS::2018,Observation
IND,DT.DOD.DLXF.CD,2018,411718847724.2,observation::IND::DT.DOD.DLXF.CD::2018,Observation
IND,DC.DAC.SVNL.CD,2018,169.999999343418,observation::IND::DC.DAC.SVNL.CD::2018,Observation
IND,DC.DAC.NZLL.CD,2018,183161.005377769,observation::IND::DC.DAC.NZLL.CD::2018,Observation
IND,DC.DAC.LTUL.CD,2018,25591.9992923737,observation::IND::DC.DAC.LTUL.CD::2018,Observation
IND,DC.DAC.GBRL.CD,2018,126270133.972168,observation::IND::DC.DAC.GBRL.CD::2018,Observation
IND,DC.DAC.ESPL.CD,2018,5083900.92849731,observation::IND::DC.DAC.ESPL.CD::2018,Observation
IND,DC.DAC.CHEL.CD,2018,12014925.9567261,observation::IND::DC.DAC.CHEL.CD::2018,Observation
IND,SH.STA.SUIC.MA.P5,2018,16.66,observation::IND::SH.STA.SUIC.MA.P5::2018,Observation
IND,SH.STA.STNT.ME.MA.ZS,2018,36.6,observation::IND::SH.STA.STNT.ME.MA.ZS::2018,Observation
IND,SH.STA.SMSS.ZS,2018,49.5806533887087,observation::IND::SH.STA.SMSS.ZS::2018,Observation
IND,SH.STA.POIS.P5.FE,2018,0.079,observation::IND::SH.STA.POIS.P5.FE::2018,Observation
IND,SH.STA.OWGH.ME.MA.ZS,2018,2.6,observation::IND::SH.STA.OWGH.ME.MA.ZS::2018,Observation
IND,SH.STA.ODFC.RU.ZS,2018,30.9751085863118,observation::IND::SH.STA.ODFC.RU.ZS::2018,Observation
IND,SH.STA.HYGN.RU.ZS,2018,63.0555812265029,observation::IND::SH.STA.HYGN.RU.ZS::2018,Observation
IND,SH.STA.BASS.RU.ZS,2018,60.6075310170212,observation::IND::SH.STA.BASS.RU.ZS::2018,Observation
IND,SH.SGR.CRSK.ZS,2018,25.0,observation::IND::SH.SGR.CRSK.ZS::2018,Observation
IND,SH.PRG.ANEM,2018,47.5,observation::IND::SH.PRG.ANEM::2018,Observation
IND,SH.MED.PHYS.ZS,2018,0.84,observation::IND::SH.MED.PHYS.ZS::2018,Observation
IND,SH.IMM.MEAS,2018,93.0,observation::IND::SH.IMM.MEAS::2018,Observation
IND,SH.H2O.SMDW.UR.ZS,2018,78.9912187376263,observation::IND::SH.H2O.SMDW.UR.ZS::2018,Observation
IND,SH.H2O.BASW.RU.ZS,2018,89.7496780977159,observation::IND::SH.H2O.BASW.RU.ZS::2018,Observation
IND,SH.DYN.NCOM.MA.ZS,2018,26.5,observation::IND::SH.DYN.NCOM.MA.ZS::2018,Observation
IND,SH.DYN.MORT,2018,36.9,observation::IND::SH.DYN.MORT::2018,Observation
IND,SH.DYN.1519,2018,4.2,observation::IND::SH.DYN.1519::2018,Observation
IND,SH.DTH.NMRT,2018,565729.0,observation::IND::SH.DTH.NMRT::2018,Observation
IND,SH.DTH.IMRT,2018,763495.0,observation::IND::SH.DTH.IMRT::2018,Observation
IND,SH.DTH.1014,2018,71688.0,observation::IND::SH.DTH.1014::2018,Observation
IND,SH.ANM.NPRG.ZS,2018,51.9,observation::IND::SH.ANM.NPRG.ZS::2018,Observation
IND,SH.ALC.PCAP.LI,2018,4.92,observation::IND::SH.ALC.PCAP.LI::2018,Observation
IND,SE.TER.ENRR.FE,2018,29.1416522206199,observation::IND::SE.TER.ENRR.FE::2018,Observation
IND,SE.TER.CUAT.MS.FE.ZS,2018,1.95743000507355,observation::IND::SE.TER.CUAT.MS.FE.ZS::2018,Observation
IND,SE.TER.CUAT.BA.ZS,2018,10.782509803772,observation::IND::SE.TER.CUAT.BA.ZS::2018,Observation
IND,DC.DAC.CANL.CD,2018,4386373.99673462,observation::IND::DC.DAC.CANL.CD::2018,Observation
IND,CM.MKT.TRNR,2018,30.422133,observation::IND::CM.MKT.TRNR::2018,Observation
IND,CM.MKT.LCAP.GD.ZS,2018,153.160482470967,observation::IND::CM.MKT.LCAP.GD.ZS::2018,Observation
IND,BX.TRF.PWKR.CD.DT,2018,78790170928.6742,observation::IND::BX.TRF.PWKR.CD.DT::2018,Observation
IND,BX.KLT.DINV.WD.GD.ZS,2018,1.55821483801456,observation::IND::BX.KLT.DINV.WD.GD.ZS::2018,Observation
IND,BX.GSR.TOTL.CD,2018,558423279580.479,observation::IND::BX.GSR.TOTL.CD::2018,Observation
IND,BX.GSR.INSF.ZS,2018,3.90949878823958,observation::IND::BX.GSR.INSF.ZS::2018,Observation
IND,BX.GSR.CCIS.ZS,2018,41.3042841946734,observation::IND::BX.GSR.CCIS.ZS::2018,Observation
IND,BN.TRF.KOGT.CD,2018,-123100671.224462,observation::IND::BN.TRF.KOGT.CD::2018,Observation
IND,BN.KLT.DINV.CD,2018,-30699661201.0258,observation::IND::BN.KLT.DINV.CD::2018,Observation
IND,BN.GSR.FCTY.CD,2018,-29756615341.2688,observation::IND::BN.GSR.FCTY.CD::2018,Observation
IND,BM.TRF.PWKR.CD.DT,2018,6781570846.83789,observation::IND::BM.TRF.PWKR.CD.DT::2018,Observation
IND,BM.GSR.TRVL.ZS,2018,17.1674987721025,observation::IND::BM.GSR.TRVL.ZS::2018,Observation
IND,BM.GSR.NFSV.CD,2018,124181614506.58,observation::IND::BM.GSR.NFSV.CD::2018,Observation
IND,BM.GSR.FCTY.CD,2018,51137462774.5212,observation::IND::BM.GSR.FCTY.CD::2018,Observation
IND,AG.SRF.TOTL.K2,2018,3287260.0,observation::IND::AG.SRF.TOTL.K2::2018,Observation
IND,AG.PRD.CREL.MT,2018,320692531.88,observation::IND::AG.PRD.CREL.MT::2018,Observation
IND,AG.LND.PRCP.MM,2018,1083.0,observation::IND::AG.LND.PRCP.MM::2018,Observation
IND,AG.LND.ARBL.HA.PC,2018,0.113102953358914,observation::IND::AG.LND.ARBL.HA.PC::2018,Observation
IND,AG.CON.FERT.ZS,2018,176.071212647449,observation::IND::AG.CON.FERT.ZS::2018,Observation
IND,SH.TBS.DTEC.ZS,2018,67.0,observation::IND::SH.TBS.DTEC.ZS::2018,Observation
IND,SH.STA.SUIC.FE.P5,2018,11.8,observation::IND::SH.STA.SUIC.FE.P5::2018,Observation
IND,SH.STA.STNT.ME.FE.ZS,2018,34.5,observation::IND::SH.STA.STNT.ME.FE.ZS::2018,Observation
IND,SH.STA.SMSS.UR.ZS,2018,48.2138677059993,observation::IND::SH.STA.SMSS.UR.ZS::2018,Observation
IND,SH.STA.POIS.P5,2018,0.15,observation::IND::SH.STA.POIS.P5::2018,Observation
IND,SH.STA.OWGH.ME.FE.ZS,2018,2.2,observation::IND::SH.STA.OWGH.ME.FE.ZS::2018,Observation
IND,SH.STA.BFED.ZS,2018,58.0,observation::IND::SH.STA.BFED.ZS::2018,Observation
IND,SH.MMR.RISK.ZS,2018,0.231104360820657,observation::IND::SH.MMR.RISK.ZS::2018,Observation
IND,SH.MED.NUMW.P3,2018,1.7,observation::IND::SH.MED.NUMW.P3::2018,Observation
IND,SH.IMM.IDPT,2018,90.0,observation::IND::SH.IMM.IDPT::2018,Observation
IND,SH.H2O.SMDW.RU.ZS,2018,59.6731764302351,observation::IND::SH.H2O.SMDW.RU.ZS::2018,Observation
IND,SH.DYN.NCOM.FE.ZS,2018,20.7,observation::IND::SH.DYN.NCOM.FE.ZS::2018,Observation
IND,SH.DYN.1014,2018,2.8,observation::IND::SH.DYN.1014::2018,Observation
IND,SH.DTH.0509,2018,70719.0,observation::IND::SH.DTH.0509::2018,Observation
IND,SH.ANM.CHLD.ZS,2018,53.9,observation::IND::SH.ANM.CHLD.ZS::2018,Observation
IND,SH.ALC.PCAP.FE.LI,2018,1.56,observation::IND::SH.ALC.PCAP.FE.LI::2018,Observation
IND,SE.TER.ENRR,2018,28.5316865291946,observation::IND::SE.TER.ENRR::2018,Observation
IND,SE.TER.CUAT.BA.MA.ZS,2018,13.7286596298218,observation::IND::SE.TER.CUAT.BA.MA.ZS::2018,Observation
IND,BX.KLT.DINV.CD.WD,2018,42117450737.2644,observation::IND::BX.KLT.DINV.CD.WD::2018,Observation
IND,BX.GSR.ROYL.CD,2018,784900902.149806,observation::IND::BX.GSR.ROYL.CD::2018,Observation
IND,BX.GSR.GNFS.CD,2018,537042432147.227,observation::IND::BX.GSR.GNFS.CD::2018,Observation
IND,BX.GSR.CCIS.CD,2018,84655434762.6557,observation::IND::BX.GSR.CCIS.CD::2018,Observation
IND,BN.TRF.CURR.CD,2018,70074861229.2123,observation::IND::BN.TRF.CURR.CD::2018,Observation
IND,BN.KAC.EOMS.CD,2018,1224818384.07127,observation::IND::BN.KAC.EOMS.CD::2018,Observation
IND,BN.FIN.TOTL.CD,2018,-64497721339.8207,observation::IND::BN.FIN.TOTL.CD::2018,Observation
IND,BM.TRF.PRVT.CD,2018,5876083841.46226,observation::IND::BM.TRF.PRVT.CD::2018,Observation
IND,BM.GSR.TRAN.ZS,2018,16.1337181205347,observation::IND::BM.GSR.TRAN.ZS::2018,Observation
IND,BM.GSR.MRCH.CD,2018,518778502581.258,observation::IND::BM.GSR.MRCH.CD::2018,Observation
IND,BM.GSR.CMCP.ZS,2018,48.4381452162839,observation::IND::BM.GSR.CMCP.ZS::2018,Observation
IND,AG.PRD.LVSK.XD,2018,117.75,observation::IND::AG.PRD.LVSK.XD::2018,Observation
IND,AG.LND.IRIG.AG.ZS,2018,38.7893878827129,observation::IND::AG.LND.IRIG.AG.ZS::2018,Observation
IND,AG.LND.CROP.ZS,2018,4.47330981202009,observation::IND::AG.LND.CROP.ZS::2018,Observation
IND,AG.LND.ARBL.HA,2018,155478000.0,observation::IND::AG.LND.ARBL.HA::2018,Observation
IND,AG.CON.FERT.PT.ZS,2018,152.701187574258,observation::IND::AG.CON.FERT.PT.ZS::2018,Observation
IND,SH.XPD.EHEX.CH.ZS,2018,0.46161893,observation::IND::SH.XPD.EHEX.CH.ZS::2018,Observation
IND,SH.VAC.TTNS.ZS,2018,90.0,observation::IND::SH.VAC.TTNS.ZS::2018,Observation
IND,SH.STA.SUIC.P5,2018,14.31,observation::IND::SH.STA.SUIC.P5::2018,Observation
IND,SH.STA.STNT.ME.ZS,2018,35.6,observation::IND::SH.STA.STNT.ME.ZS::2018,Observation
IND,SH.STA.POIS.P5.MA,2018,0.21,observation::IND::SH.STA.POIS.P5.MA::2018,Observation
IND,SH.STA.OWGH.ME.ZS,2018,2.4,observation::IND::SH.STA.OWGH.ME.ZS::2018,Observation
IND,SH.STA.ODFC.UR.ZS,2018,5.78154036991373,observation::IND::SH.STA.ODFC.UR.ZS::2018,Observation
IND,SH.STA.HYGN.UR.ZS,2018,84.5498862756085,observation::IND::SH.STA.HYGN.UR.ZS::2018,Observation
IND,SH.STA.BRTW.ZS,2018,27.8332971,observation::IND::SH.STA.BRTW.ZS::2018,Observation
IND,SH.STA.BASS.UR.ZS,2018,76.7913240518409,observation::IND::SH.STA.BASS.UR.ZS::2018,Observation
IND,SH.SGR.IRSK.ZS,2018,48.4,observation::IND::SH.SGR.IRSK.ZS::2018,Observation
IND,SH.MMR.DTHS,2018,26000.0,observation::IND::SH.MMR.DTHS::2018,Observation
IND,SH.MED.BEDS.ZS,2018,1.64,observation::IND::SH.MED.BEDS.ZS::2018,Observation
IND,SH.H2O.SMDW.ZS,2018,66.2471046550041,observation::IND::SH.H2O.SMDW.ZS::2018,Observation
IND,SH.H2O.BASW.UR.ZS,2018,95.6649723044127,observation::IND::SH.H2O.BASW.UR.ZS::2018,Observation
IND,SH.DYN.NCOM.ZS,2018,23.6,observation::IND::SH.DYN.NCOM.ZS::2018,Observation
IND,SH.DYN.MORT.FE,2018,37.7,observation::IND::SH.DYN.MORT.FE::2018,Observation
IND,SH.DYN.2024,2018,5.9,observation::IND::SH.DYN.2024::2018,Observation
IND,SH.DTH.1519,2018,109028.0,observation::IND::SH.DTH.1519::2018,Observation
IND,SH.ALC.PCAP.MA.LI,2018,8.1,observation::IND::SH.ALC.PCAP.MA.LI::2018,Observation
IND,SG.GEN.PARL.ZS,2018,11.8081180811808,observation::IND::SG.GEN.PARL.ZS::2018,Observation
IND,SE.XPD.TOTL.GB.ZS,2018,16.6353797912598,observation::IND::SE.XPD.TOTL.GB.ZS::2018,Observation
IND,SE.TER.ENRR.MA,2018,27.9747022037005,observation::IND::SE.TER.ENRR.MA::2018,Observation
IND,DC.DAC.FRAL.CD,2018,302666809.082031,observation::IND::DC.DAC.FRAL.CD::2018,Observation
IND,DC.DAC.DNKL.CD,2018,803321.003913879,observation::IND::DC.DAC.DNKL.CD::2018,Observation
IND,DC.DAC.CECL.CD,2018,397213073.730469,observation::IND::DC.DAC.CECL.CD::2018,Observation
IND,DC.DAC.AUSL.CD,2018,6596218.10913086,observation::IND::DC.DAC.AUSL.CD::2018,Observation
IND,CM.MKT.LDOM.NO,2018,6988.0,observation::IND::CM.MKT.LDOM.NO::2018,Observation
IND,BX.TRF.PWKR.DT.GD.ZS,2018,2.91499156006937,observation::IND::BX.TRF.PWKR.DT.GD.ZS::2018,Observation
IND,BX.PEF.TOTL.CD.WD,2018,-4361005877.37179,observation::IND::BX.PEF.TOTL.CD.WD::2018,Observation
IND,BX.GSR.TRAN.ZS,2018,9.2698207397719,observation::IND::BX.GSR.TRAN.ZS::2018,Observation
IND,BX.GSR.MRCH.CD,2018,332086853293.32,observation::IND::BX.GSR.MRCH.CD::2018,Observation
IND,BX.GSR.CMCP.ZS,2018,50.5607526168408,observation::IND::BX.GSR.CMCP.ZS::2018,Observation
IND,BX.GRT.EXTA.CD.WD,2018,697425961.0,observation::IND::BX.GRT.EXTA.CD.WD::2018,Observation
IND,BN.KLT.PTXL.CD,2018,9597939591.47163,observation::IND::BN.KLT.PTXL.CD::2018,Observation
IND,BN.GSR.GNFS.CD,2018,-105917684940.611,observation::IND::BN.GSR.GNFS.CD::2018,Observation
IND,BN.CAB.XOKA.CD,2018,-65599439052.6676,observation::IND::BN.CAB.XOKA.CD::2018,Observation
IND,BM.KLT.DINV.CD.WD,2018,11417789536.2385,observation::IND::BM.KLT.DINV.CD.WD::2018,Observation
IND,BM.GSR.ROYL.CD,2018,7905957776.50493,observation::IND::BM.GSR.ROYL.CD::2018,Observation
IND,BM.GSR.GNFS.CD,2018,642960117087.838,observation::IND::BM.GSR.GNFS.CD::2018,Observation
IND,AG.YLD.CREL.KG,2018,3301.1,observation::IND::AG.YLD.CREL.KG::2018,Observation
IND,AG.PRD.CROP.XD,2018,110.84,observation::IND::AG.PRD.CROP.XD::2018,Observation
IND,AG.LND.TOTL.K2,2018,2973190.0,observation::IND::AG.LND.TOTL.K2::2018,Observation
IND,AG.LND.FRST.K2,2018,716270.0,observation::IND::AG.LND.FRST.K2::2018,Observation
IND,AG.LND.ARBL.ZS,2018,52.2933280415984,observation::IND::AG.LND.ARBL.ZS::2018,Observation
IND,AG.LND.AGRI.K2,2018,1791160.0,observation::IND::AG.LND.AGRI.K2::2018,Observation
IND,SH.STA.SMSS.RU.ZS,2018,50.2856986360429,observation::IND::SH.STA.SMSS.RU.ZS::2018,Observation
IND,SH.STA.ODFC.ZS,2018,22.4017367809533,observation::IND::SH.STA.ODFC.ZS::2018,Observation
IND,SH.STA.MMRT,2018,107.0,observation::IND::SH.STA.MMRT::2018,Observation
IND,SH.STA.HYGN.ZS,2018,70.3700915647089,observation::IND::SH.STA.HYGN.ZS::2018,Observation
IND,SH.STA.BASS.ZS,2018,66.1148742165368,observation::IND::SH.STA.BASS.ZS::2018,Observation
IND,SH.MMR.RISK,2018,433.0,observation::IND::SH.MMR.RISK::2018,Observation
IND,SH.MLR.INCD.P3,2018,3.43,observation::IND::SH.MLR.INCD.P3::2018,Observation
IND,SH.IMM.HEPB,2018,90.0,observation::IND::SH.IMM.HEPB::2018,Observation
IND,SH.H2O.BASW.ZS,2018,91.7626505318817,observation::IND::SH.H2O.BASW.ZS::2018,Observation
IND,SH.DYN.NMRT,2018,23.0,observation::IND::SH.DYN.NMRT::2018,Observation
IND,SH.DYN.MORT.MA,2018,36.1,observation::IND::SH.DYN.MORT.MA::2018,Observation
IND,SH.DYN.AIDS.FE.ZS,2018,44.184509610865,observation::IND::SH.DYN.AIDS.FE.ZS::2018,Observation
IND,SH.DYN.0509,2018,2.8,observation::IND::SH.DYN.0509::2018,Observation
IND,SH.DTH.MORT,2018,903511.0,observation::IND::SH.DTH.MORT::2018,Observation
IND,SH.DTH.2024,2018,148438.0,observation::IND::SH.DTH.2024::2018,Observation
IND,SH.ANM.ALLW.ZS,2018,51.7,observation::IND::SH.ANM.ALLW.ZS::2018,Observation
IND,SE.XPD.TOTL.GD.ZS,2018,4.36374998092651,observation::IND::SE.XPD.TOTL.GD.ZS::2018,Observation
IND,SE.TER.TCHR.FE.ZS,2018,41.5650391868265,observation::IND::SE.TER.TCHR.FE.ZS::2018,Observation
IND,SE.TER.ENRL.TC.ZS,2018,24.72586,observation::IND::SE.TER.ENRL.TC.ZS::2018,Observation
IND,SE.TER.CUAT.MS.ZS,2018,2.38909006118774,observation::IND::SE.TER.CUAT.MS.ZS::2018,Observation
IND,SE.TER.CUAT.BA.FE.ZS,2018,7.78669023513794,observation::IND::SE.TER.CUAT.BA.FE.ZS::2018,Observation
IND,DC.DAC.AUTL.CD,2018,5136315.82260132,observation::IND::DC.DAC.AUTL.CD::2018,Observation
IND,CM.MKT.TRAD.CD,2018,1259421560000.0,observation::IND::CM.MKT.TRAD.CD::2018,Observation
IND,CM.MKT.INDX.ZG,2018,-11.3673922389622,observation::IND::CM.MKT.INDX.ZG::2018,Observation
IND,BX.TRF.CURR.CD,2018,76763040730.99,observation::IND::BX.TRF.CURR.CD::2018,Observation
IND,BX.GSR.TRVL.ZS,2018,13.9388381206996,observation::IND::BX.GSR.TRVL.ZS::2018,Observation
IND,BX.GSR.NFSV.CD,2018,204955578853.907,observation::IND::BX.GSR.NFSV.CD::2018,Observation
IND,BX.GSR.FCTY.CD,2018,21380847433.2524,observation::IND::BX.GSR.FCTY.CD::2018,Observation
IND,BX.GRT.TECH.CD.WD,2018,409607301.0,observation::IND::BX.GRT.TECH.CD.WD::2018,Observation
IND,BN.RES.INCL.CD,2018,-3778497770.69473,observation::IND::BN.RES.INCL.CD::2018,Observation
IND,BN.GSR.MRCH.CD,2018,-186691649287.938,observation::IND::BN.GSR.MRCH.CD::2018,Observation
IND,BN.CAB.XOKA.GD.ZS,2018,-2.42697545810527,observation::IND::BN.CAB.XOKA.GD.ZS::2018,Observation
IND,BM.KLT.DINV.WD.GD.ZS,2018,0.422422743097147,observation::IND::BM.KLT.DINV.WD.GD.ZS::2018,Observation
IND,BM.GSR.TOTL.CD,2018,694097579862.359,observation::IND::BM.GSR.TOTL.CD::2018,Observation
IND,BM.GSR.INSF.ZS,2018,4.50727758648185,observation::IND::BM.GSR.INSF.ZS::2018,Observation
IND,BG.GSR.NFSV.GD.ZS,2018,12.1770536786788,observation::IND::BG.GSR.NFSV.GD.ZS::2018,Observation
IND,AG.PRD.FOOD.XD,2018,114.2,observation::IND::AG.PRD.FOOD.XD::2018,Observation
IND,AG.LND.FRST.ZS,2018,24.0909595417716,observation::IND::AG.LND.FRST.ZS::2018,Observation
IND,AG.LND.CREL.HA,2018,97146491.0,observation::IND::AG.LND.CREL.HA::2018,Observation
IND,AG.LND.AGRI.ZS,2018,60.2437112999842,observation::IND::AG.LND.AGRI.ZS::2018,Observation
IND,SE.SEC.ENRL.LO.TC.ZS,2018,24.92784,observation::IND::SE.SEC.ENRL.LO.TC.ZS::2018,Observation
IND,SE.SEC.ENRL,2018,131759760.0,observation::IND::SE.SEC.ENRL::2018,Observation
IND,SE.SEC.CUAT.UP.FE.ZS,2018,24.9580097198486,observation::IND::SE.SEC.CUAT.UP.FE.ZS::2018,Observation
IND,SE.SEC.CUAT.LO.ZS,2018,46.1414794921875,observation::IND::SE.SEC.CUAT.LO.ZS::2018,Observation
IND,SE.PRM.UNER.MA.ZS,2018,7.04922894208757,observation::IND::SE.PRM.UNER.MA.ZS::2018,Observation
IND,SE.PRM.UNER,2018,7721150.0,observation::IND::SE.PRM.UNER::2018,Observation
IND,SE.PRM.GINT.ZS,2018,101.34015,observation::IND::SE.PRM.GINT.ZS::2018,Observation
IND,SE.PRM.ENRR.FE,2018,101.596803531295,observation::IND::SE.PRM.ENRR.FE::2018,Observation
IND,SE.PRM.ENRL,2018,122378527.0,observation::IND::SE.PRM.ENRL::2018,Observation
IND,SE.PRM.CUAT.FE.ZS,2018,49.3155403137207,observation::IND::SE.PRM.CUAT.FE.ZS::2018,Observation
IND,SE.PRM.AGES,2018,6.0,observation::IND::SE.PRM.AGES::2018,Observation
IND,SE.PRE.ENRR.MA,2018,59.1125831604004,observation::IND::SE.PRE.ENRR.MA::2018,Observation
IND,SE.PRE.DURS,2018,3.0,observation::IND::SE.PRE.DURS::2018,Observation
IND,SE.ENR.PRSC.FM.ZS,2018,1.01533448696136,observation::IND::SE.ENR.PRSC.FM.ZS::2018,Observation
IND,SE.ADT.LITR.MA.ZS,2018,81.9915266673935,observation::IND::SE.ADT.LITR.MA.ZS::2018,Observation
IND,SE.ADT.1524.LT.FM.ZS,2018,0.962729381380768,observation::IND::SE.ADT.1524.LT.FM.ZS::2018,Observation
IND,PA.NUS.PPP,2018,20.4745960235596,observation::IND::PA.NUS.PPP::2018,Observation
IND,NY.TTF.GNFS.KN,2018,-945037547576.98,observation::IND::NY.TTF.GNFS.KN::2018,Observation
IND,NY.TAX.NIND.KN,2018,12591161669000.0,observation::IND::NY.TAX.NIND.KN::2018,Observation
IND,NY.GSR.NFCY.CN,2018,-2023244672000.0,observation::IND::NY.GSR.NFCY.CN::2018,Observation
IND,NY.GNS.ICTR.CN,2018,59364788884993.8,observation::IND::NY.GNS.ICTR.CN::2018,Observation
IND,NY.GNP.PCAP.KN,2018,100682.955569556,observation::IND::NY.GNP.PCAP.KN::2018,Observation
IND,SE.SEC.PRIV.ZS,2018,51.1315612792969,observation::IND::SE.SEC.PRIV.ZS::2018,Observation
IND,SE.SEC.ENRR.MA,2018,76.4107971191406,observation::IND::SE.SEC.ENRR.MA::2018,Observation
IND,SE.SEC.DURS,2018,7.0,observation::IND::SE.SEC.DURS::2018,Observation
IND,SE.SEC.CUAT.PO.ZS,2018,11.0651903152466,observation::IND::SE.SEC.CUAT.PO.ZS::2018,Observation
IND,SE.SEC.CUAT.LO.MA.ZS,2018,55.698429107666,observation::IND::SE.SEC.CUAT.LO.MA.ZS::2018,Observation
IND,SE.PRM.UNER.MA,2018,4453745.0,observation::IND::SE.PRM.UNER.MA::2018,Observation
IND,SE.PRM.REPT.ZS,2018,0.59637,observation::IND::SE.PRM.REPT.ZS::2018,Observation
IND,SE.PRM.GINT.MA.ZS,2018,101.22126,observation::IND::SE.PRM.GINT.MA.ZS::2018,Observation
IND,SE.PRM.ENRR,2018,101.097955349788,observation::IND::SE.PRM.ENRR::2018,Observation
IND,SE.PRM.DURS,2018,5.0,observation::IND::SE.PRM.DURS::2018,Observation
IND,SE.PRE.ENRR.FE,2018,62.3445854187012,observation::IND::SE.PRE.ENRR.FE::2018,Observation
IND,SE.ENR.PRIM.FM.ZS,2018,1.02145993709564,observation::IND::SE.ENR.PRIM.FM.ZS::2018,Observation
IND,SE.ADT.LITR.FE.ZS,2018,65.2235287519263,observation::IND::SE.ADT.LITR.FE.ZS::2018,Observation
IND,SE.ADT.1524.LT.FE.ZS,2018,92.7181813513948,observation::IND::SE.ADT.1524.LT.FE.ZS::2018,Observation
IND,PA.NUS.GDP.PLI,2018,29.2816737262415,observation::IND::PA.NUS.GDP.PLI::2018,Observation
IND,NY.TAX.NIND.CN,2018,17245401438000.0,observation::IND::NY.TAX.NIND.CN::2018,Observation
IND,NY.GSR.NFCY.CD,2018,-28935364724.9938,observation::IND::NY.GSR.NFCY.CD::2018,Observation
IND,SE.TER.CUAT.MS.MA.ZS,2018,2.81360006332398,observation::IND::SE.TER.CUAT.MS.MA.ZS::2018,Observation
IND,SE.SEC.ENRR,2018,76.0025787353516,observation::IND::SE.SEC.ENRR::2018,Observation
IND,SE.SEC.ENRL.TC.ZS,2018,28.52287,observation::IND::SE.SEC.ENRL.TC.ZS::2018,Observation
IND,SE.SEC.ENRL.FE.ZS,2018,48.05586,observation::IND::SE.SEC.ENRL.FE.ZS::2018,Observation
IND,SE.SEC.CUAT.UP.MA.ZS,2018,39.6062507629395,observation::IND::SE.SEC.CUAT.UP.MA.ZS::2018,Observation
IND,SE.SEC.CUAT.PO.FE.ZS,2018,7.94149017333984,observation::IND::SE.SEC.CUAT.PO.FE.ZS::2018,Observation
IND,SE.PRM.UNER.ZS,2018,6.37850852665528,observation::IND::SE.PRM.UNER.ZS::2018,Observation
IND,SE.PRM.UNER.FE,2018,3267405.0,observation::IND::SE.PRM.UNER.FE::2018,Observation
IND,SE.PRM.REPT.FE.ZS,2018,0.58136,observation::IND::SE.PRM.REPT.FE.ZS::2018,Observation
IND,SE.PRM.ENRR.MA,2018,100.641046480757,observation::IND::SE.PRM.ENRR.MA::2018,Observation
IND,SE.PRM.CUAT.MA.ZS,2018,69.6419677734375,observation::IND::SE.PRM.CUAT.MA.ZS::2018,Observation
IND,SE.ENR.SECO.FM.ZS,2018,1.00771474838257,observation::IND::SE.ENR.SECO.FM.ZS::2018,Observation
IND,SE.ADT.LITR.ZS,2018,73.6883524760717,observation::IND::SE.ADT.LITR.ZS::2018,Observation
IND,SE.ADT.1524.LT.MA.ZS,2018,96.3076261559778,observation::IND::SE.ADT.1524.LT.MA.ZS::2018,Observation
IND,PA.NUS.PRVT.PLI,2018,28.3471498737993,observation::IND::PA.NUS.PRVT.PLI::2018,Observation
IND,PA.NUS.ATLS,2018,69.922902,observation::IND::PA.NUS.ATLS::2018,Observation
IND,NY.TRF.NCTR.CD,2018,70611988858.8148,observation::IND::NY.TRF.NCTR.CD::2018,Observation
IND,SE.SEC.ENRR.FE,2018,75.5565032958984,observation::IND::SE.SEC.ENRR.FE::2018,Observation
IND,SE.SEC.ENRL.UP.TC.ZS,2018,33.14411,observation::IND::SE.SEC.ENRL.UP.TC.ZS::2018,Observation
IND,SE.SEC.CUAT.UP.ZS,2018,32.3433494567871,observation::IND::SE.SEC.CUAT.UP.ZS::2018,Observation
IND,SE.SEC.CUAT.PO.MA.ZS,2018,14.1371002197266,observation::IND::SE.SEC.CUAT.PO.MA.ZS::2018,Observation
IND,SE.SEC.CUAT.LO.FE.ZS,2018,36.4234390258789,observation::IND::SE.SEC.CUAT.LO.FE.ZS::2018,Observation
IND,SE.SEC.AGES,2018,11.0,observation::IND::SE.SEC.AGES::2018,Observation
IND,SE.PRM.UNER.FE.ZS,2018,5.64622320190859,observation::IND::SE.PRM.UNER.FE.ZS::2018,Observation
IND,SE.PRM.REPT.MA.ZS,2018,0.61025,observation::IND::SE.PRM.REPT.MA.ZS::2018,Observation
IND,SE.PRM.PRIV.ZS,2018,43.3287887573242,observation::IND::SE.PRM.PRIV.ZS::2018,Observation
IND,SE.PRM.GINT.FE.ZS,2018,101.47116,observation::IND::SE.PRM.GINT.FE.ZS::2018,Observation
IND,SE.PRM.CUAT.ZS,2018,59.5637016296387,observation::IND::SE.PRM.CUAT.ZS::2018,Observation
IND,SE.PRE.ENRR,2018,60.650562286377,observation::IND::SE.PRE.ENRR::2018,Observation
IND,SE.ENR.TERT.FM.ZS,2018,1.04004405817779,observation::IND::SE.ENR.TERT.FM.ZS::2018,Observation
IND,SE.COM.DURS,2018,8.0,observation::IND::SE.COM.DURS::2018,Observation
IND,SE.ADT.1524.LT.ZS,2018,94.6062793409244,observation::IND::SE.ADT.1524.LT.ZS::2018,Observation
IND,PA.NUS.PRVT.PP,2018,19.8211498260498,observation::IND::PA.NUS.PRVT.PP::2018,Observation
IND,PA.NUS.FCRF,2018,68.3894670935422,observation::IND::PA.NUS.FCRF::2018,Observation
IND,NY.TRF.NCTR.CN,2018,4937395177000.0,observation::IND::NY.TRF.NCTR.CN::2018,Observation
IND,NY.TAX.NIND.CD,2018,246634520947.085,observation::IND::NY.TAX.NIND.CD::2018,Observation
IND,NY.GNS.ICTR.ZS,2018,31.4104922311412,observation::IND::NY.GNS.ICTR.ZS::2018,Observation
IND,NY.GNP.PCAP.CD,2018,1970.0,observation::IND::NY.GNP.PCAP.CD::2018,Observation
IND,NY.GNP.MKTP.KD.ZG,2018,5.2975532382258,observation::IND::NY.GNP.MKTP.KD.ZG::2018,Observation
IND,NY.GNP.MKTP.CD,2018,2673994276922.32,observation::IND::NY.GNP.MKTP.CD::2018,Observation
IND,NY.GDS.TOTL.CN,2018,56488195902700.0,observation::IND::NY.GDS.TOTL.CN::2018,Observation
IND,NY.GDP.PCAP.PP.KD,2018,7714.33974724531,observation::IND::NY.GDP.PCAP.PP.KD::2018,Observation
IND,NY.GDP.PCAP.KD,2018,1883.35772705062,observation::IND::NY.GDP.PCAP.KD::2018,Observation
IND,NY.GDP.MKTP.PP.KD,2018,10604587056326.2,observation::IND::NY.GDP.MKTP.PP.KD::2018,Observation
IND,NY.GDP.MKTP.KD,2018,2588974770244.57,observation::IND::NY.GDP.MKTP.KD::2018,Observation
IND,NY.GDP.MINR.RT.ZS,2018,0.432284884211342,observation::IND::NY.GDP.MINR.RT.ZS::2018,Observation
IND,NY.GDP.FCST.CN,2018,171751283008200.0,observation::IND::NY.GDP.FCST.CN::2018,Observation
IND,NY.GDP.DEFL.ZS.AD,2018,135.065995050452,observation::IND::NY.GDP.DEFL.ZS.AD::2018,Observation
IND,NY.GDP.COAL.RT.ZS,2018,1.16154280861105,observation::IND::NY.GDP.COAL.RT.ZS::2018,Observation
IND,NY.ADJ.SVNG.GN.ZS,2018,18.4845576828816,observation::IND::NY.ADJ.SVNG.GN.ZS::2018,Observation
IND,NY.ADJ.NNTY.PC.CD,2018,1719.18186680299,observation::IND::NY.ADJ.NNTY.PC.CD::2018,Observation
IND,NY.ADJ.NNAT.GN.ZS,2018,21.1535872824902,observation::IND::NY.ADJ.NNAT.GN.ZS::2018,Observation
IND,NY.ADJ.DPEM.GN.ZS,2018,1.13379327331275,observation::IND::NY.ADJ.DPEM.GN.ZS::2018,Observation
IND,NY.ADJ.DMIN.GN.ZS,2018,0.286958595378191,observation::IND::NY.ADJ.DMIN.GN.ZS::2018,Observation
IND,NY.ADJ.DFOR.GN.ZS,2018,0.150445691462497,observation::IND::NY.ADJ.DFOR.GN.ZS::2018,Observation
IND,NY.ADJ.AEDU.GN.ZS,2018,3.08,observation::IND::NY.ADJ.AEDU.GN.ZS::2018,Observation
IND,NV.SRV.TOTL.KD.ZG,2018,7.17191387865334,observation::IND::NV.SRV.TOTL.KD.ZG::2018,Observation
IND,NV.SRV.EMPL.KD,2018,7697.64735807578,observation::IND::NV.SRV.EMPL.KD::2018,Observation
IND,NV.MNF.MTRN.ZS.UN,2018,21.288815234024,observation::IND::NV.MNF.MTRN.ZS.UN::2018,Observation
IND,NV.IND.TOTL.KN,2018,39767429627300.0,observation::IND::NV.IND.TOTL.KN::2018,Observation
IND,NV.IND.TOTL.CD,2018,713900260981.731,observation::IND::NV.IND.TOTL.CD::2018,Observation
IND,NV.IND.MANF.KD,2018,401024629897.867,observation::IND::NV.IND.MANF.KD::2018,Observation
IND,NV.AGR.TOTL.KD.ZG,2018,2.09646600608416,observation::IND::NV.AGR.TOTL.KD.ZG::2018,Observation
IND,NV.AGR.EMPL.KD,2018,1978.09430633612,observation::IND::NV.AGR.EMPL.KD::2018,Observation
IND,NE.RSB.GNFS.CN,2018,-7108755226200.0,observation::IND::NE.RSB.GNFS.CN::2018,Observation
IND,NE.IMP.GNFS.KD.ZG,2018,8.82269675205076,observation::IND::NE.IMP.GNFS.KD.ZG::2018,Observation
IND,NE.GDI.TOTL.ZS,2018,32.3432182154485,observation::IND::NE.GDI.TOTL.ZS::2018,Observation
IND,NY.GNS.ICTR.CD,2018,849003505103.29,observation::IND::NY.GNS.ICTR.CD::2018,Observation
IND,NY.GNP.PCAP.KD.ZG,2018,5.313903050441,observation::IND::NY.GNP.PCAP.KD.ZG::2018,Observation
IND,NY.GNP.MKTP.PP.KD,2018,10501139440487.1,observation::IND::NY.GNP.MKTP.PP.KD::2018,Observation
IND,NY.GNP.MKTP.KD,2018,2561457463827.61,observation::IND::NY.GNP.MKTP.KD::2018,Observation
IND,NY.GNP.ATLS.CD,2018,2713329693634.35,observation::IND::NY.GNP.ATLS.CD::2018,Observation
IND,NY.GDS.TOTL.CD,2018,807864008600.501,observation::IND::NY.GDS.TOTL.CD::2018,Observation
IND,NY.GDP.PCAP.PP.CD,2018,6714.96639877754,observation::IND::NY.GDP.PCAP.PP.CD::2018,Observation
IND,NY.GDP.PCAP.CN,2018,137486.224326747,observation::IND::NY.GDP.PCAP.CN::2018,Observation
IND,NY.GDP.MKTP.PP.CD,2018,9230789424534.98,observation::IND::NY.GDP.MKTP.PP.CD::2018,Observation
IND,NY.GDP.MKTP.CN.AD,2018,188996684445900.0,observation::IND::NY.GDP.MKTP.CN.AD::2018,Observation
IND,NY.GDP.FRST.RT.ZS,2018,0.14883514234316,observation::IND::NY.GDP.FRST.RT.ZS::2018,Observation
IND,NY.GDP.FCST.CD,2018,2456295120705.95,observation::IND::NY.GDP.FCST.CD::2018,Observation
IND,NY.GDP.DEFL.ZS,2018,135.065995050452,observation::IND::NY.GDP.DEFL.ZS::2018,Observation
IND,NY.EXP.CAPM.KN,2018,28179767278623.0,observation::IND::NY.EXP.CAPM.KN::2018,Observation
IND,NY.ADJ.SVNG.CD,2018,494276028692.401,observation::IND::NY.ADJ.SVNG.CD::2018,Observation
IND,NY.ADJ.NNTY.KD.ZG,2018,5.9134198760822,observation::IND::NY.ADJ.NNTY.KD.ZG::2018,Observation
IND,NY.ADJ.NNAT.CD,2018,565645729476.682,observation::IND::NY.ADJ.NNAT.CD::2018,Observation
IND,NY.ADJ.DPEM.CD,2018,30317568107.6846,observation::IND::NY.ADJ.DPEM.CD::2018,Observation
IND,NY.ADJ.DMIN.CD,2018,7673256637.02716,observation::IND::NY.ADJ.DMIN.CD::2018,Observation
IND,NY.ADJ.DFOR.CD,2018,4022909294.65037,observation::IND::NY.ADJ.DFOR.CD::2018,Observation
IND,NY.ADJ.AEDU.CD,2018,82359026084.9171,observation::IND::NY.ADJ.AEDU.CD::2018,Observation
IND,NV.SRV.TOTL.KD,2018,1242547474038.95,observation::IND::NV.SRV.TOTL.KD::2018,Observation
IND,NV.MNF.TXTL.ZS.UN,2018,9.23592144433515,observation::IND::NV.MNF.TXTL.ZS.UN::2018,Observation
IND,NV.MNF.FBTO.ZS.UN,2018,10.7049499760967,observation::IND::NV.MNF.FBTO.ZS.UN::2018,Observation
IND,NV.IND.TOTL.KD.ZG,2018,5.31641149108326,observation::IND::NV.IND.TOTL.KD.ZG::2018,Observation
IND,NV.IND.MANF.ZS,2018,14.8815306673017,observation::IND::NV.IND.MANF.ZS::2018,Observation
IND,NV.IND.MANF.CN,2018,28125599556000.0,observation::IND::NV.IND.MANF.CN::2018,Observation
IND,NV.AGR.TOTL.KD,2018,395498830924.907,observation::IND::NV.AGR.TOTL.KD::2018,Observation
IND,NE.TRD.GNFS.ZS,2018,43.6169693323889,observation::IND::NE.TRD.GNFS.ZS::2018,Observation
IND,NE.RSB.GNFS.CD,2018,-101665620603.104,observation::IND::NE.RSB.GNFS.CD::2018,Observation
IND,NY.GNS.ICTR.GN.ZS,2018,31.7503860210376,observation::IND::NY.GNS.ICTR.GN.ZS::2018,Observation
IND,NY.GNP.PCAP.PP.CD,2018,6640.0,observation::IND::NY.GNP.PCAP.PP.CD::2018,Observation
IND,NY.GNP.PCAP.CN,2018,136014.408714363,observation::IND::NY.GNP.PCAP.CN::2018,Observation
IND,NY.GNP.MKTP.KN,2018,138404737464000.0,observation::IND::NY.GNP.MKTP.KN::2018,Observation
IND,NY.GNP.MKTP.CN,2018,186973439773800.0,observation::IND::NY.GNP.MKTP.CN::2018,Observation
IND,NY.GDS.TOTL.ZS,2018,29.8884586617548,observation::IND::NY.GDS.TOTL.ZS::2018,Observation
IND,NY.GDP.PETR.RT.ZS,2018,0.446629594682818,observation::IND::NY.GDP.PETR.RT.ZS::2018,Observation
IND,NY.GDP.PCAP.KD.ZG,2018,5.29211971914722,observation::IND::NY.GDP.PCAP.KD.ZG::2018,Observation
IND,NY.GDP.NGAS.RT.ZS,2018,0.0660238912587392,observation::IND::NY.GDP.NGAS.RT.ZS::2018,Observation
IND,NY.GDP.MKTP.KD.ZG,2018,6.45385134497769,observation::IND::NY.GDP.MKTP.KD.ZG::2018,Observation
IND,NY.GDP.MKTP.CD,2018,2702929641648.74,observation::IND::NY.GDP.MKTP.CD::2018,Observation
IND,NY.GDP.FCST.KD,2018,2331113577297.12,observation::IND::NY.GDP.FCST.KD::2018,Observation
IND,NY.GDP.DISC.CN,2018,2469341058600.0,observation::IND::NY.GDP.DISC.CN::2018,Observation
IND,NY.GDP.DEFL.KD.ZG,2018,3.88424027196663,observation::IND::NY.GDP.DEFL.KD.ZG::2018,Observation
IND,NY.ADJ.SVNX.CD,2018,524593596800.086,observation::IND::NY.ADJ.SVNX.CD::2018,Observation
IND,NY.ADJ.NNTY.PC.KD,2018,1656.62732276122,observation::IND::NY.ADJ.NNTY.PC.KD::2018,Observation
IND,NY.ADJ.NNTY.CD,2018,2363288935865.17,observation::IND::NY.ADJ.NNTY.CD::2018,Observation
IND,NY.ADJ.DRES.GN.ZS,2018,1.02272540703528,observation::IND::NY.ADJ.DRES.GN.ZS::2018,Observation
IND,NY.ADJ.DNGY.CD,2018,15651453703.2984,observation::IND::NY.ADJ.DNGY.CD::2018,Observation
IND,NY.ADJ.DKAP.CD,2018,283357797906.251,observation::IND::NY.ADJ.DKAP.CD::2018,Observation
IND,NY.ADJ.DCO2.CD,2018,96063539126.5367,observation::IND::NY.ADJ.DCO2.CD::2018,Observation
IND,NV.SRV.TOTL.KN,2018,68784564565600.0,observation::IND::NV.SRV.TOTL.KN::2018,Observation
IND,NV.SRV.TOTL.CD,2018,1309071161860.53,observation::IND::NV.SRV.TOTL.CD::2018,Observation
IND,NV.MNF.OTHR.ZS.UN,2018,39.4826916335169,observation::IND::NV.MNF.OTHR.ZS.UN::2018,Observation
IND,NV.IND.TOTL.ZS,2018,26.4120919013735,observation::IND::NV.IND.TOTL.ZS::2018,Observation
IND,NV.IND.TOTL.CN,2018,49917977986400.0,observation::IND::NV.IND.TOTL.CN::2018,Observation
IND,NV.IND.MANF.KD.ZG,2018,5.41155688325516,observation::IND::NV.IND.MANF.KD.ZG::2018,Observation
IND,NV.IND.EMPL.KD,2018,5625.39390236212,observation::IND::NV.IND.EMPL.KD::2018,Observation
IND,NV.AGR.TOTL.KN,2018,18785983500900.0,observation::IND::NV.AGR.TOTL.KN::2018,Observation
IND,NV.AGR.TOTL.CD,2018,433323697863.684,observation::IND::NV.AGR.TOTL.CD::2018,Observation
IND,NE.RSB.GNFS.KN,2018,-4373800884400.0,observation::IND::NE.RSB.GNFS.KN::2018,Observation
IND,NE.IMP.GNFS.KN,2018,33498605710600.0,observation::IND::NE.IMP.GNFS.KN::2018,Observation
IND,NY.GNP.PCAP.PP.KD,2018,7639.08645823112,observation::IND::NY.GNP.PCAP.PP.KD::2018,Observation
IND,NY.GNP.PCAP.KD,2018,1863.34017714491,observation::IND::NY.GNP.PCAP.KD::2018,Observation
IND,NY.GNP.MKTP.PP.CD,2018,9131972106245.93,observation::IND::NY.GNP.MKTP.PP.CD::2018,Observation
IND,NY.GNP.MKTP.CN.AD,2018,186973439773800.0,observation::IND::NY.GNP.MKTP.CN.AD::2018,Observation
IND,NY.GDY.TOTL.KN,2018,138984101815223.0,observation::IND::NY.GDY.TOTL.KN::2018,Observation
IND,NY.GDP.TOTL.RT.ZS,2018,2.25531632110711,observation::IND::NY.GDP.TOTL.RT.ZS::2018,Observation
IND,NY.GDP.PCAP.KN,2018,101791.886459201,observation::IND::NY.GDP.PCAP.KN::2018,Observation
IND,NY.GDP.PCAP.CD,2018,1966.25455171679,observation::IND::NY.GDP.PCAP.CD::2018,Observation
IND,NY.GDP.MKTP.KN,2018,139929139362800.0,observation::IND::NY.GDP.MKTP.KN::2018,Observation
IND,NY.GDP.MKTP.CN,2018,188996684445900.0,observation::IND::NY.GDP.MKTP.CN::2018,Observation
IND,NY.GDP.FCST.KN,2018,127337977693500.0,observation::IND::NY.GDP.FCST.KN::2018,Observation
IND,NY.GDP.DISC.KN,2018,1499204586000.0,observation::IND::NY.GDP.DISC.KN::2018,Observation
IND,NY.GDP.DEFL.KD.ZG.AD,2018,3.88424027196663,observation::IND::NY.GDP.DEFL.KD.ZG.AD::2018,Observation
IND,NY.ADJ.SVNX.GN.ZS,2018,19.6183509561943,observation::IND::NY.ADJ.SVNX.GN.ZS::2018,Observation
IND,NY.ADJ.NNTY.PC.KD.ZG,2018,4.75758598265952,observation::IND::NY.ADJ.NNTY.PC.KD.ZG::2018,Observation
IND,NY.ADJ.NNTY.KD,2018,2277297764903.76,observation::IND::NY.ADJ.NNTY.KD::2018,Observation
IND,NY.ADJ.ICTR.GN.ZS,2018,31.7503859460806,observation::IND::NY.ADJ.ICTR.GN.ZS::2018,Observation
IND,NY.ADJ.DNGY.GN.ZS,2018,0.585321120194591,observation::IND::NY.ADJ.DNGY.GN.ZS::2018,Observation
IND,NY.ADJ.DKAP.GN.ZS,2018,10.5967986635904,observation::IND::NY.ADJ.DKAP.GN.ZS::2018,Observation
IND,NY.ADJ.DCO2.GN.ZS,2018,3.5925109192606,observation::IND::NY.ADJ.DCO2.GN.ZS::2018,Observation
IND,NV.SRV.TOTL.ZS,2018,48.4315663156522,observation::IND::NV.SRV.TOTL.ZS::2018,Observation
IND,NV.SRV.TOTL.CN,2018,91534054561800.0,observation::IND::NV.SRV.TOTL.CN::2018,Observation
IND,NV.MNF.TECH.ZS.UN,2018,44.4484380908462,observation::IND::NV.MNF.TECH.ZS.UN::2018,Observation
IND,NV.MNF.CHEM.ZS.UN,2018,19.2876217120273,observation::IND::NV.MNF.CHEM.ZS.UN::2018,Observation
IND,NV.IND.TOTL.KD,2018,690881426229.937,observation::IND::NV.IND.TOTL.KD::2018,Observation
IND,NV.IND.MANF.KN,2018,23289922034000.0,observation::IND::NV.IND.MANF.KN::2018,Observation
IND,NV.IND.MANF.CD,2018,402237303537.545,observation::IND::NV.IND.MANF.CD::2018,Observation
IND,NV.AGR.TOTL.ZS,2018,16.031630686449,observation::IND::NV.AGR.TOTL.ZS::2018,Observation
IND,NE.GDI.TOTL.CN,2018,61127610070300.0,observation::IND::NE.GDI.TOTL.CN::2018,Observation
IND,NE.GDI.STKB.CD,2018,45512196104.2178,observation::IND::NE.GDI.STKB.CD::2018,Observation
IND,NE.GDI.FTOT.KD,2018,785871380742.197,observation::IND::NE.GDI.FTOT.KD::2018,Observation
IND,NE.GDI.FPRV.CN,2018,49020962990100.0,observation::IND::NE.GDI.FPRV.CN::2018,Observation
IND,NE.EXP.GNFS.KD,2018,512127641087.202,observation::IND::NE.EXP.GNFS.KD::2018,Observation
IND,NE.DAB.TOTL.KN,2018,142803735661200.0,observation::IND::NE.DAB.TOTL.KN::2018,Observation
IND,NE.DAB.DEFL.ZS,2018,135.595961630093,observation::IND::NE.DAB.DEFL.ZS::2018,Observation
IND,NE.CON.TOTL.KD,2018,1804923943364.57,observation::IND::NE.CON.TOTL.KD::2018,Observation
IND,NE.CON.PRVT.PP.KD,2018,6641252250459.15,observation::IND::NE.CON.PRVT.PP.KD::2018,Observation
IND,NE.CON.PRVT.KN,2018,78504438994800.0,observation::IND::NE.CON.PRVT.KN::2018,Observation
IND,NE.CON.PRVT.CN,2018,112052964379000.0,observation::IND::NE.CON.PRVT.CN::2018,Observation
IND,NE.CON.GOVT.ZS,2018,10.8232185258548,observation::IND::NE.CON.GOVT.ZS::2018,Observation
IND,NE.CON.GOVT.CN,2018,20455524164200.0,observation::IND::NE.CON.GOVT.CN::2018,Observation
IND,MS.MIL.XPND.GD.ZS,2018,2.42428452604417,observation::IND::MS.MIL.XPND.GD.ZS::2018,Observation
IND,MS.MIL.TOTL.P1,2018,3026500.0,observation::IND::MS.MIL.TOTL.P1::2018,Observation
IND,LP.LPI.OVRL.XQ,2018,3.18,observation::IND::LP.LPI.OVRL.XQ::2018,Observation
IND,LP.LPI.CUST.XQ,2018,2.96,observation::IND::LP.LPI.CUST.XQ::2018,Observation
IND,IT.NET.USER.MA.ZS,2018,25.0,observation::IND::IT.NET.USER.MA.ZS::2018,Observation
IND,IT.NET.BBND.P2,2018,1.3217822859385,observation::IND::IT.NET.BBND.P2::2018,Observation
IND,IT.CEL.SETS.P2,2018,85.5500756367908,observation::IND::IT.CEL.SETS.P2::2018,Observation
IND,IS.RRS.TOTL.KM,2018,69249.0,observation::IND::IS.RRS.TOTL.KM::2018,Observation
IND,IS.AIR.GOOD.MT.K1,2018,2703.96417383,observation::IND::IS.AIR.GOOD.MT.K1::2018,Observation
IND,IQ.SPI.PIL3,2018,60.21875,observation::IND::IQ.SPI.PIL3::2018,Observation
IND,NE.IMP.GNFS.KD,2018,620341399086.419,observation::IND::NE.IMP.GNFS.KD::2018,Observation
IND,NE.GDI.TOTL.KN,2018,49949844695300.0,observation::IND::NE.GDI.TOTL.KN::2018,Observation
IND,NE.GDI.TOTL.CD,2018,874214432208.492,observation::IND::NE.GDI.TOTL.CD::2018,Observation
IND,NE.GDI.FTOT.ZS,2018,29.4630681512508,observation::IND::NE.GDI.FTOT.ZS::2018,Observation
IND,NE.GDI.FTOT.CN,2018,55684221941900.0,observation::IND::NE.GDI.FTOT.CN::2018,Observation
IND,NE.EXP.GNFS.ZS,2018,19.9278285988562,observation::IND::NE.EXP.GNFS.ZS::2018,Observation
IND,NE.EXP.GNFS.CN,2018,37662935333900.0,observation::IND::NE.EXP.GNFS.CN::2018,Observation
IND,NE.DAB.TOTL.KD,2018,2666298681808.65,observation::IND::NE.DAB.TOTL.KD::2018,Observation
IND,NE.CON.TOTL.ZS,2018,70.1115413382452,observation::IND::NE.CON.TOTL.ZS::2018,Observation
IND,NE.CON.TOTL.CN,2018,132508488543200.0,observation::IND::NE.CON.TOTL.CN::2018,Observation
IND,NE.CON.PRVT.PP.CD,2018,5653202027247.44,observation::IND::NE.CON.PRVT.PP.CD::2018,Observation
IND,NE.CON.PRVT.KD.ZG,2018,7.08954662405223,observation::IND::NE.CON.PRVT.KD.ZG::2018,Observation
IND,NE.CON.PRVT.CD,2018,1602521651332.49,observation::IND::NE.CON.PRVT.CD::2018,Observation
IND,NE.CON.GOVT.KN,2018,14349451971100.0,observation::IND::NE.CON.GOVT.KN::2018,Observation
IND,NE.CON.GOVT.CD,2018,292543981715.747,observation::IND::NE.CON.GOVT.CD::2018,Observation
IND,MS.MIL.XPND.CN,2018,4529307750000.0,observation::IND::MS.MIL.XPND.CN::2018,Observation
IND,MS.MIL.MPRT.KD,2018,2011000000.0,observation::IND::MS.MIL.MPRT.KD::2018,Observation
IND,LP.LPI.LOGS.XQ,2018,3.13,observation::IND::LP.LPI.LOGS.XQ::2018,Observation
IND,LP.IMP.DURS.MD,2018,3.0,observation::IND::LP.IMP.DURS.MD::2018,Observation
IND,IT.NET.USER.FE.ZS,2018,14.9,observation::IND::IT.NET.USER.FE.ZS::2018,Observation
IND,IT.NET.BBND,2018,18170000.0,observation::IND::IT.NET.BBND::2018,Observation
IND,IT.CEL.SETS,2018,1176021869.0,observation::IND::IT.CEL.SETS::2018,Observation
IND,IS.RRS.PASG.KM,2018,1177699.0,observation::IND::IS.RRS.PASG.KM::2018,Observation
IND,IS.AIR.DPRT,2018,1200111.363,observation::IND::IS.AIR.DPRT::2018,Observation
IND,IQ.SPI.PIL2,2018,87.9666666666667,observation::IND::IQ.SPI.PIL2::2018,Observation
IND,NE.IMP.GNFS.CD,2018,640300806738.542,observation::IND::NE.IMP.GNFS.CD::2018,Observation
IND,NE.GDI.TOTL.KD,2018,861374738444.077,observation::IND::NE.GDI.TOTL.KD::2018,Observation
IND,NE.GDI.STKB.CN,2018,3182344828000.0,observation::IND::NE.GDI.STKB.CN::2018,Observation
IND,NE.GDI.FTOT.KD.ZG,2018,11.2030685794757,observation::IND::NE.GDI.FTOT.KD.ZG::2018,Observation
IND,NE.GDI.FPRV.ZS,2018,25.9374724661544,observation::IND::NE.GDI.FPRV.ZS::2018,Observation
IND,NE.EXP.GNFS.KD.ZG,2018,11.9318707467613,observation::IND::NE.EXP.GNFS.KD.ZG::2018,Observation
IND,NE.DAB.TOTL.ZS,2018,102.454759553694,observation::IND::NE.DAB.TOTL.ZS::2018,Observation
IND,NE.DAB.TOTL.CD,2018,2769280065256.73,observation::IND::NE.DAB.TOTL.CD::2018,Observation
IND,NE.CON.TOTL.KD.ZG,2018,7.02913928728282,observation::IND::NE.CON.TOTL.KD.ZG::2018,Observation
IND,NE.CON.PRVT.ZS,2018,59.2883228123904,observation::IND::NE.CON.PRVT.ZS::2018,Observation
IND,NE.CON.PRVT.PC.KD,2018,1110.83188085603,observation::IND::NE.CON.PRVT.PC.KD::2018,Observation
IND,NE.CON.PRVT.CN.AD,2018,112052964379000.0,observation::IND::NE.CON.PRVT.CN.AD::2018,Observation
IND,NE.CON.PCAP.PP.CD,2018,4112.43934972333,observation::IND::NE.CON.PCAP.PP.CD::2018,Observation
IND,NE.CON.GOVT.KD,2018,277878538130.836,observation::IND::NE.CON.GOVT.KD::2018,Observation
IND,MS.MIL.XPND.ZS,2018,9.10259596677692,observation::IND::MS.MIL.XPND.ZS::2018,Observation
IND,MS.MIL.TOTL.TF.ZS,2018,0.577253702834551,observation::IND::MS.MIL.TOTL.TF.ZS::2018,Observation
IND,LP.LPI.TIME.XQ,2018,3.5,observation::IND::LP.LPI.TIME.XQ::2018,Observation
IND,LP.LPI.INFR.XQ,2018,2.91,observation::IND::LP.LPI.INFR.XQ::2018,Observation
IND,IT.NET.USER.ZS,2018,20.0813000379384,observation::IND::IT.NET.USER.ZS::2018,Observation
IND,IT.NET.SECR,2018,254032.0,observation::IND::IT.NET.SECR::2018,Observation
IND,IT.MLT.MAIN,2018,21868192.0,observation::IND::IT.MLT.MAIN::2018,Observation
IND,IS.SHP.GCNW.XQ,2018,55.5425275349,observation::IND::IS.SHP.GCNW.XQ::2018,Observation
IND,IS.AIR.PSGR,2018,164035637.545,observation::IND::IS.AIR.PSGR::2018,Observation
IND,IQ.SPI.PIL4,2018,57.2416666666667,observation::IND::IQ.SPI.PIL4::2018,Observation
IND,IQ.SPI.OVRL,2018,67.0854166666667,observation::IND::IQ.SPI.OVRL::2018,Observation
IND,NV.AGR.TOTL.CN,2018,30299250460000.0,observation::IND::NV.AGR.TOTL.CN::2018,Observation
IND,NE.RSB.GNFS.ZS,2018,-3.76131213467656,observation::IND::NE.RSB.GNFS.ZS::2018,Observation
IND,NE.IMP.GNFS.ZS,2018,23.6891407335327,observation::IND::NE.IMP.GNFS.ZS::2018,Observation
IND,NE.IMP.GNFS.CN,2018,44771690560100.0,observation::IND::NE.IMP.GNFS.CN::2018,Observation
IND,NE.GDI.TOTL.KD.ZG,2018,10.9547336774087,observation::IND::NE.GDI.TOTL.KD.ZG::2018,Observation
IND,NE.GDI.STKB.KN,2018,2627707938200.0,observation::IND::NE.GDI.STKB.KN::2018,Observation
IND,NE.GDI.FTOT.KN,2018,45405092416300.0,observation::IND::NE.GDI.FTOT.KN::2018,Observation
IND,NE.GDI.FTOT.CD,2018,796366002399.328,observation::IND::NE.GDI.FTOT.CD::2018,Observation
IND,NE.EXP.GNFS.KN,2018,29124804826200.0,observation::IND::NE.EXP.GNFS.KN::2018,Observation
IND,NE.EXP.GNFS.CD,2018,538635186135.438,observation::IND::NE.EXP.GNFS.CD::2018,Observation
IND,NE.DAB.TOTL.CN,2018,193636098613500.0,observation::IND::NE.DAB.TOTL.CN::2018,Observation
IND,NE.CON.TOTL.KN,2018,92853890965900.0,observation::IND::NE.CON.TOTL.KN::2018,Observation
IND,NE.CON.TOTL.CD,2018,1895065633048.24,observation::IND::NE.CON.TOTL.CD::2018,Observation
IND,NE.CON.PRVT.PC.KD.ZG,2018,5.92087765118583,observation::IND::NE.CON.PRVT.PC.KD.ZG::2018,Observation
IND,NE.CON.PRVT.KD,2018,1527015113598.91,observation::IND::NE.CON.PRVT.KD::2018,Observation
IND,NE.CON.PCAP.PP.KD,2018,4831.19954931542,observation::IND::NE.CON.PCAP.PP.KD::2018,Observation
IND,NE.CON.GOVT.KD.ZG,2018,6.69985928566558,observation::IND::NE.CON.GOVT.KD.ZG::2018,Observation
IND,MS.MIL.XPRT.KD,2018,47000000.0,observation::IND::MS.MIL.XPRT.KD::2018,Observation
IND,MS.MIL.XPND.CD,2018,66257801718.275,observation::IND::MS.MIL.XPND.CD::2018,Observation
IND,LP.LPI.TRAC.XQ,2018,3.32,observation::IND::LP.LPI.TRAC.XQ::2018,Observation
IND,LP.LPI.ITRN.XQ,2018,3.21,observation::IND::LP.LPI.ITRN.XQ::2018,Observation
IND,LP.EXP.DURS.MD,2018,3.0,observation::IND::LP.EXP.DURS.MD::2018,Observation
IND,IT.NET.SECR.P6,2018,184.79636635197,observation::IND::IT.NET.SECR.P6::2018,Observation
IND,IT.MLT.MAIN.P2,2018,1.59080841007716,observation::IND::IT.MLT.MAIN.P2::2018,Observation
IND,IS.SHP.GOOD.TU,2018,16996593.0,observation::IND::IS.SHP.GOOD.TU::2018,Observation
IND,IS.RRS.GOOD.MT.K6,2018,692916.0,observation::IND::IS.RRS.GOOD.MT.K6::2018,Observation
IND,IQ.SPI.PIL5,2018,50.0,observation::IND::IQ.SPI.PIL5::2018,Observation
IND,IQ.SPI.PIL1,2018,80.0,observation::IND::IQ.SPI.PIL1::2018,Observation
IND,VC.IHR.PSRC.P5,2018,3.0299149142336,observation::IND::VC.IHR.PSRC.P5::2018,Observation
IND,VC.IDP.NWCV,2018,169000.0,observation::IND::VC.IDP.NWCV::2018,Observation
IND,TX.VAL.TECH.MF.ZS,2018,9.04145168835151,observation::IND::TX.VAL.TECH.MF.ZS::2018,Observation
IND,TX.VAL.MRCH.XD.WD,2018,121.2,observation::IND::TX.VAL.MRCH.XD.WD::2018,Observation
IND,TX.VAL.MRCH.R6.ZS,2018,6.66369539028361,observation::IND::TX.VAL.MRCH.R6.ZS::2018,Observation
IND,TX.VAL.MRCH.R2.ZS,2018,2.05623988778255,observation::IND::TX.VAL.MRCH.R2.ZS::2018,Observation
IND,TX.VAL.MRCH.CD.WT,2018,324778000000.0,observation::IND::TX.VAL.MRCH.CD.WT::2018,Observation
IND,TX.VAL.INSF.ZS.WT,2018,3.92161132082589,observation::IND::TX.VAL.INSF.ZS.WT::2018,Observation
IND,TX.VAL.AGRI.ZS.UN,2018,1.56952573989149,observation::IND::TX.VAL.AGRI.ZS.UN::2018,Observation
IND,TT.PRI.MRCH.XD.WD,2018,95.6,observation::IND::TT.PRI.MRCH.XD.WD::2018,Observation
IND,TM.VAL.OTHR.ZS.WT,2018,61.8427982039528,observation::IND::TM.VAL.OTHR.ZS.WT::2018,Observation
IND,TM.VAL.MRCH.RS.ZS,2018,1.46103373429901,observation::IND::TM.VAL.MRCH.RS.ZS::2018,Observation
IND,TM.VAL.MRCH.R3.ZS,2018,3.3002268110644,observation::IND::TM.VAL.MRCH.R3.ZS::2018,Observation
IND,TM.VAL.MRCH.HI.ZS,2018,54.4131725425282,observation::IND::TM.VAL.MRCH.HI.ZS::2018,Observation
IND,TM.VAL.MANF.ZS.UN,2018,48.5537074162929,observation::IND::TM.VAL.MANF.ZS.UN::2018,Observation
IND,TM.VAL.FOOD.ZS.UN,2018,3.85218741928945,observation::IND::TM.VAL.FOOD.ZS.UN::2018,Observation
IND,TM.TAX.TCOM.WM.AR.ZS,2018,3.0,observation::IND::TM.TAX.TCOM.WM.AR.ZS::2018,Observation
IND,TM.TAX.TCOM.BC.ZS,2018,76.98,observation::IND::TM.TAX.TCOM.BC.ZS::2018,Observation
IND,TM.TAX.MRCH.SM.AR.ZS,2018,9.03,observation::IND::TM.TAX.MRCH.SM.AR.ZS::2018,Observation
IND,TM.TAX.MANF.WM.AR.ZS,2018,6.0,observation::IND::TM.TAX.MANF.WM.AR.ZS::2018,Observation
IND,TM.TAX.MANF.BC.ZS,2018,73.62,observation::IND::TM.TAX.MANF.BC.ZS::2018,Observation
IND,ST.INT.XPND.CD,2018,25790000000.0,observation::IND::ST.INT.XPND.CD::2018,Observation
IND,ST.INT.TRNR.CD,2018,575000000.0,observation::IND::ST.INT.TRNR.CD::2018,Observation
IND,ST.INT.ARVL,2018,17423000.0,observation::IND::ST.INT.ARVL::2018,Observation
IND,SP.URB.GROW,2018,2.0460160617663,observation::IND::SP.URB.GROW::2018,Observation
IND,SP.POP.TOTL.FE.ZS,2018,48.3471809414411,observation::IND::SP.POP.TOTL.FE.ZS::2018,Observation
IND,SP.POP.SCIE.RD.P6,2018,250.00794,observation::IND::SP.POP.SCIE.RD.P6::2018,Observation
IND,SP.POP.DPND,2018,50.0307900245271,observation::IND::SP.POP.DPND::2018,Observation
IND,SP.POP.7579.MA.5Y,2018,0.897017333740937,observation::IND::SP.POP.7579.MA.5Y::2018,Observation
IND,SP.POP.65UP.TO.ZS,2018,6.01925951437221,observation::IND::SP.POP.65UP.TO.ZS::2018,Observation
IND,SP.POP.65UP.FE.ZS,2018,6.57507921401153,observation::IND::SP.POP.65UP.FE.ZS::2018,Observation
IND,SP.POP.6064.MA.5Y,2018,3.27549444522798,observation::IND::SP.POP.6064.MA.5Y::2018,Observation
IND,SP.POP.5054.MA.5Y,2018,4.73295760837437,observation::IND::SP.POP.5054.MA.5Y::2018,Observation
IND,SP.POP.4044.MA.5Y,2018,6.29743553532352,observation::IND::SP.POP.4044.MA.5Y::2018,Observation
IND,SP.POP.3034.MA.5Y,2018,8.16957376962546,observation::IND::SP.POP.3034.MA.5Y::2018,Observation
IND,SP.POP.2024.MA.5Y,2018,9.22764747189335,observation::IND::SP.POP.2024.MA.5Y::2018,Observation
IND,SP.POP.1564.MA.ZS,2018,66.8321517598816,observation::IND::SP.POP.1564.MA.ZS::2018,Observation
IND,SP.POP.1519.MA.5Y,2018,9.65914029860751,observation::IND::SP.POP.1519.MA.5Y::2018,Observation
IND,SP.POP.0509.MA.5Y,2018,9.30790708358105,observation::IND::SP.POP.0509.MA.5Y::2018,Observation
IND,SP.POP.0014.MA.ZS,2018,27.66883749664,observation::IND::SP.POP.0014.MA.ZS::2018,Observation
IND,SP.POP.0004.MA.5Y,2018,8.85143517646296,observation::IND::SP.POP.0004.MA.5Y::2018,Observation
IND,SP.DYN.TO65.FE.ZS,2018,76.138822,observation::IND::SP.DYN.TO65.FE.ZS::2018,Observation
IND,SP.DYN.LE00.FE.IN,2018,71.963,observation::IND::SP.DYN.LE00.FE.IN::2018,Observation
IND,SP.DYN.AMRT.MA,2018,194.523,observation::IND::SP.DYN.AMRT.MA::2018,Observation
IND,DT.NFL.WHOL.CD,2018,5458944.79751587,observation::IND::DT.NFL.WHOL.CD::2018,Observation
IND,DT.NFL.UNDP.CD,2018,2420137.88223267,observation::IND::DT.NFL.UNDP.CD::2018,Observation
IND,DT.NFL.UNCF.CD,2018,57140087.1276855,observation::IND::DT.NFL.UNCF.CD::2018,Observation
IND,DT.NFL.PROP.CD,2018,-8304000.0,observation::IND::DT.NFL.PROP.CD::2018,Observation
IND,DT.NFL.PCBK.CD,2018,2726690000.0,observation::IND::DT.NFL.PCBK.CD::2018,Observation
IND,DT.NFL.MOTH.CD,2018,245141887.2,observation::IND::DT.NFL.MOTH.CD::2018,Observation
IND,DT.NFL.BOND.CD,2018,-8416584000.0,observation::IND::DT.NFL.BOND.CD::2018,Observation
IND,VC.IHR.PSRC.MA.P5,2018,3.38995488020865,observation::IND::VC.IHR.PSRC.MA.P5::2018,Observation
IND,VC.BTL.DETH,2018,824.0,observation::IND::VC.BTL.DETH::2018,Observation
IND,TX.VAL.TECH.CD,2018,20197216794.0,observation::IND::TX.VAL.TECH.CD::2018,Observation
IND,TX.VAL.MRCH.WR.ZS,2018,7.73327068954662,observation::IND::TX.VAL.MRCH.WR.ZS::2018,Observation
IND,TX.VAL.MRCH.R5.ZS,2018,7.73327068954662,observation::IND::TX.VAL.MRCH.R5.ZS::2018,Observation
IND,TX.VAL.MRCH.R1.ZS,2018,13.1519738328096,observation::IND::TX.VAL.MRCH.R1.ZS::2018,Observation
IND,TX.VAL.MRCH.AL.ZS,2018,15.8729463757273,observation::IND::TX.VAL.MRCH.AL.ZS::2018,Observation
IND,TX.VAL.ICTG.ZS.UN,2018,1.18,observation::IND::TX.VAL.ICTG.ZS.UN::2018,Observation
IND,TX.UVI.MRCH.XD.WD,2018,104.8,observation::IND::TX.UVI.MRCH.XD.WD::2018,Observation
IND,TM.VAL.TRVL.ZS.WT,2018,17.3258344190956,observation::IND::TM.VAL.TRVL.ZS.WT::2018,Observation
IND,TM.VAL.MRCH.XD.WD,2018,130.5,observation::IND::TM.VAL.MRCH.XD.WD::2018,Observation
IND,TM.VAL.MRCH.R6.ZS,2018,7.25022092281799,observation::IND::TM.VAL.MRCH.R6.ZS::2018,Observation
IND,TM.VAL.MRCH.R2.ZS,2018,1.15687746193785,observation::IND::TM.VAL.MRCH.R2.ZS::2018,Observation
IND,TM.VAL.MRCH.CD.WT,2018,514464000000.0,observation::IND::TM.VAL.MRCH.CD.WT::2018,Observation
IND,TM.VAL.INSF.ZS.WT,2018,4.54884815668006,observation::IND::TM.VAL.INSF.ZS.WT::2018,Observation
IND,TM.VAL.AGRI.ZS.UN,2018,1.71229547834714,observation::IND::TM.VAL.AGRI.ZS.UN::2018,Observation
IND,TM.TAX.TCOM.SM.FN.ZS,2018,24.37,observation::IND::TM.TAX.TCOM.SM.FN.ZS::2018,Observation
IND,TM.TAX.MRCH.WM.FN.ZS,2018,6.0,observation::IND::TM.TAX.MRCH.WM.FN.ZS::2018,Observation
IND,TM.TAX.MRCH.BR.ZS,2018,51.96,observation::IND::TM.TAX.MRCH.BR.ZS::2018,Observation
IND,TM.TAX.MANF.SM.FN.ZS,2018,10.1,observation::IND::TM.TAX.MANF.SM.FN.ZS::2018,Observation
IND,TM.QTY.MRCH.XD.WD,2018,119.1,observation::IND::TM.QTY.MRCH.XD.WD::2018,Observation
IND,ST.INT.TVLX.CD,2018,21319000000.0,observation::IND::ST.INT.TVLX.CD::2018,Observation
IND,ST.INT.RCPT.XP.ZS,2018,5.42657307048889,observation::IND::ST.INT.RCPT.XP.ZS::2018,Observation
IND,SP.RUR.TOTL.ZS,2018,66.5015646526402,observation::IND::SP.RUR.TOTL.ZS::2018,Observation
IND,SP.POP.TOTL.FE.IN,2018,664608905.0,observation::IND::SP.POP.TOTL.FE.IN::2018,Observation
IND,SP.POP.GROW,2018,1.09729906702925,observation::IND::SP.POP.GROW::2018,Observation
IND,SP.POP.BRTH.MF,2018,1.084,observation::IND::SP.POP.BRTH.MF::2018,Observation
IND,SP.POP.7579.FE.5Y,2018,1.14756173696803,observation::IND::SP.POP.7579.FE.5Y::2018,Observation
IND,SP.POP.65UP.TO,2018,82744296.0,observation::IND::SP.POP.65UP.TO::2018,Observation
IND,SP.POP.65UP.FE.IN,2018,43698562.0,observation::IND::SP.POP.65UP.FE.IN::2018,Observation
IND,SP.POP.6064.FE.5Y,2018,3.47690819499559,observation::IND::SP.POP.6064.FE.5Y::2018,Observation
IND,SP.POP.5054.FE.5Y,2018,4.87069827564927,observation::IND::SP.POP.5054.FE.5Y::2018,Observation
IND,SP.POP.4044.FE.5Y,2018,6.3030561512691,observation::IND::SP.POP.4044.FE.5Y::2018,Observation
IND,SP.POP.3034.FE.5Y,2018,8.03056377341907,observation::IND::SP.POP.3034.FE.5Y::2018,Observation
IND,SP.POP.2024.FE.5Y,2018,8.951609737345,observation::IND::SP.POP.2024.FE.5Y::2018,Observation
IND,SP.POP.1564.MA.IN,2018,474541800.0,observation::IND::SP.POP.1564.MA.IN::2018,Observation
IND,SP.POP.1519.FE.5Y,2018,9.35566992639403,observation::IND::SP.POP.1519.FE.5Y::2018,Observation
IND,SP.POP.0509.FE.5Y,2018,9.05539844590602,observation::IND::SP.POP.0509.FE.5Y::2018,Observation
IND,SP.POP.0014.MA.IN,2018,196462625.0,observation::IND::SP.POP.0014.MA.IN::2018,Observation
IND,SP.POP.0004.FE.5Y,2018,8.6756139622628,observation::IND::SP.POP.0004.FE.5Y::2018,Observation
IND,SP.DYN.TFRT.IN,2018,2.184,observation::IND::SP.DYN.TFRT.IN::2018,Observation
IND,SP.DYN.IMRT.MA.IN,2018,31.2,observation::IND::SP.DYN.IMRT.MA.IN::2018,Observation
IND,SP.DYN.AMRT.FE,2018,137.206,observation::IND::SP.DYN.AMRT.FE::2018,Observation
IND,SN.ITK.SALT.ZS,2018,92.4,observation::IND::SN.ITK.SALT.ZS::2018,Observation
IND,SM.POP.RHCR.EA,2018,195887.0,observation::IND::SM.POP.RHCR.EA::2018,Observation
IND,SM.POP.IDPC,2018,479000.0,observation::IND::SM.POP.IDPC::2018,Observation
IND,SL.UEM.TOTL.NE.ZS,2018,7.652,observation::IND::SL.UEM.TOTL.NE.ZS::2018,Observation
IND,DT.NFL.UNFP.CD,2018,4168889.99938965,observation::IND::DT.NFL.UNFP.CD::2018,Observation
IND,DT.NFL.RDBN.CD,2018,1401419000.0,observation::IND::DT.NFL.RDBN.CD::2018,Observation
IND,DT.NFL.PNGC.CD,2018,8180420000.0,observation::IND::DT.NFL.PNGC.CD::2018,Observation
IND,DT.NFL.PBND.CD,2018,-8164356000.0,observation::IND::DT.NFL.PBND.CD::2018,Observation
IND,DT.NFL.MLAT.CD,2018,1789712000.0,observation::IND::DT.NFL.MLAT.CD::2018,Observation
IND,DT.NFL.IMFC.CD,2018,0.0,observation::IND::DT.NFL.IMFC.CD::2018,Observation
IND,DT.NFL.FAOG.CD,2018,297091.007232666,observation::IND::DT.NFL.FAOG.CD::2018,Observation
IND,DT.NFL.BLAT.CD,2018,1672895383.8,observation::IND::DT.NFL.BLAT.CD::2018,Observation
IND,DT.DOD.MWBG.CD,2018,36464450000.0,observation::IND::DT.DOD.MWBG.CD::2018,Observation
IND,DT.DOD.DSTC.XP.ZS,2018,18.6102395441096,observation::IND::DT.DOD.DSTC.XP.ZS::2018,Observation
IND,DT.DOD.DPNG.CD,2018,231178894000.0,observation::IND::DT.DOD.DPNG.CD::2018,Observation
IND,DT.DOD.DECT.CD,2018,521175685410.0,observation::IND::DT.DOD.DECT.CD::2018,Observation
IND,VC.IDP.NWDS,2018,2675000.0,observation::IND::VC.IDP.NWDS::2018,Observation
IND,TX.VAL.TRAN.ZS.WT,2018,9.29854079107809,observation::IND::TX.VAL.TRAN.ZS.WT::2018,Observation
IND,TX.VAL.OTHR.ZS.WT,2018,72.7978240190186,observation::IND::TX.VAL.OTHR.ZS.WT::2018,Observation
IND,TX.VAL.MRCH.RS.ZS,2018,0.0226743813824712,observation::IND::TX.VAL.MRCH.RS.ZS::2018,Observation
IND,TX.VAL.MRCH.R3.ZS,2018,3.62496030579947,observation::IND::TX.VAL.MRCH.R3.ZS::2018,Observation
IND,TX.VAL.MRCH.HI.ZS,2018,63.0538403201519,observation::IND::TX.VAL.MRCH.HI.ZS::2018,Observation
IND,TX.VAL.MANF.ZS.UN,2018,69.268260401525,observation::IND::TX.VAL.MANF.ZS.UN::2018,Observation
IND,TX.VAL.FOOD.ZS.UN,2018,10.5010188267607,observation::IND::TX.VAL.FOOD.ZS.UN::2018,Observation
IND,TX.MNF.TECH.ZS.UN,2018,34.7731286139299,observation::IND::TX.MNF.TECH.ZS.UN::2018,Observation
IND,TM.VAL.SERV.CD.WT,2018,123046755670.813,observation::IND::TM.VAL.SERV.CD.WT::2018,Observation
IND,TM.VAL.MRCH.WL.CD,2018,506262780000.0,observation::IND::TM.VAL.MRCH.WL.CD::2018,Observation
IND,TM.VAL.MRCH.R4.ZS,2018,8.66181590517083,observation::IND::TM.VAL.MRCH.R4.ZS::2018,Observation
IND,TM.VAL.MRCH.OR.ZS,2018,43.3631700122217,observation::IND::TM.VAL.MRCH.OR.ZS::2018,Observation
IND,TM.VAL.MMTL.ZS.UN,2018,5.90463534714866,observation::IND::TM.VAL.MMTL.ZS.UN::2018,Observation
IND,TM.VAL.FUEL.ZS.UN,2018,33.2499008636957,observation::IND::TM.VAL.FUEL.ZS.UN::2018,Observation
IND,TM.TAX.TCOM.WM.FN.ZS,2018,3.88,observation::IND::TM.TAX.TCOM.WM.FN.ZS::2018,Observation
IND,TM.TAX.TCOM.BR.ZS,2018,93.29,observation::IND::TM.TAX.TCOM.BR.ZS::2018,Observation
IND,TM.TAX.MRCH.SM.FN.ZS,2018,13.8,observation::IND::TM.TAX.MRCH.SM.FN.ZS::2018,Observation
IND,TM.TAX.MANF.WM.FN.ZS,2018,7.41,observation::IND::TM.TAX.MANF.WM.FN.ZS::2018,Observation
IND,TM.TAX.MANF.BR.ZS,2018,35.26,observation::IND::TM.TAX.MANF.BR.ZS::2018,Observation
IND,ST.INT.XPND.MP.ZS,2018,4.0111352655606,observation::IND::ST.INT.XPND.MP.ZS::2018,Observation
IND,ST.INT.TRNX.CD,2018,4471000000.0,observation::IND::ST.INT.TRNX.CD::2018,Observation
IND,ST.INT.DPRT,2018,26296000.0,observation::IND::ST.INT.DPRT::2018,Observation
IND,SP.URB.TOTL,2018,460489278.0,observation::IND::SP.URB.TOTL::2018,Observation
IND,SP.RUR.TOTL,2018,914169786.0,observation::IND::SP.RUR.TOTL::2018,Observation
IND,SP.POP.TOTL.MA.IN,2018,710050159.0,observation::IND::SP.POP.TOTL.MA.IN::2018,Observation
IND,SP.POP.TECH.RD.P6,2018,73.05997,observation::IND::SP.POP.TECH.RD.P6::2018,Observation
IND,SP.POP.DPND.OL,2018,9.03074254846896,observation::IND::SP.POP.DPND.OL::2018,Observation
IND,SP.POP.80UP.FE.5Y,2018,1.12168283306279,observation::IND::SP.POP.80UP.FE.5Y::2018,Observation
IND,SP.POP.7074.FE.5Y,2018,1.70101572615777,observation::IND::SP.POP.7074.FE.5Y::2018,Observation
IND,SP.POP.65UP.MA.IN,2018,39045735.0,observation::IND::SP.POP.65UP.MA.IN::2018,Observation
IND,SP.POP.6569.FE.5Y,2018,2.60481891782294,observation::IND::SP.POP.6569.FE.5Y::2018,Observation
IND,SP.POP.5559.FE.5Y,2018,4.18706885654273,observation::IND::SP.POP.5559.FE.5Y::2018,Observation
IND,SP.POP.4549.FE.5Y,2018,5.56245141978466,observation::IND::SP.POP.4549.FE.5Y::2018,Observation
IND,SP.POP.3539.FE.5Y,2018,7.13625210368175,observation::IND::SP.POP.3539.FE.5Y::2018,Observation
IND,SP.POP.2529.FE.5Y,2018,8.58728968686683,observation::IND::SP.POP.2529.FE.5Y::2018,Observation
IND,SP.POP.1564.TO,2018,916251300.0,observation::IND::SP.POP.1564.TO::2018,Observation
IND,SP.POP.1564.FE.IN,2018,441709500.0,observation::IND::SP.POP.1564.FE.IN::2018,Observation
IND,SP.POP.1014.FE.5Y,2018,9.23234025187163,observation::IND::SP.POP.1014.FE.5Y::2018,Observation
IND,SP.POP.0014.TO,2018,375663468.0,observation::IND::SP.POP.0014.TO::2018,Observation
IND,SP.POP.0014.FE.IN,2018,179200843.0,observation::IND::SP.POP.0014.FE.IN::2018,Observation
IND,SP.DYN.TO65.MA.ZS,2018,69.277438,observation::IND::SP.DYN.TO65.MA.ZS::2018,Observation
IND,SP.DYN.LE00.IN,2018,70.415,observation::IND::SP.DYN.LE00.IN::2018,Observation
IND,SP.DYN.IMRT.FE.IN,2018,31.4,observation::IND::SP.DYN.IMRT.FE.IN::2018,Observation
IND,SP.DYN.CBRT.IN,2018,17.91,observation::IND::SP.DYN.CBRT.IN::2018,Observation
IND,SN.ITK.VITA.ZS,2018,56.0,observation::IND::SN.ITK.VITA.ZS::2018,Observation
IND,SN.ITK.DEFC.ZS,2018,10.5,observation::IND::SN.ITK.DEFC.ZS::2018,Observation
IND,DT.NFL.UNCR.CD,2018,3596317.05284119,observation::IND::DT.NFL.UNCR.CD::2018,Observation
IND,DT.NFL.PRVT.CD,2018,-5445970000.0,observation::IND::DT.NFL.PRVT.CD::2018,Observation
IND,DT.NFL.PCBO.CD,2018,10898806000.0,observation::IND::DT.NFL.PCBO.CD::2018,Observation
IND,DT.NFL.NIFC.CD,2018,447018190.0,observation::IND::DT.NFL.NIFC.CD::2018,Observation
IND,DT.NFL.MIBR.CD,2018,540371000.0,observation::IND::DT.NFL.MIBR.CD::2018,Observation
IND,VC.IHR.PSRC.FE.P5,2018,2.64525796367018,observation::IND::VC.IHR.PSRC.FE.P5::2018,Observation
IND,TX.VAL.TRVL.ZS.WT,2018,13.9820238690774,observation::IND::TX.VAL.TRVL.ZS.WT::2018,Observation
IND,TX.VAL.SERV.CD.WT,2018,204322540308.136,observation::IND::TX.VAL.SERV.CD.WT::2018,Observation
IND,TX.VAL.MRCH.WL.CD,2018,320670270000.0,observation::IND::TX.VAL.MRCH.WL.CD::2018,Observation
IND,TX.VAL.MRCH.R4.ZS,2018,3.69334519224373,observation::IND::TX.VAL.MRCH.R4.ZS::2018,Observation
IND,TX.VAL.MRCH.OR.ZS,2018,29.190214608919,observation::IND::TX.VAL.MRCH.OR.ZS::2018,Observation
IND,TX.VAL.MMTL.ZS.UN,2018,3.53369671804044,observation::IND::TX.VAL.MMTL.ZS.UN::2018,Observation
IND,TX.VAL.FUEL.ZS.UN,2018,15.06745126951,observation::IND::TX.VAL.FUEL.ZS.UN::2018,Observation
IND,TX.QTY.MRCH.XD.WD,2018,115.7,observation::IND::TX.QTY.MRCH.XD.WD::2018,Observation
IND,TM.VAL.TRAN.ZS.WT,2018,16.2825192202715,observation::IND::TM.VAL.TRAN.ZS.WT::2018,Observation
IND,TM.VAL.MRCH.WR.ZS,2018,0.76262371095106,observation::IND::TM.VAL.MRCH.WR.ZS::2018,Observation
IND,TM.VAL.MRCH.R5.ZS,2018,0.76262371095106,observation::IND::TM.VAL.MRCH.R5.ZS::2018,Observation
IND,TM.VAL.MRCH.R1.ZS,2018,22.9940289112306,observation::IND::TM.VAL.MRCH.R1.ZS::2018,Observation
IND,TM.VAL.MRCH.AL.ZS,2018,21.2432207637306,observation::IND::TM.VAL.MRCH.AL.ZS::2018,Observation
IND,TM.VAL.ICTG.ZS.UN,2018,9.18,observation::IND::TM.VAL.ICTG.ZS.UN::2018,Observation
IND,TM.UVI.MRCH.XD.WD,2018,109.6,observation::IND::TM.UVI.MRCH.XD.WD::2018,Observation
IND,TM.TAX.TCOM.SM.AR.ZS,2018,16.84,observation::IND::TM.TAX.TCOM.SM.AR.ZS::2018,Observation
IND,TM.TAX.MRCH.WM.AR.ZS,2018,4.88,observation::IND::TM.TAX.MRCH.WM.AR.ZS::2018,Observation
IND,TM.TAX.MRCH.BC.ZS,2018,74.4,observation::IND::TM.TAX.MRCH.BC.ZS::2018,Observation
IND,TM.TAX.MANF.SM.AR.ZS,2018,7.93,observation::IND::TM.TAX.MANF.SM.AR.ZS::2018,Observation
IND,TG.VAL.TOTL.GD.ZS,2018,31.0493468667603,observation::IND::TG.VAL.TOTL.GD.ZS::2018,Observation
IND,ST.INT.TVLR.CD,2018,28568000000.0,observation::IND::ST.INT.TVLR.CD::2018,Observation
IND,ST.INT.RCPT.CD,2018,29143000000.0,observation::IND::ST.INT.RCPT.CD::2018,Observation
IND,SP.URB.TOTL.IN.ZS,2018,33.4984353473598,observation::IND::SP.URB.TOTL.IN.ZS::2018,Observation
IND,SP.RUR.TOTL.ZG,2018,0.622794851403478,observation::IND::SP.RUR.TOTL.ZG::2018,Observation
IND,SP.POP.TOTL.MA.ZS,2018,51.6528190585589,observation::IND::SP.POP.TOTL.MA.ZS::2018,Observation
IND,SP.POP.TOTL,2018,1374659064.0,observation::IND::SP.POP.TOTL::2018,Observation
IND,SP.POP.DPND.YG,2018,41.0000474760581,observation::IND::SP.POP.DPND.YG::2018,Observation
IND,SP.POP.80UP.MA.5Y,2018,0.790202133304643,observation::IND::SP.POP.80UP.MA.5Y::2018,Observation
IND,SP.POP.7074.MA.5Y,2018,1.43431669975467,observation::IND::SP.POP.7074.MA.5Y::2018,Observation
IND,SP.POP.65UP.MA.ZS,2018,5.49901074347834,observation::IND::SP.POP.65UP.MA.ZS::2018,Observation
IND,SP.POP.6569.MA.5Y,2018,2.37747457667809,observation::IND::SP.POP.6569.MA.5Y::2018,Observation
IND,SP.POP.5559.MA.5Y,2018,4.03033562593029,observation::IND::SP.POP.5559.MA.5Y::2018,Observation
IND,SP.POP.4549.MA.5Y,2018,5.46303215845279,observation::IND::SP.POP.4549.MA.5Y::2018,Observation
IND,SP.POP.3539.MA.5Y,2018,7.23297071132194,observation::IND::SP.POP.3539.MA.5Y::2018,Observation
IND,SP.POP.2529.MA.5Y,2018,8.74356413512441,observation::IND::SP.POP.2529.MA.5Y::2018,Observation
IND,SP.POP.1564.TO.ZS,2018,66.6529850197096,observation::IND::SP.POP.1564.TO.ZS::2018,Observation
IND,SP.POP.1564.FE.ZS,2018,66.461568125948,observation::IND::SP.POP.1564.FE.ZS::2018,Observation
IND,SP.POP.1014.MA.5Y,2018,9.50949523659602,observation::IND::SP.POP.1014.MA.5Y::2018,Observation
IND,SP.POP.0014.TO.ZS,2018,27.3277554659182,observation::IND::SP.POP.0014.TO.ZS::2018,Observation
IND,SP.POP.0014.FE.ZS,2018,26.9633526600405,observation::IND::SP.POP.0014.FE.ZS::2018,Observation
IND,SP.DYN.LE00.MA.IN,2018,68.973,observation::IND::SP.DYN.LE00.MA.IN::2018,Observation
IND,SP.DYN.IMRT.IN,2018,31.3,observation::IND::SP.DYN.IMRT.IN::2018,Observation
IND,SP.DYN.CDRT.IN,2018,6.67,observation::IND::SP.DYN.CDRT.IN::2018,Observation
IND,SP.ADO.TFRT,2018,15.133,observation::IND::SP.ADO.TFRT::2018,Observation
IND,SM.POP.FDIP,2018,686825.0,observation::IND::SM.POP.FDIP::2018,Observation
IND,DT.ODA.ALLD.CD,2018,2461992431.64063,observation::IND::DT.ODA.ALLD.CD::2018,Observation
IND,DT.NFL.UNAI.CD,2018,538847.029209137,observation::IND::DT.NFL.UNAI.CD::2018,Observation
IND,DT.NFL.PNGB.CD,2018,-252228000.0,observation::IND::DT.NFL.PNGB.CD::2018,Observation
IND,DT.NFL.OFFT.CD,2018,3462607037.2,observation::IND::DT.NFL.OFFT.CD::2018,Observation
IND,DT.NFL.MIDA.CD,2018,-783752000.0,observation::IND::DT.NFL.MIDA.CD::2018,Observation
IND,DT.NFL.ILOG.CD,2018,1841174.96013641,observation::IND::DT.NFL.ILOG.CD::2018,Observation
IND,DT.NFL.DPNG.CD,2018,7928192000.0,observation::IND::DT.NFL.DPNG.CD::2018,Observation
IND,IP.PAT.NRES,2018,33766.0,observation::IND::IP.PAT.NRES::2018,Observation
IND,IE.PPN.WATR.CD,2018,583300000.0,observation::IND::IE.PPN.WATR.CD::2018,Observation
IND,IE.PPI.WATR.CD,2018,583300000.0,observation::IND::IE.PPI.WATR.CD::2018,Observation
IND,IC.BUS.NDNS.ZS,2018,0.12912554918767,observation::IND::IC.BUS.NDNS.ZS::2018,Observation
IND,GF.XPD.BUDG.ZS,2018,99.771,observation::IND::GF.XPD.BUDG.ZS::2018,Observation
IND,GC.XPN.TRFT.ZS,2018,44.6483778561487,observation::IND::GC.XPN.TRFT.ZS::2018,Observation
IND,GC.XPN.OTHR.ZS,2018,0.441174483494805,observation::IND::GC.XPN.OTHR.ZS::2018,Observation
IND,GC.XPN.INTP.CN,2018,5741910000000.0,observation::IND::GC.XPN.INTP.CN::2018,Observation
IND,GC.XPN.COMP.CN,2018,2669180000000.0,observation::IND::GC.XPN.COMP.CN::2018,Observation
IND,GC.TAX.TOTL.GD.ZS,2018,12.0174277483166,observation::IND::GC.TAX.TOTL.GD.ZS::2018,Observation
IND,GC.TAX.INTT.RV.ZS,2018,4.50855543479306,observation::IND::GC.TAX.INTT.RV.ZS::2018,Observation
IND,GC.TAX.GSRV.VA.ZS,2018,7.20912228428051,observation::IND::GC.TAX.GSRV.VA.ZS::2018,Observation
IND,GC.TAX.EXPT.CN,2018,1120000000.0,observation::IND::GC.TAX.EXPT.CN::2018,Observation
IND,GC.REV.SOCL.CN,2018,28250000000.0,observation::IND::GC.REV.SOCL.CN::2018,Observation
IND,GC.NLD.TOTL.CN,2018,-4353140000000.0,observation::IND::GC.NLD.TOTL.CN::2018,Observation
IND,GC.LBL.TOTL.CN,2018,5736570000000.0,observation::IND::GC.LBL.TOTL.CN::2018,Observation
IND,GC.AST.TOTL.CN,2018,1383340000000.0,observation::IND::GC.AST.TOTL.CN::2018,Observation
IND,FR.INR.RINR,2018,5.36166638954869,observation::IND::FR.INR.RINR::2018,Observation
IND,FP.WPI.TOTL,2018,132.592398780232,observation::IND::FP.WPI.TOTL::2018,Observation
IND,FM.LBL.BMNY.IR.ZS,2018,5.01747706133374,observation::IND::FM.LBL.BMNY.IR.ZS::2018,Observation
IND,FM.AST.PRVT.GD.ZS,2018,38.8975254010362,observation::IND::FM.AST.PRVT.GD.ZS::2018,Observation
IND,IP.TMK.RSCT,2018,297751.0,observation::IND::IP.TMK.RSCT::2018,Observation
IND,IP.JRN.ARTC.SC,2018,130234.95,observation::IND::IP.JRN.ARTC.SC::2018,Observation
IND,IE.PPN.TRAN.CD,2018,6607520000.0,observation::IND::IE.PPN.TRAN.CD::2018,Observation
IND,IE.PPI.TRAN.CD,2018,6607520000.0,observation::IND::IE.PPI.TRAN.CD::2018,Observation
IND,GC.XPN.TRFT.CN,2018,13217170000000.0,observation::IND::GC.XPN.TRFT.CN::2018,Observation
IND,GC.XPN.OTHR.CN,2018,130600000000.0,observation::IND::GC.XPN.OTHR.CN::2018,Observation
IND,GC.XPN.GSRV.ZS,2018,6.68696880024863,observation::IND::GC.XPN.GSRV.ZS::2018,Observation
IND,GC.TAX.YPKG.ZS,2018,50.1485082690003,observation::IND::GC.TAX.YPKG.ZS::2018,Observation
IND,GC.TAX.TOTL.CN,2018,22712540000000.0,observation::IND::GC.TAX.TOTL.CN::2018,Observation
IND,GC.TAX.INTT.CN,2018,1125000000000.0,observation::IND::GC.TAX.INTT.CN::2018,Observation
IND,GC.TAX.GSRV.RV.ZS,2018,40.8673498831382,observation::IND::GC.TAX.GSRV.RV.ZS::2018,Observation
IND,GC.REV.XGRT.GD.ZS,2018,13.1885329486481,observation::IND::GC.REV.XGRT.GD.ZS::2018,Observation
IND,GC.REV.GOTR.ZS,2018,8.86390013689978,observation::IND::GC.REV.GOTR.ZS::2018,Observation
IND,GC.NFN.TOTL.GD.ZS,2018,-0.157198524868855,observation::IND::GC.NFN.TOTL.GD.ZS::2018,Observation
IND,GC.DOD.TOTL.GD.ZS,2018,46.5224986659322,observation::IND::GC.DOD.TOTL.GD.ZS::2018,Observation
IND,GB.XPD.RSDV.GD.ZS,2018,0.66001,observation::IND::GB.XPD.RSDV.GD.ZS::2018,Observation
IND,FP.CPI.TOTL.ZG,2018,3.9388264669163,observation::IND::FP.CPI.TOTL.ZG::2018,Observation
IND,FM.LBL.BMNY.GD.ZS,2018,74.097824604711,observation::IND::FM.LBL.BMNY.GD.ZS::2018,Observation
IND,FM.AST.NFRG.CN,2018,28843157714203.6,observation::IND::FM.AST.NFRG.CN::2018,Observation
IND,IP.PAT.RESD,2018,16289.0,observation::IND::IP.PAT.RESD::2018,Observation
IND,IP.IDS.NRCT,2018,3704.0,observation::IND::IP.IDS.NRCT::2018,Observation
IND,IE.PPN.ENGY.CD,2018,1639510000.0,observation::IND::IE.PPN.ENGY.CD::2018,Observation
IND,IE.PPI.ENGY.CD,2018,1639510000.0,observation::IND::IE.PPI.ENGY.CD::2018,Observation
IND,IC.BUS.NREG,2018,117834.0,observation::IND::IC.BUS.NREG::2018,Observation
IND,GC.XPN.TOTL.CN,2018,29602800000000.0,observation::IND::GC.XPN.TOTL.CN::2018,Observation
IND,GC.XPN.INTP.RV.ZS,2018,23.011306254749,observation::IND::GC.XPN.INTP.RV.ZS::2018,Observation
IND,GC.XPN.COMP.ZS,2018,9.01664707392544,observation::IND::GC.XPN.COMP.ZS::2018,Observation
IND,GC.TAX.YPKG.CN,2018,11390000000000.0,observation::IND::GC.TAX.YPKG.CN::2018,Observation
IND,GC.TAX.OTHR.CN,2018,90000000.0,observation::IND::GC.TAX.OTHR.CN::2018,Observation
IND,GC.TAX.IMPT.CN,2018,1123880000000.0,observation::IND::GC.TAX.IMPT.CN::2018,Observation
IND,GC.TAX.EXPT.ZS,2018,0.0049311965988832,observation::IND::GC.TAX.EXPT.ZS::2018,Observation
IND,GC.REV.SOCL.ZS,2018,0.113214836473692,observation::IND::GC.REV.SOCL.ZS::2018,Observation
IND,GC.NLD.TOTL.GD.ZS,2018,-2.30328908296065,observation::IND::GC.NLD.TOTL.GD.ZS::2018,Observation
IND,GC.LBL.TOTL.GD.ZS,2018,3.03527546888902,observation::IND::GC.LBL.TOTL.GD.ZS::2018,Observation
IND,GC.AST.TOTL.GD.ZS,2018,0.731938766045379,observation::IND::GC.AST.TOTL.GD.ZS::2018,Observation
IND,FS.AST.PRVT.GD.ZS,2018,38.8975254010362,observation::IND::FS.AST.PRVT.GD.ZS::2018,Observation
IND,IP.TMK.NRCT,2018,44916.0,observation::IND::IP.TMK.NRCT::2018,Observation
IND,IP.IDS.RSCT,2018,8928.0,observation::IND::IP.IDS.RSCT::2018,Observation
IND,GC.XPN.TOTL.GD.ZS,2018,15.6631319151388,observation::IND::GC.XPN.TOTL.GD.ZS::2018,Observation
IND,GC.XPN.INTP.ZS,2018,19.3965097896145,observation::IND::GC.XPN.INTP.ZS::2018,Observation
IND,GC.XPN.GSRV.CN,2018,1979530000000.0,observation::IND::GC.XPN.GSRV.CN::2018,Observation
IND,GC.TAX.YPKG.RV.ZS,2018,45.6466190242604,observation::IND::GC.TAX.YPKG.RV.ZS::2018,Observation
IND,GC.TAX.OTHR.RV.ZS,2018,0.0003606844347834,observation::IND::GC.TAX.OTHR.RV.ZS::2018,Observation
IND,GC.TAX.IMPT.ZS,2018,4.94827967281511,observation::IND::GC.TAX.IMPT.ZS::2018,Observation
IND,GC.TAX.GSRV.CN,2018,10197450000000.0,observation::IND::GC.TAX.GSRV.CN::2018,Observation
IND,GC.REV.XGRT.CN,2018,24925890000000.0,observation::IND::GC.REV.XGRT.CN::2018,Observation
IND,GC.REV.GOTR.CN,2018,2211770000000.0,observation::IND::GC.REV.GOTR.CN::2018,Observation
IND,GC.NFN.TOTL.CN,2018,-297100000000.0,observation::IND::GC.NFN.TOTL.CN::2018,Observation
IND,GC.DOD.TOTL.CN,2018,87925980000000.0,observation::IND::GC.DOD.TOTL.CN::2018,Observation
IND,FS.AST.CGOV.GD.ZS,2018,18.2572316814956,observation::IND::FS.AST.CGOV.GD.ZS::2018,Observation
IND,FM.AST.CGOV.ZG.M3,2018,2.19288935264924,observation::IND::FM.AST.CGOV.ZG.M3::2018,Observation
IND,FI.RES.TOTL.CD,2018,399167159226.682,observation::IND::FI.RES.TOTL.CD::2018,Observation
IND,FB.AST.NPER.ZS,2018,9.46095691207992,observation::IND::FB.AST.NPER.ZS::2018,Observation
IND,ER.H2O.INTR.PC,2018,1051.89718517725,observation::IND::ER.H2O.INTR.PC::2018,Observation
IND,ER.H2O.FWST.ZS,2018,66.49209283,observation::IND::ER.H2O.FWST.ZS::2018,Observation
IND,ER.GDP.FWTL.M3.KD,2018,3.99841663358234,observation::IND::ER.GDP.FWTL.M3.KD::2018,Observation
IND,EN.URB.MCTY.TL.ZS,2018,15.1875894516344,observation::IND::EN.URB.MCTY.TL.ZS::2018,Observation
IND,EN.POP.SLUM.UR.ZS,2018,5.41,observation::IND::EN.POP.SLUM.UR.ZS::2018,Observation
IND,EN.POP.DNST,2018,462.351569862673,observation::IND::EN.POP.DNST::2018,Observation
IND,EN.GHG.N2O.ZG.AR5,2018,91.4189219424537,observation::IND::EN.GHG.N2O.ZG.AR5::2018,Observation
IND,EN.GHG.N2O.MT.CE.AR5,2018,243.8277,observation::IND::EN.GHG.N2O.MT.CE.AR5::2018,Observation
IND,EN.GHG.N2O.BU.MT.CE.AR5,2018,8.1241,observation::IND::EN.GHG.N2O.BU.MT.CE.AR5::2018,Observation
IND,EN.GHG.CO2.PI.MT.CE.AR5,2018,1186.7501,observation::IND::EN.GHG.CO2.PI.MT.CE.AR5::2018,Observation
IND,EN.GHG.CO2.LU.OL.MT.CE.AR5,2018,-307.129,observation::IND::EN.GHG.CO2.LU.OL.MT.CE.AR5::2018,Observation
IND,EN.GHG.CO2.IP.MT.CE.AR5,2018,193.1785,observation::IND::EN.GHG.CO2.IP.MT.CE.AR5::2018,Observation
IND,EN.GHG.CO2.AG.MT.CE.AR5,2018,26.91,observation::IND::EN.GHG.CO2.AG.MT.CE.AR5::2018,Observation
IND,EN.GHG.CH4.PI.MT.CE.AR5,2018,0.8906,observation::IND::EN.GHG.CH4.PI.MT.CE.AR5::2018,Observation
IND,EN.GHG.CH4.FE.MT.CE.AR5,2018,77.4457,observation::IND::EN.GHG.CH4.FE.MT.CE.AR5::2018,Observation
IND,EN.GHG.ALL.MT.CE.AR5,2018,3634.4229,observation::IND::EN.GHG.ALL.MT.CE.AR5::2018,Observation
IND,EG.USE.ELEC.KH.PC,2018,970.834176233242,observation::IND::EG.USE.ELEC.KH.PC::2018,Observation
IND,EG.USE.COMM.CL.ZS,2018,3.59,observation::IND::EG.USE.COMM.CL.ZS::2018,Observation
IND,EG.FEC.RNEW.ZS,2018,32.9,observation::IND::EG.FEC.RNEW.ZS::2018,Observation
IND,EG.ELC.PETR.ZS,2018,0.482469607895545,observation::IND::EG.ELC.PETR.ZS::2018,Observation
IND,EG.ELC.HYRO.ZS,2018,9.40486298534441,observation::IND::EG.ELC.HYRO.ZS::2018,Observation
IND,EG.ELC.ACCS.UR.ZS,2018,99.1,observation::IND::EG.ELC.ACCS.UR.ZS::2018,Observation
IND,EG.CFT.ACCS.UR.ZS,2018,89.3,observation::IND::EG.CFT.ACCS.UR.ZS::2018,Observation
IND,DT.TDS.DPPG.XP.ZS,2018,4.23177882817729,observation::IND::DT.TDS.DPPG.XP.ZS::2018,Observation
IND,DT.TDS.DIMF.CD,2018,5324273.2,observation::IND::DT.TDS.DIMF.CD::2018,Observation
IND,DT.ODA.ODAT.XP.ZS,2018,0.581531664309962,observation::IND::DT.ODA.ODAT.XP.ZS::2018,Observation
IND,DT.ODA.ODAT.GN.ZS,2018,0.0920717165660618,observation::IND::DT.ODA.ODAT.GN.ZS::2018,Observation
IND,FI.RES.XGLD.CD,2018,374425187183.508,observation::IND::FI.RES.XGLD.CD::2018,Observation
IND,FD.RES.LIQU.AS.ZS,2018,5.27608904989349,observation::IND::FD.RES.LIQU.AS.ZS::2018,Observation
IND,FB.CBK.BRCH.P5,2018,14.3005394412252,observation::IND::FB.CBK.BRCH.P5::2018,Observation
IND,ER.PTD.TOTL.ZS,2018,3.5,observation::IND::ER.PTD.TOTL.ZS::2018,Observation
IND,ER.H2O.INTR.K3,2018,1446.0,observation::IND::ER.H2O.INTR.K3::2018,Observation
IND,ER.H2O.FWIN.ZS,2018,2.23390276,observation::IND::ER.H2O.FWIN.ZS::2018,Observation
IND,ER.FSH.PROD.MT,2018,12584084.999,observation::IND::ER.FSH.PROD.MT::2018,Observation
IND,EN.URB.MCTY,2018,208777575.0,observation::IND::EN.URB.MCTY::2018,Observation
IND,EN.MAM.THRD.NO,2018,93.0,observation::IND::EN.MAM.THRD.NO::2018,Observation
IND,EN.GHG.N2O.WA.MT.CE.AR5,2018,16.18,observation::IND::EN.GHG.N2O.WA.MT.CE.AR5::2018,Observation
IND,EN.GHG.N2O.IP.MT.CE.AR5,2018,15.284,observation::IND::EN.GHG.N2O.IP.MT.CE.AR5::2018,Observation
IND,EN.GHG.N2O.AG.MT.CE.AR5,2018,173.8483,observation::IND::EN.GHG.N2O.AG.MT.CE.AR5::2018,Observation
IND,EN.GHG.CO2.TR.MT.CE.AR5,2018,305.6906,observation::IND::EN.GHG.CO2.TR.MT.CE.AR5::2018,Observation
IND,EN.GHG.CO2.PC.CE.AR5,2018,1.85989309419052,observation::IND::EN.GHG.CO2.PC.CE.AR5::2018,Observation
IND,EN.GHG.CO2.LU.MT.CE.AR5,2018,-437.0,observation::IND::EN.GHG.CO2.LU.MT.CE.AR5::2018,Observation
IND,EN.GHG.CO2.IC.MT.CE.AR5,2018,569.7237,observation::IND::EN.GHG.CO2.IC.MT.CE.AR5::2018,Observation
IND,EN.GHG.CH4.ZG.AR5,2018,26.7878618379584,observation::IND::EN.GHG.CH4.ZG.AR5::2018,Observation
IND,EN.GHG.CH4.MT.CE.AR5,2018,782.4685,observation::IND::EN.GHG.CH4.MT.CE.AR5::2018,Observation
IND,EN.GHG.CH4.BU.MT.CE.AR5,2018,37.6524,observation::IND::EN.GHG.CH4.BU.MT.CE.AR5::2018,Observation
IND,EN.GHG.ALL.LU.MT.CE.AR5,2018,3197.4229,observation::IND::EN.GHG.ALL.LU.MT.CE.AR5::2018,Observation
IND,EN.BIR.THRD.NO,2018,93.0,observation::IND::EN.BIR.THRD.NO::2018,Observation
IND,EG.USE.CRNW.ZS,2018,20.7274664779241,observation::IND::EG.USE.CRNW.ZS::2018,Observation
IND,EG.IMP.CONS.ZS,2018,37.5843467719926,observation::IND::EG.IMP.CONS.ZS::2018,Observation
IND,EG.ELC.RNWX.ZS,2018,5.60539679737644,observation::IND::EG.ELC.RNWX.ZS::2018,Observation
IND,EG.ELC.NUCL.ZS,2018,2.35031445680834,observation::IND::EG.ELC.NUCL.ZS::2018,Observation
IND,EG.ELC.FOSL.ZS,2018,79.7155778881978,observation::IND::EG.ELC.FOSL.ZS::2018,Observation
IND,EG.ELC.ACCS.RU.ZS,2018,93.9,observation::IND::EG.ELC.ACCS.RU.ZS::2018,Observation
IND,EG.CFT.ACCS.RU.ZS,2018,41.1,observation::IND::EG.CFT.ACCS.RU.ZS::2018,Observation
IND,DT.TDS.DPPG.GN.ZS,2018,0.883743032692606,observation::IND::DT.TDS.DPPG.GN.ZS::2018,Observation
IND,DT.TDS.DECT.GN.ZS,2018,2.38022646268921,observation::IND::DT.TDS.DECT.GN.ZS::2018,Observation
IND,DT.ODA.ODAT.PC.ZS,2018,1.79098403096161,observation::IND::DT.ODA.ODAT.PC.ZS::2018,Observation
IND,DT.ODA.ODAT.GI.ZS,2018,0.281623402787003,observation::IND::DT.ODA.ODAT.GI.ZS::2018,Observation
IND,DT.ODA.ALLD.KD,2018,2329947509.76563,observation::IND::DT.ODA.ALLD.KD::2018,Observation
IND,FM.LBL.BMNY.ZG,2018,10.5196199752058,observation::IND::FM.LBL.BMNY.ZG::2018,Observation
IND,FM.AST.PRVT.ZG.M3,2018,6.53535079789627,observation::IND::FM.AST.PRVT.ZG.M3::2018,Observation
IND,FM.AST.DOMO.ZG.M3,2018,10.84122136189,observation::IND::FM.AST.DOMO.ZG.M3::2018,Observation
IND,FI.RES.TOTL.DT.ZS,2018,76.5897509037981,observation::IND::FI.RES.TOTL.DT.ZS::2018,Observation
IND,FB.ATM.TOTL.P5,2018,21.404424376759,observation::IND::FB.ATM.TOTL.P5::2018,Observation
IND,ER.LND.PTLD.ZS,2018,6.0,observation::IND::ER.LND.PTLD.ZS::2018,Observation
IND,ER.H2O.FWTL.K3,2018,647.5,observation::IND::ER.H2O.FWTL.K3::2018,Observation
IND,ER.H2O.FWAG.ZS,2018,90.40735874,observation::IND::ER.H2O.FWAG.ZS::2018,Observation
IND,ER.FSH.AQUA.MT,2018,7247902.0,observation::IND::ER.FSH.AQUA.MT::2018,Observation
IND,EN.URB.LCTY,2018,28513682.0,observation::IND::EN.URB.LCTY::2018,Observation
IND,EN.GHG.TOT.ZG.AR5,2018,168.490076405128,observation::IND::EN.GHG.TOT.ZG.AR5::2018,Observation
IND,EN.GHG.N2O.PI.MT.CE.AR5,2018,18.7906,observation::IND::EN.GHG.N2O.PI.MT.CE.AR5::2018,Observation
IND,EN.GHG.N2O.FE.MT.CE.AR5,2018,0.1761,observation::IND::EN.GHG.N2O.FE.MT.CE.AR5::2018,Observation
IND,EN.GHG.CO2.ZG.AR5,2018,325.636577272603,observation::IND::EN.GHG.CO2.ZG.AR5::2018,Observation
IND,EN.GHG.CO2.RT.GDP.KD,2018,0.987541064279464,observation::IND::EN.GHG.CO2.RT.GDP.KD::2018,Observation
IND,EN.GHG.CO2.LU.OS.MT.CE.AR5,2018,0.0,observation::IND::EN.GHG.CO2.LU.OS.MT.CE.AR5::2018,Observation
IND,EN.GHG.CO2.LU.DF.MT.CE.AR5,2018,14.932,observation::IND::EN.GHG.CO2.LU.DF.MT.CE.AR5::2018,Observation
IND,EN.GHG.CO2.BU.MT.CE.AR5,2018,179.4651,observation::IND::EN.GHG.CO2.BU.MT.CE.AR5::2018,Observation
IND,EN.GHG.CH4.TR.MT.CE.AR5,2018,1.778,observation::IND::EN.GHG.CH4.TR.MT.CE.AR5::2018,Observation
IND,EN.GHG.CH4.IC.MT.CE.AR5,2018,3.4375,observation::IND::EN.GHG.CH4.IC.MT.CE.AR5::2018,Observation
IND,EN.GHG.ALL.PC.CE.AR5,2018,2.64387221179375,observation::IND::EN.GHG.ALL.PC.CE.AR5::2018,Observation
IND,EG.USE.PCAP.KG.OE,2018,668.303370218852,observation::IND::EG.USE.PCAP.KG.OE::2018,Observation
IND,EG.USE.COMM.FO.ZS,2018,0.0,observation::IND::EG.USE.COMM.FO.ZS::2018,Observation
IND,EG.GDP.PUSE.KO.PP,2018,10.0477817380729,observation::IND::EG.GDP.PUSE.KO.PP::2018,Observation
IND,EG.ELC.RNEW.ZS,2018,15.0102597827208,observation::IND::EG.ELC.RNEW.ZS::2018,Observation
IND,EG.ELC.LOSS.ZS,2018,16.7930129549492,observation::IND::EG.ELC.LOSS.ZS::2018,Observation
IND,EG.ELC.ACCS.ZS,2018,95.7,observation::IND::EG.ELC.ACCS.ZS::2018,Observation
IND,EG.CFT.ACCS.ZS,2018,59.0,observation::IND::EG.CFT.ACCS.ZS::2018,Observation
IND,DT.TDS.MLAT.CD,2018,4679452087.3,observation::IND::DT.TDS.MLAT.CD::2018,Observation
IND,DT.TDS.DPPF.XP.ZS,2018,4.23273227574918,observation::IND::DT.TDS.DPPF.XP.ZS::2018,Observation
IND,DT.TDS.DECT.CD,2018,63647119390.1,observation::IND::DT.TDS.DECT.CD::2018,Observation
IND,DT.ODA.ODAT.KD,2018,2329947509.76563,observation::IND::DT.ODA.ODAT.KD::2018,Observation
IND,FR.INR.LEND,2018,9.45416666666667,observation::IND::FR.INR.LEND::2018,Observation
IND,FP.CPI.TOTL,2018,165.451068899504,observation::IND::FP.CPI.TOTL::2018,Observation
IND,FM.LBL.BMNY.CN,2018,140042431749442.0,observation::IND::FM.LBL.BMNY.CN::2018,Observation
IND,FM.AST.DOMS.CN,2018,151068049506330.0,observation::IND::FM.AST.DOMS.CN::2018,Observation
IND,FI.RES.TOTL.MO,2018,6.90105548512364,observation::IND::FI.RES.TOTL.MO::2018,Observation
IND,FD.AST.PRVT.GD.ZS,2018,38.8975254010362,observation::IND::FD.AST.PRVT.GD.ZS::2018,Observation
IND,FB.BNK.CAPA.ZS,2018,6.89425620584035,observation::IND::FB.BNK.CAPA.ZS::2018,Observation
IND,ER.MRN.PTMR.ZS,2018,0.2,observation::IND::ER.MRN.PTMR.ZS::2018,Observation
IND,ER.H2O.FWTL.ZS,2018,44.7786998616874,observation::IND::ER.H2O.FWTL.ZS::2018,Observation
IND,ER.H2O.FWDM.ZS,2018,7.358738502,observation::IND::ER.H2O.FWDM.ZS::2018,Observation
IND,ER.FSH.CAPT.MT,2018,5336182.999,observation::IND::ER.FSH.CAPT.MT::2018,Observation
IND,EN.URB.LCTY.UR.ZS,2018,6.19204037145898,observation::IND::EN.URB.LCTY.UR.ZS::2018,Observation
IND,EN.HPT.THRD.NO,2018,396.0,observation::IND::EN.HPT.THRD.NO::2018,Observation
IND,EN.GHG.N2O.TR.MT.CE.AR5,2018,6.8316,observation::IND::EN.GHG.N2O.TR.MT.CE.AR5::2018,Observation
IND,EN.GHG.N2O.IC.MT.CE.AR5,2018,4.5931,observation::IND::EN.GHG.N2O.IC.MT.CE.AR5::2018,Observation
IND,EN.GHG.FGAS.IP.MT.CE.AR5,2018,51.4078,observation::IND::EN.GHG.FGAS.IP.MT.CE.AR5::2018,Observation
IND,EN.GHG.CO2.RT.GDP.PP.KD,2018,0.241095564251582,observation::IND::EN.GHG.CO2.RT.GDP.PP.KD::2018,Observation
IND,EN.GHG.CO2.MT.CE.AR5,2018,2556.7189,observation::IND::EN.GHG.CO2.MT.CE.AR5::2018,Observation
IND,EN.GHG.CO2.LU.FL.MT.CE.AR5,2018,-144.803,observation::IND::EN.GHG.CO2.LU.FL.MT.CE.AR5::2018,Observation
IND,EN.GHG.CO2.FE.MT.CE.AR5,2018,95.0009,observation::IND::EN.GHG.CO2.FE.MT.CE.AR5::2018,Observation
IND,EN.GHG.CH4.WA.MT.CE.AR5,2018,120.9868,observation::IND::EN.GHG.CH4.WA.MT.CE.AR5::2018,Observation
IND,EN.GHG.CH4.IP.MT.CE.AR5,2018,0.3283,observation::IND::EN.GHG.CH4.IP.MT.CE.AR5::2018,Observation
IND,EN.GHG.CH4.AG.MT.CE.AR5,2018,539.9492,observation::IND::EN.GHG.CH4.AG.MT.CE.AR5::2018,Observation
IND,EN.FSH.THRD.NO,2018,227.0,observation::IND::EN.FSH.THRD.NO::2018,Observation
IND,EN.ATM.PM25.MC.M3,2018,68.1209525065052,observation::IND::EN.ATM.PM25.MC.M3::2018,Observation
IND,EG.USE.COMM.GD.PP.KD,2018,86.6313115723863,observation::IND::EG.USE.COMM.GD.PP.KD::2018,Observation
IND,EG.GDP.PUSE.KO.PP.KD,2018,11.5431704986301,observation::IND::EG.GDP.PUSE.KO.PP.KD::2018,Observation
IND,EG.ELC.RNWX.KH,2018,90179960000.0,observation::IND::EG.ELC.RNWX.KH::2018,Observation
IND,EG.ELC.NGAS.ZS,2018,4.23867141221502,observation::IND::EG.ELC.NGAS.ZS::2018,Observation
IND,EG.ELC.COAL.ZS,2018,74.9944368680873,observation::IND::EG.ELC.COAL.ZS::2018,Observation
IND,EG.EGY.PRIM.PP.KD,2018,4.41,observation::IND::EG.EGY.PRIM.PP.KD::2018,Observation
IND,DT.TDS.MLAT.PG.ZS,2018,19.8019759445167,observation::IND::DT.TDS.MLAT.PG.ZS::2018,Observation
IND,DT.TDS.DPPG.CD,2018,23631238116.9,observation::IND::DT.TDS.DPPG.CD::2018,Observation
IND,DT.TDS.DECT.EX.ZS,2018,11.3976479343618,observation::IND::DT.TDS.DECT.EX.ZS::2018,Observation
IND,DT.ODA.ODAT.MP.ZS,2018,0.354704079522774,observation::IND::DT.ODA.ODAT.MP.ZS::2018,Observation
IND,DT.ODA.ODAT.CD,2018,2461992431.64063,observation::IND::DT.ODA.ODAT.CD::2018,Observation
IND,SM.POP.RHCR.EO,2019,11787.0,observation::IND::SM.POP.RHCR.EO::2019,Observation
IND,SM.POP.NETM,2019,-978969.0,observation::IND::SM.POP.NETM::2019,Observation
IND,SM.POP.ASYS.EA,2019,12202.0,observation::IND::SM.POP.ASYS.EA::2019,Observation
IND,SL.UEM.TOTL.ZS,2019,6.51,observation::IND::SL.UEM.TOTL.ZS::2019,Observation
IND,SL.UEM.TOTL.FE.ZS,2019,6.073,observation::IND::SL.UEM.TOTL.FE.ZS::2019,Observation
IND,SL.UEM.NEET.MA.ZS,2019,16.032,observation::IND::SL.UEM.NEET.MA.ZS::2019,Observation
IND,SL.UEM.INTM.ZS,2019,10.309,observation::IND::SL.UEM.INTM.ZS::2019,Observation
IND,SL.UEM.BASC.MA.ZS,2019,5.21,observation::IND::SL.UEM.BASC.MA.ZS::2019,Observation
IND,SL.UEM.ADVN.FE.ZS,2019,22.577,observation::IND::SL.UEM.ADVN.FE.ZS::2019,Observation
IND,SL.UEM.1524.MA.NE.ZS,2019,22.579,observation::IND::SL.UEM.1524.MA.NE.ZS::2019,Observation
IND,SL.TLF.TOTL.FE.ZS,2019,24.6620426287145,observation::IND::SL.TLF.TOTL.FE.ZS::2019,Observation
IND,SL.TLF.INTM.ZS,2019,42.619,observation::IND::SL.TLF.INTM.ZS::2019,Observation
IND,SL.TLF.CACT.NE.ZS,2019,49.351,observation::IND::SL.TLF.CACT.NE.ZS::2019,Observation
IND,SL.TLF.CACT.FM.NE.ZS,2019,32.2398068669528,observation::IND::SL.TLF.CACT.FM.NE.ZS::2019,Observation
IND,SL.TLF.BASC.MA.ZS,2019,74.541,observation::IND::SL.TLF.BASC.MA.ZS::2019,Observation
IND,SL.TLF.ADVN.FE.ZS,2019,34.451,observation::IND::SL.TLF.ADVN.FE.ZS::2019,Observation
IND,SL.TLF.ACTI.1524.ZS,2019,29.294,observation::IND::SL.TLF.ACTI.1524.ZS::2019,Observation
IND,SL.TLF.ACTI.1524.FE.ZS,2019,13.098,observation::IND::SL.TLF.ACTI.1524.FE.ZS::2019,Observation
IND,SL.GDP.PCAP.EM.KD,2019,22173.166446182,observation::IND::SL.GDP.PCAP.EM.KD::2019,Observation
IND,SL.EMP.WORK.MA.ZS,2019,23.4988115844927,observation::IND::SL.EMP.WORK.MA.ZS::2019,Observation
IND,SL.EMP.VULN.FE.ZS,2019,78.9990198822869,observation::IND::SL.EMP.VULN.FE.ZS::2019,Observation
IND,SL.EMP.TOTL.SP.MA.NE.ZS,2019,69.6,observation::IND::SL.EMP.TOTL.SP.MA.NE.ZS::2019,Observation
IND,SL.EMP.SELF.ZS,2019,77.2255694358724,observation::IND::SL.EMP.SELF.ZS::2019,Observation
IND,SL.EMP.MPYR.MA.ZS,2019,2.54829256261402,observation::IND::SL.EMP.MPYR.MA.ZS::2019,Observation
IND,SL.EMP.1524.SP.MA.ZS,2019,33.917,observation::IND::SL.EMP.1524.SP.MA.ZS::2019,Observation
IND,SL.AGR.EMPL.ZS,2019,40.6518149993227,observation::IND::SL.AGR.EMPL.ZS::2019,Observation
IND,SI.RMT.COST.IB.ZS,2019,2.190416,observation::IND::SI.RMT.COST.IB.ZS::2019,Observation
IND,SH_UHC_SCI_RMNCH,2019,71.0,observation::IND::SH_UHC_SCI_RMNCH::2019,Observation
IND,SH_UHC_SCI,2019,65.0,observation::IND::SH_UHC_SCI::2019,Observation
IND,SH.XPD.PVTD.CH.ZS,2019,64.37737274,observation::IND::SH.XPD.PVTD.CH.ZS::2019,Observation
IND,SH.XPD.GHED.PP.CD,2019,74.0479175295666,observation::IND::SH.XPD.GHED.PP.CD::2019,Observation
IND,SH.XPD.GHED.CH.ZS,2019,35.0661087,observation::IND::SH.XPD.GHED.CH.ZS::2019,Observation
IND,SH.XPD.CHEX.PP.CD,2019,211.166615797198,observation::IND::SH.XPD.CHEX.PP.CD::2019,Observation
IND,SH.TBS.INCD,2019,202.0,observation::IND::SH.TBS.INCD::2019,Observation
IND,DT.DOD.DSTC.ZS,2019,19.0331,observation::IND::DT.DOD.DSTC.ZS::2019,Observation
IND,DT.DOD.DPPG.CD,2019,192007477543.8,observation::IND::DT.DOD.DPPG.CD::2019,Observation
IND,DT.DOD.DECT.GN.ZS,2019,19.9766366353145,observation::IND::DT.DOD.DECT.GN.ZS::2019,Observation
IND,DC.DAC.TOTL.CD,2019,3058472736.69415,observation::IND::DC.DAC.TOTL.CD::2019,Observation
IND,DC.DAC.PRTL.CD,2019,404803.991317749,observation::IND::DC.DAC.PRTL.CD::2019,Observation
IND,DC.DAC.NLDL.CD,2019,2557296.99134827,observation::IND::DC.DAC.NLDL.CD::2019,Observation
IND,DC.DAC.JPNL.CD,2019,1794767456.05469,observation::IND::DC.DAC.JPNL.CD::2019,Observation
IND,DC.DAC.HUNL.CD,2019,3999213.9339447,observation::IND::DC.DAC.HUNL.CD::2019,Observation
IND,DC.DAC.FINL.CD,2019,964393.973350525,observation::IND::DC.DAC.FINL.CD::2019,Observation
IND,DC.DAC.DEUL.CD,2019,555500488.28125,observation::IND::DC.DAC.DEUL.CD::2019,Observation
IND,SL.UEM.TOTL.FE.NE.ZS,2019,6.072,observation::IND::SL.UEM.TOTL.FE.NE.ZS::2019,Observation
IND,SL.UEM.NEET.MA.ME.ZS,2019,15.818,observation::IND::SL.UEM.NEET.MA.ME.ZS::2019,Observation
IND,SL.UEM.INTM.MA.ZS,2019,9.857,observation::IND::SL.UEM.INTM.MA.ZS::2019,Observation
IND,SL.UEM.BASC.FE.ZS,2019,3.681,observation::IND::SL.UEM.BASC.FE.ZS::2019,Observation
IND,SL.UEM.1524.ZS,2019,22.947,observation::IND::SL.UEM.1524.ZS::2019,Observation
IND,SL.UEM.1524.FE.ZS,2019,23.192,observation::IND::SL.UEM.1524.FE.ZS::2019,Observation
IND,SL.TLF.PART.ZS,2019,14.44,observation::IND::SL.TLF.PART.ZS::2019,Observation
IND,SL.TLF.INTM.MA.ZS,2019,62.236,observation::IND::SL.TLF.INTM.MA.ZS::2019,Observation
IND,SL.TLF.CACT.MA.ZS,2019,76.613,observation::IND::SL.TLF.CACT.MA.ZS::2019,Observation
IND,SL.TLF.CACT.FE.ZS,2019,26.539,observation::IND::SL.TLF.CACT.FE.ZS::2019,Observation
IND,SL.TLF.BASC.FE.ZS,2019,19.701,observation::IND::SL.TLF.BASC.FE.ZS::2019,Observation
IND,SL.TLF.ACTI.ZS,2019,55.026,observation::IND::SL.TLF.ACTI.ZS::2019,Observation
IND,SL.TLF.ACTI.1524.NE.ZS,2019,28.175,observation::IND::SL.TLF.ACTI.1524.NE.ZS::2019,Observation
IND,SL.TLF.ACTI.1524.FE.NE.ZS,2019,12.055,observation::IND::SL.TLF.ACTI.1524.FE.NE.ZS::2019,Observation
IND,SL.SRV.EMPL.ZS,2019,34.0970739669082,observation::IND::SL.SRV.EMPL.ZS::2019,Observation
IND,SL.IND.EMPL.ZS,2019,25.251113046721,observation::IND::SL.IND.EMPL.ZS::2019,Observation
IND,SL.FAM.WORK.ZS,2019,15.8592357120606,observation::IND::SL.FAM.WORK.ZS::2019,Observation
IND,SL.EMP.WORK.FE.ZS,2019,20.5752756327697,observation::IND::SL.EMP.WORK.FE.ZS::2019,Observation
IND,SL.EMP.TOTL.SP.ZS,2019,48.88,observation::IND::SL.EMP.TOTL.SP.ZS::2019,Observation
IND,SL.EMP.TOTL.SP.FE.ZS,2019,24.928,observation::IND::SL.EMP.TOTL.SP.FE.ZS::2019,Observation
IND,SL.EMP.SELF.MA.ZS,2019,76.5011926971021,observation::IND::SL.EMP.SELF.MA.ZS::2019,Observation
IND,SL.EMP.MPYR.FE.ZS,2019,0.425706109766538,observation::IND::SL.EMP.MPYR.FE.ZS::2019,Observation
IND,SL.EMP.1524.SP.MA.NE.ZS,2019,33.378,observation::IND::SL.EMP.1524.SP.MA.NE.ZS::2019,Observation
IND,SL.AGR.EMPL.MA.ZS,2019,36.7825476305687,observation::IND::SL.AGR.EMPL.MA.ZS::2019,Observation
IND,SH_UHC_SCI_NCD,2019,51.0,observation::IND::SH_UHC_SCI_NCD::2019,Observation
IND,SH.XPD.OOPC.PP.CD,2019,109.81553103085,observation::IND::SH.XPD.OOPC.PP.CD::2019,Observation
IND,SH.XPD.GHED.PC.CD,2019,21.28210144,observation::IND::SH.XPD.GHED.PC.CD::2019,Observation
IND,SH.XPD.EHEX.PP.CD,2019,1.17518379548348,observation::IND::SH.XPD.EHEX.PP.CD::2019,Observation
IND,SH.XPD.CHEX.PC.CD,2019,60.6913681,observation::IND::SH.XPD.CHEX.PC.CD::2019,Observation
IND,DC.DAC.SWEL.CD,2019,5377735.13793945,observation::IND::DC.DAC.SWEL.CD::2019,Observation
IND,DC.DAC.POLL.CD,2019,7565409.1835022,observation::IND::DC.DAC.POLL.CD::2019,Observation
IND,DC.DAC.LUXL.CD,2019,1713732.95783997,observation::IND::DC.DAC.LUXL.CD::2019,Observation
IND,DC.DAC.ITAL.CD,2019,16689416.885376,observation::IND::DC.DAC.ITAL.CD::2019,Observation
IND,DC.DAC.GRCL.CD,2019,2438.99994529784,observation::IND::DC.DAC.GRCL.CD::2019,Observation
IND,DC.DAC.CZEL.CD,2019,120150.998234749,observation::IND::DC.DAC.CZEL.CD::2019,Observation
IND,DC.DAC.BELL.CD,2019,1141584.03873444,observation::IND::DC.DAC.BELL.CD::2019,Observation
IND,CM.MKT.TRAD.GD.ZS,2019,42.5844493468453,observation::IND::CM.MKT.TRAD.GD.ZS::2019,Observation
IND,CM.MKT.LCAP.CD,2019,2162702910000.0,observation::IND::CM.MKT.LCAP.CD::2019,Observation
IND,BX.TRF.PWKR.CD,2019,77978955987.5146,observation::IND::BX.TRF.PWKR.CD::2019,Observation
IND,SM.POP.ASYS.EO,2019,65965.0,observation::IND::SM.POP.ASYS.EO::2019,Observation
IND,SL.UEM.TOTL.MA.NE.ZS,2019,6.652,observation::IND::SL.UEM.TOTL.MA.NE.ZS::2019,Observation
IND,SL.UEM.NEET.ME.ZS,2019,29.896,observation::IND::SL.UEM.NEET.ME.ZS::2019,Observation
IND,SL.UEM.NEET.FE.ME.ZS,2019,45.42,observation::IND::SL.UEM.NEET.FE.ME.ZS::2019,Observation
IND,SL.UEM.BASC.ZS,2019,4.937,observation::IND::SL.UEM.BASC.ZS::2019,Observation
IND,SL.UEM.ADVN.MA.ZS,2019,13.56,observation::IND::SL.UEM.ADVN.MA.ZS::2019,Observation
IND,SL.UEM.1524.MA.ZS,2019,22.881,observation::IND::SL.UEM.1524.MA.ZS::2019,Observation
IND,SL.TLF.TOTL.IN,2019,531373378.0,observation::IND::SL.TLF.TOTL.IN::2019,Observation
IND,SL.TLF.PART.FE.ZS,2019,28.1,observation::IND::SL.TLF.PART.FE.ZS::2019,Observation
IND,SL.TLF.CACT.ZS,2019,52.284,observation::IND::SL.TLF.CACT.ZS::2019,Observation
IND,SL.TLF.CACT.FM.ZS,2019,34.6403351911556,observation::IND::SL.TLF.CACT.FM.ZS::2019,Observation
IND,SL.TLF.BASC.ZS,2019,49.772,observation::IND::SL.TLF.BASC.ZS::2019,Observation
IND,SL.TLF.ADVN.MA.ZS,2019,81.809,observation::IND::SL.TLF.ADVN.MA.ZS::2019,Observation
IND,SL.TLF.ACTI.FE.ZS,2019,28.268,observation::IND::SL.TLF.ACTI.FE.ZS::2019,Observation
IND,SL.TLF.ACTI.1524.MA.NE.ZS,2019,43.112,observation::IND::SL.TLF.ACTI.1524.MA.NE.ZS::2019,Observation
IND,SL.SRV.EMPL.FE.ZS,2019,28.2372163599909,observation::IND::SL.SRV.EMPL.FE.ZS::2019,Observation
IND,SL.IND.EMPL.FE.ZS,2019,19.3641785605013,observation::IND::SL.IND.EMPL.FE.ZS::2019,Observation
IND,SL.FAM.WORK.FE.ZS,2019,35.9547388280753,observation::IND::SL.FAM.WORK.FE.ZS::2019,Observation
IND,SL.EMP.WORK.ZS,2019,22.7744331809652,observation::IND::SL.EMP.WORK.ZS::2019,Observation
IND,SL.EMP.VULN.MA.ZS,2019,73.9528913036989,observation::IND::SL.EMP.VULN.MA.ZS::2019,Observation
IND,SL.EMP.TOTL.SP.MA.ZS,2019,71.516,observation::IND::SL.EMP.TOTL.SP.MA.ZS::2019,Observation
IND,SL.EMP.SMGT.FE.ZS,2019,17.001,observation::IND::SL.EMP.SMGT.FE.ZS::2019,Observation
IND,SL.EMP.MPYR.ZS,2019,2.0223691337621,observation::IND::SL.EMP.MPYR.ZS::2019,Observation
IND,SL.EMP.1524.SP.NE.ZS,2019,21.782,observation::IND::SL.EMP.1524.SP.NE.ZS::2019,Observation
IND,SL.EMP.1524.SP.FE.NE.ZS,2019,9.269,observation::IND::SL.EMP.1524.SP.FE.NE.ZS::2019,Observation
IND,SH_UHC_SCI_CAPACITY,2019,70.0,observation::IND::SH_UHC_SCI_CAPACITY::2019,Observation
IND,SH.XPD.PVTD.PC.CD,2019,39.07150655,observation::IND::SH.XPD.PVTD.PC.CD::2019,Observation
IND,SH.XPD.OOPC.CH.ZS,2019,52.00421143,observation::IND::SH.XPD.OOPC.CH.ZS::2019,Observation
IND,SH.XPD.GHED.GD.ZS,2019,1.03550148,observation::IND::SH.XPD.GHED.GD.ZS::2019,Observation
IND,DT.NFL.IFAD.CD,2019,44426841.7358398,observation::IND::DT.NFL.IFAD.CD::2019,Observation
IND,DT.DOD.MIBR.CD,2019,14790918000.0,observation::IND::DT.DOD.MIBR.CD::2019,Observation
IND,DT.DOD.DSTC.CD,2019,106779537000.0,observation::IND::DT.DOD.DSTC.CD::2019,Observation
IND,DT.DOD.DIMF.CD,2019,5501236937.5,observation::IND::DT.DOD.DIMF.CD::2019,Observation
IND,DC.DAC.USAL.CD,2019,72198707.5805664,observation::IND::DC.DAC.USAL.CD::2019,Observation
IND,DC.DAC.NORL.CD,2019,13702917.098999,observation::IND::DC.DAC.NORL.CD::2019,Observation
IND,DC.DAC.KORL.CD,2019,3170634.03129578,observation::IND::DC.DAC.KORL.CD::2019,Observation
IND,DC.DAC.IRLL.CD,2019,1034651.04103088,observation::IND::DC.DAC.IRLL.CD::2019,Observation
IND,SL.UEM.TOTL.MA.ZS,2019,6.653,observation::IND::SL.UEM.TOTL.MA.ZS::2019,Observation
IND,SL.UEM.NEET.ZS,2019,31.195,observation::IND::SL.UEM.NEET.ZS::2019,Observation
IND,SL.UEM.NEET.FE.ZS,2019,47.568,observation::IND::SL.UEM.NEET.FE.ZS::2019,Observation
IND,SL.UEM.INTM.FE.ZS,2019,12.778,observation::IND::SL.UEM.INTM.FE.ZS::2019,Observation
IND,SL.UEM.ADVN.ZS,2019,15.73,observation::IND::SL.UEM.ADVN.ZS::2019,Observation
IND,SL.UEM.1524.NE.ZS,2019,22.689,observation::IND::SL.UEM.1524.NE.ZS::2019,Observation
IND,SL.UEM.1524.FE.NE.ZS,2019,23.112,observation::IND::SL.UEM.1524.FE.NE.ZS::2019,Observation
IND,SL.TLF.PART.MA.ZS,2019,10.03,observation::IND::SL.TLF.PART.MA.ZS::2019,Observation
IND,SL.TLF.INTM.FE.ZS,2019,15.68,observation::IND::SL.TLF.INTM.FE.ZS::2019,Observation
IND,SL.TLF.CACT.MA.NE.ZS,2019,74.56,observation::IND::SL.TLF.CACT.MA.NE.ZS::2019,Observation
IND,SL.TLF.CACT.FE.NE.ZS,2019,24.038,observation::IND::SL.TLF.CACT.FE.NE.ZS::2019,Observation
IND,SL.TLF.ADVN.ZS,2019,61.446,observation::IND::SL.TLF.ADVN.ZS::2019,Observation
IND,SL.TLF.ACTI.MA.ZS,2019,79.928,observation::IND::SL.TLF.ACTI.MA.ZS::2019,Observation
IND,SL.TLF.ACTI.1524.MA.ZS,2019,43.981,observation::IND::SL.TLF.ACTI.1524.MA.ZS::2019,Observation
IND,SL.SRV.EMPL.MA.ZS,2019,36.0272491401855,observation::IND::SL.SRV.EMPL.MA.ZS::2019,Observation
IND,SL.IND.EMPL.MA.ZS,2019,27.1902032292458,observation::IND::SL.IND.EMPL.MA.ZS::2019,Observation
IND,SL.FAM.WORK.MA.ZS,2019,9.23999305396876,observation::IND::SL.FAM.WORK.MA.ZS::2019,Observation
IND,SL.EMP.VULN.ZS,2019,75.2031954710256,observation::IND::SL.EMP.VULN.ZS::2019,Observation
IND,SL.EMP.TOTL.SP.NE.ZS,2019,46.138,observation::IND::SL.EMP.TOTL.SP.NE.ZS::2019,Observation
IND,SL.EMP.TOTL.SP.FE.NE.ZS,2019,22.578,observation::IND::SL.EMP.TOTL.SP.FE.NE.ZS::2019,Observation
IND,SL.EMP.SELF.FE.ZS,2019,79.4247186803492,observation::IND::SL.EMP.SELF.FE.ZS::2019,Observation
IND,SL.EMP.1524.SP.ZS,2019,22.572,observation::IND::SL.EMP.1524.SP.ZS::2019,Observation
IND,SL.EMP.1524.SP.FE.ZS,2019,10.06,observation::IND::SL.EMP.1524.SP.FE.ZS::2019,Observation
IND,SL.AGR.EMPL.FE.ZS,2019,52.3986107663891,observation::IND::SL.AGR.EMPL.FE.ZS::2019,Observation
IND,SI.POV.MPUN,2019,16.4,observation::IND::SI.POV.MPUN::2019,Observation
IND,SH_UHC_SCI_ID,2019,69.0,observation::IND::SH_UHC_SCI_ID::2019,Observation
IND,SH.XPD.PVTD.PP.CD,2019,135.943515894963,observation::IND::SH.XPD.PVTD.PP.CD::2019,Observation
IND,SH.XPD.OOPC.PC.CD,2019,31.56206614,observation::IND::SH.XPD.OOPC.PC.CD::2019,Observation
IND,SH.XPD.GHED.GE.ZS,2019,3.84729862,observation::IND::SH.XPD.GHED.GE.ZS::2019,Observation
IND,SH.XPD.EHEX.PC.CD,2019,0.33775941,observation::IND::SH.XPD.EHEX.PC.CD::2019,Observation
IND,SH.XPD.CHEX.GD.ZS,2019,2.95299792,observation::IND::SH.XPD.CHEX.GD.ZS::2019,Observation
IND,SH.TBS.CURE.ZS,2019,84.0,observation::IND::SH.TBS.CURE.ZS::2019,Observation
IND,SH.STA.TRAF.P5,2019,15.6,observation::IND::SH.STA.TRAF.P5::2019,Observation
IND,DT.DOD.MIDA.CD,2019,22017976000.0,observation::IND::DT.DOD.MIDA.CD::2019,Observation
IND,DT.DOD.DSTC.IR.ZS,2019,23.0391523816499,observation::IND::DT.DOD.DSTC.IR.ZS::2019,Observation
IND,DT.DOD.DLXF.CD,2019,448736621543.8,observation::IND::DT.DOD.DLXF.CD::2019,Observation
IND,DC.DAC.NZLL.CD,2019,143077.000975609,observation::IND::DC.DAC.NZLL.CD::2019,Observation
IND,DC.DAC.LTUL.CD,2019,119943.998754025,observation::IND::DC.DAC.LTUL.CD::2019,Observation
IND,DC.DAC.ISLL.CD,2019,48937.0003342628,observation::IND::DC.DAC.ISLL.CD::2019,Observation
IND,DC.DAC.GBRL.CD,2019,137204681.396484,observation::IND::DC.DAC.GBRL.CD::2019,Observation
IND,DC.DAC.ESPL.CD,2019,6055218.21975708,observation::IND::DC.DAC.ESPL.CD::2019,Observation
IND,DC.DAC.CHEL.CD,2019,11813774.1088867,observation::IND::DC.DAC.CHEL.CD::2019,Observation
IND,SH.STA.SUIC.MA.P5,2019,16.47,observation::IND::SH.STA.SUIC.MA.P5::2019,Observation
IND,SH.STA.STNT.ME.MA.ZS,2019,35.6,observation::IND::SH.STA.STNT.ME.MA.ZS::2019,Observation
IND,SH.STA.SMSS.ZS,2019,51.9223137988177,observation::IND::SH.STA.SMSS.ZS::2019,Observation
IND,SH.STA.POIS.P5.FE,2019,0.09,observation::IND::SH.STA.POIS.P5.FE::2019,Observation
IND,SH.STA.OWGH.ME.MA.ZS,2019,2.7,observation::IND::SH.STA.OWGH.ME.MA.ZS::2019,Observation
IND,SH.STA.ODFC.RU.ZS,2019,27.6176726820649,observation::IND::SH.STA.ODFC.RU.ZS::2019,Observation
IND,SH.STA.HYGN.RU.ZS,2019,67.6286880126936,observation::IND::SH.STA.HYGN.RU.ZS::2019,Observation
IND,SH.STA.BASS.RU.ZS,2019,64.1499183384276,observation::IND::SH.STA.BASS.RU.ZS::2019,Observation
IND,SH.STA.AIRP.MA.P5,2019,159.7,observation::IND::SH.STA.AIRP.MA.P5::2019,Observation
IND,SH.SGR.CRSK.ZS,2019,23.8,observation::IND::SH.SGR.CRSK.ZS::2019,Observation
IND,SH.PRG.ANEM,2019,47.2,observation::IND::SH.PRG.ANEM::2019,Observation
IND,SH.MED.PHYS.ZS,2019,0.889,observation::IND::SH.MED.PHYS.ZS::2019,Observation
IND,SH.IMM.MEAS,2019,95.0,observation::IND::SH.IMM.MEAS::2019,Observation
IND,SH.H2O.SMDW.UR.ZS,2019,79.6506622332597,observation::IND::SH.H2O.SMDW.UR.ZS::2019,Observation
IND,SH.H2O.BASW.RU.ZS,2019,90.6038867810118,observation::IND::SH.H2O.BASW.RU.ZS::2019,Observation
IND,SH.DYN.NCOM.MA.ZS,2019,26.7,observation::IND::SH.DYN.NCOM.MA.ZS::2019,Observation
IND,SH.DYN.MORT,2019,34.9,observation::IND::SH.DYN.MORT::2019,Observation
IND,SH.DYN.1519,2019,4.0,observation::IND::SH.DYN.1519::2019,Observation
IND,SH.DTH.NMRT,2019,525925.0,observation::IND::SH.DTH.NMRT::2019,Observation
IND,SH.DTH.IMRT,2019,721385.0,observation::IND::SH.DTH.IMRT::2019,Observation
IND,SH.DTH.1014,2019,68134.0,observation::IND::SH.DTH.1014::2019,Observation
IND,SH.ANM.NPRG.ZS,2019,52.2,observation::IND::SH.ANM.NPRG.ZS::2019,Observation
IND,SH.ALC.PCAP.LI,2019,4.92,observation::IND::SH.ALC.PCAP.LI::2019,Observation
IND,SE.TER.ENRR.FE,2019,30.2734834550521,observation::IND::SE.TER.ENRR.FE::2019,Observation
IND,SE.TER.CUAT.ST.MA.ZS,2019,14.3459350512619,observation::IND::SE.TER.CUAT.ST.MA.ZS::2019,Observation
IND,SE.TER.CUAT.BA.ZS,2019,12.0160398483276,observation::IND::SE.TER.CUAT.BA.ZS::2019,Observation
IND,SE.SEC.TCHR,2019,6103309.0,observation::IND::SE.SEC.TCHR::2019,Observation
IND,DC.DAC.CANL.CD,2019,8000822.06726074,observation::IND::DC.DAC.CANL.CD::2019,Observation
IND,CM.MKT.TRNR,2019,55.8341742,observation::IND::CM.MKT.TRNR::2019,Observation
IND,CM.MKT.LCAP.GD.ZS,2019,76.2695069175453,observation::IND::CM.MKT.LCAP.GD.ZS::2019,Observation
IND,BX.TRF.PWKR.CD.DT,2019,83332078002.3031,observation::IND::BX.TRF.PWKR.CD.DT::2019,Observation
IND,BX.KLT.DINV.WD.GD.ZS,2019,1.78482633957161,observation::IND::BX.KLT.DINV.WD.GD.ZS::2019,Observation
IND,BX.GSR.TOTL.CD,2019,569380732947.818,observation::IND::BX.GSR.TOTL.CD::2019,Observation
IND,BX.GSR.INSF.ZS,2019,3.42157314445289,observation::IND::BX.GSR.INSF.ZS::2019,Observation
IND,BX.GSR.CCIS.ZS,2019,43.95814821332,observation::IND::BX.GSR.CCIS.ZS::2019,Observation
IND,BN.TRF.KOGT.CD,2019,-1155591043.10925,observation::IND::BN.TRF.KOGT.CD::2019,Observation
IND,BN.KLT.DINV.CD,2019,-37469945322.0152,observation::IND::BN.KLT.DINV.CD::2019,Observation
IND,BN.GSR.FCTY.CD,2019,-29377866496.2086,observation::IND::BN.GSR.FCTY.CD::2019,Observation
IND,BM.TRF.PWKR.CD.DT,2019,7531590149.75826,observation::IND::BM.TRF.PWKR.CD.DT::2019,Observation
IND,BM.GSR.TRVL.ZS,2019,17.5546191383322,observation::IND::BM.GSR.TRVL.ZS::2019,Observation
IND,BM.GSR.NFSV.CD,2019,130535200230.311,observation::IND::BM.GSR.NFSV.CD::2019,Observation
IND,BM.GSR.FCTY.CD,2019,52725478976.0263,observation::IND::BM.GSR.FCTY.CD::2019,Observation
IND,AG.SRF.TOTL.K2,2019,3287260.0,observation::IND::AG.SRF.TOTL.K2::2019,Observation
IND,AG.PRD.CREL.MT,2019,323957437.96,observation::IND::AG.PRD.CREL.MT::2019,Observation
IND,AG.LND.PRCP.MM,2019,1083.0,observation::IND::AG.LND.PRCP.MM::2019,Observation
IND,AG.LND.ARBL.HA.PC,2019,0.11185429047714,observation::IND::AG.LND.ARBL.HA.PC::2019,Observation
IND,AG.CON.FERT.ZS,2019,186.456757783084,observation::IND::AG.CON.FERT.ZS::2019,Observation
IND,SH.TBS.DTEC.ZS,2019,77.0,observation::IND::SH.TBS.DTEC.ZS::2019,Observation
IND,SH.STA.WASH.P5,2019,36.4,observation::IND::SH.STA.WASH.P5::2019,Observation
IND,SH.STA.SUIC.FE.P5,2019,11.32,observation::IND::SH.STA.SUIC.FE.P5::2019,Observation
IND,SH.STA.STNT.ME.FE.ZS,2019,33.5,observation::IND::SH.STA.STNT.ME.FE.ZS::2019,Observation
IND,SH.STA.SMSS.UR.ZS,2019,49.490062493638,observation::IND::SH.STA.SMSS.UR.ZS::2019,Observation
IND,SH.STA.POIS.P5,2019,0.16,observation::IND::SH.STA.POIS.P5::2019,Observation
IND,SH.STA.OWGH.ME.FE.ZS,2019,2.4,observation::IND::SH.STA.OWGH.ME.FE.ZS::2019,Observation
IND,SH.STA.AIRP.FE.P5,2019,119.9,observation::IND::SH.STA.AIRP.FE.P5::2019,Observation
IND,SH.MMR.RISK.ZS,2019,0.21120860015659,observation::IND::SH.MMR.RISK.ZS::2019,Observation
IND,SH.IMM.IDPT,2019,91.0,observation::IND::SH.IMM.IDPT::2019,Observation
IND,SH.H2O.SMDW.RU.ZS,2019,61.7693074255304,observation::IND::SH.H2O.SMDW.RU.ZS::2019,Observation
IND,SH.DYN.NCOM.FE.ZS,2019,20.6,observation::IND::SH.DYN.NCOM.FE.ZS::2019,Observation
IND,SH.DYN.1014,2019,2.7,observation::IND::SH.DYN.1014::2019,Observation
IND,SH.DTH.NCOM.ZS,2019,67.8171315530812,observation::IND::SH.DTH.NCOM.ZS::2019,Observation
IND,SH.DTH.COMM.ZS,2019,21.7558305034359,observation::IND::SH.DTH.COMM.ZS::2019,Observation
IND,SH.DTH.0509,2019,65248.0,observation::IND::SH.DTH.0509::2019,Observation
IND,SH.ANM.CHLD.ZS,2019,53.4,observation::IND::SH.ANM.CHLD.ZS::2019,Observation
IND,SH.ALC.PCAP.FE.LI,2019,1.56,observation::IND::SH.ALC.PCAP.FE.LI::2019,Observation
IND,SG.TIM.UWRK.MA,2019,2.84722,observation::IND::SG.TIM.UWRK.MA::2019,Observation
IND,SE.TER.ENRR,2019,29.0233593907143,observation::IND::SE.TER.ENRR::2019,Observation
IND,SE.TER.CUAT.ST.FE.ZS,2019,9.44995251780344,observation::IND::SE.TER.CUAT.ST.FE.ZS::2019,Observation
IND,SE.TER.CUAT.BA.MA.ZS,2019,14.9449796676636,observation::IND::SE.TER.CUAT.BA.MA.ZS::2019,Observation
IND,SE.SEC.TCAQ.ZS,2019,75.5670735333898,observation::IND::SE.SEC.TCAQ.ZS::2019,Observation
IND,BX.KLT.DINV.CD.WD,2019,50610647353.5911,observation::IND::BX.KLT.DINV.CD.WD::2019,Observation
IND,BX.GSR.ROYL.CD,2019,871605164.428632,observation::IND::BX.GSR.ROYL.CD::2019,Observation
IND,BX.GSR.GNFS.CD,2019,546033120468.0,observation::IND::BX.GSR.GNFS.CD::2019,Observation
IND,BX.GSR.CCIS.CD,2019,94405195913.7423,observation::IND::BX.GSR.CCIS.CD::2019,Observation
IND,BN.TRF.CURR.CD,2019,73066673168.4713,observation::IND::BN.TRF.CURR.CD::2019,Observation
IND,BN.KAC.EOMS.CD,2019,-343153901.386428,observation::IND::BN.KAC.EOMS.CD::2019,Observation
IND,BN.FIN.TOTL.CD,2019,-31261609594.8237,observation::IND::BN.FIN.TOTL.CD::2019,Observation
IND,BM.TRF.PRVT.CD,2019,6684157319.78979,observation::IND::BM.TRF.PRVT.CD::2019,Observation
IND,BM.GSR.TRAN.ZS,2019,18.3547107305622,observation::IND::BM.GSR.TRAN.ZS::2019,Observation
IND,BM.GSR.MRCH.CD,2019,488949591560.279,observation::IND::BM.GSR.MRCH.CD::2019,Observation
IND,BM.GSR.CMCP.ZS,2019,53.8844036123138,observation::IND::BM.GSR.CMCP.ZS::2019,Observation
IND,AG.PRD.LVSK.XD,2019,124.44,observation::IND::AG.PRD.LVSK.XD::2019,Observation
IND,AG.LND.IRIG.AG.ZS,2019,39.9642547962803,observation::IND::AG.LND.IRIG.AG.ZS::2019,Observation
IND,AG.LND.CROP.ZS,2019,4.47330981202009,observation::IND::AG.LND.CROP.ZS::2019,Observation
IND,AG.LND.ARBL.HA,2019,155369000.0,observation::IND::AG.LND.ARBL.HA::2019,Observation
IND,AG.CON.FERT.PT.ZS,2019,156.483317038389,observation::IND::AG.CON.FERT.PT.ZS::2019,Observation
IND,SH.XPD.EHEX.CH.ZS,2019,0.55651969,observation::IND::SH.XPD.EHEX.CH.ZS::2019,Observation
IND,SH.VAC.TTNS.ZS,2019,90.0,observation::IND::SH.VAC.TTNS.ZS::2019,Observation
IND,SH.STA.SUIC.P5,2019,13.98,observation::IND::SH.STA.SUIC.P5::2019,Observation
IND,SH.STA.STNT.ME.ZS,2019,34.6,observation::IND::SH.STA.STNT.ME.ZS::2019,Observation
IND,SH.STA.POIS.P5.MA,2019,0.23,observation::IND::SH.STA.POIS.P5.MA::2019,Observation
IND,SH.STA.OWGH.ME.ZS,2019,2.5,observation::IND::SH.STA.OWGH.ME.ZS::2019,Observation
IND,SH.STA.ODFC.UR.ZS,2019,4.69072432222674,observation::IND::SH.STA.ODFC.UR.ZS::2019,Observation
IND,SH.STA.HYGN.UR.ZS,2019,86.8697293209443,observation::IND::SH.STA.HYGN.UR.ZS::2019,Observation
IND,SH.STA.BRTW.ZS,2019,27.62056764,observation::IND::SH.STA.BRTW.ZS::2019,Observation
IND,SH.STA.BASS.UR.ZS,2019,78.5967306254945,observation::IND::SH.STA.BASS.UR.ZS::2019,Observation
IND,SH.STA.AIRP.P5,2019,139.3,observation::IND::SH.STA.AIRP.P5::2019,Observation
IND,SH.SGR.IRSK.ZS,2019,46.3,observation::IND::SH.SGR.IRSK.ZS::2019,Observation
IND,SH.MMR.DTHS,2019,24000.0,observation::IND::SH.MMR.DTHS::2019,Observation
IND,SH.MED.BEDS.ZS,2019,1.62,observation::IND::SH.MED.BEDS.ZS::2019,Observation
IND,SH.H2O.SMDW.ZS,2019,67.9333667144175,observation::IND::SH.H2O.SMDW.ZS::2019,Observation
IND,SH.H2O.BASW.UR.ZS,2019,95.9064454908293,observation::IND::SH.H2O.BASW.UR.ZS::2019,Observation
IND,SH.DYN.NCOM.ZS,2019,23.7,observation::IND::SH.DYN.NCOM.ZS::2019,Observation
IND,SH.DYN.MORT.FE,2019,35.5,observation::IND::SH.DYN.MORT.FE::2019,Observation
IND,SH.DYN.2024,2019,5.7,observation::IND::SH.DYN.2024::2019,Observation
IND,SH.DTH.OCVD.ZS,2019,0.0,observation::IND::SH.DTH.OCVD.ZS::2019,Observation
IND,SH.DTH.INJR.ZS,2019,10.4270379434828,observation::IND::SH.DTH.INJR.ZS::2019,Observation
IND,SH.DTH.1519,2019,105869.0,observation::IND::SH.DTH.1519::2019,Observation
IND,SH.ALC.PCAP.MA.LI,2019,8.1,observation::IND::SH.ALC.PCAP.MA.LI::2019,Observation
IND,SG.GEN.PARL.ZS,2019,14.3911439114391,observation::IND::SG.GEN.PARL.ZS::2019,Observation
IND,SE.XPD.TOTL.GB.ZS,2019,14.8238201141357,observation::IND::SE.XPD.TOTL.GB.ZS::2019,Observation
IND,SE.TER.ENRR.MA,2019,27.8825101196224,observation::IND::SE.TER.ENRR.MA::2019,Observation
IND,SE.TER.CUAT.ST.ZS,2019,11.8733481311439,observation::IND::SE.TER.CUAT.ST.ZS::2019,Observation
IND,DC.DAC.FRAL.CD,2019,214728836.05957,observation::IND::DC.DAC.FRAL.CD::2019,Observation
IND,DC.DAC.DNKL.CD,2019,1755028.96308899,observation::IND::DC.DAC.DNKL.CD::2019,Observation
IND,DC.DAC.CECL.CD,2019,186399871.826172,observation::IND::DC.DAC.CECL.CD::2019,Observation
IND,DC.DAC.AUSL.CD,2019,6702497.00546265,observation::IND::DC.DAC.AUSL.CD::2019,Observation
IND,CM.MKT.LDOM.NO,2019,1955.0,observation::IND::CM.MKT.LDOM.NO::2019,Observation
IND,BX.TRF.PWKR.DT.GD.ZS,2019,2.93877465566923,observation::IND::BX.TRF.PWKR.DT.GD.ZS::2019,Observation
IND,BX.PEF.TOTL.CD.WD,2019,13768516396.8703,observation::IND::BX.PEF.TOTL.CD.WD::2019,Observation
IND,BX.GSR.TRAN.ZS,2019,9.83668731813328,observation::IND::BX.GSR.TRAN.ZS::2019,Observation
IND,BX.GSR.MRCH.CD,2019,331271580797.1,observation::IND::BX.GSR.MRCH.CD::2019,Observation
IND,BX.GSR.CMCP.ZS,2019,53.2413032737509,observation::IND::BX.GSR.CMCP.ZS::2019,Observation
IND,BX.GRT.EXTA.CD.WD,2019,675487759.0,observation::IND::BX.GRT.EXTA.CD.WD::2019,Observation
IND,BN.KLT.PTXL.CD,2019,-24584119878.3926,observation::IND::BN.KLT.PTXL.CD::2019,Observation
IND,BN.GSR.GNFS.CD,2019,-73451671322.5905,observation::IND::BN.GSR.GNFS.CD::2019,Observation
IND,BN.CAB.XOKA.CD,2019,-29762864650.3281,observation::IND::BN.CAB.XOKA.CD::2019,Observation
IND,BM.KLT.DINV.CD.WD,2019,13140702031.5758,observation::IND::BM.KLT.DINV.CD.WD::2019,Observation
IND,BM.GSR.ROYL.CD,2019,7889685402.17331,observation::IND::BM.GSR.ROYL.CD::2019,Observation
IND,BM.GSR.GNFS.CD,2019,619484791790.59,observation::IND::BM.GSR.GNFS.CD::2019,Observation
IND,AG.YLD.CREL.KG,2019,3394.1,observation::IND::AG.YLD.CREL.KG::2019,Observation
IND,AG.PRD.CROP.XD,2019,112.25,observation::IND::AG.PRD.CROP.XD::2019,Observation
IND,AG.LND.TOTL.K2,2019,2973190.0,observation::IND::AG.LND.TOTL.K2::2019,Observation
IND,AG.LND.FRST.K2,2019,718940.0,observation::IND::AG.LND.FRST.K2::2019,Observation
IND,AG.LND.ARBL.ZS,2019,52.2566670814849,observation::IND::AG.LND.ARBL.ZS::2019,Observation
IND,AG.LND.AGRI.K2,2019,1790450.0,observation::IND::AG.LND.AGRI.K2::2019,Observation
IND,SH.STA.SMSS.RU.ZS,2019,53.201838358235,observation::IND::SH.STA.SMSS.RU.ZS::2019,Observation
IND,SH.STA.ODFC.ZS,2019,19.7142943974501,observation::IND::SH.STA.ODFC.ZS::2019,Observation
IND,SH.STA.MMRT,2019,101.0,observation::IND::SH.STA.MMRT::2019,Observation
IND,SH.STA.HYGN.ZS,2019,74.26145830438,observation::IND::SH.STA.HYGN.ZS::2019,Observation
IND,SH.STA.BASS.ZS,2019,69.1300220717047,observation::IND::SH.STA.BASS.ZS::2019,Observation
IND,SH.MMR.RISK,2019,473.0,observation::IND::SH.MMR.RISK::2019,Observation
IND,SH.MLR.INCD.P3,2019,2.84,observation::IND::SH.MLR.INCD.P3::2019,Observation
IND,SH.IMM.HEPB,2019,91.0,observation::IND::SH.IMM.HEPB::2019,Observation
IND,SH.H2O.BASW.ZS,2019,92.4317828217009,observation::IND::SH.H2O.BASW.ZS::2019,Observation
IND,SH.DYN.NMRT,2019,21.8,observation::IND::SH.DYN.NMRT::2019,Observation
IND,SH.DYN.MORT.MA,2019,34.3,observation::IND::SH.DYN.MORT.MA::2019,Observation
IND,SH.DYN.AIDS.FE.ZS,2019,44.4811267917371,observation::IND::SH.DYN.AIDS.FE.ZS::2019,Observation
IND,SH.DYN.0509,2019,2.6,observation::IND::SH.DYN.0509::2019,Observation
IND,SH.DTH.MORT,2019,847867.0,observation::IND::SH.DTH.MORT::2019,Observation
IND,SH.DTH.2024,2019,144749.0,observation::IND::SH.DTH.2024::2019,Observation
IND,SH.ANM.ALLW.ZS,2019,52.0,observation::IND::SH.ANM.ALLW.ZS::2019,Observation
IND,SG.TIM.UWRK.FE,2019,20.34722,observation::IND::SG.TIM.UWRK.FE::2019,Observation
IND,SE.XPD.TOTL.GD.ZS,2019,3.89732003211975,observation::IND::SE.XPD.TOTL.GD.ZS::2019,Observation
IND,SE.TER.TCHR.FE.ZS,2019,42.1532458894626,observation::IND::SE.TER.TCHR.FE.ZS::2019,Observation
IND,SE.TER.CUAT.BA.FE.ZS,2019,9.24438953399658,observation::IND::SE.TER.CUAT.BA.FE.ZS::2019,Observation
IND,SE.SEC.TCHR.FE.ZS,2019,46.046136612123,observation::IND::SE.SEC.TCHR.FE.ZS::2019,Observation
IND,SE.SEC.TCAQ.UP.ZS,2019,76.2218964812314,observation::IND::SE.SEC.TCAQ.UP.ZS::2019,Observation
IND,SE.SEC.TCAQ.LO.ZS,2019,75.0329760947855,observation::IND::SE.SEC.TCAQ.LO.ZS::2019,Observation
IND,DC.DAC.AUTL.CD,2019,4589017.86804199,observation::IND::DC.DAC.AUTL.CD::2019,Observation
IND,CM.MKT.TRAD.CD,2019,1207527310000.0,observation::IND::CM.MKT.TRAD.CD::2019,Observation
IND,CM.MKT.INDX.ZG,2019,6.0901249734267,observation::IND::CM.MKT.INDX.ZG::2019,Observation
IND,BX.TRF.CURR.CD,2019,80741909305.6515,observation::IND::BX.TRF.CURR.CD::2019,Observation
IND,BX.GSR.TRVL.ZS,2019,14.3044391469114,observation::IND::BX.GSR.TRVL.ZS::2019,Observation
IND,BX.GSR.NFSV.CD,2019,214761539670.9,observation::IND::BX.GSR.NFSV.CD::2019,Observation
IND,BX.GSR.FCTY.CD,2019,23347612479.8177,observation::IND::BX.GSR.FCTY.CD::2019,Observation
IND,BX.GRT.TECH.CD.WD,2019,490531596.0,observation::IND::BX.GRT.TECH.CD.WD::2019,Observation
IND,BN.RES.INCL.CD,2019,55767715348.2953,observation::IND::BN.RES.INCL.CD::2019,Observation
IND,BN.GSR.MRCH.CD,2019,-157678010763.179,observation::IND::BN.GSR.MRCH.CD::2019,Observation
IND,BN.CAB.XOKA.GD.ZS,2019,-1.04961203910072,observation::IND::BN.CAB.XOKA.GD.ZS::2019,Observation
IND,BM.KLT.DINV.WD.GD.ZS,2019,0.463417725968969,observation::IND::BM.KLT.DINV.WD.GD.ZS::2019,Observation
IND,BM.GSR.TOTL.CD,2019,672210270766.616,observation::IND::BM.GSR.TOTL.CD::2019,Observation
IND,BM.GSR.INSF.ZS,2019,3.21489062270972,observation::IND::BM.GSR.INSF.ZS::2019,Observation
IND,BG.GSR.NFSV.GD.ZS,2019,12.1771751315123,observation::IND::BG.GSR.NFSV.GD.ZS::2019,Observation
IND,AG.PRD.FOOD.XD,2019,116.26,observation::IND::AG.PRD.FOOD.XD::2019,Observation
IND,AG.LND.FRST.ZS,2019,24.1807620770956,observation::IND::AG.LND.FRST.ZS::2019,Observation
IND,AG.LND.CREL.HA,2019,95448166.0,observation::IND::AG.LND.CREL.HA::2019,Observation
IND,AG.LND.AGRI.ZS,2019,60.2198312250478,observation::IND::AG.LND.AGRI.ZS::2019,Observation
IND,SE.SEC.TCAQ.UP.FE.ZS,2019,77.4248064455586,observation::IND::SE.SEC.TCAQ.UP.FE.ZS::2019,Observation
IND,SE.SEC.TCAQ.LO.FE.ZS,2019,75.9090749372292,observation::IND::SE.SEC.TCAQ.LO.FE.ZS::2019,Observation
IND,SE.SEC.ENRL,2019,130932816.0,observation::IND::SE.SEC.ENRL::2019,Observation
IND,SE.SEC.CUAT.LO.ZS,2019,46.0779113769531,observation::IND::SE.SEC.CUAT.LO.ZS::2019,Observation
IND,SE.SEC.CMPT.LO.MA.ZS,2019,85.7362213134766,observation::IND::SE.SEC.CMPT.LO.MA.ZS::2019,Observation
IND,SE.PRM.UNER.MA.ZS,2019,7.95817414397382,observation::IND::SE.PRM.UNER.MA.ZS::2019,Observation
IND,SE.PRM.UNER,2019,8894878.0,observation::IND::SE.PRM.UNER::2019,Observation
IND,SE.PRM.TCHR.FE.ZS,2019,54.3659592707731,observation::IND::SE.PRM.TCHR.FE.ZS::2019,Observation
IND,SE.PRM.TCAQ.FE.ZS,2019,72.6572398290741,observation::IND::SE.PRM.TCAQ.FE.ZS::2019,Observation
IND,SE.PRM.PRSL.ZS,2019,98.492919921875,observation::IND::SE.PRM.PRSL.ZS::2019,Observation
IND,SE.PRM.PRS5.MA.ZS,2019,97.655891418457,observation::IND::SE.PRM.PRS5.MA.ZS::2019,Observation
IND,SE.PRM.ENRR.FE,2019,99.9104830435023,observation::IND::SE.PRM.ENRR.FE::2019,Observation
IND,SE.PRM.ENRL,2019,120044806.0,observation::IND::SE.PRM.ENRL::2019,Observation
IND,SE.PRM.CUAT.FE.ZS,2019,50.131950378418,observation::IND::SE.PRM.CUAT.FE.ZS::2019,Observation
IND,SE.PRM.AGES,2019,6.0,observation::IND::SE.PRM.AGES::2019,Observation
IND,SE.PRE.ENRR.MA,2019,61.5468063354492,observation::IND::SE.PRE.ENRR.MA::2019,Observation
IND,SE.PRE.DURS,2019,3.0,observation::IND::SE.PRE.DURS::2019,Observation
IND,SE.ENR.PRSC.FM.ZS,2019,1.01977431774139,observation::IND::SE.ENR.PRSC.FM.ZS::2019,Observation
IND,SE.ADT.LITR.MA.ZS,2019,82.7755272824041,observation::IND::SE.ADT.LITR.MA.ZS::2019,Observation
IND,SE.ADT.1524.LT.FM.ZS,2019,0.968104062661511,observation::IND::SE.ADT.1524.LT.FM.ZS::2019,Observation
IND,PA.NUS.PPP,2019,20.2395000457764,observation::IND::PA.NUS.PPP::2019,Observation
IND,NY.TTF.GNFS.KN,2019,1048833540186.16,observation::IND::NY.TTF.GNFS.KN::2019,Observation
IND,NY.TAX.NIND.KN,2019,12985403643000.0,observation::IND::NY.TAX.NIND.KN::2019,Observation
IND,NY.GSR.NFCY.CN,2019,-1931136922400.0,observation::IND::NY.GSR.NFCY.CN::2019,Observation
IND,NY.GNS.ICTR.CN,2019,59712094739091.7,observation::IND::NY.GNS.ICTR.CN::2019,Observation
IND,NY.GNP.PCAP.KN,2019,103618.329561623,observation::IND::NY.GNP.PCAP.KN::2019,Observation
IND,SE.SEC.TCAQ.MA.ZS,2019,74.7282924750932,observation::IND::SE.SEC.TCAQ.MA.ZS::2019,Observation
IND,SE.SEC.TCAQ.FE.ZS,2019,76.5499025384135,observation::IND::SE.SEC.TCAQ.FE.ZS::2019,Observation
IND,SE.SEC.PRIV.ZS,2019,51.8880386352539,observation::IND::SE.SEC.PRIV.ZS::2019,Observation
IND,SE.SEC.ENRR.MA,2019,76.0821914672852,observation::IND::SE.SEC.ENRR.MA::2019,Observation
IND,SE.SEC.DURS,2019,7.0,observation::IND::SE.SEC.DURS::2019,Observation
IND,SE.SEC.CUAT.LO.MA.ZS,2019,56.5702209472656,observation::IND::SE.SEC.CUAT.LO.MA.ZS::2019,Observation
IND,SE.SEC.CMPT.LO.FE.ZS,2019,87.8626098632812,observation::IND::SE.SEC.CMPT.LO.FE.ZS::2019,Observation
IND,SE.PRM.UNER.MA,2019,5009873.0,observation::IND::SE.PRM.UNER.MA::2019,Observation
IND,SE.PRM.TCHR,2019,4339390.0,observation::IND::SE.PRM.TCHR::2019,Observation
IND,SE.PRM.PRSL.MA.ZS,2019,97.655891418457,observation::IND::SE.PRM.PRSL.MA.ZS::2019,Observation
IND,SE.PRM.PRS5.FE.ZS,2019,99.4098434448242,observation::IND::SE.PRM.PRS5.FE.ZS::2019,Observation
IND,SE.PRM.ENRR,2019,99.5039235046054,observation::IND::SE.PRM.ENRR::2019,Observation
IND,SE.PRM.DURS,2019,5.0,observation::IND::SE.PRM.DURS::2019,Observation
IND,SE.PRM.CMPT.ZS,2019,96.2056732177734,observation::IND::SE.PRM.CMPT.ZS::2019,Observation
IND,SE.PRE.ENRR.FE,2019,64.2042617797852,observation::IND::SE.PRE.ENRR.FE::2019,Observation
IND,SE.ENR.PRIM.FM.ZS,2019,1.0192049741745,observation::IND::SE.ENR.PRIM.FM.ZS::2019,Observation
IND,SE.ADT.LITR.FE.ZS,2019,66.9856882300986,observation::IND::SE.ADT.LITR.FE.ZS::2019,Observation
IND,SE.ADT.1524.LT.FE.ZS,2019,93.1731333168295,observation::IND::SE.ADT.1524.LT.FE.ZS::2019,Observation
IND,PA.NUS.GDP.PLI,2019,28.547759283038,observation::IND::PA.NUS.GDP.PLI::2019,Observation
IND,NY.TAX.NIND.CN,2019,17224755414000.0,observation::IND::NY.TAX.NIND.CN::2019,Observation
IND,NY.GSR.NFCY.CD,2019,-27238633305.4539,observation::IND::NY.GSR.NFCY.CD::2019,Observation
IND,SE.SEC.TCHR.FE,2019,2810338.0,observation::IND::SE.SEC.TCHR.FE::2019,Observation
IND,SE.SEC.TCAQ.UP.MA.ZS,2019,75.301940762711,observation::IND::SE.SEC.TCAQ.UP.MA.ZS::2019,Observation
IND,SE.SEC.TCAQ.LO.MA.ZS,2019,74.2159018716708,observation::IND::SE.SEC.TCAQ.LO.MA.ZS::2019,Observation
IND,SE.SEC.ENRR,2019,75.8716506958008,observation::IND::SE.SEC.ENRR::2019,Observation
IND,SE.SEC.CMPT.LO.ZS,2019,86.7525787353516,observation::IND::SE.SEC.CMPT.LO.ZS::2019,Observation
IND,SE.PRM.UNER.ZS,2019,7.37287425908954,observation::IND::SE.PRM.UNER.ZS::2019,Observation
IND,SE.PRM.UNER.FE,2019,3885005.0,observation::IND::SE.PRM.UNER.FE::2019,Observation
IND,SE.PRM.TCAQ.MA.ZS,2019,73.7007502629733,observation::IND::SE.PRM.TCAQ.MA.ZS::2019,Observation
IND,SE.PRM.PRS5.ZS,2019,98.492919921875,observation::IND::SE.PRM.PRS5.ZS::2019,Observation
IND,SE.PRM.ENRR.MA,2019,99.1313456550913,observation::IND::SE.PRM.ENRR.MA::2019,Observation
IND,SE.PRM.CUAT.MA.ZS,2019,71.8737182617188,observation::IND::SE.PRM.CUAT.MA.ZS::2019,Observation
IND,SE.PRM.CMPT.FE.ZS,2019,97.1966018676758,observation::IND::SE.PRM.CMPT.FE.ZS::2019,Observation
IND,SE.ENR.SECO.FM.ZS,2019,1.01854634284973,observation::IND::SE.ENR.SECO.FM.ZS::2019,Observation
IND,SE.ADT.LITR.ZS,2019,74.8938629973395,observation::IND::SE.ADT.LITR.ZS::2019,Observation
IND,SE.ADT.1524.LT.MA.ZS,2019,96.2428905222007,observation::IND::SE.ADT.1524.LT.MA.ZS::2019,Observation
IND,PA.NUS.PRVT.PLI,2019,27.5443704992187,observation::IND::PA.NUS.PRVT.PLI::2019,Observation
IND,PA.NUS.ATLS,2019,70.896983,observation::IND::PA.NUS.ATLS::2019,Observation
IND,NY.TRF.NCTR.CD,2019,76218198664.3917,observation::IND::NY.TRF.NCTR.CD::2019,Observation
IND,SE.SEC.ENRR.FE,2019,75.6416931152344,observation::IND::SE.SEC.ENRR.FE::2019,Observation
IND,SE.SEC.CUAT.LO.FE.ZS,2019,36.1479682922363,observation::IND::SE.SEC.CUAT.LO.FE.ZS::2019,Observation
IND,SE.SEC.AGES,2019,11.0,observation::IND::SE.SEC.AGES::2019,Observation
IND,SE.PRM.UNER.FE.ZS,2019,6.7341909567264,observation::IND::SE.PRM.UNER.FE.ZS::2019,Observation
IND,SE.PRM.TCAQ.ZS,2019,73.1334358054934,observation::IND::SE.PRM.TCAQ.ZS::2019,Observation
IND,SE.PRM.PRSL.FE.ZS,2019,99.4098434448242,observation::IND::SE.PRM.PRSL.FE.ZS::2019,Observation
IND,SE.PRM.PRIV.ZS,2019,43.7742881774902,observation::IND::SE.PRM.PRIV.ZS::2019,Observation
IND,SE.PRM.CUAT.ZS,2019,60.7040100097656,observation::IND::SE.PRM.CUAT.ZS::2019,Observation
IND,SE.PRM.CMPT.MA.ZS,2019,95.2980728149414,observation::IND::SE.PRM.CMPT.MA.ZS::2019,Observation
IND,SE.PRE.ENRR,2019,62.8108367919922,observation::IND::SE.PRE.ENRR::2019,Observation
IND,SE.ENR.TERT.FM.ZS,2019,1.07897912835104,observation::IND::SE.ENR.TERT.FM.ZS::2019,Observation
IND,SE.COM.DURS,2019,8.0,observation::IND::SE.COM.DURS::2019,Observation
IND,SE.ADT.1524.LT.ZS,2019,94.7674702180886,observation::IND::SE.ADT.1524.LT.ZS::2019,Observation
IND,PA.NUS.PRVT.PP,2019,19.5281276702881,observation::IND::PA.NUS.PRVT.PP::2019,Observation
IND,PA.NUS.FCRF,2019,70.4203405359551,observation::IND::PA.NUS.FCRF::2019,Observation
IND,NY.TRF.NCTR.CN,2019,5403640335000.0,observation::IND::NY.TRF.NCTR.CN::2019,Observation
IND,NY.TAX.NIND.CD,2019,242954702515.338,observation::IND::NY.TAX.NIND.CD::2019,Observation
IND,NY.GNS.ICTR.ZS,2019,29.7022005792949,observation::IND::NY.GNS.ICTR.ZS::2019,Observation
IND,NY.GNP.PCAP.CD,2019,2070.0,observation::IND::NY.GNP.PCAP.CD::2019,Observation
IND,NY.GNP.MKTP.KD.ZG,2019,5.66207307904598,observation::IND::NY.GNP.MKTP.KD.ZG::2019,Observation
IND,NY.GNP.MKTP.CD,2019,2808367623254.15,observation::IND::NY.GNP.MKTP.CD::2019,Observation
IND,NY.GDS.TOTL.CN,2019,56463024975900.0,observation::IND::NY.GDS.TOTL.CN::2019,Observation
IND,NY.GDP.PCAP.PP.KD,2019,7930.0911303899,observation::IND::NY.GDP.PCAP.PP.KD::2019,Observation
IND,NY.GDP.PCAP.KD,2019,1936.03067741067,observation::IND::NY.GDP.PCAP.KD::2019,Observation
IND,NY.GDP.MKTP.PP.KD,2019,11015136957033.9,observation::IND::NY.GDP.MKTP.PP.KD::2019,Observation
IND,NY.GDP.MKTP.KD,2019,2689205295885.31,observation::IND::NY.GDP.MKTP.KD::2019,Observation
IND,NY.GDP.MINR.RT.ZS,2019,0.649451614747357,observation::IND::NY.GDP.MINR.RT.ZS::2019,Observation
IND,NY.GDP.FCST.CN,2019,183811173152500.0,observation::IND::NY.GDP.FCST.CN::2019,Observation
IND,NY.GDP.DEFL.ZS.AD,2019,138.315030740154,observation::IND::NY.GDP.DEFL.ZS.AD::2019,Observation
IND,NY.GDP.COAL.RT.ZS,2019,0.831651347921673,observation::IND::NY.GDP.COAL.RT.ZS::2019,Observation
IND,NY.ADJ.SVNG.GN.ZS,2019,16.767152591464,observation::IND::NY.ADJ.SVNG.GN.ZS::2019,Observation
IND,NY.ADJ.NNTY.PC.CD,2019,1784.9487427604,observation::IND::NY.ADJ.NNTY.PC.CD::2019,Observation
IND,NY.ADJ.NNAT.GN.ZS,2019,19.2515401537264,observation::IND::NY.ADJ.NNAT.GN.ZS::2019,Observation
IND,NY.ADJ.DPEM.GN.ZS,2019,1.13916223620373,observation::IND::NY.ADJ.DPEM.GN.ZS::2019,Observation
IND,NY.ADJ.DMIN.GN.ZS,2019,0.285113566203118,observation::IND::NY.ADJ.DMIN.GN.ZS::2019,Observation
IND,NY.ADJ.DFOR.GN.ZS,2019,0.157402581566519,observation::IND::NY.ADJ.DFOR.GN.ZS::2019,Observation
IND,NY.ADJ.AEDU.GN.ZS,2019,3.08,observation::IND::NY.ADJ.AEDU.GN.ZS::2019,Observation
IND,NV.SRV.TOTL.KD.ZG,2019,6.42950757939633,observation::IND::NV.SRV.TOTL.KD.ZG::2019,Observation
IND,NV.SRV.EMPL.KD,2019,7807.20795811939,observation::IND::NV.SRV.EMPL.KD::2019,Observation
IND,NV.MNF.MTRN.ZS.UN,2019,20.735675159215,observation::IND::NV.MNF.MTRN.ZS.UN::2019,Observation
IND,NV.IND.TOTL.KN,2019,39210672591900.0,observation::IND::NV.IND.TOTL.KN::2019,Observation
IND,NV.IND.TOTL.CD,2019,697317412399.622,observation::IND::NV.IND.TOTL.CD::2019,Observation
IND,NV.IND.MANF.KD,2019,389094295765.501,observation::IND::NV.IND.MANF.KD::2019,Observation
IND,NV.AGR.TOTL.KD.ZG,2019,6.16030915200452,observation::IND::NV.AGR.TOTL.KD.ZG::2019,Observation
IND,NV.AGR.EMPL.KD,2019,2079.05153159652,observation::IND::NV.AGR.EMPL.KD::2019,Observation
IND,NE.RSB.GNFS.CN,2019,-5180442043400.0,observation::IND::NE.RSB.GNFS.CN::2019,Observation
IND,NE.IMP.GNFS.KD.ZG,2019,-0.838956281129839,observation::IND::NE.IMP.GNFS.KD.ZG::2019,Observation
IND,NE.GDI.TOTL.ZS,2019,30.0961975685688,observation::IND::NE.GDI.TOTL.ZS::2019,Observation
IND,NY.GNS.ICTR.CD,2019,842237457961.951,observation::IND::NY.GNS.ICTR.CD::2019,Observation
IND,NY.GNP.PCAP.KD.ZG,2019,2.91546267733341,observation::IND::NY.GNP.PCAP.KD.ZG::2019,Observation
IND,NY.GNP.MKTP.PP.KD,2019,10920280135950.4,observation::IND::NY.GNP.MKTP.PP.KD::2019,Observation
IND,NY.GNP.MKTP.KD,2019,2663695041842.15,observation::IND::NY.GNP.MKTP.KD::2019,Observation
IND,NY.GNP.ATLS.CD,2019,2878536458775.62,observation::IND::NY.GNP.ATLS.CD::2019,Observation
IND,NY.GDS.TOTL.CD,2019,796409418097.523,observation::IND::NY.GDS.TOTL.CD::2019,Observation
IND,NY.GDP.PCAP.PP.CD,2019,7150.92423452926,observation::IND::NY.GDP.PCAP.PP.CD::2019,Observation
IND,NY.GDP.PCAP.CN,2019,144731.131372099,observation::IND::NY.GDP.PCAP.CN::2019,Observation
IND,NY.GDP.MKTP.PP.CD,2019,9932850520576.54,observation::IND::NY.GDP.MKTP.PP.CD::2019,Observation
IND,NY.GDP.MKTP.CN.AD,2019,201035928565899.0,observation::IND::NY.GDP.MKTP.CN.AD::2019,Observation
IND,NY.GDP.FRST.RT.ZS,2019,0.15588841907343,observation::IND::NY.GDP.FRST.RT.ZS::2019,Observation
IND,NY.GDP.FCST.CD,2019,2592651554051.32,observation::IND::NY.GDP.FCST.CD::2019,Observation
IND,NY.GDP.DEFL.ZS,2019,138.315030740154,observation::IND::NY.GDP.DEFL.ZS::2019,Observation
IND,NY.EXP.CAPM.KN,2019,29187770083186.2,observation::IND::NY.EXP.CAPM.KN::2019,Observation
IND,NY.ADJ.SVNG.CD,2019,470203539741.892,observation::IND::NY.ADJ.SVNG.CD::2019,Observation
IND,NY.ADJ.NNTY.KD.ZG,2019,2.78076800258005,observation::IND::NY.ADJ.NNTY.KD.ZG::2019,Observation
IND,NY.ADJ.NNAT.CD,2019,539873557921.438,observation::IND::NY.ADJ.NNAT.CD::2019,Observation
IND,NY.ADJ.DPEM.CD,2019,31945681467.4647,observation::IND::NY.ADJ.DPEM.CD::2019,Observation
IND,NY.ADJ.DMIN.CD,2019,7995478500.35013,observation::IND::NY.ADJ.DMIN.CD::2019,Observation
IND,NY.ADJ.DFOR.CD,2019,4414061994.92499,observation::IND::NY.ADJ.DFOR.CD::2019,Observation
IND,NY.ADJ.AEDU.CD,2019,86372858748.975,observation::IND::NY.ADJ.AEDU.CD::2019,Observation
IND,NV.SRV.TOTL.KD,2019,1322437158059.88,observation::IND::NV.SRV.TOTL.KD::2019,Observation
IND,NV.MNF.TXTL.ZS.UN,2019,9.265872175708,observation::IND::NV.MNF.TXTL.ZS.UN::2019,Observation
IND,NV.MNF.FBTO.ZS.UN,2019,11.2617380141958,observation::IND::NV.MNF.FBTO.ZS.UN::2019,Observation
IND,NV.IND.TOTL.KD.ZG,2019,-1.40003274191449,observation::IND::NV.IND.TOTL.KD.ZG::2019,Observation
IND,NV.IND.MANF.ZS,2019,13.4558075633394,observation::IND::NV.IND.MANF.ZS::2019,Observation
IND,NV.IND.MANF.CN,2019,27051007681000.0,observation::IND::NV.IND.MANF.CN::2019,Observation
IND,NV.AGR.TOTL.KD,2019,419862781602.445,observation::IND::NV.AGR.TOTL.KD::2019,Observation
IND,NE.TRD.GNFS.ZS,2019,39.9054035306442,observation::IND::NE.TRD.GNFS.ZS::2019,Observation
IND,NE.RSB.GNFS.CD,2019,-73069992885.3108,observation::IND::NE.RSB.GNFS.CD::2019,Observation
IND,NY.GNS.ICTR.GN.ZS,2019,29.9902851388816,observation::IND::NY.GNS.ICTR.GN.ZS::2019,Observation
IND,NY.GNP.PCAP.PP.CD,2019,7080.0,observation::IND::NY.GNP.PCAP.PP.CD::2019,Observation
IND,NY.GNP.PCAP.CN,2019,143340.8543525,observation::IND::NY.GNP.PCAP.CN::2019,Observation
IND,NY.GNP.MKTP.KN,2019,143929000639900.0,observation::IND::NY.GNP.MKTP.KN::2019,Observation
IND,NY.GNP.MKTP.CN,2019,199104791643600.0,observation::IND::NY.GNP.MKTP.CN::2019,Observation
IND,NY.GDS.TOTL.ZS,2019,28.0860368485782,observation::IND::NY.GDS.TOTL.ZS::2019,Observation
IND,NY.GDP.PETR.RT.ZS,2019,0.30502831579148,observation::IND::NY.GDP.PETR.RT.ZS::2019,Observation
IND,NY.GDP.PCAP.KD.ZG,2019,2.79675759965889,observation::IND::NY.GDP.PCAP.KD.ZG::2019,Observation
IND,NY.GDP.NGAS.RT.ZS,2019,0.0702256864350301,observation::IND::NY.GDP.NGAS.RT.ZS::2019,Observation
IND,NY.GDP.MKTP.KD.ZG,2019,3.87143694070356,observation::IND::NY.GDP.MKTP.KD.ZG::2019,Observation
IND,NY.GDP.MKTP.CD,2019,2835606256558.19,observation::IND::NY.GDP.MKTP.CD::2019,Observation
IND,NY.GDP.FCST.KD,2019,2423067645474.17,observation::IND::NY.GDP.FCST.KD::2019,Observation
IND,NY.GDP.DISC.CN,2019,1139296774300.0,observation::IND::NY.GDP.DISC.CN::2019,Observation
IND,NY.GDP.DEFL.KD.ZG,2019,2.40551716106513,observation::IND::NY.GDP.DEFL.KD.ZG::2019,Observation
IND,NY.ADJ.SVNX.CD,2019,502149221209.357,observation::IND::NY.ADJ.SVNX.CD::2019,Observation
IND,NY.ADJ.NNTY.PC.KD,2019,1685.07779294141,observation::IND::NY.ADJ.NNTY.PC.KD::2019,Observation
IND,NY.ADJ.NNTY.CD,2019,2479347909060.48,observation::IND::NY.ADJ.NNTY.CD::2019,Observation
IND,NY.ADJ.DRES.GN.ZS,2019,0.853397080978412,observation::IND::NY.ADJ.DRES.GN.ZS::2019,Observation
IND,NY.ADJ.DNGY.CD,2019,11522389872.3015,observation::IND::NY.ADJ.DNGY.CD::2019,Observation
IND,NY.ADJ.DKAP.CD,2019,301033756317.883,observation::IND::NY.ADJ.DKAP.CD::2019,Observation
IND,NY.ADJ.DCO2.CD,2019,100165265093.48,observation::IND::NY.ADJ.DCO2.CD::2019,Observation
IND,NV.SRV.TOTL.KN,2019,73207073357800.0,observation::IND::NV.SRV.TOTL.KN::2019,Observation
IND,NV.SRV.TOTL.CD,2019,1420212198521.9,observation::IND::NV.SRV.TOTL.CD::2019,Observation
IND,NV.MNF.OTHR.ZS.UN,2019,37.9418122718447,observation::IND::NV.MNF.OTHR.ZS.UN::2019,Observation
IND,NV.IND.TOTL.ZS,2019,24.5914753075066,observation::IND::NV.IND.TOTL.ZS::2019,Observation
IND,NV.IND.TOTL.CN,2019,49437700732500.0,observation::IND::NV.IND.TOTL.CN::2019,Observation
IND,NV.IND.MANF.KD.ZG,2019,-2.97496294314989,observation::IND::NV.IND.MANF.KD.ZG::2019,Observation
IND,NV.IND.EMPL.KD,2019,5430.47198407095,observation::IND::NV.IND.EMPL.KD::2019,Observation
IND,NV.AGR.TOTL.KN,2019,19943258161800.0,observation::IND::NV.AGR.TOTL.KN::2019,Observation
IND,NV.AGR.TOTL.CD,2019,475121943129.794,observation::IND::NV.AGR.TOTL.CD::2019,Observation
IND,NE.RSB.GNFS.KN,2019,-5078630510900.0,observation::IND::NE.RSB.GNFS.KN::2019,Observation
IND,NE.IMP.GNFS.KN,2019,33217567053900.0,observation::IND::NE.IMP.GNFS.KN::2019,Observation
IND,NY.GNP.PCAP.PP.KD,2019,7861.80117281008,observation::IND::NY.GNP.PCAP.PP.KD::2019,Observation
IND,NY.GNP.PCAP.KD,2019,1917.66516456133,observation::IND::NY.GNP.PCAP.KD::2019,Observation
IND,NY.GNP.MKTP.PP.CD,2019,9837436260445.05,observation::IND::NY.GNP.MKTP.PP.CD::2019,Observation
IND,NY.GNP.MKTP.CN.AD,2019,199104791643600.0,observation::IND::NY.GNP.MKTP.CN.AD::2019,Observation
IND,NY.GDY.TOTL.KN,2019,146395241295086.0,observation::IND::NY.GDY.TOTL.KN::2019,Observation
IND,NY.GDP.TOTL.RT.ZS,2019,2.01224538396897,observation::IND::NY.GDP.TOTL.RT.ZS::2019,Observation
IND,NY.GDP.PCAP.KN,2019,104638.758779585,observation::IND::NY.GDP.PCAP.KN::2019,Observation
IND,NY.GDP.PCAP.CD,2019,2041.42863698585,observation::IND::NY.GDP.PCAP.CD::2019,Observation
IND,NY.GDP.MKTP.KN,2019,145346407754900.0,observation::IND::NY.GDP.MKTP.KN::2019,Observation
IND,NY.GDP.MKTP.CN,2019,201035928565900.0,observation::IND::NY.GDP.MKTP.CN::2019,Observation
IND,NY.GDP.FCST.KN,2019,132361004111600.0,observation::IND::NY.GDP.FCST.KN::2019,Observation
IND,NY.GDP.DISC.KN,2019,4290371158700.0,observation::IND::NY.GDP.DISC.KN::2019,Observation
IND,NY.GDP.DEFL.KD.ZG.AD,2019,2.40551716106513,observation::IND::NY.GDP.DEFL.KD.ZG.AD::2019,Observation
IND,NY.ADJ.SVNX.GN.ZS,2019,17.9063148276677,observation::IND::NY.ADJ.SVNX.GN.ZS::2019,Observation
IND,NY.ADJ.NNTY.PC.KD.ZG,2019,1.71737298964565,observation::IND::NY.ADJ.NNTY.PC.KD.ZG::2019,Observation
IND,NY.ADJ.NNTY.KD,2019,2340624132473.68,observation::IND::NY.ADJ.NNTY.KD::2019,Observation
IND,NY.ADJ.ICTR.GN.ZS,2019,29.9862082298838,observation::IND::NY.ADJ.ICTR.GN.ZS::2019,Observation
IND,NY.ADJ.DNGY.GN.ZS,2019,0.410880933208775,observation::IND::NY.ADJ.DNGY.GN.ZS::2019,Observation
IND,NY.ADJ.DKAP.GN.ZS,2019,10.7346680761575,observation::IND::NY.ADJ.DKAP.GN.ZS::2019,Observation
IND,NY.ADJ.DCO2.GN.ZS,2019,3.57182824508028,observation::IND::NY.ADJ.DCO2.GN.ZS::2019,Observation
IND,NV.SRV.TOTL.ZS,2019,50.0849578546822,observation::IND::NV.SRV.TOTL.ZS::2019,Observation
IND,NV.SRV.TOTL.CN,2019,100688760095000.0,observation::IND::NV.SRV.TOTL.CN::2019,Observation
IND,NV.MNF.TECH.ZS.UN,2019,45.2357557721183,observation::IND::NV.MNF.TECH.ZS.UN::2019,Observation
IND,NV.MNF.CHEM.ZS.UN,2019,20.7949023790365,observation::IND::NV.MNF.CHEM.ZS.UN::2019,Observation
IND,NV.IND.TOTL.KD,2019,681208860054.912,observation::IND::NV.IND.TOTL.KD::2019,Observation
IND,NV.IND.MANF.KN,2019,22597055484000.0,observation::IND::NV.IND.MANF.KN::2019,Observation
IND,NV.IND.MANF.CD,2019,381553721136.483,observation::IND::NV.IND.MANF.CD::2019,Observation
IND,NV.AGR.TOTL.ZS,2019,16.7555683032837,observation::IND::NV.AGR.TOTL.ZS::2019,Observation
IND,NE.GDI.TOTL.CN,2019,60504170245000.0,observation::IND::NE.GDI.TOTL.CN::2019,Observation
IND,NE.GDI.STKB.CD,2019,19074266074.1995,observation::IND::NE.GDI.STKB.CD::2019,Observation
IND,NE.GDI.FTOT.KD,2019,794883608963.253,observation::IND::NE.GDI.FTOT.KD::2019,Observation
IND,NE.GDI.FPRV.CN,2019,50136160929500.0,observation::IND::NE.GDI.FPRV.CN::2019,Observation
IND,NE.EXP.GNFS.KD,2019,494792232272.935,observation::IND::NE.EXP.GNFS.KD::2019,Observation
IND,NE.DAB.TOTL.KN,2019,146134667107100.0,observation::IND::NE.DAB.TOTL.KN::2019,Observation
IND,NE.DAB.DEFL.ZS,2019,140.33430800147,observation::IND::NE.DAB.DEFL.ZS::2019,Observation
IND,NE.CON.TOTL.KD,2019,1894813489203.35,observation::IND::NE.CON.TOTL.KD::2019,Observation
IND,NE.CON.PRVT.PP.KD,2019,6984525355798.97,observation::IND::NE.CON.PRVT.PP.KD::2019,Observation
IND,NE.CON.PRVT.KN,2019,82562177135200.0,observation::IND::NE.CON.PRVT.KN::2019,Observation
IND,NE.CON.PRVT.CN,2019,122453572704600.0,observation::IND::NE.CON.PRVT.CN::2019,Observation
IND,NE.CON.GOVT.ZS,2019,11.0026755133718,observation::IND::NE.CON.GOVT.ZS::2019,Observation
IND,NE.CON.GOVT.CN,2019,22119330885400.0,observation::IND::NE.CON.GOVT.CN::2019,Observation
IND,MS.MIL.XPND.GD.ZS,2019,2.5459982314359,observation::IND::MS.MIL.XPND.GD.ZS::2019,Observation
IND,MS.MIL.TOTL.P1,2019,3045000.0,observation::IND::MS.MIL.TOTL.P1::2019,Observation
IND,IT.NET.BBND.P2,2019,1.37913181839908,observation::IND::IT.NET.BBND.P2::2019,Observation
IND,IT.CEL.SETS.P2,2019,82.898144918237,observation::IND::IT.CEL.SETS.P2::2019,Observation
IND,IS.RRS.TOTL.KM,2019,67414.07,observation::IND::IS.RRS.TOTL.KM::2019,Observation
IND,IS.AIR.GOOD.MT.K1,2019,1938.232596,observation::IND::IS.AIR.GOOD.MT.K1::2019,Observation
IND,IQ.SPI.PIL3,2019,59.99375,observation::IND::IQ.SPI.PIL3::2019,Observation
IND,NE.IMP.GNFS.KD,2019,615137005954.334,observation::IND::NE.IMP.GNFS.KD::2019,Observation
IND,NE.GDI.TOTL.KN,2019,48656429437300.0,observation::IND::NE.GDI.TOTL.KN::2019,Observation
IND,NE.GDI.TOTL.CD,2019,853409661240.451,observation::IND::NE.GDI.TOTL.CD::2019,Observation
IND,NE.GDI.FTOT.ZS,2019,28.4545443348195,observation::IND::NE.GDI.FTOT.ZS::2019,Observation
IND,NE.GDI.FTOT.CN,2019,57203857422700.0,observation::IND::NE.GDI.FTOT.CN::2019,Observation
IND,NE.EXP.GNFS.ZS,2019,18.664264897257,observation::IND::NE.EXP.GNFS.ZS::2019,Observation
IND,NE.EXP.GNFS.CN,2019,37521878246200.0,observation::IND::NE.EXP.GNFS.CN::2019,Observation
IND,NE.DAB.TOTL.KD,2019,2733883549097.26,observation::IND::NE.DAB.TOTL.KD::2019,Observation
IND,NE.CON.TOTL.ZS,2019,71.9139631514218,observation::IND::NE.CON.TOTL.ZS::2019,Observation
IND,NE.CON.TOTL.CN,2019,144572903590000.0,observation::IND::NE.CON.TOTL.CN::2019,Observation
IND,NE.CON.PRVT.PP.CD,2019,6270625365221.89,observation::IND::NE.CON.PRVT.PP.CD::2019,Observation
IND,NE.CON.PRVT.KD.ZG,2019,5.16880088865901,observation::IND::NE.CON.PRVT.KD.ZG::2019,Observation
IND,NE.CON.PRVT.CD,2019,1727204283214.7,observation::IND::NE.CON.PRVT.CD::2019,Observation
IND,NE.CON.GOVT.KN,2019,14916060534600.0,observation::IND::NE.CON.GOVT.KN::2019,Observation
IND,NE.CON.GOVT.CD,2019,311992555245.969,observation::IND::NE.CON.GOVT.CD::2019,Observation
IND,MS.MIL.XPND.CN,2019,5029909750000.0,observation::IND::MS.MIL.XPND.CN::2019,Observation
IND,MS.MIL.MPRT.KD,2019,3147000000.0,observation::IND::MS.MIL.MPRT.KD::2019,Observation
IND,IT.NET.BBND,2019,19156559.0,observation::IND::IT.NET.BBND::2019,Observation
IND,IT.CEL.SETS,2019,1151480361.0,observation::IND::IT.CEL.SETS::2019,Observation
IND,IS.RRS.PASG.KM,2019,1157174.0,observation::IND::IS.RRS.PASG.KM::2019,Observation
IND,IS.AIR.DPRT,2019,1209803.0,observation::IND::IS.AIR.DPRT::2019,Observation
IND,IQ.SPI.PIL2,2019,87.9666666666667,observation::IND::IQ.SPI.PIL2::2019,Observation
IND,NE.IMP.GNFS.CD,2019,602315056052.526,observation::IND::NE.IMP.GNFS.CD::2019,Observation
IND,NE.GDI.TOTL.KD,2019,839070059893.912,observation::IND::NE.GDI.TOTL.KD::2019,Observation
IND,NE.GDI.STKB.CN,2019,1352307917600.0,observation::IND::NE.GDI.STKB.CN::2019,Observation
IND,NE.GDI.FTOT.KD.ZG,2019,1.14678157799118,observation::IND::NE.GDI.FTOT.KD.ZG::2019,Observation
IND,NE.GDI.FPRV.ZS,2019,24.9389058399406,observation::IND::NE.GDI.FPRV.ZS::2019,Observation
IND,NE.EXP.GNFS.KD.ZG,2019,-3.38497816237084,observation::IND::NE.EXP.GNFS.KD.ZG::2019,Observation
IND,NE.DAB.TOTL.ZS,2019,102.010160719991,observation::IND::NE.DAB.TOTL.ZS::2019,Observation
IND,NE.DAB.TOTL.CD,2019,2892606499701.12,observation::IND::NE.DAB.TOTL.CD::2019,Observation
IND,NE.CON.TOTL.KD.ZG,2019,4.98024009095997,observation::IND::NE.CON.TOTL.KD.ZG::2019,Observation
IND,NE.CON.PRVT.ZS,2019,60.91128763805,observation::IND::NE.CON.PRVT.ZS::2019,Observation
IND,NE.CON.PRVT.PC.KD,2019,1156.16158300263,observation::IND::NE.CON.PRVT.PC.KD::2019,Observation
IND,NE.CON.PRVT.CN.AD,2019,122453572704600.0,observation::IND::NE.CON.PRVT.CN.AD::2019,Observation
IND,NE.CON.PCAP.PP.CD,2019,4514.39058676344,observation::IND::NE.CON.PCAP.PP.CD::2019,Observation
IND,NE.CON.GOVT.KD,2019,288850968272.064,observation::IND::NE.CON.GOVT.KD::2019,Observation
IND,MS.MIL.XPND.ZS,2019,9.31986491104437,observation::IND::MS.MIL.XPND.ZS::2019,Observation
IND,MS.MIL.TOTL.TF.ZS,2019,0.573043386452831,observation::IND::MS.MIL.TOTL.TF.ZS::2019,Observation
IND,IT.NET.USER.ZS,2019,29.52350044,observation::IND::IT.NET.USER.ZS::2019,Observation
IND,IT.NET.SECR,2019,531807.0,observation::IND::IT.NET.SECR::2019,Observation
IND,IT.MLT.MAIN,2019,21004534.0,observation::IND::IT.MLT.MAIN::2019,Observation
IND,IS.SHP.GCNW.XQ,2019,54.2830927592,observation::IND::IS.SHP.GCNW.XQ::2019,Observation
IND,IS.AIR.PSGR,2019,167499116.0,observation::IND::IS.AIR.PSGR::2019,Observation
IND,IQ.SPI.PIL4,2019,58.9416666666667,observation::IND::IQ.SPI.PIL4::2019,Observation
IND,IQ.SPI.OVRL,2019,68.3804166666667,observation::IND::IQ.SPI.OVRL::2019,Observation
IND,NV.AGR.TOTL.CN,2019,33684712325000.0,observation::IND::NV.AGR.TOTL.CN::2019,Observation
IND,NE.RSB.GNFS.ZS,2019,-2.57687373613013,observation::IND::NE.RSB.GNFS.ZS::2019,Observation
IND,NE.IMP.GNFS.ZS,2019,21.2411386333872,observation::IND::NE.IMP.GNFS.ZS::2019,Observation
IND,NE.IMP.GNFS.CN,2019,42702320289600.0,observation::IND::NE.IMP.GNFS.CN::2019,Observation
IND,NE.GDI.TOTL.KD.ZG,2019,-2.58942798699373,observation::IND::NE.GDI.TOTL.KD.ZG::2019,Observation
IND,NE.GDI.STKB.KN,2019,1085372206900.0,observation::IND::NE.GDI.STKB.KN::2019,Observation
IND,NE.GDI.FTOT.KN,2019,45925789651600.0,observation::IND::NE.GDI.FTOT.KN::2019,Observation
IND,NE.GDI.FTOT.CD,2019,806858839433.266,observation::IND::NE.GDI.FTOT.CD::2019,Observation
IND,NE.EXP.GNFS.KN,2019,28138936543000.0,observation::IND::NE.EXP.GNFS.KN::2019,Observation
IND,NE.EXP.GNFS.CD,2019,529245063167.215,observation::IND::NE.EXP.GNFS.CD::2019,Observation
IND,NE.DAB.TOTL.CN,2019,205077073835000.0,observation::IND::NE.DAB.TOTL.CN::2019,Observation
IND,NE.CON.TOTL.KN,2019,97478237669800.0,observation::IND::NE.CON.TOTL.KN::2019,Observation
IND,NE.CON.TOTL.CD,2019,2039196838460.67,observation::IND::NE.CON.TOTL.CD::2019,Observation
IND,NE.CON.PRVT.PC.KD.ZG,2019,4.08069870228027,observation::IND::NE.CON.PRVT.PC.KD.ZG::2019,Observation
IND,NE.CON.PRVT.KD,2019,1605943484360.56,observation::IND::NE.CON.PRVT.KD::2019,Observation
IND,NE.CON.PCAP.PP.KD,2019,5028.3462466289,observation::IND::NE.CON.PCAP.PP.KD::2019,Observation
IND,NE.CON.GOVT.KD.ZG,2019,3.94864253102598,observation::IND::NE.CON.GOVT.KD.ZG::2019,Observation
IND,MS.MIL.XPRT.KD,2019,20000000.0,observation::IND::MS.MIL.XPRT.KD::2019,Observation
IND,MS.MIL.XPND.CD,2019,71468900524.3041,observation::IND::MS.MIL.XPND.CD::2019,Observation
IND,IT.NET.SECR.P6,2019,382.862055209059,observation::IND::IT.NET.SECR.P6::2019,Observation
IND,IT.MLT.MAIN.P2,2019,1.51217247158246,observation::IND::IT.MLT.MAIN.P2::2019,Observation
IND,IS.SHP.GOOD.TU,2019,17487621.0,observation::IND::IS.SHP.GOOD.TU::2019,Observation
IND,IS.RRS.GOOD.MT.K6,2019,738523.0,observation::IND::IS.RRS.GOOD.MT.K6::2019,Observation
IND,IQ.SPI.PIL5,2019,55.0,observation::IND::IQ.SPI.PIL5::2019,Observation
IND,IQ.SPI.PIL1,2019,80.0,observation::IND::IQ.SPI.PIL1::2019,Observation
IND,VC.IHR.PSRC.P5,2019,2.94997162020176,observation::IND::VC.IHR.PSRC.P5::2019,Observation
IND,VC.IDP.NWCV,2019,12000.0,observation::IND::VC.IDP.NWCV::2019,Observation
IND,TX.VAL.TECH.MF.ZS,2019,10.2237396907979,observation::IND::TX.VAL.TECH.MF.ZS::2019,Observation
IND,TX.VAL.MRCH.XD.WD,2019,121.0,observation::IND::TX.VAL.MRCH.XD.WD::2019,Observation
IND,TX.VAL.MRCH.R6.ZS,2019,7.56291967027285,observation::IND::TX.VAL.MRCH.R6.ZS::2019,Observation
IND,TX.VAL.MRCH.R2.ZS,2019,2.07781850015401,observation::IND::TX.VAL.MRCH.R2.ZS::2019,Observation
IND,TX.VAL.MRCH.CD.WT,2019,324340000000.0,observation::IND::TX.VAL.MRCH.CD.WT::2019,Observation
IND,TX.VAL.INSF.ZS.WT,2019,3.43169704869222,observation::IND::TX.VAL.INSF.ZS.WT::2019,Observation
IND,TX.VAL.AGRI.ZS.UN,2019,1.14645412586871,observation::IND::TX.VAL.AGRI.ZS.UN::2019,Observation
IND,TT.PRI.MRCH.XD.WD,2019,97.9,observation::IND::TT.PRI.MRCH.XD.WD::2019,Observation
IND,TM.VAL.OTHR.ZS.WT,2019,60.5409331151319,observation::IND::TM.VAL.OTHR.ZS.WT::2019,Observation
IND,TM.VAL.MRCH.RS.ZS,2019,1.18608568876207,observation::IND::TM.VAL.MRCH.RS.ZS::2019,Observation
IND,TM.VAL.MRCH.R3.ZS,2019,2.99737129743632,observation::IND::TM.VAL.MRCH.R3.ZS::2019,Observation
IND,TM.VAL.MRCH.HI.ZS,2019,57.0741157377476,observation::IND::TM.VAL.MRCH.HI.ZS::2019,Observation
IND,TM.VAL.MANF.ZS.UN,2019,50.1619402889172,observation::IND::TM.VAL.MANF.ZS.UN::2019,Observation
IND,TM.VAL.FOOD.ZS.UN,2019,3.97304277623304,observation::IND::TM.VAL.FOOD.ZS.UN::2019,Observation
IND,TM.TAX.TCOM.WM.AR.ZS,2019,5.72,observation::IND::TM.TAX.TCOM.WM.AR.ZS::2019,Observation
IND,TM.TAX.TCOM.BC.ZS,2019,76.92,observation::IND::TM.TAX.TCOM.BC.ZS::2019,Observation
IND,TM.TAX.MRCH.SM.AR.ZS,2019,10.21,observation::IND::TM.TAX.MRCH.SM.AR.ZS::2019,Observation
IND,TM.TAX.MANF.WM.AR.ZS,2019,6.64,observation::IND::TM.TAX.MANF.WM.AR.ZS::2019,Observation
IND,TM.TAX.MANF.BC.ZS,2019,73.62,observation::IND::TM.TAX.MANF.BC.ZS::2019,Observation
IND,ST.INT.XPND.CD,2019,28595000000.0,observation::IND::ST.INT.XPND.CD::2019,Observation
IND,ST.INT.TRNR.CD,2019,941000000.0,observation::IND::ST.INT.TRNR.CD::2019,Observation
IND,ST.INT.ARVL,2019,17914000.0,observation::IND::ST.INT.ARVL::2019,Observation
IND,SP.URB.GROW,2019,1.97750804279549,observation::IND::SP.URB.GROW::2019,Observation
IND,SP.POP.TOTL.FE.ZS,2019,48.3559820255384,observation::IND::SP.POP.TOTL.FE.ZS::2019,Observation
IND,SP.POP.DPND,2019,49.3781313856783,observation::IND::SP.POP.DPND::2019,Observation
IND,SP.POP.7579.MA.5Y,2019,0.914977524111526,observation::IND::SP.POP.7579.MA.5Y::2019,Observation
IND,SP.POP.65UP.TO.ZS,2019,6.22347304109804,observation::IND::SP.POP.65UP.TO.ZS::2019,Observation
IND,SP.POP.65UP.FE.ZS,2019,6.78299115265878,observation::IND::SP.POP.65UP.FE.ZS::2019,Observation
IND,SP.POP.6064.MA.5Y,2019,3.32562105416046,observation::IND::SP.POP.6064.MA.5Y::2019,Observation
IND,SP.POP.5054.MA.5Y,2019,4.77665591416524,observation::IND::SP.POP.5054.MA.5Y::2019,Observation
IND,SP.POP.4044.MA.5Y,2019,6.36441622840084,observation::IND::SP.POP.4044.MA.5Y::2019,Observation
IND,SP.POP.3034.MA.5Y,2019,8.204320101353,observation::IND::SP.POP.3034.MA.5Y::2019,Observation
IND,SP.POP.2024.MA.5Y,2019,9.19929904028085,observation::IND::SP.POP.2024.MA.5Y::2019,Observation
IND,SP.POP.1564.MA.ZS,2019,67.1418754368376,observation::IND::SP.POP.1564.MA.ZS::2019,Observation
IND,SP.POP.1519.MA.5Y,2019,9.58986039058127,observation::IND::SP.POP.1519.MA.5Y::2019,Observation
IND,SP.POP.0509.MA.5Y,2019,9.12055098667878,observation::IND::SP.POP.0509.MA.5Y::2019,Observation
IND,SP.POP.0014.MA.ZS,2019,27.1585466186459,observation::IND::SP.POP.0014.MA.ZS::2019,Observation
IND,SP.POP.0004.MA.5Y,2019,8.68932886164182,observation::IND::SP.POP.0004.MA.5Y::2019,Observation
IND,SP.DYN.TO65.FE.ZS,2019,76.558342,observation::IND::SP.DYN.TO65.FE.ZS::2019,Observation
IND,SP.DYN.LE00.FE.IN,2019,72.287,observation::IND::SP.DYN.LE00.FE.IN::2019,Observation
IND,SP.DYN.AMRT.MA,2019,191.12,observation::IND::SP.DYN.AMRT.MA::2019,Observation
IND,DT.NFL.WHOL.CD,2019,8992305.75561523,observation::IND::DT.NFL.WHOL.CD::2019,Observation
IND,DT.NFL.UNDP.CD,2019,2691499.94850159,observation::IND::DT.NFL.UNDP.CD::2019,Observation
IND,DT.NFL.UNCF.CD,2019,63026000.9765625,observation::IND::DT.NFL.UNCF.CD::2019,Observation
IND,DT.NFL.PROP.CD,2019,-7952000.0,observation::IND::DT.NFL.PROP.CD::2019,Observation
IND,DT.NFL.PCBK.CD,2019,552908000.0,observation::IND::DT.NFL.PCBK.CD::2019,Observation
IND,DT.NFL.MOTH.CD,2019,171573603.1,observation::IND::DT.NFL.MOTH.CD::2019,Observation
IND,DT.NFL.BOND.CD,2019,12784462000.0,observation::IND::DT.NFL.BOND.CD::2019,Observation
IND,VC.IHR.PSRC.MA.P5,2019,3.28250994500686,observation::IND::VC.IHR.PSRC.MA.P5::2019,Observation
IND,VC.BTL.DETH,2019,594.0,observation::IND::VC.BTL.DETH::2019,Observation
IND,TX.VAL.TECH.CD,2019,23471089532.0,observation::IND::TX.VAL.TECH.CD::2019,Observation
IND,TX.VAL.MRCH.WR.ZS,2019,6.97028995705287,observation::IND::TX.VAL.MRCH.WR.ZS::2019,Observation
IND,TX.VAL.MRCH.R5.ZS,2019,6.97028995705287,observation::IND::TX.VAL.MRCH.R5.ZS::2019,Observation
IND,TX.VAL.MRCH.R1.ZS,2019,12.6916866038357,observation::IND::TX.VAL.MRCH.R1.ZS::2019,Observation
IND,TX.VAL.MRCH.AL.ZS,2019,16.2564499503215,observation::IND::TX.VAL.MRCH.AL.ZS::2019,Observation
IND,TX.VAL.ICTG.ZS.UN,2019,2.0,observation::IND::TX.VAL.ICTG.ZS.UN::2019,Observation
IND,TX.UVI.MRCH.XD.WD,2019,101.5,observation::IND::TX.UVI.MRCH.XD.WD::2019,Observation
IND,TM.VAL.TRVL.ZS.WT,2019,17.704861132415,observation::IND::TM.VAL.TRVL.ZS.WT::2019,Observation
IND,TM.VAL.MRCH.XD.WD,2019,123.3,observation::IND::TM.VAL.MRCH.XD.WD::2019,Observation
IND,TM.VAL.MRCH.R6.ZS,2019,6.97268331841675,observation::IND::TM.VAL.MRCH.R6.ZS::2019,Observation
IND,TM.VAL.MRCH.R2.ZS,2019,1.4028251908105,observation::IND::TM.VAL.MRCH.R2.ZS::2019,Observation
IND,TM.VAL.MRCH.CD.WT,2019,486059000000.0,observation::IND::TM.VAL.MRCH.CD.WT::2019,Observation
IND,TM.VAL.INSF.ZS.WT,2019,3.24240540808375,observation::IND::TM.VAL.INSF.ZS.WT::2019,Observation
IND,TM.VAL.AGRI.ZS.UN,2019,1.85942162777805,observation::IND::TM.VAL.AGRI.ZS.UN::2019,Observation
IND,TM.TAX.TCOM.SM.FN.ZS,2019,26.62,observation::IND::TM.TAX.TCOM.SM.FN.ZS::2019,Observation
IND,TM.TAX.MRCH.WM.FN.ZS,2019,8.77,observation::IND::TM.TAX.MRCH.WM.FN.ZS::2019,Observation
IND,TM.TAX.MRCH.BR.ZS,2019,51.96,observation::IND::TM.TAX.MRCH.BR.ZS::2019,Observation
IND,TM.TAX.MANF.SM.FN.ZS,2019,11.65,observation::IND::TM.TAX.MANF.SM.FN.ZS::2019,Observation
IND,TM.QTY.MRCH.XD.WD,2019,119.0,observation::IND::TM.QTY.MRCH.XD.WD::2019,Observation
IND,ST.INT.TVLX.CD,2019,22915000000.0,observation::IND::ST.INT.TVLX.CD::2019,Observation
IND,ST.INT.RCPT.XP.ZS,2019,5.79836621867619,observation::IND::ST.INT.RCPT.XP.ZS::2019,Observation
IND,SP.RUR.TOTL.ZS,2019,66.1860421181853,observation::IND::SP.RUR.TOTL.ZS::2019,Observation
IND,SP.POP.TOTL.FE.IN,2019,671679248.0,observation::IND::SP.POP.TOTL.FE.IN::2019,Observation
IND,SP.POP.GROW,2019,1.04001395098104,observation::IND::SP.POP.GROW::2019,Observation
IND,SP.POP.BRTH.MF,2019,1.082,observation::IND::SP.POP.BRTH.MF::2019,Observation
IND,SP.POP.7579.FE.5Y,2019,1.16140814494733,observation::IND::SP.POP.7579.FE.5Y::2019,Observation
IND,SP.POP.65UP.TO,2019,86445927.0,observation::IND::SP.POP.65UP.TO::2019,Observation
IND,SP.POP.65UP.FE.IN,2019,45559944.0,observation::IND::SP.POP.65UP.FE.IN::2019,Observation
IND,SP.POP.6064.FE.5Y,2019,3.52871836563818,observation::IND::SP.POP.6064.FE.5Y::2019,Observation
IND,SP.POP.5054.FE.5Y,2019,4.91909688646574,observation::IND::SP.POP.5054.FE.5Y::2019,Observation
IND,SP.POP.4044.FE.5Y,2019,6.35748753521302,observation::IND::SP.POP.4044.FE.5Y::2019,Observation
IND,SP.POP.3034.FE.5Y,2019,8.06955464547153,observation::IND::SP.POP.3034.FE.5Y::2019,Observation
IND,SP.POP.2024.FE.5Y,2019,8.9070673440643,observation::IND::SP.POP.2024.FE.5Y::2019,Observation
IND,SP.POP.1564.MA.IN,2019,481642958.0,observation::IND::SP.POP.1564.MA.IN::2019,Observation
IND,SP.POP.1519.FE.5Y,2019,9.28999692030831,observation::IND::SP.POP.1519.FE.5Y::2019,Observation
IND,SP.POP.0509.FE.5Y,2019,8.87920322582364,observation::IND::SP.POP.0509.FE.5Y::2019,Observation
IND,SP.POP.0014.MA.IN,2019,194822123.0,observation::IND::SP.POP.0014.MA.IN::2019,Observation
IND,SP.POP.0004.FE.5Y,2019,8.5282619089281,observation::IND::SP.POP.0004.FE.5Y::2019,Observation
IND,SP.DYN.TFRT.IN,2019,2.12,observation::IND::SP.DYN.TFRT.IN::2019,Observation
IND,SP.DYN.IMRT.MA.IN,2019,29.7,observation::IND::SP.DYN.IMRT.MA.IN::2019,Observation
IND,SP.DYN.AMRT.FE,2019,134.926,observation::IND::SP.DYN.AMRT.FE::2019,Observation
IND,SM.POP.RHCR.EA,2019,195103.0,observation::IND::SM.POP.RHCR.EA::2019,Observation
IND,SM.POP.IDPC,2019,470000.0,observation::IND::SM.POP.IDPC::2019,Observation
IND,SL.UEM.TOTL.NE.ZS,2019,6.51,observation::IND::SL.UEM.TOTL.NE.ZS::2019,Observation
IND,DT.NFL.UNFP.CD,2019,5349729.06112671,observation::IND::DT.NFL.UNFP.CD::2019,Observation
IND,DT.NFL.RDBN.CD,2019,1238655000.0,observation::IND::DT.NFL.RDBN.CD::2019,Observation
IND,DT.NFL.PNGC.CD,2019,20315740000.0,observation::IND::DT.NFL.PNGC.CD::2019,Observation
IND,DT.NFL.PBND.CD,2019,7549953000.0,observation::IND::DT.NFL.PBND.CD::2019,Observation
IND,DT.NFL.MLAT.CD,2019,2382341000.0,observation::IND::DT.NFL.MLAT.CD::2019,Observation
IND,DT.NFL.IMFC.CD,2019,0.0,observation::IND::DT.NFL.IMFC.CD::2019,Observation
IND,DT.NFL.FAOG.CD,2019,456272.98951149,observation::IND::DT.NFL.FAOG.CD::2019,Observation
IND,DT.NFL.BLAT.CD,2019,920092167.4,observation::IND::DT.NFL.BLAT.CD::2019,Observation
IND,DT.DOD.MWBG.CD,2019,36808894000.0,observation::IND::DT.DOD.MWBG.CD::2019,Observation
IND,DT.DOD.DSTC.XP.ZS,2019,18.7536266721175,observation::IND::DT.DOD.DSTC.XP.ZS::2019,Observation
IND,DT.DOD.DPNG.CD,2019,256729144000.0,observation::IND::DT.DOD.DPNG.CD::2019,Observation
IND,DT.DOD.DECT.CD,2019,561017395481.3,observation::IND::DT.DOD.DECT.CD::2019,Observation
IND,VC.IDP.NWDS,2019,5018000.0,observation::IND::VC.IDP.NWDS::2019,Observation
IND,TX.VAL.TRAN.ZS.WT,2019,9.86579255021123,observation::IND::TX.VAL.TRAN.ZS.WT::2019,Observation
IND,TX.VAL.OTHR.ZS.WT,2019,72.3557466374061,observation::IND::TX.VAL.OTHR.ZS.WT::2019,Observation
IND,TX.VAL.MRCH.RS.ZS,2019,0.0745115238450528,observation::IND::TX.VAL.MRCH.RS.ZS::2019,Observation
IND,TX.VAL.MRCH.R3.ZS,2019,3.72075478535494,observation::IND::TX.VAL.MRCH.R3.ZS::2019,Observation
IND,TX.VAL.MRCH.HI.ZS,2019,62.7901438280904,observation::IND::TX.VAL.MRCH.HI.ZS::2019,Observation
IND,TX.VAL.MANF.ZS.UN,2019,71.0205379047355,observation::IND::TX.VAL.MANF.ZS.UN::2019,Observation
IND,TX.VAL.FOOD.ZS.UN,2019,10.4144880035748,observation::IND::TX.VAL.FOOD.ZS.UN::2019,Observation
IND,TX.MNF.TECH.ZS.UN,2019,36.6689569974549,observation::IND::TX.MNF.TECH.ZS.UN::2019,Observation
IND,TM.VAL.SERV.CD.WT,2019,129427489266.982,observation::IND::TM.VAL.SERV.CD.WT::2019,Observation
IND,TM.VAL.MRCH.WL.CD,2019,479723350000.0,observation::IND::TM.VAL.MRCH.WL.CD::2019,Observation
IND,TM.VAL.MRCH.R4.ZS,2019,6.66152481424971,observation::IND::TM.VAL.MRCH.R4.ZS::2019,Observation
IND,TM.VAL.MRCH.OR.ZS,2019,40.9712451978833,observation::IND::TM.VAL.MRCH.OR.ZS::2019,Observation
IND,TM.VAL.MMTL.ZS.UN,2019,5.19863637802351,observation::IND::TM.VAL.MMTL.ZS.UN::2019,Observation
IND,TM.VAL.FUEL.ZS.UN,2019,31.880343122832,observation::IND::TM.VAL.FUEL.ZS.UN::2019,Observation
IND,TM.TAX.TCOM.WM.FN.ZS,2019,8.48,observation::IND::TM.TAX.TCOM.WM.FN.ZS::2019,Observation
IND,TM.TAX.TCOM.BR.ZS,2019,93.29,observation::IND::TM.TAX.TCOM.BR.ZS::2019,Observation
IND,TM.TAX.MRCH.SM.FN.ZS,2019,15.53,observation::IND::TM.TAX.MRCH.SM.FN.ZS::2019,Observation
IND,TM.TAX.MANF.WM.FN.ZS,2019,8.53,observation::IND::TM.TAX.MANF.WM.FN.ZS::2019,Observation
IND,TM.TAX.MANF.BR.ZS,2019,35.26,observation::IND::TM.TAX.MANF.BR.ZS::2019,Observation
IND,ST.INT.XPND.MP.ZS,2019,4.61593252634138,observation::IND::ST.INT.XPND.MP.ZS::2019,Observation
IND,ST.INT.TRNX.CD,2019,5680000000.0,observation::IND::ST.INT.TRNX.CD::2019,Observation
IND,ST.INT.DPRT,2019,26915000.0,observation::IND::ST.INT.DPRT::2019,Observation
IND,SP.URB.TOTL,2019,469686125.0,observation::IND::SP.URB.TOTL::2019,Observation
IND,SP.RUR.TOTL,2019,919344187.0,observation::IND::SP.RUR.TOTL::2019,Observation
IND,SP.POP.TOTL.MA.IN,2019,717351064.0,observation::IND::SP.POP.TOTL.MA.IN::2019,Observation
IND,SP.POP.DPND.OL,2019,9.2965077293909,observation::IND::SP.POP.DPND.OL::2019,Observation
IND,SP.POP.80UP.FE.5Y,2019,1.15742060177701,observation::IND::SP.POP.80UP.FE.5Y::2019,Observation
IND,SP.POP.7074.FE.5Y,2019,1.757104976275,observation::IND::SP.POP.7074.FE.5Y::2019,Observation
IND,SP.POP.65UP.MA.IN,2019,40885983.0,observation::IND::SP.POP.65UP.MA.IN::2019,Observation
IND,SP.POP.6569.FE.5Y,2019,2.70705742965945,observation::IND::SP.POP.6569.FE.5Y::2019,Observation
IND,SP.POP.5559.FE.5Y,2019,4.2398822151493,observation::IND::SP.POP.5559.FE.5Y::2019,Observation
IND,SP.POP.4549.FE.5Y,2019,5.63187847242239,observation::IND::SP.POP.4549.FE.5Y::2019,Observation
IND,SP.POP.3539.FE.5Y,2019,7.23615894171844,observation::IND::SP.POP.3539.FE.5Y::2019,Observation
IND,SP.POP.2529.FE.5Y,2019,8.55324890984778,observation::IND::SP.POP.2529.FE.5Y::2019,Observation
IND,SP.POP.1564.TO,2019,929875277.0,observation::IND::SP.POP.1564.TO::2019,Observation
IND,SP.POP.1564.FE.IN,2019,448232319.0,observation::IND::SP.POP.1564.FE.IN::2019,Observation
IND,SP.POP.1014.FE.5Y,2019,9.07645347629048,observation::IND::SP.POP.1014.FE.5Y::2019,Observation
IND,SP.POP.0014.TO,2019,372709109.0,observation::IND::SP.POP.0014.TO::2019,Observation
IND,SP.POP.0014.FE.IN,2019,177886985.0,observation::IND::SP.POP.0014.FE.IN::2019,Observation
IND,SP.DYN.TO65.MA.ZS,2019,69.787036,observation::IND::SP.DYN.TO65.MA.ZS::2019,Observation
IND,SP.DYN.LE00.IN,2019,70.746,observation::IND::SP.DYN.LE00.IN::2019,Observation
IND,SP.DYN.IMRT.FE.IN,2019,29.8,observation::IND::SP.DYN.IMRT.FE.IN::2019,Observation
IND,SP.DYN.CBRT.IN,2019,17.368,observation::IND::SP.DYN.CBRT.IN::2019,Observation
IND,SN.ITK.DEFC.ZS,2019,11.8,observation::IND::SN.ITK.DEFC.ZS::2019,Observation
IND,DT.NFL.UNCR.CD,2019,2839078.90319824,observation::IND::DT.NFL.UNCR.CD::2019,Observation
IND,DT.NFL.PRVT.CD,2019,8094909000.0,observation::IND::DT.NFL.PRVT.CD::2019,Observation
IND,DT.NFL.PCBO.CD,2019,20860696000.0,observation::IND::DT.NFL.PCBO.CD::2019,Observation
IND,DT.NFL.NIFC.CD,2019,681856609.0,observation::IND::DT.NFL.NIFC.CD::2019,Observation
IND,DT.NFL.MIBR.CD,2019,1395993000.0,observation::IND::DT.NFL.MIBR.CD::2019,Observation
IND,VC.IHR.PSRC.FE.P5,2019,2.59482186459122,observation::IND::VC.IHR.PSRC.FE.P5::2019,Observation
IND,TX.VAL.TRVL.ZS.WT,2019,14.3467637636905,observation::IND::TX.VAL.TRVL.ZS.WT::2019,Observation
IND,TX.VAL.SERV.CD.WT,2019,214127968224.741,observation::IND::TX.VAL.SERV.CD.WT::2019,Observation
IND,TX.VAL.MRCH.WL.CD,2019,322312560000.0,observation::IND::TX.VAL.MRCH.WL.CD::2019,Observation
IND,TX.VAL.MRCH.R4.ZS,2019,4.1118751313942,observation::IND::TX.VAL.MRCH.R4.ZS::2019,Observation
IND,TX.VAL.MRCH.OR.ZS,2019,30.1650546910117,observation::IND::TX.VAL.MRCH.OR.ZS::2019,Observation
IND,TX.VAL.MMTL.ZS.UN,2019,3.54087990043718,observation::IND::TX.VAL.MMTL.ZS.UN::2019,Observation
IND,TX.VAL.FUEL.ZS.UN,2019,13.7763501701928,observation::IND::TX.VAL.FUEL.ZS.UN::2019,Observation
IND,TX.QTY.MRCH.XD.WD,2019,119.3,observation::IND::TX.QTY.MRCH.XD.WD::2019,Observation
IND,TM.VAL.TRAN.ZS.WT,2019,18.5118003443694,observation::IND::TM.VAL.TRAN.ZS.WT::2019,Observation
IND,TM.VAL.MRCH.WR.ZS,2019,0.768553375607004,observation::IND::TM.VAL.MRCH.WR.ZS::2019,Observation
IND,TM.VAL.MRCH.R5.ZS,2019,0.768553375607004,observation::IND::TM.VAL.MRCH.R5.ZS::2019,Observation
IND,TM.VAL.MRCH.R1.ZS,2019,22.93684057697,observation::IND::TM.VAL.MRCH.R1.ZS::2019,Observation
IND,TM.VAL.MRCH.AL.ZS,2019,22.6574274527183,observation::IND::TM.VAL.MRCH.AL.ZS::2019,Observation
IND,TM.VAL.ICTG.ZS.UN,2019,9.46,observation::IND::TM.VAL.ICTG.ZS.UN::2019,Observation
IND,TM.UVI.MRCH.XD.WD,2019,103.7,observation::IND::TM.UVI.MRCH.XD.WD::2019,Observation
IND,TM.TAX.TCOM.SM.AR.ZS,2019,19.39,observation::IND::TM.TAX.TCOM.SM.AR.ZS::2019,Observation
IND,TM.TAX.MRCH.WM.AR.ZS,2019,6.59,observation::IND::TM.TAX.MRCH.WM.AR.ZS::2019,Observation
IND,TM.TAX.MRCH.BC.ZS,2019,74.39,observation::IND::TM.TAX.MRCH.BC.ZS::2019,Observation
IND,TM.TAX.MANF.SM.AR.ZS,2019,8.86,observation::IND::TM.TAX.MANF.SM.AR.ZS::2019,Observation
IND,TG.VAL.TOTL.GD.ZS,2019,28.5793910253128,observation::IND::TG.VAL.TOTL.GD.ZS::2019,Observation
IND,ST.INT.TVLR.CD,2019,30720000000.0,observation::IND::ST.INT.TVLR.CD::2019,Observation
IND,ST.INT.RCPT.CD,2019,31661000000.0,observation::IND::ST.INT.RCPT.CD::2019,Observation
IND,SP.URB.TOTL.IN.ZS,2019,33.8139578818147,observation::IND::SP.URB.TOTL.IN.ZS::2019,Observation
IND,SP.RUR.TOTL.ZG,2019,0.564425994371504,observation::IND::SP.RUR.TOTL.ZG::2019,Observation
IND,SP.POP.TOTL.MA.ZS,2019,51.6440179744616,observation::IND::SP.POP.TOTL.MA.ZS::2019,Observation
IND,SP.POP.TOTL,2019,1389030312.0,observation::IND::SP.POP.TOTL::2019,Observation
IND,SP.POP.DPND.YG,2019,40.0816236562874,observation::IND::SP.POP.DPND.YG::2019,Observation
IND,SP.POP.80UP.MA.5Y,2019,0.815357611859176,observation::IND::SP.POP.80UP.MA.5Y::2019,Observation
IND,SP.POP.7074.MA.5Y,2019,1.49566077837145,observation::IND::SP.POP.7074.MA.5Y::2019,Observation
IND,SP.POP.65UP.MA.ZS,2019,5.69957794451642,observation::IND::SP.POP.65UP.MA.ZS::2019,Observation
IND,SP.POP.6569.MA.5Y,2019,2.47358203017427,observation::IND::SP.POP.6569.MA.5Y::2019,Observation
IND,SP.POP.5559.MA.5Y,2019,4.0779859386101,observation::IND::SP.POP.5559.MA.5Y::2019,Observation
IND,SP.POP.4549.MA.5Y,2019,5.53707201690097,observation::IND::SP.POP.4549.MA.5Y::2019,Observation
IND,SP.POP.3539.MA.5Y,2019,7.34026562156202,observation::IND::SP.POP.3539.MA.5Y::2019,Observation
IND,SP.POP.2529.MA.5Y,2019,8.72637913082288,observation::IND::SP.POP.2529.MA.5Y::2019,Observation
IND,SP.POP.1564.TO.ZS,2019,66.944203338595,observation::IND::SP.POP.1564.TO.ZS::2019,Observation
IND,SP.POP.1564.FE.ZS,2019,66.733090236299,observation::IND::SP.POP.1564.FE.ZS::2019,Observation
IND,SP.POP.1014.MA.5Y,2019,9.34866677032535,observation::IND::SP.POP.1014.MA.5Y::2019,Observation
IND,SP.POP.0014.TO.ZS,2019,26.832323620307,observation::IND::SP.POP.0014.TO.ZS::2019,Observation
IND,SP.POP.0014.FE.ZS,2019,26.4839186110422,observation::IND::SP.POP.0014.FE.ZS::2019,Observation
IND,SP.DYN.LE00.MA.IN,2019,69.312,observation::IND::SP.DYN.LE00.MA.IN::2019,Observation
IND,SP.DYN.IMRT.IN,2019,29.8,observation::IND::SP.DYN.IMRT.IN::2019,Observation
IND,SP.DYN.CDRT.IN,2019,6.67,observation::IND::SP.DYN.CDRT.IN::2019,Observation
IND,SP.ADO.TFRT,2019,14.796,observation::IND::SP.ADO.TFRT::2019,Observation
IND,SM.POP.FDIP,2019,677305.0,observation::IND::SM.POP.FDIP::2019,Observation
IND,DT.ODA.ALLD.CD,2019,2551398681.64063,observation::IND::DT.ODA.ALLD.CD::2019,Observation
IND,DT.NFL.UNAI.CD,2019,893971.025943756,observation::IND::DT.NFL.UNAI.CD::2019,Observation
IND,DT.NFL.PNGB.CD,2019,5234509000.0,observation::IND::DT.NFL.PNGB.CD::2019,Observation
IND,DT.NFL.OFFT.CD,2019,3302433609.8,observation::IND::DT.NFL.OFFT.CD::2019,Observation
IND,DT.NFL.MIDA.CD,2019,-930716000.0,observation::IND::DT.NFL.MIDA.CD::2019,Observation
IND,DT.NFL.ILOG.CD,2019,3925280.09414673,observation::IND::DT.NFL.ILOG.CD::2019,Observation
IND,DT.NFL.DPNG.CD,2019,25550249000.0,observation::IND::DT.NFL.DPNG.CD::2019,Observation
IND,IP.PAT.NRES,2019,34173.0,observation::IND::IP.PAT.NRES::2019,Observation
IND,IC.BUS.NDNS.ZS,2019,0.138873371349751,observation::IND::IC.BUS.NDNS.ZS::2019,Observation
IND,GF.XPD.BUDG.ZS,2019,94.7957,observation::IND::GF.XPD.BUDG.ZS::2019,Observation
IND,FR.INR.RINR,2019,6.89487542729716,observation::IND::FR.INR.RINR::2019,Observation
IND,FP.WPI.TOTL,2019,135.091337704907,observation::IND::FP.WPI.TOTL::2019,Observation
IND,FM.LBL.BMNY.IR.ZS,2019,4.70991325005217,observation::IND::FM.LBL.BMNY.IR.ZS::2019,Observation
IND,FM.AST.PRVT.GD.ZS,2019,38.73794497616,observation::IND::FM.AST.PRVT.GD.ZS::2019,Observation
IND,IP.TMK.RSCT,2019,322297.0,observation::IND::IP.TMK.RSCT::2019,Observation
IND,IP.JRN.ARTC.SC,2019,132819.62,observation::IND::IP.JRN.ARTC.SC::2019,Observation
IND,IE.PPN.TRAN.CD,2019,6469840000.0,observation::IND::IE.PPN.TRAN.CD::2019,Observation
IND,IE.PPI.TRAN.CD,2019,6469840000.0,observation::IND::IE.PPI.TRAN.CD::2019,Observation
IND,GB.XPD.RSDV.GD.ZS,2019,0.65942,observation::IND::GB.XPD.RSDV.GD.ZS::2019,Observation
IND,FP.CPI.TOTL.ZG,2019,3.72950573539129,observation::IND::FP.CPI.TOTL.ZG::2019,Observation
IND,FM.LBL.BMNY.GD.ZS,2019,76.98188096813,observation::IND::FM.LBL.BMNY.GD.ZS::2019,Observation
IND,FM.AST.NFRG.CN,2019,34230928515696.8,observation::IND::FM.AST.NFRG.CN::2019,Observation
IND,IP.PAT.RESD,2019,19454.0,observation::IND::IP.PAT.RESD::2019,Observation
IND,IP.IDS.NRCT,2019,4342.0,observation::IND::IP.IDS.NRCT::2019,Observation
IND,IE.PPN.ENGY.CD,2019,856350000.0,observation::IND::IE.PPN.ENGY.CD::2019,Observation
IND,IE.PPI.ENGY.CD,2019,856350000.0,observation::IND::IE.PPI.ENGY.CD::2019,Observation
IND,IC.BUS.NREG,2019,128565.0,observation::IND::IC.BUS.NREG::2019,Observation
IND,FS.AST.PRVT.GD.ZS,2019,38.73794497616,observation::IND::FS.AST.PRVT.GD.ZS::2019,Observation
IND,IP.TMK.NRCT,2019,45477.0,observation::IND::IP.TMK.NRCT::2019,Observation
IND,IP.IDS.RSCT,2019,9381.0,observation::IND::IP.IDS.RSCT::2019,Observation
IND,FS.AST.CGOV.GD.ZS,2019,20.3456544384784,observation::IND::FS.AST.CGOV.GD.ZS::2019,Observation
IND,FM.AST.CGOV.ZG.M3,2019,4.56755334341485,observation::IND::FM.AST.CGOV.ZG.M3::2019,Observation
IND,FI.RES.TOTL.CD,2019,463469902152.507,observation::IND::FI.RES.TOTL.CD::2019,Observation
IND,FB.AST.NPER.ZS,2019,9.23442899080834,observation::IND::FB.AST.NPER.ZS::2019,Observation
IND,ER.H2O.INTR.PC,2019,1041.0139991243,observation::IND::ER.H2O.INTR.PC::2019,Observation
IND,ER.H2O.FWST.ZS,2019,66.49209283,observation::IND::ER.H2O.FWST.ZS::2019,Observation
IND,ER.GDP.FWTL.M3.KD,2019,4.15321281217809,observation::IND::ER.GDP.FWTL.M3.KD::2019,Observation
IND,EN.URB.MCTY.TL.ZS,2019,15.4193492503136,observation::IND::EN.URB.MCTY.TL.ZS::2019,Observation
IND,EN.POP.SLUM.UR.ZS,2019,5.41,observation::IND::EN.POP.SLUM.UR.ZS::2019,Observation
IND,EN.POP.DNST,2019,467.185182245332,observation::IND::EN.POP.DNST::2019,Observation
IND,EN.GHG.N2O.ZG.AR5,2019,98.1146828639863,observation::IND::EN.GHG.N2O.ZG.AR5::2019,Observation
IND,EN.GHG.N2O.MT.CE.AR5,2019,252.3567,observation::IND::EN.GHG.N2O.MT.CE.AR5::2019,Observation
IND,EN.GHG.N2O.BU.MT.CE.AR5,2019,8.0742,observation::IND::EN.GHG.N2O.BU.MT.CE.AR5::2019,Observation
IND,EN.GHG.CO2.PI.MT.CE.AR5,2019,1178.9569,observation::IND::EN.GHG.CO2.PI.MT.CE.AR5::2019,Observation
IND,EN.GHG.CO2.LU.OL.MT.CE.AR5,2019,-350.172,observation::IND::EN.GHG.CO2.LU.OL.MT.CE.AR5::2019,Observation
IND,EN.GHG.CO2.IP.MT.CE.AR5,2019,197.6003,observation::IND::EN.GHG.CO2.IP.MT.CE.AR5::2019,Observation
IND,EN.GHG.CO2.AG.MT.CE.AR5,2019,29.1932,observation::IND::EN.GHG.CO2.AG.MT.CE.AR5::2019,Observation
IND,EN.GHG.CH4.PI.MT.CE.AR5,2019,0.8696,observation::IND::EN.GHG.CH4.PI.MT.CE.AR5::2019,Observation
IND,EN.GHG.CH4.FE.MT.CE.AR5,2019,74.1518,observation::IND::EN.GHG.CH4.FE.MT.CE.AR5::2019,Observation
IND,EN.GHG.ALL.MT.CE.AR5,2019,3641.2932,observation::IND::EN.GHG.ALL.MT.CE.AR5::2019,Observation
IND,EG.USE.ELEC.KH.PC,2019,988.272169542114,observation::IND::EG.USE.ELEC.KH.PC::2019,Observation
IND,EG.USE.COMM.CL.ZS,2019,4.16,observation::IND::EG.USE.COMM.CL.ZS::2019,Observation
IND,EG.FEC.RNEW.ZS,2019,33.5,observation::IND::EG.FEC.RNEW.ZS::2019,Observation
IND,EG.ELC.PETR.ZS,2019,0.265884277785302,observation::IND::EG.ELC.PETR.ZS::2019,Observation
IND,EG.ELC.HYRO.ZS,2019,10.4742493688437,observation::IND::EG.ELC.HYRO.ZS::2019,Observation
IND,EG.ELC.ACCS.UR.ZS,2019,99.8,observation::IND::EG.ELC.ACCS.UR.ZS::2019,Observation
IND,EG.CFT.ACCS.UR.ZS,2019,90.8,observation::IND::EG.CFT.ACCS.UR.ZS::2019,Observation
IND,DT.TDS.DPPG.XP.ZS,2019,2.89848285073821,observation::IND::DT.TDS.DPPG.XP.ZS::2019,Observation
IND,DT.TDS.DIMF.CD,2019,54611031.9,observation::IND::DT.TDS.DIMF.CD::2019,Observation
IND,DT.ODA.ODAT.GN.ZS,2019,0.0908498823485309,observation::IND::DT.ODA.ODAT.GN.ZS::2019,Observation
IND,FI.RES.XGLD.CD,2019,432378384523.969,observation::IND::FI.RES.XGLD.CD::2019,Observation
IND,FD.RES.LIQU.AS.ZS,2019,7.3212565093593,observation::IND::FD.RES.LIQU.AS.ZS::2019,Observation
IND,FB.CBK.BRCH.P5,2019,14.4264656491788,observation::IND::FB.CBK.BRCH.P5::2019,Observation
IND,ER.PTD.TOTL.ZS,2019,3.5,observation::IND::ER.PTD.TOTL.ZS::2019,Observation
IND,ER.H2O.INTR.K3,2019,1446.0,observation::IND::ER.H2O.INTR.K3::2019,Observation
IND,ER.H2O.FWIN.ZS,2019,2.23390276,observation::IND::ER.H2O.FWIN.ZS::2019,Observation
IND,ER.FSH.PROD.MT,2019,13410099.997,observation::IND::ER.FSH.PROD.MT::2019,Observation
IND,EN.URB.MCTY,2019,214179435.0,observation::IND::EN.URB.MCTY::2019,Observation
IND,EN.GHG.N2O.WA.MT.CE.AR5,2019,16.5966,observation::IND::EN.GHG.N2O.WA.MT.CE.AR5::2019,Observation
IND,EN.GHG.N2O.IP.MT.CE.AR5,2019,14.8904,observation::IND::EN.GHG.N2O.IP.MT.CE.AR5::2019,Observation
IND,EN.GHG.N2O.AG.MT.CE.AR5,2019,182.3934,observation::IND::EN.GHG.N2O.AG.MT.CE.AR5::2019,Observation
IND,EN.GHG.CO2.TR.MT.CE.AR5,2019,308.5592,observation::IND::EN.GHG.CO2.TR.MT.CE.AR5::2019,Observation
IND,EN.GHG.CO2.PC.CE.AR5,2019,1.83688223212799,observation::IND::EN.GHG.CO2.PC.CE.AR5::2019,Observation
IND,EN.GHG.CO2.LU.MT.CE.AR5,2019,-485.471,observation::IND::EN.GHG.CO2.LU.MT.CE.AR5::2019,Observation
IND,EN.GHG.CO2.IC.MT.CE.AR5,2019,554.5295,observation::IND::EN.GHG.CO2.IC.MT.CE.AR5::2019,Observation
IND,EN.GHG.CH4.ZG.AR5,2019,26.8015214507773,observation::IND::EN.GHG.CH4.ZG.AR5::2019,Observation
IND,EN.GHG.CH4.MT.CE.AR5,2019,782.5528,observation::IND::EN.GHG.CH4.MT.CE.AR5::2019,Observation
IND,EN.GHG.CH4.BU.MT.CE.AR5,2019,37.6182,observation::IND::EN.GHG.CH4.BU.MT.CE.AR5::2019,Observation
IND,EN.GHG.ALL.LU.MT.CE.AR5,2019,3155.8222,observation::IND::EN.GHG.ALL.LU.MT.CE.AR5::2019,Observation
IND,EG.USE.CRNW.ZS,2019,20.5735606071895,observation::IND::EG.USE.CRNW.ZS::2019,Observation
IND,EG.IMP.CONS.ZS,2019,39.2996982985914,observation::IND::EG.IMP.CONS.ZS::2019,Observation
IND,EG.ELC.RNWX.ZS,2019,6.35327384440851,observation::IND::EG.ELC.RNWX.ZS::2019,Observation
IND,EG.ELC.NUCL.ZS,2019,2.82233306469588,observation::IND::EG.ELC.NUCL.ZS::2019,Observation
IND,EG.ELC.FOSL.ZS,2019,77.4346965014172,observation::IND::EG.ELC.FOSL.ZS::2019,Observation
IND,EG.ELC.ACCS.RU.ZS,2019,93.8,observation::IND::EG.ELC.ACCS.RU.ZS::2019,Observation
IND,EG.CFT.ACCS.RU.ZS,2019,46.0,observation::IND::EG.CFT.ACCS.RU.ZS::2019,Observation
IND,DT.TDS.DPPG.GN.ZS,2019,0.587651088242391,observation::IND::DT.TDS.DPPG.GN.ZS::2019,Observation
IND,DT.TDS.DECT.GN.ZS,2019,1.82517493462647,observation::IND::DT.TDS.DECT.GN.ZS::2019,Observation
IND,DT.ODA.ODAT.PC.ZS,2019,1.83682001724425,observation::IND::DT.ODA.ODAT.PC.ZS::2019,Observation
IND,DT.ODA.ODAT.GI.ZS,2019,0.298965291526242,observation::IND::DT.ODA.ODAT.GI.ZS::2019,Observation
IND,DT.ODA.ALLD.KD,2019,2327749023.4375,observation::IND::DT.ODA.ALLD.KD::2019,Observation
IND,FM.LBL.BMNY.ZG,2019,10.5102484286107,observation::IND::FM.LBL.BMNY.ZG::2019,Observation
IND,FM.AST.PRVT.ZG.M3,2019,3.11488025180474,observation::IND::FM.AST.PRVT.ZG.M3::2019,Observation
IND,FM.AST.DOMO.ZG.M3,2019,6.06440729333647,observation::IND::FM.AST.DOMO.ZG.M3::2019,Observation
IND,FI.RES.TOTL.DT.ZS,2019,82.6123941762793,observation::IND::FI.RES.TOTL.DT.ZS::2019,Observation
IND,FB.ATM.TOTL.P5,2019,20.6932663823982,observation::IND::FB.ATM.TOTL.P5::2019,Observation
IND,ER.LND.PTLD.ZS,2019,6.0,observation::IND::ER.LND.PTLD.ZS::2019,Observation
IND,ER.H2O.FWTL.K3,2019,647.5,observation::IND::ER.H2O.FWTL.K3::2019,Observation
IND,ER.H2O.FWAG.ZS,2019,90.40735874,observation::IND::ER.H2O.FWAG.ZS::2019,Observation
IND,ER.FSH.AQUA.MT,2019,7933000.0,observation::IND::ER.FSH.AQUA.MT::2019,Observation
IND,EN.URB.LCTY,2019,29399141.0,observation::IND::EN.URB.LCTY::2019,Observation
IND,EN.GHG.TOT.ZG.AR5,2019,168.997614306654,observation::IND::EN.GHG.TOT.ZG.AR5::2019,Observation
IND,EN.GHG.N2O.PI.MT.CE.AR5,2019,18.8983,observation::IND::EN.GHG.N2O.PI.MT.CE.AR5::2019,Observation
IND,EN.GHG.N2O.FE.MT.CE.AR5,2019,0.1723,observation::IND::EN.GHG.N2O.FE.MT.CE.AR5::2019,Observation
IND,EN.GHG.CO2.ZG.AR5,2019,324.765266500766,observation::IND::EN.GHG.CO2.ZG.AR5::2019,Observation
IND,EN.GHG.CO2.RT.GDP.KD,2019,0.948787771578454,observation::IND::EN.GHG.CO2.RT.GDP.KD::2019,Observation
IND,EN.GHG.CO2.LU.OS.MT.CE.AR5,2019,0.0,observation::IND::EN.GHG.CO2.LU.OS.MT.CE.AR5::2019,Observation
IND,EN.GHG.CO2.LU.DF.MT.CE.AR5,2019,9.726,observation::IND::EN.GHG.CO2.LU.DF.MT.CE.AR5::2019,Observation
IND,EN.GHG.CO2.BU.MT.CE.AR5,2019,181.3629,observation::IND::EN.GHG.CO2.BU.MT.CE.AR5::2019,Observation
IND,EN.GHG.CH4.TR.MT.CE.AR5,2019,1.8573,observation::IND::EN.GHG.CH4.TR.MT.CE.AR5::2019,Observation
IND,EN.GHG.CH4.IC.MT.CE.AR5,2019,3.4108,observation::IND::EN.GHG.CH4.IC.MT.CE.AR5::2019,Observation
IND,EN.GHG.ALL.PC.CE.AR5,2019,2.62146417435417,observation::IND::EN.GHG.ALL.PC.CE.AR5::2019,Observation
IND,EG.USE.PCAP.KG.OE,2019,666.977347524506,observation::IND::EG.USE.PCAP.KG.OE::2019,Observation
IND,EG.USE.COMM.FO.ZS,2019,0.0,observation::IND::EG.USE.COMM.FO.ZS::2019,Observation
IND,EG.GDP.PUSE.KO.PP,2019,10.7213899558508,observation::IND::EG.GDP.PUSE.KO.PP::2019,Observation
IND,EG.ELC.RNEW.ZS,2019,16.8275232132522,observation::IND::EG.ELC.RNEW.ZS::2019,Observation
IND,EG.ELC.LOSS.ZS,2019,16.4401872729006,observation::IND::EG.ELC.LOSS.ZS::2019,Observation
IND,EG.ELC.ACCS.ZS,2019,95.9,observation::IND::EG.ELC.ACCS.ZS::2019,Observation
IND,EG.CFT.ACCS.ZS,2019,62.7,observation::IND::EG.CFT.ACCS.ZS::2019,Observation
IND,DT.TDS.MLAT.CD,2019,5447878913.6,observation::IND::DT.TDS.MLAT.CD::2019,Observation
IND,DT.TDS.DPPF.XP.ZS,2019,2.90807415383996,observation::IND::DT.TDS.DPPF.XP.ZS::2019,Observation
IND,DT.TDS.DECT.CD,2019,51257621931.8,observation::IND::DT.TDS.DECT.CD::2019,Observation
IND,DT.ODA.ODAT.KD,2019,2327749023.4375,observation::IND::DT.ODA.ODAT.KD::2019,Observation
IND,FR.INR.LEND,2019,9.46625,observation::IND::FR.INR.LEND::2019,Observation
IND,FP.CPI.TOTL,2019,171.621576003377,observation::IND::FP.CPI.TOTL::2019,Observation
IND,FM.LBL.BMNY.CN,2019,154761239231776.0,observation::IND::FM.LBL.BMNY.CN::2019,Observation
IND,FM.AST.DOMS.CN,2019,165957305724680.0,observation::IND::FM.AST.DOMS.CN::2019,Observation
IND,FI.RES.TOTL.MO,2019,8.27365940048396,observation::IND::FI.RES.TOTL.MO::2019,Observation
IND,FD.AST.PRVT.GD.ZS,2019,38.73794497616,observation::IND::FD.AST.PRVT.GD.ZS::2019,Observation
IND,FB.BNK.CAPA.ZS,2019,8.02536160742248,observation::IND::FB.BNK.CAPA.ZS::2019,Observation
IND,ER.MRN.PTMR.ZS,2019,0.2,observation::IND::ER.MRN.PTMR.ZS::2019,Observation
IND,ER.H2O.FWTL.ZS,2019,44.7786998616874,observation::IND::ER.H2O.FWTL.ZS::2019,Observation
IND,ER.H2O.FWDM.ZS,2019,7.358738502,observation::IND::ER.H2O.FWDM.ZS::2019,Observation
IND,ER.FSH.CAPT.MT,2019,5477099.997,observation::IND::ER.FSH.CAPT.MT::2019,Observation
IND,EN.URB.LCTY.UR.ZS,2019,6.25931647437957,observation::IND::EN.URB.LCTY.UR.ZS::2019,Observation
IND,EN.GHG.N2O.TR.MT.CE.AR5,2019,6.8188,observation::IND::EN.GHG.N2O.TR.MT.CE.AR5::2019,Observation
IND,EN.GHG.N2O.IC.MT.CE.AR5,2019,4.5127,observation::IND::EN.GHG.N2O.IC.MT.CE.AR5::2019,Observation
IND,EN.GHG.FGAS.IP.MT.CE.AR5,2019,54.8986,observation::IND::EN.GHG.FGAS.IP.MT.CE.AR5::2019,Observation
IND,EN.GHG.CO2.RT.GDP.PP.KD,2019,0.231634441764312,observation::IND::EN.GHG.CO2.RT.GDP.PP.KD::2019,Observation
IND,EN.GHG.CO2.MT.CE.AR5,2019,2551.4851,observation::IND::EN.GHG.CO2.MT.CE.AR5::2019,Observation
IND,EN.GHG.CO2.LU.FL.MT.CE.AR5,2019,-145.025,observation::IND::EN.GHG.CO2.LU.FL.MT.CE.AR5::2019,Observation
IND,EN.GHG.CO2.FE.MT.CE.AR5,2019,101.2831,observation::IND::EN.GHG.CO2.FE.MT.CE.AR5::2019,Observation
IND,EN.GHG.CH4.WA.MT.CE.AR5,2019,122.6302,observation::IND::EN.GHG.CH4.WA.MT.CE.AR5::2019,Observation
IND,EN.GHG.CH4.IP.MT.CE.AR5,2019,0.3233,observation::IND::EN.GHG.CH4.IP.MT.CE.AR5::2019,Observation
IND,EN.GHG.CH4.AG.MT.CE.AR5,2019,541.6916,observation::IND::EN.GHG.CH4.AG.MT.CE.AR5::2019,Observation
IND,EN.ATM.PM25.MC.M3,2019,59.8919808842351,observation::IND::EN.ATM.PM25.MC.M3::2019,Observation
IND,EG.USE.COMM.GD.PP.KD,2019,84.1071478949968,observation::IND::EG.USE.COMM.GD.PP.KD::2019,Observation
IND,EG.GDP.PUSE.KO.PP.KD,2019,11.8895958908088,observation::IND::EG.GDP.PUSE.KO.PP.KD::2019,Observation
IND,EG.ELC.RNWX.KH,2019,104611800000.0,observation::IND::EG.ELC.RNWX.KH::2019,Observation
IND,EG.ELC.NGAS.ZS,2019,4.30619568669868,observation::IND::EG.ELC.NGAS.ZS::2019,Observation
IND,EG.ELC.COAL.ZS,2019,72.8626165369332,observation::IND::EG.ELC.COAL.ZS::2019,Observation
IND,EG.EGY.PRIM.PP.KD,2019,4.25,observation::IND::EG.EGY.PRIM.PP.KD::2019,Observation
IND,DT.TDS.MLAT.PG.ZS,2019,33.0106399670641,observation::IND::DT.TDS.MLAT.PG.ZS::2019,Observation
IND,DT.TDS.DPPG.CD,2019,16503402899.9,observation::IND::DT.TDS.DPPG.CD::2019,Observation
IND,DT.TDS.DECT.EX.ZS,2019,9.0023457004643,observation::IND::DT.TDS.DECT.EX.ZS::2019,Observation
IND,DT.ODA.ODAT.MP.ZS,2019,0.37955365941239,observation::IND::DT.ODA.ODAT.MP.ZS::2019,Observation
IND,DT.ODA.ODAT.CD,2019,2551398681.64063,observation::IND::DT.ODA.ODAT.CD::2019,Observation
IND,SM.POP.RHCR.EO,2020,12398.0,observation::IND::SM.POP.RHCR.EO::2020,Observation
IND,SM.POP.NETM,2020,-73806.0,observation::IND::SM.POP.NETM::2020,Observation
IND,SM.POP.ASYS.EA,2020,11217.0,observation::IND::SM.POP.ASYS.EA::2020,Observation
IND,SL.UEM.TOTL.ZS,2020,7.859,observation::IND::SL.UEM.TOTL.ZS::2020,Observation
IND,SL.UEM.TOTL.FE.ZS,2020,6.749,observation::IND::SL.UEM.TOTL.FE.ZS::2020,Observation
IND,SL.UEM.NEET.MA.ZS,2020,17.651,observation::IND::SL.UEM.NEET.MA.ZS::2020,Observation
IND,SL.UEM.INTM.ZS,2020,11.635,observation::IND::SL.UEM.INTM.ZS::2020,Observation
IND,SL.UEM.BASC.MA.ZS,2020,6.951,observation::IND::SL.UEM.BASC.MA.ZS::2020,Observation
IND,SL.UEM.ADVN.FE.ZS,2020,26.785,observation::IND::SL.UEM.ADVN.FE.ZS::2020,Observation
IND,SL.UEM.1524.MA.NE.ZS,2020,24.292,observation::IND::SL.UEM.1524.MA.NE.ZS::2020,Observation
IND,SL.TLF.TOTL.FE.ZS,2020,24.5059963511351,observation::IND::SL.TLF.TOTL.FE.ZS::2020,Observation
IND,SL.TLF.INTM.ZS,2020,42.805,observation::IND::SL.TLF.INTM.ZS::2020,Observation
IND,SL.TLF.CACT.NE.ZS,2020,50.455,observation::IND::SL.TLF.CACT.NE.ZS::2020,Observation
IND,SL.TLF.CACT.FM.NE.ZS,2020,35.2421483596401,observation::IND::SL.TLF.CACT.FM.NE.ZS::2020,Observation
IND,SL.TLF.BASC.MA.ZS,2020,74.603,observation::IND::SL.TLF.BASC.MA.ZS::2020,Observation
IND,SL.TLF.ADVN.FE.ZS,2020,32.904,observation::IND::SL.TLF.ADVN.FE.ZS::2020,Observation
IND,SL.TLF.ACTI.1524.ZS,2020,28.554,observation::IND::SL.TLF.ACTI.1524.ZS::2020,Observation
IND,SL.TLF.ACTI.1524.FE.ZS,2020,12.489,observation::IND::SL.TLF.ACTI.1524.FE.ZS::2020,Observation
IND,SL.GDP.PCAP.EM.KD,2020,21151.7892780893,observation::IND::SL.GDP.PCAP.EM.KD::2020,Observation
IND,SL.EMP.WORK.MA.ZS,2020,23.2722014568543,observation::IND::SL.EMP.WORK.MA.ZS::2020,Observation
IND,SL.EMP.VULN.FE.ZS,2020,78.1852074331899,observation::IND::SL.EMP.VULN.FE.ZS::2020,Observation
IND,SL.EMP.TOTL.SP.MA.NE.ZS,2020,68.137,observation::IND::SL.EMP.TOTL.SP.MA.NE.ZS::2020,Observation
IND,SL.EMP.SELF.ZS,2020,77.2018288202716,observation::IND::SL.EMP.SELF.ZS::2020,Observation
IND,SL.EMP.MPYR.MA.ZS,2020,2.67700636399057,observation::IND::SL.EMP.MPYR.MA.ZS::2020,Observation
IND,SL.EMP.1524.SP.MA.ZS,2020,32.511,observation::IND::SL.EMP.1524.SP.MA.ZS::2020,Observation
IND,SL.AGR.EMPL.ZS,2020,44.6754951957099,observation::IND::SL.AGR.EMPL.ZS::2020,Observation
IND,SI.RMT.COST.IB.ZS,2020,2.322085,observation::IND::SI.RMT.COST.IB.ZS::2020,Observation
IND,SH_UHC_SCI_RMNCH,2020,70.0,observation::IND::SH_UHC_SCI_RMNCH::2020,Observation
IND,SH_UHC_SCI,2020,66.0,observation::IND::SH_UHC_SCI::2020,Observation
IND,SH.XPD.PVTD.CH.ZS,2020,63.09274673,observation::IND::SH.XPD.PVTD.CH.ZS::2020,Observation
IND,SH.XPD.GHED.PP.CD,2020,84.3889274977912,observation::IND::SH.XPD.GHED.PP.CD::2020,Observation
IND,SH.XPD.GHED.CH.ZS,2020,36.25336838,observation::IND::SH.XPD.GHED.CH.ZS::2020,Observation
IND,SH.XPD.CHEX.PP.CD,2020,232.775420308436,observation::IND::SH.XPD.CHEX.PP.CD::2020,Observation
IND,SH.TBS.INCD,2020,197.0,observation::IND::SH.TBS.INCD::2020,Observation
IND,DT.DOD.DSTC.ZS,2020,18.3251,observation::IND::DT.DOD.DSTC.ZS::2020,Observation
IND,DT.DOD.DPPG.CD,2020,192805075629.9,observation::IND::DT.DOD.DPPG.CD::2020,Observation
IND,DT.DOD.DECT.GN.ZS,2020,21.4094740100862,observation::IND::DT.DOD.DECT.GN.ZS::2020,Observation
IND,DC.DAC.TOTL.CD,2020,2251386656.43334,observation::IND::DC.DAC.TOTL.CD::2020,Observation
IND,DC.DAC.PRTL.CD,2020,358824.998140335,observation::IND::DC.DAC.PRTL.CD::2020,Observation
IND,DC.DAC.NLDL.CD,2020,357665.985822678,observation::IND::DC.DAC.NLDL.CD::2020,Observation
IND,DC.DAC.JPNL.CD,2020,691824707.03125,observation::IND::DC.DAC.JPNL.CD::2020,Observation
IND,DC.DAC.HUNL.CD,2020,3790059.08966064,observation::IND::DC.DAC.HUNL.CD::2020,Observation
IND,DC.DAC.FINL.CD,2020,1848134.04083252,observation::IND::DC.DAC.FINL.CD::2020,Observation
IND,DC.DAC.DEUL.CD,2020,746525756.835938,observation::IND::DC.DAC.DEUL.CD::2020,Observation
IND,SL.UEM.TOTL.FE.NE.ZS,2020,6.763,observation::IND::SL.UEM.TOTL.FE.NE.ZS::2020,Observation
IND,SL.UEM.NEET.MA.ME.ZS,2020,17.495,observation::IND::SL.UEM.NEET.MA.ME.ZS::2020,Observation
IND,SL.UEM.INTM.MA.ZS,2020,11.581,observation::IND::SL.UEM.INTM.MA.ZS::2020,Observation
IND,SL.UEM.BASC.FE.ZS,2020,3.947,observation::IND::SL.UEM.BASC.FE.ZS::2020,Observation
IND,SL.UEM.1524.ZS,2020,24.666,observation::IND::SL.UEM.1524.ZS::2020,Observation
IND,SL.UEM.1524.FE.ZS,2020,24.9,observation::IND::SL.UEM.1524.FE.ZS::2020,Observation
IND,SL.TLF.PART.ZS,2020,17.07,observation::IND::SL.TLF.PART.ZS::2020,Observation
IND,SL.TLF.INTM.MA.ZS,2020,61.282,observation::IND::SL.TLF.INTM.MA.ZS::2020,Observation
IND,SL.TLF.CACT.MA.ZS,2020,75.693,observation::IND::SL.TLF.CACT.MA.ZS::2020,Observation
IND,SL.TLF.CACT.FE.ZS,2020,25.998,observation::IND::SL.TLF.CACT.FE.ZS::2020,Observation
IND,SL.TLF.BASC.FE.ZS,2020,22.04,observation::IND::SL.TLF.BASC.FE.ZS::2020,Observation
IND,SL.TLF.ACTI.ZS,2020,54.374,observation::IND::SL.TLF.ACTI.ZS::2020,Observation
IND,SL.TLF.ACTI.1524.NE.ZS,2020,28.582,observation::IND::SL.TLF.ACTI.1524.NE.ZS::2020,Observation
IND,SL.TLF.ACTI.1524.FE.NE.ZS,2020,12.29,observation::IND::SL.TLF.ACTI.1524.FE.NE.ZS::2020,Observation
IND,SL.SRV.EMPL.ZS,2020,31.6208572724385,observation::IND::SL.SRV.EMPL.ZS::2020,Observation
IND,SL.IND.EMPL.ZS,2020,23.7036475318516,observation::IND::SL.IND.EMPL.ZS::2020,Observation
IND,SL.FAM.WORK.ZS,2020,15.8040027153762,observation::IND::SL.FAM.WORK.ZS::2020,Observation
IND,SL.EMP.WORK.FE.ZS,2020,21.3608647914045,observation::IND::SL.EMP.WORK.FE.ZS::2020,Observation
IND,SL.EMP.TOTL.SP.ZS,2020,47.496,observation::IND::SL.EMP.TOTL.SP.ZS::2020,Observation
IND,SL.EMP.TOTL.SP.FE.ZS,2020,24.243,observation::IND::SL.EMP.TOTL.SP.FE.ZS::2020,Observation
IND,SL.EMP.SELF.MA.ZS,2020,76.7277909547191,observation::IND::SL.EMP.SELF.MA.ZS::2020,Observation
IND,SL.EMP.MPYR.FE.ZS,2020,0.453928597140057,observation::IND::SL.EMP.MPYR.FE.ZS::2020,Observation
IND,SL.EMP.1524.SP.MA.NE.ZS,2020,32.393,observation::IND::SL.EMP.1524.SP.MA.NE.ZS::2020,Observation
IND,SL.AGR.EMPL.MA.ZS,2020,40.2570687358702,observation::IND::SL.AGR.EMPL.MA.ZS::2020,Observation
IND,SH_UHC_SCI_NCD,2020,51.0,observation::IND::SH_UHC_SCI_NCD::2020,Observation
IND,SH.XPD.OOPC.PP.CD,2020,115.249301202999,observation::IND::SH.XPD.OOPC.PP.CD::2020,Observation
IND,SH.XPD.GHED.PC.CD,2020,23.14088483,observation::IND::SH.XPD.GHED.PC.CD::2020,Observation
IND,SH.XPD.EHEX.PP.CD,2020,1.52208908318297,observation::IND::SH.XPD.EHEX.PP.CD::2020,Observation
IND,SH.XPD.CHEX.PC.CD,2020,63.83099747,observation::IND::SH.XPD.CHEX.PC.CD::2020,Observation
IND,DC.DAC.SWEL.CD,2020,5247488.02185059,observation::IND::DC.DAC.SWEL.CD::2020,Observation
IND,DC.DAC.POLL.CD,2020,7137893.19992065,observation::IND::DC.DAC.POLL.CD::2020,Observation
IND,DC.DAC.LUXL.CD,2020,1384206.05659485,observation::IND::DC.DAC.LUXL.CD::2020,Observation
IND,DC.DAC.ITAL.CD,2020,15849438.6672974,observation::IND::DC.DAC.ITAL.CD::2020,Observation
IND,DC.DAC.CZEL.CD,2020,92560.9990954399,observation::IND::DC.DAC.CZEL.CD::2020,Observation
IND,DC.DAC.BELL.CD,2020,2261491.06025696,observation::IND::DC.DAC.BELL.CD::2020,Observation
IND,CM.MKT.TRAD.GD.ZS,2020,68.8794086650999,observation::IND::CM.MKT.TRAD.GD.ZS::2020,Observation
IND,CM.MKT.LCAP.CD,2020,2552463790000.0,observation::IND::CM.MKT.LCAP.CD::2020,Observation
IND,BX.TRF.PWKR.CD,2020,77378637922.6441,observation::IND::BX.TRF.PWKR.CD::2020,Observation
IND,SM.POP.ASYS.EO,2020,69959.0,observation::IND::SM.POP.ASYS.EO::2020,Observation
IND,SL.UEM.TOTL.MA.NE.ZS,2020,8.236,observation::IND::SL.UEM.TOTL.MA.NE.ZS::2020,Observation
IND,SL.UEM.NEET.ME.ZS,2020,30.703,observation::IND::SL.UEM.NEET.ME.ZS::2020,Observation
IND,SL.UEM.NEET.FE.ME.ZS,2020,45.269,observation::IND::SL.UEM.NEET.FE.ME.ZS::2020,Observation
IND,SL.UEM.BASC.ZS,2020,6.368,observation::IND::SL.UEM.BASC.ZS::2020,Observation
IND,SL.UEM.ADVN.MA.ZS,2020,15.269,observation::IND::SL.UEM.ADVN.MA.ZS::2020,Observation
IND,SL.UEM.1524.MA.ZS,2020,24.605,observation::IND::SL.UEM.1524.MA.ZS::2020,Observation
IND,SL.TLF.TOTL.IN,2020,532528354.0,observation::IND::SL.TLF.TOTL.IN::2020,Observation
IND,SL.TLF.PART.FE.ZS,2020,31.68,observation::IND::SL.TLF.PART.FE.ZS::2020,Observation
IND,SL.TLF.CACT.ZS,2020,51.547,observation::IND::SL.TLF.CACT.ZS::2020,Observation
IND,SL.TLF.CACT.FM.ZS,2020,34.3466370734414,observation::IND::SL.TLF.CACT.FM.ZS::2020,Observation
IND,SL.TLF.BASC.ZS,2020,51.021,observation::IND::SL.TLF.BASC.ZS::2020,Observation
IND,SL.TLF.ADVN.MA.ZS,2020,81.93,observation::IND::SL.TLF.ADVN.MA.ZS::2020,Observation
IND,SL.TLF.ACTI.FE.ZS,2020,27.781,observation::IND::SL.TLF.ACTI.FE.ZS::2020,Observation
IND,SL.TLF.ACTI.1524.MA.NE.ZS,2020,42.786,observation::IND::SL.TLF.ACTI.1524.MA.NE.ZS::2020,Observation
IND,SL.SRV.EMPL.FE.ZS,2020,25.3883576836412,observation::IND::SL.SRV.EMPL.FE.ZS::2020,Observation
IND,SL.IND.EMPL.FE.ZS,2020,16.5392155083126,observation::IND::SL.IND.EMPL.FE.ZS::2020,Observation
IND,SL.FAM.WORK.FE.ZS,2020,35.5708160963225,observation::IND::SL.FAM.WORK.FE.ZS::2020,Observation
IND,SL.EMP.WORK.ZS,2020,22.7981662885246,observation::IND::SL.EMP.WORK.ZS::2020,Observation
IND,SL.EMP.VULN.MA.ZS,2020,74.0507935342313,observation::IND::SL.EMP.VULN.MA.ZS::2020,Observation
IND,SL.EMP.TOTL.SP.MA.ZS,2020,69.472,observation::IND::SL.EMP.TOTL.SP.MA.ZS::2020,Observation
IND,SL.EMP.SMGT.FE.ZS,2020,17.328,observation::IND::SL.EMP.SMGT.FE.ZS::2020,Observation
IND,SL.EMP.MPYR.ZS,2020,2.12565621892704,observation::IND::SL.EMP.MPYR.ZS::2020,Observation
IND,SL.EMP.1524.SP.NE.ZS,2020,21.568,observation::IND::SL.EMP.1524.SP.NE.ZS::2020,Observation
IND,SL.EMP.1524.SP.FE.NE.ZS,2020,9.151,observation::IND::SL.EMP.1524.SP.FE.NE.ZS::2020,Observation
IND,SH_UHC_SCI_CAPACITY,2020,73.0,observation::IND::SH_UHC_SCI_CAPACITY::2020,Observation
IND,SH.XPD.PVTD.PC.CD,2020,40.27272716,observation::IND::SH.XPD.PVTD.PC.CD::2020,Observation
IND,SH.XPD.OOPC.CH.ZS,2020,49.51094055,observation::IND::SH.XPD.OOPC.CH.ZS::2020,Observation
IND,SH.XPD.GHED.GD.ZS,2020,1.21139216,observation::IND::SH.XPD.GHED.GD.ZS::2020,Observation
IND,DT.NFL.IFAD.CD,2020,8900073.05145264,observation::IND::DT.NFL.IFAD.CD::2020,Observation
IND,DT.DOD.MIBR.CD,2020,17419625000.0,observation::IND::DT.DOD.MIBR.CD::2020,Observation
IND,DT.DOD.DSTC.CD,2020,103533102000.0,observation::IND::DT.DOD.DSTC.CD::2020,Observation
IND,DT.DOD.DIMF.CD,2020,5729759547.2,observation::IND::DT.DOD.DIMF.CD::2020,Observation
IND,DC.DAC.USAL.CD,2020,68011726.3793945,observation::IND::DC.DAC.USAL.CD::2020,Observation
IND,DC.DAC.NORL.CD,2020,9372240.06652832,observation::IND::DC.DAC.NORL.CD::2020,Observation
IND,DC.DAC.KORL.CD,2020,3746635.91384888,observation::IND::DC.DAC.KORL.CD::2020,Observation
IND,DC.DAC.IRLL.CD,2020,726018.011569977,observation::IND::DC.DAC.IRLL.CD::2020,Observation
IND,SL.UEM.TOTL.MA.ZS,2020,8.219,observation::IND::SL.UEM.TOTL.MA.ZS::2020,Observation
IND,SL.UEM.NEET.ZS,2020,30.703,observation::IND::SL.UEM.NEET.ZS::2020,Observation
IND,SL.UEM.NEET.FE.ZS,2020,45.673,observation::IND::SL.UEM.NEET.FE.ZS::2020,Observation
IND,SL.UEM.INTM.FE.ZS,2020,11.979,observation::IND::SL.UEM.INTM.FE.ZS::2020,Observation
IND,SL.UEM.ADVN.ZS,2020,17.905,observation::IND::SL.UEM.ADVN.ZS::2020,Observation
IND,SL.UEM.1524.NE.ZS,2020,24.541,observation::IND::SL.UEM.1524.NE.ZS::2020,Observation
IND,SL.UEM.1524.FE.NE.ZS,2020,25.537,observation::IND::SL.UEM.1524.FE.NE.ZS::2020,Observation
IND,SL.TLF.PART.MA.ZS,2020,11.95,observation::IND::SL.TLF.PART.MA.ZS::2020,Observation
IND,SL.TLF.INTM.FE.ZS,2020,16.35,observation::IND::SL.TLF.INTM.FE.ZS::2020,Observation
IND,SL.TLF.CACT.MA.NE.ZS,2020,74.252,observation::IND::SL.TLF.CACT.MA.NE.ZS::2020,Observation
IND,SL.TLF.CACT.FE.NE.ZS,2020,26.168,observation::IND::SL.TLF.CACT.FE.NE.ZS::2020,Observation
IND,SL.TLF.ADVN.ZS,2020,61.103,observation::IND::SL.TLF.ADVN.ZS::2020,Observation
IND,SL.TLF.ACTI.MA.ZS,2020,79.12,observation::IND::SL.TLF.ACTI.MA.ZS::2020,Observation
IND,SL.TLF.ACTI.1524.MA.ZS,2020,43.12,observation::IND::SL.TLF.ACTI.1524.MA.ZS::2020,Observation
IND,SL.SRV.EMPL.MA.ZS,2020,33.6763917339616,observation::IND::SL.SRV.EMPL.MA.ZS::2020,Observation
IND,SL.IND.EMPL.MA.ZS,2020,26.0665398011834,observation::IND::SL.IND.EMPL.MA.ZS::2020,Observation
IND,SL.FAM.WORK.MA.ZS,2020,9.2847336674214,observation::IND::SL.FAM.WORK.MA.ZS::2020,Observation
IND,SL.EMP.VULN.ZS,2020,75.0761774925483,observation::IND::SL.EMP.VULN.ZS::2020,Observation
IND,SL.EMP.TOTL.SP.NE.ZS,2020,46.489,observation::IND::SL.EMP.TOTL.SP.NE.ZS::2020,Observation
IND,SL.EMP.TOTL.SP.FE.NE.ZS,2020,24.398,observation::IND::SL.EMP.TOTL.SP.FE.NE.ZS::2020,Observation
IND,SL.EMP.SELF.FE.ZS,2020,78.6391368520645,observation::IND::SL.EMP.SELF.FE.ZS::2020,Observation
IND,SL.EMP.1524.SP.ZS,2020,21.511,observation::IND::SL.EMP.1524.SP.ZS::2020,Observation
IND,SL.EMP.1524.SP.FE.ZS,2020,9.379,observation::IND::SL.EMP.1524.SP.FE.ZS::2020,Observation
IND,SL.AGR.EMPL.FE.ZS,2020,58.0724268080462,observation::IND::SL.AGR.EMPL.FE.ZS::2020,Observation
IND,SH_UHC_SCI_ID,2020,72.0,observation::IND::SH_UHC_SCI_ID::2020,Observation
IND,SH.XPD.PVTD.PP.CD,2020,146.864403727461,observation::IND::SH.XPD.PVTD.PP.CD::2020,Observation
IND,SH.XPD.OOPC.PC.CD,2020,31.60332623,observation::IND::SH.XPD.OOPC.PC.CD::2020,Observation
IND,SH.XPD.GHED.GE.ZS,2020,3.68660474,observation::IND::SH.XPD.GHED.GE.ZS::2020,Observation
IND,SH.XPD.EHEX.PC.CD,2020,0.41738282,observation::IND::SH.XPD.EHEX.PC.CD::2020,Observation
IND,SH.XPD.CHEX.GD.ZS,2020,3.34146094,observation::IND::SH.XPD.CHEX.GD.ZS::2020,Observation
IND,SH.TBS.CURE.ZS,2020,85.0,observation::IND::SH.TBS.CURE.ZS::2020,Observation
IND,SH.STA.WAST.ZS,2020,18.7,observation::IND::SH.STA.WAST.ZS::2020,Observation
IND,DT.DOD.MIDA.CD,2020,22157227000.0,observation::IND::DT.DOD.MIDA.CD::2020,Observation
IND,DT.DOD.DSTC.IR.ZS,2020,17.5412237773038,observation::IND::DT.DOD.DSTC.IR.ZS::2020,Observation
IND,DT.DOD.DLXF.CD,2020,455716459629.9,observation::IND::DT.DOD.DLXF.CD::2020,Observation
IND,DC.DAC.NZLL.CD,2020,125020.995736122,observation::IND::DC.DAC.NZLL.CD::2020,Observation
IND,DC.DAC.LTUL.CD,2020,91760.0020766258,observation::IND::DC.DAC.LTUL.CD::2020,Observation
IND,DC.DAC.GBRL.CD,2020,121688751.220703,observation::IND::DC.DAC.GBRL.CD::2020,Observation
IND,DC.DAC.ESPL.CD,2020,5697457.79037476,observation::IND::DC.DAC.ESPL.CD::2020,Observation
IND,DC.DAC.CHEL.CD,2020,10319064.1403198,observation::IND::DC.DAC.CHEL.CD::2020,Observation
IND,SH.SVR.WAST.MA.ZS,2020,8.0,observation::IND::SH.SVR.WAST.MA.ZS::2020,Observation
IND,SH.STA.WAST.FE.ZS,2020,17.9,observation::IND::SH.STA.WAST.FE.ZS::2020,Observation
IND,SH.STA.SUIC.MA.P5,2020,15.09,observation::IND::SH.STA.SUIC.MA.P5::2020,Observation
IND,SH.STA.STNT.ME.MA.ZS,2020,34.9,observation::IND::SH.STA.STNT.ME.MA.ZS::2020,Observation
IND,SH.STA.SMSS.ZS,2020,54.1679248186604,observation::IND::SH.STA.SMSS.ZS::2020,Observation
IND,SH.STA.POIS.P5.FE,2020,0.075,observation::IND::SH.STA.POIS.P5.FE::2020,Observation
IND,SH.STA.OWGH.ME.MA.ZS,2020,2.9,observation::IND::SH.STA.OWGH.ME.MA.ZS::2020,Observation
IND,SH.STA.ODFC.RU.ZS,2020,24.2002266988378,observation::IND::SH.STA.ODFC.RU.ZS::2020,Observation
IND,SH.STA.MALN.MA.ZS,2020,32.3,observation::IND::SH.STA.MALN.MA.ZS::2020,Observation
IND,SH.STA.HYGN.RU.ZS,2020,72.2017947988843,observation::IND::SH.STA.HYGN.RU.ZS::2020,Observation
IND,SH.STA.BASS.RU.ZS,2020,67.5542354718427,observation::IND::SH.STA.BASS.RU.ZS::2020,Observation
IND,SH.SGR.CRSK.ZS,2020,24.1,observation::IND::SH.SGR.CRSK.ZS::2020,Observation
IND,SH.PRG.ANEM,2020,46.9,observation::IND::SH.PRG.ANEM::2020,Observation
IND,SH.MED.PHYS.ZS,2020,0.723,observation::IND::SH.MED.PHYS.ZS::2020,Observation
IND,SH.IMM.MEAS,2020,89.0,observation::IND::SH.IMM.MEAS::2020,Observation
IND,SH.H2O.SMDW.UR.ZS,2020,80.3118921684054,observation::IND::SH.H2O.SMDW.UR.ZS::2020,Observation
IND,SH.H2O.BASW.RU.ZS,2020,91.4605159855862,observation::IND::SH.H2O.BASW.RU.ZS::2020,Observation
IND,SH.DYN.NCOM.MA.ZS,2020,26.4,observation::IND::SH.DYN.NCOM.MA.ZS::2020,Observation
IND,SH.DYN.MORT,2020,33.0,observation::IND::SH.DYN.MORT::2020,Observation
IND,SH.DYN.1519,2020,3.9,observation::IND::SH.DYN.1519::2020,Observation
IND,SH.DTH.NMRT,2020,484566.0,observation::IND::SH.DTH.NMRT::2020,Observation
IND,SH.DTH.IMRT,2020,670895.0,observation::IND::SH.DTH.IMRT::2020,Observation
IND,SH.DTH.1014,2020,64878.0,observation::IND::SH.DTH.1014::2020,Observation
IND,SH.ANM.NPRG.ZS,2020,52.6,observation::IND::SH.ANM.NPRG.ZS::2020,Observation
IND,SH.ALC.PCAP.LI,2020,4.1,observation::IND::SH.ALC.PCAP.LI::2020,Observation
IND,SE.TER.ENRR.FE,2020,31.2567152517231,observation::IND::SE.TER.ENRR.FE::2020,Observation
IND,SE.TER.CUAT.MS.FE.ZS,2020,3.11032009124756,observation::IND::SE.TER.CUAT.MS.FE.ZS::2020,Observation
IND,SE.TER.CUAT.BA.ZS,2020,12.2234497070312,observation::IND::SE.TER.CUAT.BA.ZS::2020,Observation
IND,SE.SEC.UNER.LO.MA.ZS,2020,11.9500308456438,observation::IND::SE.SEC.UNER.LO.MA.ZS::2020,Observation
IND,SE.SEC.TCHR,2020,6583889.0,observation::IND::SE.SEC.TCHR::2020,Observation
IND,DC.DAC.CANL.CD,2020,6186720.8480835,observation::IND::DC.DAC.CANL.CD::2020,Observation
IND,CM.MKT.TRNR,2020,72.182099,observation::IND::CM.MKT.TRNR::2020,Observation
IND,CM.MKT.LCAP.GD.ZS,2020,95.4245016969537,observation::IND::CM.MKT.LCAP.GD.ZS::2020,Observation
IND,BX.TRF.PWKR.CD.DT,2020,83149172934.1043,observation::IND::BX.TRF.PWKR.CD.DT::2020,Observation
IND,BX.KLT.DINV.WD.GD.ZS,2020,2.40620322673636,observation::IND::BX.KLT.DINV.WD.GD.ZS::2020,Observation
IND,BX.GSR.TOTL.CD,2020,507289199021.317,observation::IND::BX.GSR.TOTL.CD::2020,Observation
IND,BX.GSR.INSF.ZS,2020,3.17824437467333,observation::IND::BX.GSR.INSF.ZS::2020,Observation
IND,BX.GSR.CCIS.ZS,2020,48.9656874345531,observation::IND::BX.GSR.CCIS.ZS::2020,Observation
IND,BN.TRF.KOGT.CD,2020,-1056330061.82928,observation::IND::BN.TRF.KOGT.CD::2020,Observation
IND,BN.KLT.DINV.CD,2020,-53239697390.8242,observation::IND::BN.KLT.DINV.CD::2020,Observation
IND,BN.GSR.FCTY.CD,2020,-32044833069.0405,observation::IND::BN.GSR.FCTY.CD::2020,Observation
IND,BM.TRF.PWKR.CD.DT,2020,7010825358.5011,observation::IND::BM.TRF.PWKR.CD.DT::2020,Observation
IND,BM.GSR.TRVL.ZS,2020,10.8363499447897,observation::IND::BM.GSR.TRVL.ZS::2020,Observation
IND,BM.GSR.NFSV.CD,2020,116037457855.902,observation::IND::BM.GSR.NFSV.CD::2020,Observation
IND,BM.GSR.FCTY.CD,2020,54643402539.9947,observation::IND::BM.GSR.FCTY.CD::2020,Observation
IND,AG.SRF.TOTL.K2,2020,3287260.0,observation::IND::AG.SRF.TOTL.K2::2020,Observation
IND,AG.PRD.CREL.MT,2020,341446939.74,observation::IND::AG.PRD.CREL.MT::2020,Observation
IND,AG.LND.PRCP.MM,2020,1083.0,observation::IND::AG.LND.PRCP.MM::2020,Observation
IND,AG.LND.ARBL.HA.PC,2020,0.110096001605056,observation::IND::AG.LND.ARBL.HA.PC::2020,Observation
IND,AG.CON.FERT.ZS,2020,210.69195830144,observation::IND::AG.CON.FERT.ZS::2020,Observation
IND,SH.TBS.DTEC.ZS,2020,59.0,observation::IND::SH.TBS.DTEC.ZS::2020,Observation
IND,SH.SVR.WAST.FE.ZS,2020,7.1,observation::IND::SH.SVR.WAST.FE.ZS::2020,Observation
IND,SH.STA.SUIC.FE.P5,2020,10.79,observation::IND::SH.STA.SUIC.FE.P5::2020,Observation
IND,SH.STA.STNT.ME.FE.ZS,2020,32.7,observation::IND::SH.STA.STNT.ME.FE.ZS::2020,Observation
IND,SH.STA.SMSS.UR.ZS,2020,50.7935666523453,observation::IND::SH.STA.SMSS.UR.ZS::2020,Observation
IND,SH.STA.POIS.P5,2020,0.13,observation::IND::SH.STA.POIS.P5::2020,Observation
IND,SH.STA.OWGH.ME.FE.ZS,2020,2.5,observation::IND::SH.STA.OWGH.ME.FE.ZS::2020,Observation
IND,SH.STA.MALN.FE.ZS,2020,30.6,observation::IND::SH.STA.MALN.FE.ZS::2020,Observation
IND,SH.PRV.SMOK.MA,2020,40.0,observation::IND::SH.PRV.SMOK.MA::2020,Observation
IND,SH.MMR.RISK.ZS,2020,0.202170838563706,observation::IND::SH.MMR.RISK.ZS::2020,Observation
IND,SH.MED.NUMW.P3,2020,1.72,observation::IND::SH.MED.NUMW.P3::2020,Observation
IND,SH.IMM.IDPT,2020,85.0,observation::IND::SH.IMM.IDPT::2020,Observation
IND,SH.H2O.SMDW.RU.ZS,2020,63.8906075555954,observation::IND::SH.H2O.SMDW.RU.ZS::2020,Observation
IND,SH.DYN.NCOM.FE.ZS,2020,20.1,observation::IND::SH.DYN.NCOM.FE.ZS::2020,Observation
IND,SH.DYN.1014,2020,2.5,observation::IND::SH.DYN.1014::2020,Observation
IND,SH.DTH.NCOM.ZS,2020,63.1604523918734,observation::IND::SH.DTH.NCOM.ZS::2020,Observation
IND,SH.DTH.COMM.ZS,2020,25.394137445736,observation::IND::SH.DTH.COMM.ZS::2020,Observation
IND,SH.DTH.0509,2020,60038.0,observation::IND::SH.DTH.0509::2020,Observation
IND,SH.ALC.PCAP.FE.LI,2020,1.28,observation::IND::SH.ALC.PCAP.FE.LI::2020,Observation
IND,SE.TER.ENRR,2020,29.8196397708424,observation::IND::SE.TER.ENRR::2020,Observation
IND,SE.TER.CUAT.BA.MA.ZS,2020,14.6189098358154,observation::IND::SE.TER.CUAT.BA.MA.ZS::2020,Observation
IND,SE.SEC.UNER.LO.FE.ZS,2020,10.0034255987473,observation::IND::SE.SEC.UNER.LO.FE.ZS::2020,Observation
IND,SE.SEC.TCAQ.ZS,2020,80.219608805677,observation::IND::SE.SEC.TCAQ.ZS::2020,Observation
IND,BX.KLT.DINV.CD.WD,2020,64362364994.3754,observation::IND::BX.KLT.DINV.CD.WD::2020,Observation
IND,BX.GSR.ROYL.CD,2020,1253654725.41466,observation::IND::BX.GSR.ROYL.CD::2020,Observation
IND,BX.GSR.GNFS.CD,2020,484690629550.363,observation::IND::BX.GSR.GNFS.CD::2020,Observation
IND,BX.GSR.CCIS.CD,2020,99471420011.2151,observation::IND::BX.GSR.CCIS.CD::2020,Observation
IND,BN.TRF.CURR.CD,2020,73117049921.2454,observation::IND::BN.TRF.CURR.CD::2020,Observation
IND,BN.KAC.EOMS.CD,2020,1250275990.74963,observation::IND::BN.KAC.EOMS.CD::2020,Observation
IND,BN.FIN.TOTL.CD,2020,32923994517.1283,observation::IND::BN.FIN.TOTL.CD::2020,Observation
IND,BM.TRF.PRVT.CD,2020,5824768109.79407,observation::IND::BM.TRF.PRVT.CD::2020,Observation
IND,BM.GSR.TRAN.ZS,2020,17.1353202611738,observation::IND::BM.GSR.TRAN.ZS::2020,Observation
IND,BM.GSR.MRCH.CD,2020,376995339958.456,observation::IND::BM.GSR.MRCH.CD::2020,Observation
IND,BM.GSR.CMCP.ZS,2020,62.7496496515862,observation::IND::BM.GSR.CMCP.ZS::2020,Observation
IND,AG.PRD.LVSK.XD,2020,128.12,observation::IND::AG.PRD.LVSK.XD::2020,Observation
IND,AG.LND.IRIG.AG.ZS,2020,42.2656390034056,observation::IND::AG.LND.IRIG.AG.ZS::2020,Observation
IND,AG.LND.CROP.ZS,2020,4.58275454982695,observation::IND::AG.LND.CROP.ZS::2020,Observation
IND,AG.LND.ARBL.HA,2020,154422600.0,observation::IND::AG.LND.ARBL.HA::2020,Observation
IND,AG.CON.FERT.PT.ZS,2020,176.042247195875,observation::IND::AG.CON.FERT.PT.ZS::2020,Observation
IND,SH.XPD.EHEX.CH.ZS,2020,0.65388739,observation::IND::SH.XPD.EHEX.CH.ZS::2020,Observation
IND,SH.VAC.TTNS.ZS,2020,90.0,observation::IND::SH.VAC.TTNS.ZS::2020,Observation
IND,SH.SVR.WAST.ZS,2020,7.5,observation::IND::SH.SVR.WAST.ZS::2020,Observation
IND,SH.STA.WAST.MA.ZS,2020,19.5,observation::IND::SH.STA.WAST.MA.ZS::2020,Observation
IND,SH.STA.SUIC.P5,2020,13.01,observation::IND::SH.STA.SUIC.P5::2020,Observation
IND,SH.STA.STNT.ME.ZS,2020,33.8,observation::IND::SH.STA.STNT.ME.ZS::2020,Observation
IND,SH.STA.STNT.FE.ZS,2020,34.6,observation::IND::SH.STA.STNT.FE.ZS::2020,Observation
IND,SH.STA.POIS.P5.MA,2020,0.19,observation::IND::SH.STA.POIS.P5.MA::2020,Observation
IND,SH.STA.OWGH.ME.ZS,2020,2.7,observation::IND::SH.STA.OWGH.ME.ZS::2020,Observation
IND,SH.STA.OWGH.FE.ZS,2020,3.4,observation::IND::SH.STA.OWGH.FE.ZS::2020,Observation
IND,SH.STA.ODFC.UR.ZS,2020,3.59990827453976,observation::IND::SH.STA.ODFC.UR.ZS::2020,Observation
IND,SH.STA.MALN.ZS,2020,31.5,observation::IND::SH.STA.MALN.ZS::2020,Observation
IND,SH.STA.HYGN.UR.ZS,2020,89.189572366281,observation::IND::SH.STA.HYGN.UR.ZS::2020,Observation
IND,SH.STA.BRTW.ZS,2020,27.43525934,observation::IND::SH.STA.BRTW.ZS::2020,Observation
IND,SH.STA.BASS.UR.ZS,2020,80.4214336161174,observation::IND::SH.STA.BASS.UR.ZS::2020,Observation
IND,SH.SGR.IRSK.ZS,2020,49.6,observation::IND::SH.SGR.IRSK.ZS::2020,Observation
IND,SH.PRV.SMOK,2020,26.1,observation::IND::SH.PRV.SMOK::2020,Observation
IND,SH.MMR.DTHS,2020,24000.0,observation::IND::SH.MMR.DTHS::2020,Observation
IND,SH.MED.BEDS.ZS,2020,1.61,observation::IND::SH.MED.BEDS.ZS::2020,Observation
IND,SH.H2O.SMDW.ZS,2020,69.6259050057647,observation::IND::SH.H2O.SMDW.ZS::2020,Observation
IND,SH.H2O.BASW.UR.ZS,2020,96.1481854359028,observation::IND::SH.H2O.BASW.UR.ZS::2020,Observation
IND,SH.DYN.NCOM.ZS,2020,23.3,observation::IND::SH.DYN.NCOM.ZS::2020,Observation
IND,SH.DYN.MORT.FE,2020,33.5,observation::IND::SH.DYN.MORT.FE::2020,Observation
IND,SH.DYN.2024,2020,5.6,observation::IND::SH.DYN.2024::2020,Observation
IND,SH.DTH.OCVD.ZS,2020,2.31376347953946,observation::IND::SH.DTH.OCVD.ZS::2020,Observation
IND,SH.DTH.INJR.ZS,2020,9.13164668285109,observation::IND::SH.DTH.INJR.ZS::2020,Observation
IND,SH.DTH.1519,2020,102903.0,observation::IND::SH.DTH.1519::2020,Observation
IND,SH.ALC.PCAP.MA.LI,2020,6.77,observation::IND::SH.ALC.PCAP.MA.LI::2020,Observation
IND,SG.GEN.PARL.ZS,2020,14.3646408839779,observation::IND::SG.GEN.PARL.ZS::2020,Observation
IND,SE.XPD.TOTL.GB.ZS,2020,15.9926099777222,observation::IND::SE.XPD.TOTL.GB.ZS::2020,Observation
IND,SE.TER.ENRR.MA,2020,28.508287881554,observation::IND::SE.TER.ENRR.MA::2020,Observation
IND,DC.DAC.FRAL.CD,2020,343074951.171875,observation::IND::DC.DAC.FRAL.CD::2020,Observation
IND,DC.DAC.DNKL.CD,2020,3082703.11355591,observation::IND::DC.DAC.DNKL.CD::2020,Observation
IND,DC.DAC.CECL.CD,2020,190549118.041992,observation::IND::DC.DAC.CECL.CD::2020,Observation
IND,DC.DAC.AUSL.CD,2020,2286463.02223206,observation::IND::DC.DAC.AUSL.CD::2020,Observation
IND,CM.MKT.LDOM.NO,2020,1962.0,observation::IND::CM.MKT.LDOM.NO::2020,Observation
IND,BX.TRF.PWKR.DT.GD.ZS,2020,3.10855277353444,observation::IND::BX.TRF.PWKR.DT.GD.ZS::2020,Observation
IND,BX.PEF.TOTL.CD.WD,2020,24854054527.0627,observation::IND::BX.PEF.TOTL.CD.WD::2020,Observation
IND,BX.GSR.TRAN.ZS,2020,10.2345525851482,observation::IND::BX.GSR.TRAN.ZS::2020,Observation
IND,BX.GSR.MRCH.CD,2020,281545477868.04,observation::IND::BX.GSR.MRCH.CD::2020,Observation
IND,BX.GSR.CMCP.ZS,2020,58.7476040902528,observation::IND::BX.GSR.CMCP.ZS::2020,Observation
IND,BX.GRT.EXTA.CD.WD,2020,617271423.0,observation::IND::BX.GRT.EXTA.CD.WD::2020,Observation
IND,BN.KLT.PTXL.CD,2020,-15111706746.6555,observation::IND::BN.KLT.PTXL.CD::2020,Observation
IND,BN.GSR.GNFS.CD,2020,-8342168263.9966,observation::IND::BN.GSR.GNFS.CD::2020,Observation
IND,BN.CAB.XOKA.CD,2020,32730048588.2079,observation::IND::BN.CAB.XOKA.CD::2020,Observation
IND,BM.KLT.DINV.CD.WD,2020,11122667603.5511,observation::IND::BM.KLT.DINV.CD.WD::2020,Observation
IND,BM.GSR.ROYL.CD,2020,7241107556.78617,observation::IND::BM.GSR.ROYL.CD::2020,Observation
IND,BM.GSR.GNFS.CD,2020,493032797814.359,observation::IND::BM.GSR.GNFS.CD::2020,Observation
IND,AG.YLD.CREL.KG,2020,3391.0,observation::IND::AG.YLD.CREL.KG::2020,Observation
IND,AG.PRD.CROP.XD,2020,115.74,observation::IND::AG.PRD.CROP.XD::2020,Observation
IND,AG.LND.TOTL.K2,2020,2973190.0,observation::IND::AG.LND.TOTL.K2::2020,Observation
IND,AG.LND.FRST.K2,2020,721600.0,observation::IND::AG.LND.FRST.K2::2020,Observation
IND,AG.LND.ARBL.ZS,2020,51.9383557727559,observation::IND::AG.LND.ARBL.ZS::2020,Observation
IND,AG.LND.AGRI.K2,2020,1785280.0,observation::IND::AG.LND.AGRI.K2::2020,Observation
IND,SH.STA.STNT.ZS,2020,35.5,observation::IND::SH.STA.STNT.ZS::2020,Observation
IND,SH.STA.STNT.MA.ZS,2020,36.2,observation::IND::SH.STA.STNT.MA.ZS::2020,Observation
IND,SH.STA.SMSS.RU.ZS,2020,55.9789839355697,observation::IND::SH.STA.SMSS.RU.ZS::2020,Observation
IND,SH.STA.OWGH.ZS,2020,3.5,observation::IND::SH.STA.OWGH.ZS::2020,Observation
IND,SH.STA.OWGH.MA.ZS,2020,3.6,observation::IND::SH.STA.OWGH.MA.ZS::2020,Observation
IND,SH.STA.ODFC.ZS,2020,17.0053594469744,observation::IND::SH.STA.ODFC.ZS::2020,Observation
IND,SH.STA.MMRT,2020,101.0,observation::IND::SH.STA.MMRT::2020,Observation
IND,SH.STA.HYGN.ZS,2020,78.1349455314452,observation::IND::SH.STA.HYGN.ZS::2020,Observation
IND,SH.STA.BASS.ZS,2020,72.0482326780192,observation::IND::SH.STA.BASS.ZS::2020,Observation
IND,SH.PRV.SMOK.FE,2020,12.2,observation::IND::SH.PRV.SMOK.FE::2020,Observation
IND,SH.MMR.RISK,2020,495.0,observation::IND::SH.MMR.RISK::2020,Observation
IND,SH.MLR.INCD.P3,2020,2.53,observation::IND::SH.MLR.INCD.P3::2020,Observation
IND,SH.IMM.HEPB,2020,85.0,observation::IND::SH.IMM.HEPB::2020,Observation
IND,SH.H2O.BASW.ZS,2020,93.0977309081783,observation::IND::SH.H2O.BASW.ZS::2020,Observation
IND,SH.DYN.NMRT,2020,20.6,observation::IND::SH.DYN.NMRT::2020,Observation
IND,SH.DYN.MORT.MA,2020,32.5,observation::IND::SH.DYN.MORT.MA::2020,Observation
IND,SH.DYN.AIDS.FE.ZS,2020,44.7468941389938,observation::IND::SH.DYN.AIDS.FE.ZS::2020,Observation
IND,SH.DYN.0509,2020,2.4,observation::IND::SH.DYN.0509::2020,Observation
IND,SH.DTH.MORT,2020,785261.0,observation::IND::SH.DTH.MORT::2020,Observation
IND,SH.DTH.2024,2020,141835.0,observation::IND::SH.DTH.2024::2020,Observation
IND,SH.ANM.ALLW.ZS,2020,52.3,observation::IND::SH.ANM.ALLW.ZS::2020,Observation
IND,SE.XPD.TOTL.GD.ZS,2020,4.29335021972656,observation::IND::SE.XPD.TOTL.GD.ZS::2020,Observation
IND,SE.TER.TCHR.FE.ZS,2020,42.4985164547126,observation::IND::SE.TER.TCHR.FE.ZS::2020,Observation
IND,SE.TER.CUAT.MS.ZS,2020,3.47333002090454,observation::IND::SE.TER.CUAT.MS.ZS::2020,Observation
IND,SE.TER.CUAT.BA.FE.ZS,2020,9.88014030456543,observation::IND::SE.TER.CUAT.BA.FE.ZS::2020,Observation
IND,SE.SEC.TCHR.FE.ZS,2020,46.5109147496259,observation::IND::SE.SEC.TCHR.FE.ZS::2020,Observation
IND,SE.SEC.TCAQ.UP.ZS,2020,81.6831980665815,observation::IND::SE.SEC.TCAQ.UP.ZS::2020,Observation
IND,SE.SEC.TCAQ.LO.ZS,2020,78.9342683468154,observation::IND::SE.SEC.TCAQ.LO.ZS::2020,Observation
IND,DC.DAC.AUTL.CD,2020,9749799.72839355,observation::IND::DC.DAC.AUTL.CD::2020,Observation
IND,CM.MKT.TRAD.CD,2020,1842421950000.0,observation::IND::CM.MKT.TRAD.CD::2020,Observation
IND,CM.MKT.INDX.ZG,2020,15.7707198802765,observation::IND::CM.MKT.INDX.ZG::2020,Observation
IND,BX.TRF.CURR.CD,2020,79972975311.1433,observation::IND::BX.TRF.CURR.CD::2020,Observation
IND,BX.GSR.TRVL.ZS,2020,6.4171238358441,observation::IND::BX.GSR.TRVL.ZS::2020,Observation
IND,BX.GSR.NFSV.CD,2020,203145151682.323,observation::IND::BX.GSR.NFSV.CD::2020,Observation
IND,BX.GSR.FCTY.CD,2020,22598569470.9542,observation::IND::BX.GSR.FCTY.CD::2020,Observation
IND,BX.GRT.TECH.CD.WD,2020,534982731.0,observation::IND::BX.GRT.TECH.CD.WD::2020,Observation
IND,BN.RES.INCL.CD,2020,103853279988.191,observation::IND::BN.RES.INCL.CD::2020,Observation
IND,BN.GSR.MRCH.CD,2020,-95449862090.4168,observation::IND::BN.GSR.MRCH.CD::2020,Observation
IND,BN.CAB.XOKA.GD.ZS,2020,1.22362111042791,observation::IND::BN.CAB.XOKA.GD.ZS::2020,Observation
IND,BM.KLT.DINV.WD.GD.ZS,2020,0.415823729906748,observation::IND::BM.KLT.DINV.WD.GD.ZS::2020,Observation
IND,BM.GSR.TOTL.CD,2020,547676200354.354,observation::IND::BM.GSR.TOTL.CD::2020,Observation
IND,BM.GSR.INSF.ZS,2020,5.63156839756421,observation::IND::BM.GSR.INSF.ZS::2020,Observation
IND,BG.GSR.NFSV.GD.ZS,2020,11.9327222524549,observation::IND::BG.GSR.NFSV.GD.ZS::2020,Observation
IND,AG.PRD.FOOD.XD,2020,120.12,observation::IND::AG.PRD.FOOD.XD::2020,Observation
IND,AG.LND.FRST.ZS,2020,24.270228273336,observation::IND::AG.LND.FRST.ZS::2020,Observation
IND,AG.LND.CREL.HA,2020,100691880.0,observation::IND::AG.LND.CREL.HA::2020,Observation
IND,AG.LND.AGRI.ZS,2020,60.0459439188212,observation::IND::AG.LND.AGRI.ZS::2020,Observation
IND,SE.SEC.TCAQ.UP.FE.ZS,2020,83.1991365659402,observation::IND::SE.SEC.TCAQ.UP.FE.ZS::2020,Observation
IND,SE.SEC.TCAQ.LO.FE.ZS,2020,79.4996787748601,observation::IND::SE.SEC.TCAQ.LO.FE.ZS::2020,Observation
IND,SE.SEC.ENRL,2020,133962311.3609,observation::IND::SE.SEC.ENRL::2020,Observation
IND,SE.SEC.CUAT.UP.FE.ZS,2020,24.9227199554443,observation::IND::SE.SEC.CUAT.UP.FE.ZS::2020,Observation
IND,SE.SEC.CUAT.LO.ZS,2020,49.3152313232422,observation::IND::SE.SEC.CUAT.LO.ZS::2020,Observation
IND,SE.SEC.CMPT.LO.MA.ZS,2020,87.4924774169922,observation::IND::SE.SEC.CMPT.LO.MA.ZS::2020,Observation
IND,SE.PRM.UNER.MA.ZS,2020,4.5771836946434,observation::IND::SE.PRM.UNER.MA.ZS::2020,Observation
IND,SE.PRM.UNER,2020,4873048.0,observation::IND::SE.PRM.UNER::2020,Observation
IND,SE.PRM.TCHR.FE.ZS,2020,55.3611229162432,observation::IND::SE.PRM.TCHR.FE.ZS::2020,Observation
IND,SE.PRM.TCAQ.FE.ZS,2020,77.0960335775314,observation::IND::SE.PRM.TCAQ.FE.ZS::2020,Observation
IND,SE.PRM.PRSL.ZS,2020,99.6244201660156,observation::IND::SE.PRM.PRSL.ZS::2020,Observation
IND,SE.PRM.PRS5.MA.ZS,2020,99.3847579956055,observation::IND::SE.PRM.PRS5.MA.ZS::2020,Observation
IND,SE.PRM.ENRR.FE,2020,101.668138132836,observation::IND::SE.PRM.ENRR.FE::2020,Observation
IND,SE.PRM.ENRL,2020,121700126.0,observation::IND::SE.PRM.ENRL::2020,Observation
IND,SE.PRM.CUAT.FE.ZS,2020,51.8468208312988,observation::IND::SE.PRM.CUAT.FE.ZS::2020,Observation
IND,SE.PRM.AGES,2020,6.0,observation::IND::SE.PRM.AGES::2020,Observation
IND,SE.PRE.ENRR.MA,2020,60.860408782959,observation::IND::SE.PRE.ENRR.MA::2020,Observation
IND,SE.PRE.DURS,2020,3.0,observation::IND::SE.PRE.DURS::2020,Observation
IND,SE.ENR.PRSC.FM.ZS,2020,1.00732743740082,observation::IND::SE.ENR.PRSC.FM.ZS::2020,Observation
IND,SE.ADT.LITR.MA.ZS,2020,83.3278967147349,observation::IND::SE.ADT.LITR.MA.ZS::2020,Observation
IND,SE.ADT.1524.LT.FM.ZS,2020,0.980843975726238,observation::IND::SE.ADT.1524.LT.FM.ZS::2020,Observation
IND,PA.NUS.PPP,2020,20.3193664550781,observation::IND::PA.NUS.PPP::2020,Observation
IND,NY.TTF.GNFS.KN,2020,2244902957893.55,observation::IND::NY.TTF.GNFS.KN::2020,Observation
IND,NY.TAX.NIND.KN,2020,10075246697000.0,observation::IND::NY.TAX.NIND.KN::2020,Observation
IND,NY.GSR.NFCY.CN,2020,-2666873836400.0,observation::IND::NY.GSR.NFCY.CN::2020,Observation
IND,NY.GNS.ICTR.CN,2020,56940916211052.3,observation::IND::NY.GNS.ICTR.CN::2020,Observation
IND,NY.GNP.PCAP.KN,2020,96205.6615112074,observation::IND::NY.GNP.PCAP.KN::2020,Observation
IND,SE.SEC.TCAQ.MA.ZS,2020,79.4372373044318,observation::IND::SE.SEC.TCAQ.MA.ZS::2020,Observation
IND,SE.SEC.TCAQ.FE.ZS,2020,81.1193618239275,observation::IND::SE.SEC.TCAQ.FE.ZS::2020,Observation
IND,SE.SEC.PRIV.ZS,2020,51.4446716308594,observation::IND::SE.SEC.PRIV.ZS::2020,Observation
IND,SE.SEC.ENRR.MA,2020,78.6095664050448,observation::IND::SE.SEC.ENRR.MA::2020,Observation
IND,SE.SEC.DURS,2020,7.0,observation::IND::SE.SEC.DURS::2020,Observation
IND,SE.SEC.CUAT.PO.ZS,2020,13.3772897720337,observation::IND::SE.SEC.CUAT.PO.ZS::2020,Observation
IND,SE.SEC.CUAT.LO.MA.ZS,2020,58.7624015808105,observation::IND::SE.SEC.CUAT.LO.MA.ZS::2020,Observation
IND,SE.SEC.CMPT.LO.FE.ZS,2020,90.1567611694336,observation::IND::SE.SEC.CMPT.LO.FE.ZS::2020,Observation
IND,SE.PRM.UNER.MA,2020,2868354.0,observation::IND::SE.PRM.UNER.MA::2020,Observation
IND,SE.PRM.TCHR,2020,4600165.0,observation::IND::SE.PRM.TCHR::2020,Observation
IND,SE.PRM.PRSL.MA.ZS,2020,99.3847579956055,observation::IND::SE.PRM.PRSL.MA.ZS::2020,Observation
IND,SE.PRM.PRS5.FE.ZS,2020,99.8849563598633,observation::IND::SE.PRM.PRS5.FE.ZS::2020,Observation
IND,SE.PRM.ENRR,2020,101.291254076896,observation::IND::SE.PRM.ENRR::2020,Observation
IND,SE.PRM.DURS,2020,5.0,observation::IND::SE.PRM.DURS::2020,Observation
IND,SE.PRM.CMPT.ZS,2020,98.1474685668945,observation::IND::SE.PRM.CMPT.ZS::2020,Observation
IND,SE.PRE.TCAQ.ZS,2020,83.7672271728516,observation::IND::SE.PRE.TCAQ.ZS::2020,Observation
IND,SE.PRE.ENRR.FE,2020,61.3407287597656,observation::IND::SE.PRE.ENRR.FE::2020,Observation
IND,SE.ENR.PRIM.FM.ZS,2020,1.01903808116913,observation::IND::SE.ENR.PRIM.FM.ZS::2020,Observation
IND,SE.ADT.LITR.FE.ZS,2020,67.5732651200292,observation::IND::SE.ADT.LITR.FE.ZS::2020,Observation
IND,SE.ADT.1524.LT.FE.ZS,2020,94.6875843427577,observation::IND::SE.ADT.1524.LT.FE.ZS::2020,Observation
IND,PA.NUS.GDP.PLI,2020,27.3753533882705,observation::IND::PA.NUS.GDP.PLI::2020,Observation
IND,NY.TAX.NIND.CN,2020,16430988621000.0,observation::IND::NY.TAX.NIND.CN::2020,Observation
IND,NY.GSR.NFCY.CD,2020,-35929571856.8713,observation::IND::NY.GSR.NFCY.CD::2020,Observation
IND,SE.TER.CUAT.MS.MA.ZS,2020,3.84440994262695,observation::IND::SE.TER.CUAT.MS.MA.ZS::2020,Observation
IND,SE.SEC.UNER.LO.ZS,2020,11.0194282173016,observation::IND::SE.SEC.UNER.LO.ZS::2020,Observation
IND,SE.SEC.TCHR.FE,2020,3062227.0,observation::IND::SE.SEC.TCHR.FE::2020,Observation
IND,SE.SEC.TCAQ.UP.MA.ZS,2020,80.5136633152874,observation::IND::SE.SEC.TCAQ.UP.MA.ZS::2020,Observation
IND,SE.SEC.TCAQ.LO.MA.ZS,2020,78.3886157623594,observation::IND::SE.SEC.TCAQ.LO.MA.ZS::2020,Observation
IND,SE.SEC.ENRR,2020,77.6271548412386,observation::IND::SE.SEC.ENRR::2020,Observation
IND,SE.SEC.CUAT.UP.MA.ZS,2020,38.6472282409668,observation::IND::SE.SEC.CUAT.UP.MA.ZS::2020,Observation
IND,SE.SEC.CUAT.PO.FE.ZS,2020,10.4940004348755,observation::IND::SE.SEC.CUAT.PO.FE.ZS::2020,Observation
IND,SE.SEC.CMPT.LO.ZS,2020,88.7661819458008,observation::IND::SE.SEC.CMPT.LO.ZS::2020,Observation
IND,SE.PRM.UNER.ZS,2020,4.055847428596,observation::IND::SE.PRM.UNER.ZS::2020,Observation
IND,SE.PRM.UNER.FE,2020,2004694.0,observation::IND::SE.PRM.UNER.FE::2020,Observation
IND,SE.PRM.TCAQ.MA.ZS,2020,78.559427931951,observation::IND::SE.PRM.TCAQ.MA.ZS::2020,Observation
IND,SE.PRM.PRS5.ZS,2020,99.6244201660156,observation::IND::SE.PRM.PRS5.ZS::2020,Observation
IND,SE.PRM.ENRR.MA,2020,100.945547316135,observation::IND::SE.PRM.ENRR.MA::2020,Observation
IND,SE.PRM.CUAT.MA.ZS,2020,71.1470794677734,observation::IND::SE.PRM.CUAT.MA.ZS::2020,Observation
IND,SE.PRM.CMPT.FE.ZS,2020,99.1260299682617,observation::IND::SE.PRM.CMPT.FE.ZS::2020,Observation
IND,SE.PRE.TCAQ.FE.ZS,2020,89.7457580566406,observation::IND::SE.PRE.TCAQ.FE.ZS::2020,Observation
IND,SE.ENR.SECO.FM.ZS,2020,0.994997441768646,observation::IND::SE.ENR.SECO.FM.ZS::2020,Observation
IND,SE.ADT.LITR.ZS,2020,75.5270629470344,observation::IND::SE.ADT.LITR.ZS::2020,Observation
IND,SE.ADT.1524.LT.MA.ZS,2020,96.5368465179683,observation::IND::SE.ADT.1524.LT.MA.ZS::2020,Observation
IND,PA.NUS.PRVT.PLI,2020,26.641613640549,observation::IND::PA.NUS.PRVT.PLI::2020,Observation
IND,PA.NUS.ATLS,2020,74.225038,observation::IND::PA.NUS.ATLS::2020,Observation
IND,NY.TRF.NCTR.CD,2020,74393799576.0945,observation::IND::NY.TRF.NCTR.CD::2020,Observation
IND,SE.SEC.ENRR.FE,2020,76.5541213427966,observation::IND::SE.SEC.ENRR.FE::2020,Observation
IND,SE.SEC.CUAT.UP.ZS,2020,31.7094497680664,observation::IND::SE.SEC.CUAT.UP.ZS::2020,Observation
IND,SE.SEC.CUAT.PO.MA.ZS,2020,16.3247604370117,observation::IND::SE.SEC.CUAT.PO.MA.ZS::2020,Observation
IND,SE.SEC.CUAT.LO.FE.ZS,2020,40.0737380981445,observation::IND::SE.SEC.CUAT.LO.FE.ZS::2020,Observation
IND,SE.SEC.AGES,2020,11.0,observation::IND::SE.SEC.AGES::2020,Observation
IND,SE.PRM.UNER.FE.ZS,2020,3.48749485711701,observation::IND::SE.PRM.UNER.FE.ZS::2020,Observation
IND,SE.PRM.TCAQ.ZS,2020,77.7492763846514,observation::IND::SE.PRM.TCAQ.ZS::2020,Observation
IND,SE.PRM.PRSL.FE.ZS,2020,99.8849563598633,observation::IND::SE.PRM.PRSL.FE.ZS::2020,Observation
IND,SE.PRM.PRIV.ZS,2020,45.1203918457031,observation::IND::SE.PRM.PRIV.ZS::2020,Observation
IND,SE.PRM.CUAT.ZS,2020,61.390739440918,observation::IND::SE.PRM.CUAT.ZS::2020,Observation
IND,SE.PRM.CMPT.MA.ZS,2020,97.2517471313477,observation::IND::SE.PRM.CMPT.MA.ZS::2020,Observation
IND,SE.PRE.TCAQ.MA.ZS,2020,0.0,observation::IND::SE.PRE.TCAQ.MA.ZS::2020,Observation
IND,SE.PRE.ENRR,2020,61.0889358520508,observation::IND::SE.PRE.ENRR::2020,Observation
IND,SE.ENR.TERT.FM.ZS,2020,1.08793078057099,observation::IND::SE.ENR.TERT.FM.ZS::2020,Observation
IND,SE.COM.DURS,2020,8.0,observation::IND::SE.COM.DURS::2020,Observation
IND,SE.ADT.1524.LT.ZS,2020,95.675096052413,observation::IND::SE.ADT.1524.LT.ZS::2020,Observation
IND,PA.NUS.PRVT.PP,2020,19.7747478485107,observation::IND::PA.NUS.PRVT.PP::2020,Observation
IND,PA.NUS.FCRF,2020,74.0995668836052,observation::IND::PA.NUS.FCRF::2020,Observation
IND,NY.TRF.NCTR.CN,2020,5521882600500.0,observation::IND::NY.TRF.NCTR.CN::2020,Observation
IND,NY.TAX.NIND.CD,2020,221367197157.919,observation::IND::NY.TAX.NIND.CD::2020,Observation
IND,NY.GNS.ICTR.ZS,2020,28.6796821131572,observation::IND::NY.GNS.ICTR.ZS::2020,Observation
IND,NY.GNP.PCAP.CD,2020,1900.0,observation::IND::NY.GNP.PCAP.CD::2020,Observation
IND,NY.GNP.MKTP.KD.ZG,2020,-5.45160392673795,observation::IND::NY.GNP.MKTP.KD.ZG::2020,Observation
IND,NY.GNP.MKTP.CD,2020,2638922006729.05,observation::IND::NY.GNP.MKTP.CD::2020,Observation
IND,NY.GDS.TOTL.CN,2020,54180674238700.0,observation::IND::NY.GDS.TOTL.CN::2020,Observation
IND,NY.GDP.PCAP.PP.KD,2020,7399.53068079041,observation::IND::NY.GDP.PCAP.PP.KD::2020,Observation
IND,NY.GDP.PCAP.KD,2020,1806.50110583878,observation::IND::NY.GDP.PCAP.KD::2020,Observation
IND,NY.GDP.MKTP.PP.KD,2020,10378712667572.0,observation::IND::NY.GDP.MKTP.PP.KD::2020,Observation
IND,NY.GDP.MKTP.KD,2020,2533830417086.54,observation::IND::NY.GDP.MKTP.KD::2020,Observation
IND,NY.GDP.MINR.RT.ZS,2020,0.686623320605056,observation::IND::NY.GDP.MINR.RT.ZS::2020,Observation
IND,NY.GDP.FCST.CN,2020,182109971445100.0,observation::IND::NY.GDP.FCST.CN::2020,Observation
IND,NY.GDP.DEFL.ZS.AD,2020,144.974702950823,observation::IND::NY.GDP.DEFL.ZS.AD::2020,Observation
IND,NY.GDP.COAL.RT.ZS,2020,0.699928572284321,observation::IND::NY.GDP.COAL.RT.ZS::2020,Observation
IND,NY.ADJ.SVNG.GN.ZS,2020,14.4411360277761,observation::IND::NY.ADJ.SVNG.GN.ZS::2020,Observation
IND,NY.ADJ.NNTY.PC.CD,2020,1637.8225185659,observation::IND::NY.ADJ.NNTY.PC.CD::2020,Observation
IND,NY.ADJ.NNAT.GN.ZS,2020,17.119067244678,observation::IND::NY.ADJ.NNAT.GN.ZS::2020,Observation
IND,NY.ADJ.DPEM.GN.ZS,2020,1.25543730174147,observation::IND::NY.ADJ.DPEM.GN.ZS::2020,Observation
IND,NY.ADJ.DMIN.GN.ZS,2020,0.446966146439627,observation::IND::NY.ADJ.DMIN.GN.ZS::2020,Observation
IND,NY.ADJ.DFOR.GN.ZS,2020,0.188802020779511,observation::IND::NY.ADJ.DFOR.GN.ZS::2020,Observation
IND,NY.ADJ.AEDU.GN.ZS,2020,3.08,observation::IND::NY.ADJ.AEDU.GN.ZS::2020,Observation
IND,NV.SRV.TOTL.KD.ZG,2020,-8.35157298546558,observation::IND::NV.SRV.TOTL.KD.ZG::2020,Observation
IND,NV.SRV.EMPL.KD,2020,7811.42094046725,observation::IND::NV.SRV.EMPL.KD::2020,Observation
IND,NV.MNF.MTRN.ZS.UN,2020,19.1522515950971,observation::IND::NV.MNF.MTRN.ZS.UN::2020,Observation
IND,NV.IND.TOTL.KN,2020,39038190466200.0,observation::IND::NV.IND.TOTL.KN::2020,Observation
IND,NV.IND.TOTL.CD,2020,672000442587.85,observation::IND::NV.IND.TOTL.CD::2020,Observation
IND,NV.IND.MANF.KD,2020,401053540822.747,observation::IND::NV.IND.MANF.KD::2020,Observation
IND,NV.AGR.TOTL.KD.ZG,2020,4.00569391981385,observation::IND::NV.AGR.TOTL.KD.ZG::2020,Observation
IND,NV.AGR.EMPL.KD,2020,1992.04315223679,observation::IND::NV.AGR.EMPL.KD::2020,Observation
IND,NE.RSB.GNFS.CN,2020,-780566702900.0,observation::IND::NE.RSB.GNFS.CN::2020,Observation
IND,NE.IMP.GNFS.KD.ZG,2020,-12.62264989846,observation::IND::NE.IMP.GNFS.KD.ZG::2020,Observation
IND,NE.GDI.TOTL.ZS,2020,28.9223840080659,observation::IND::NE.GDI.TOTL.ZS::2020,Observation
IND,NY.GNS.ICTR.CD,2020,767138929737.595,observation::IND::NY.GNS.ICTR.CD::2020,Observation
IND,NY.GNP.PCAP.KD.ZG,2020,-7.15381929218147,observation::IND::NY.GNP.PCAP.KD.ZG::2020,Observation
IND,NY.GNP.MKTP.PP.KD,2020,10238242529403.9,observation::IND::NY.GNP.MKTP.PP.KD::2020,Observation
IND,NY.GNP.MKTP.KD,2020,2497331160303.35,observation::IND::NY.GNP.MKTP.KD::2020,Observation
IND,NY.GNP.ATLS.CD,2020,2661734078595.43,observation::IND::NY.GNP.ATLS.CD::2020,Observation
IND,NY.GDS.TOTL.CD,2020,729951451674.568,observation::IND::NY.GDS.TOTL.CD::2020,Observation
IND,NY.GDP.PCAP.PP.CD,2020,6966.27542785911,observation::IND::NY.GDP.PCAP.PP.CD::2020,Observation
IND,NY.GDP.PCAP.CN,2020,141550.303245675,observation::IND::NY.GDP.PCAP.CN::2020,Observation
IND,NY.GDP.MKTP.PP.CD,2020,9771021183358.88,observation::IND::NY.GDP.MKTP.PP.CD::2020,Observation
IND,NY.GDP.MKTP.CN.AD,2020,198540960065000.0,observation::IND::NY.GDP.MKTP.CN.AD::2020,Observation
IND,NY.GDP.FRST.RT.ZS,2020,0.186259152435169,observation::IND::NY.GDP.FRST.RT.ZS::2020,Observation
IND,NY.GDP.FCST.CD,2020,2453484381444.17,observation::IND::NY.GDP.FCST.CD::2020,Observation
IND,NY.GDP.DEFL.ZS,2020,144.974702950823,observation::IND::NY.GDP.DEFL.ZS::2020,Observation
IND,NY.EXP.CAPM.KN,2020,28426428025893.6,observation::IND::NY.EXP.CAPM.KN::2020,Observation
IND,NY.ADJ.SVNG.CD,2020,380055804913.128,observation::IND::NY.ADJ.SVNG.CD::2020,Observation
IND,NY.ADJ.NNTY.KD.ZG,2020,-6.86231206889431,observation::IND::NY.ADJ.NNTY.KD.ZG::2020,Observation
IND,NY.ADJ.NNAT.CD,2020,450532483630.376,observation::IND::NY.ADJ.NNAT.CD::2020,Observation
IND,NY.ADJ.DPEM.CD,2020,33040076162.5398,observation::IND::NY.ADJ.DPEM.CD::2020,Observation
IND,NY.ADJ.DMIN.CD,2020,11763068932.2017,observation::IND::NY.ADJ.DMIN.CD::2020,Observation
IND,NY.ADJ.DFOR.CD,2020,4968812968.63129,observation::IND::NY.ADJ.DFOR.CD::2020,Observation
IND,NY.ADJ.AEDU.CD,2020,81058157535.5952,observation::IND::NY.ADJ.AEDU.CD::2020,Observation
IND,NV.SRV.TOTL.KD,2020,1211992853617.59,observation::IND::NV.SRV.TOTL.KD::2020,Observation
IND,NV.MNF.TXTL.ZS.UN,2020,7.63703951426647,observation::IND::NV.MNF.TXTL.ZS.UN::2020,Observation
IND,NV.MNF.FBTO.ZS.UN,2020,11.2001451418901,observation::IND::NV.MNF.FBTO.ZS.UN::2020,Observation
IND,NV.IND.TOTL.KD.ZG,2020,-0.439885659435575,observation::IND::NV.IND.TOTL.KD.ZG::2020,Observation
IND,NV.IND.MANF.ZS,2020,14.1204853576923,observation::IND::NV.IND.MANF.ZS::2020,Observation
IND,NV.IND.MANF.CN,2020,28034947195000.0,observation::IND::NV.IND.MANF.CN::2020,Observation
IND,NV.AGR.TOTL.KD,2020,436681199516.655,observation::IND::NV.AGR.TOTL.KD::2020,Observation
IND,NE.TRD.GNFS.ZS,2020,37.7581053292768,observation::IND::NE.TRD.GNFS.ZS::2020,Observation
IND,NE.RSB.GNFS.CD,2020,-10516218299.5447,observation::IND::NE.RSB.GNFS.CD::2020,Observation
IND,NY.GNS.ICTR.GN.ZS,2020,29.0701630355672,observation::IND::NY.GNS.ICTR.GN.ZS::2020,Observation
IND,NY.GNP.PCAP.PP.CD,2020,6870.0,observation::IND::NY.GNP.PCAP.PP.CD::2020,Observation
IND,NY.GNP.PCAP.CN,2020,139648.948481646,observation::IND::NY.GNP.PCAP.CN::2020,Observation
IND,NY.GNP.MKTP.KN,2020,134939763194800.0,observation::IND::NY.GNP.MKTP.KN::2020,Observation
IND,NY.GNP.MKTP.CN,2020,195874086228500.0,observation::IND::NY.GNP.MKTP.CN::2020,Observation
IND,NY.GDS.TOTL.ZS,2020,27.2894188790877,observation::IND::NY.GDS.TOTL.ZS::2020,Observation
IND,NY.GDP.PETR.RT.ZS,2020,0.144343868543637,observation::IND::NY.GDP.PETR.RT.ZS::2020,Observation
IND,NY.GDP.PCAP.KD.ZG,2020,-6.69047102833747,observation::IND::NY.GDP.PCAP.KD.ZG::2020,Observation
IND,NY.GDP.NGAS.RT.ZS,2020,0.0675142930826255,observation::IND::NY.GDP.NGAS.RT.ZS::2020,Observation
IND,NY.GDP.MKTP.KD.ZG,2020,-5.77772470686801,observation::IND::NY.GDP.MKTP.KD.ZG::2020,Observation
IND,NY.GDP.MKTP.CD,2020,2674851578587.27,observation::IND::NY.GDP.MKTP.CD::2020,Observation
IND,NY.GDP.FCST.KD,2020,2322609619962.05,observation::IND::NY.GDP.FCST.KD::2020,Observation
IND,NY.GDP.DISC.CN,2020,-2461537941700.0,observation::IND::NY.GDP.DISC.CN::2020,Observation
IND,NY.GDP.DEFL.KD.ZG,2020,4.81485791893405,observation::IND::NY.GDP.DEFL.KD.ZG::2020,Observation
IND,NY.ADJ.SVNX.CD,2020,413095881075.668,observation::IND::NY.ADJ.SVNX.CD::2020,Observation
IND,NY.ADJ.NNTY.PC.KD,2020,1554.23905452974,observation::IND::NY.ADJ.NNTY.PC.KD::2020,Observation
IND,NY.ADJ.NNTY.CD,2020,2297238845810.0,observation::IND::NY.ADJ.NNTY.CD::2020,Observation
IND,NY.ADJ.DRES.GN.ZS,2020,0.901817540229968,observation::IND::NY.ADJ.DRES.GN.ZS::2020,Observation
IND,NY.ADJ.DNGY.CD,2020,7001776620.05137,observation::IND::NY.ADJ.DNGY.CD::2020,Observation
IND,NY.ADJ.DKAP.CD,2020,310785857214.413,observation::IND::NY.ADJ.DKAP.CD::2020,Observation
IND,NY.ADJ.DCO2.CD,2020,94761101569.4184,observation::IND::NY.ADJ.DCO2.CD::2020,Observation
IND,NV.SRV.TOTL.KN,2020,67093131195800.0,observation::IND::NV.SRV.TOTL.KN::2020,Observation
IND,NV.SRV.TOTL.CD,2020,1282128264548.68,observation::IND::NV.SRV.TOTL.CD::2020,Observation
IND,NV.MNF.OTHR.ZS.UN,2020,40.2134221615866,observation::IND::NV.MNF.OTHR.ZS.UN::2020,Observation
IND,NV.IND.TOTL.ZS,2020,25.1229058078344,observation::IND::NV.IND.TOTL.ZS::2020,Observation
IND,NV.IND.TOTL.CN,2020,49879258387100.0,observation::IND::NV.IND.TOTL.CN::2020,Observation
IND,NV.IND.MANF.KD.ZG,2020,3.07361099543158,observation::IND::NV.IND.MANF.KD.ZG::2020,Observation
IND,NV.IND.EMPL.KD,2020,5831.14869911316,observation::IND::NV.IND.EMPL.KD::2020,Observation
IND,NV.AGR.TOTL.KN,2020,20742124041400.0,observation::IND::NV.AGR.TOTL.KN::2020,Observation
IND,NV.AGR.TOTL.CD,2020,499355674307.637,observation::IND::NV.AGR.TOTL.CD::2020,Observation
IND,NE.RSB.GNFS.KN,2020,-2843104791900.0,observation::IND::NE.RSB.GNFS.KN::2020,Observation
IND,NE.IMP.GNFS.KN,2020,29024629859900.0,observation::IND::NE.IMP.GNFS.KN::2020,Observation
IND,NY.GNP.PCAP.PP.KD,2020,7299.38212379665,observation::IND::NY.GNP.PCAP.PP.KD::2020,Observation
IND,NY.GNP.PCAP.KD,2020,1780.4788640595,observation::IND::NY.GNP.PCAP.KD::2020,Observation
IND,NY.GNP.MKTP.PP.CD,2020,9639773300094.61,observation::IND::NY.GNP.MKTP.PP.CD::2020,Observation
IND,NY.GNP.MKTP.CN.AD,2020,195874086228500.0,observation::IND::NY.GNP.MKTP.CN.AD::2020,Observation
IND,NY.GDY.TOTL.KN,2020,139193595401394.0,observation::IND::NY.GDY.TOTL.KN::2020,Observation
IND,NY.GDP.TOTL.RT.ZS,2020,1.78466920695081,observation::IND::NY.GDP.TOTL.RT.ZS::2020,Observation
IND,NY.GDP.PCAP.KN,2020,97637.9329390251,observation::IND::NY.GDP.PCAP.KN::2020,Observation
IND,NY.GDP.PCAP.CD,2020,1907.04251637669,observation::IND::NY.GDP.PCAP.CD::2020,Observation
IND,NY.GDP.MKTP.KN,2020,136948692443500.0,observation::IND::NY.GDP.MKTP.KN::2020,Observation
IND,NY.GDP.MKTP.CN,2020,198540960065000.0,observation::IND::NY.GDP.MKTP.CN::2020,Observation
IND,NY.GDP.FCST.KN,2020,126873445746200.0,observation::IND::NY.GDP.FCST.KN::2020,Observation
IND,NY.GDP.DISC.KN,2020,1735902228400.0,observation::IND::NY.GDP.DISC.KN::2020,Observation
IND,NY.GDP.DEFL.KD.ZG.AD,2020,4.81485791893405,observation::IND::NY.GDP.DEFL.KD.ZG.AD::2020,Observation
IND,NY.ADJ.SVNX.GN.ZS,2020,15.6965733295176,observation::IND::NY.ADJ.SVNX.GN.ZS::2020,Observation
IND,NY.ADJ.NNTY.PC.KD.ZG,2020,-7.764551818304,observation::IND::NY.ADJ.NNTY.PC.KD.ZG::2020,Observation
IND,NY.ADJ.NNTY.KD,2020,2180003200143.48,observation::IND::NY.ADJ.NNTY.KD::2020,Observation
IND,NY.ADJ.ICTR.GN.ZS,2020,28.9281247081424,observation::IND::NY.ADJ.ICTR.GN.ZS::2020,Observation
IND,NY.ADJ.DNGY.GN.ZS,2020,0.26604937301083,observation::IND::NY.ADJ.DNGY.GN.ZS::2020,Observation
IND,NY.ADJ.DKAP.GN.ZS,2020,11.8090574634644,observation::IND::NY.ADJ.DKAP.GN.ZS::2020,Observation
IND,NY.ADJ.DCO2.GN.ZS,2020,3.60067637493045,observation::IND::NY.ADJ.DCO2.GN.ZS::2020,Observation
IND,NV.SRV.TOTL.ZS,2020,47.9326881092162,observation::IND::NV.SRV.TOTL.ZS::2020,Observation
IND,NV.SRV.TOTL.CN,2020,95166019157000.0,observation::IND::NV.SRV.TOTL.CN::2020,Observation
IND,NV.MNF.TECH.ZS.UN,2020,44.3669829789739,observation::IND::NV.MNF.TECH.ZS.UN::2020,Observation
IND,NV.MNF.CHEM.ZS.UN,2020,21.7971415871598,observation::IND::NV.MNF.CHEM.ZS.UN::2020,Observation
IND,NV.IND.TOTL.KD,2020,678212319968.726,observation::IND::NV.IND.TOTL.KD::2020,Observation
IND,NV.IND.MANF.KN,2020,23291601066000.0,observation::IND::NV.IND.MANF.KN::2020,Observation
IND,NV.IND.MANF.CD,2020,377702025494.416,observation::IND::NV.IND.MANF.CD::2020,Observation
IND,NV.AGR.TOTL.ZS,2020,18.6685376603727,observation::IND::NV.AGR.TOTL.ZS::2020,Observation
IND,NE.GDI.TOTL.CN,2020,57422778883300.0,observation::IND::NE.GDI.TOTL.CN::2020,Observation
IND,NE.GDI.STKB.CD,2020,5181538734.94817,observation::IND::NE.GDI.STKB.CD::2020,Observation
IND,NE.GDI.FTOT.KD,2020,738477753552.411,observation::IND::NE.GDI.FTOT.KD::2020,Observation
IND,NE.GDI.FPRV.CN,2020,46566605639700.0,observation::IND::NE.GDI.FPRV.CN::2020,Observation
IND,NE.EXP.GNFS.KD,2020,460373305611.94,observation::IND::NE.EXP.GNFS.KD::2020,Observation
IND,NE.DAB.TOTL.KN,2020,138055895007000.0,observation::IND::NE.DAB.TOTL.KN::2020,Observation
IND,NE.DAB.DEFL.ZS,2020,146.16041183853,observation::IND::NE.DAB.DEFL.ZS::2020,Observation
IND,NE.CON.TOTL.KD,2020,1807692695769.56,observation::IND::NE.CON.TOTL.KD::2020,Observation
IND,NE.CON.PRVT.PP.KD,2020,6615081800559.51,observation::IND::NE.CON.PRVT.PP.KD::2020,Observation
IND,NE.CON.PRVT.KN,2020,78195085214800.0,observation::IND::NE.CON.PRVT.KN::2020,Observation
IND,NE.CON.PRVT.CN,2020,121304811323200.0,observation::IND::NE.CON.PRVT.CN::2020,Observation
IND,NE.CON.GOVT.ZS,2020,11.6124524106018,observation::IND::NE.CON.GOVT.ZS::2020,Observation
IND,NE.CON.GOVT.CN,2020,23055474503100.0,observation::IND::NE.CON.GOVT.CN::2020,Observation
IND,MS.MIL.XPND.GD.ZS,2020,2.80361581112679,observation::IND::MS.MIL.XPND.GD.ZS::2020,Observation
IND,MS.MIL.TOTL.P1,2020,3068000.0,observation::IND::MS.MIL.TOTL.P1::2020,Observation
IND,IT.NET.BBND.P2,2020,1.63622632751685,observation::IND::IT.NET.BBND.P2::2020,Observation
IND,IT.CEL.SETS.P2,2020,82.2540479927426,observation::IND::IT.CEL.SETS.P2::2020,Observation
IND,IS.RRS.TOTL.KM,2020,67955.63,observation::IND::IS.RRS.TOTL.KM::2020,Observation
IND,IS.AIR.GOOD.MT.K1,2020,875.122843,observation::IND::IS.AIR.GOOD.MT.K1::2020,Observation
IND,IQ.SPI.PIL3,2020,74.91875,observation::IND::IQ.SPI.PIL3::2020,Observation
IND,NE.IMP.GNFS.KD,2020,537490415296.85,observation::IND::NE.IMP.GNFS.KD::2020,Observation
IND,NE.GDI.TOTL.KN,2020,45059566219900.0,observation::IND::NE.GDI.TOTL.KN::2020,Observation
IND,NE.GDI.TOTL.CD,2020,773630845204.822,observation::IND::NE.GDI.TOTL.CD::2020,Observation
IND,NE.GDI.FTOT.ZS,2020,27.3243213738562,observation::IND::NE.GDI.FTOT.ZS::2020,Observation
IND,NE.GDI.FTOT.CN,2020,54249969986900.0,observation::IND::NE.GDI.FTOT.CN::2020,Observation
IND,NE.EXP.GNFS.ZS,2020,18.6824769296756,observation::IND::NE.EXP.GNFS.ZS::2020,Observation
IND,NE.EXP.GNFS.CN,2020,37092369060100.0,observation::IND::NE.EXP.GNFS.CN::2020,Observation
IND,NE.DAB.TOTL.KD,2020,2584735593577.05,observation::IND::NE.DAB.TOTL.KD::2020,Observation
IND,NE.CON.TOTL.ZS,2020,72.7105811209123,observation::IND::NE.CON.TOTL.ZS::2020,Observation
IND,NE.CON.TOTL.CN,2020,144360285826300.0,observation::IND::NE.CON.TOTL.CN::2020,Observation
IND,NE.CON.PRVT.PP.CD,2020,6134329107631.88,observation::IND::NE.CON.PRVT.PP.CD::2020,Observation
IND,NE.CON.PRVT.KD.ZG,2020,-5.28945828699338,observation::IND::NE.CON.PRVT.KD.ZG::2020,Observation
IND,NE.CON.PRVT.CD,2020,1634284260295.02,observation::IND::NE.CON.PRVT.CD::2020,Observation
IND,NE.CON.GOVT.KN,2020,14801243572300.0,observation::IND::NE.CON.GOVT.KN::2020,Observation
IND,NE.CON.GOVT.CD,2020,310615866617.677,observation::IND::NE.CON.GOVT.CD::2020,Observation
IND,MS.MIL.XPND.CN,2020,5395592250000.0,observation::IND::MS.MIL.XPND.CN::2020,Observation
IND,MS.MIL.MPRT.KD,2020,2646000000.0,observation::IND::MS.MIL.MPRT.KD::2020,Observation
IND,IT.NET.BBND,2020,22950000.0,observation::IND::IT.NET.BBND::2020,Observation
IND,IT.CEL.SETS,2020,1153709832.0,observation::IND::IT.CEL.SETS::2020,Observation
IND,IS.RRS.PASG.KM,2020,1050738.0,observation::IND::IS.RRS.PASG.KM::2020,Observation
IND,IS.AIR.DPRT,2020,583142.0,observation::IND::IS.AIR.DPRT::2020,Observation
IND,IQ.SPI.PIL2,2020,88.3333333333333,observation::IND::IQ.SPI.PIL2::2020,Observation
IND,NE.IMP.GNFS.CD,2020,510244747372.174,observation::IND::NE.IMP.GNFS.CD::2020,Observation
IND,NE.GDI.TOTL.KD,2020,777042897807.489,observation::IND::NE.GDI.TOTL.KD::2020,Observation
IND,NE.GDI.STKB.CN,2020,384599909500.0,observation::IND::NE.GDI.STKB.CN::2020,Observation
IND,NE.GDI.FTOT.KD.ZG,2020,-7.09611505065642,observation::IND::NE.GDI.FTOT.KD.ZG::2020,Observation
IND,NE.GDI.FPRV.ZS,2020,23.4544074051292,observation::IND::NE.GDI.FPRV.ZS::2020,Observation
IND,NE.EXP.GNFS.KD.ZG,2020,-6.95623827861731,observation::IND::NE.EXP.GNFS.KD.ZG::2020,Observation
IND,NE.DAB.TOTL.ZS,2020,101.632965128978,observation::IND::NE.DAB.TOTL.ZS::2020,Observation
IND,NE.DAB.TOTL.CD,2020,2718530972117.52,observation::IND::NE.DAB.TOTL.CD::2020,Observation
IND,NE.CON.TOTL.KD.ZG,2020,-4.59785588028593,observation::IND::NE.CON.TOTL.KD.ZG::2020,Observation
IND,NE.CON.PRVT.ZS,2020,61.0981287103106,observation::IND::NE.CON.PRVT.ZS::2020,Observation
IND,NE.CON.PRVT.PC.KD,2020,1084.39939055711,observation::IND::NE.CON.PRVT.PC.KD::2020,Observation
IND,NE.CON.PRVT.CN.AD,2020,121304811323200.0,observation::IND::NE.CON.PRVT.CN.AD::2020,Observation
IND,NE.CON.PCAP.PP.CD,2020,4373.48618194345,observation::IND::NE.CON.PCAP.PP.CD::2020,Observation
IND,NE.CON.GOVT.KD,2020,286627526589.357,observation::IND::NE.CON.GOVT.KD::2020,Observation
IND,MS.MIL.XPND.ZS,2020,8.76108057617454,observation::IND::MS.MIL.XPND.ZS::2020,Observation
IND,MS.MIL.TOTL.TF.ZS,2020,0.576119558133425,observation::IND::MS.MIL.TOTL.TF.ZS::2020,Observation
IND,IT.NET.USER.ZS,2020,43.40544313,observation::IND::IT.NET.USER.ZS::2020,Observation
IND,IT.NET.SECR,2020,662298.0,observation::IND::IT.NET.SECR::2020,Observation
IND,IT.MLT.MAIN,2020,20052162.0,observation::IND::IT.MLT.MAIN::2020,Observation
IND,IS.SHP.GCNW.XQ,2020,57.2185409309,observation::IND::IS.SHP.GCNW.XQ::2020,Observation
IND,IS.AIR.PSGR,2020,68959633.0,observation::IND::IS.AIR.PSGR::2020,Observation
IND,IQ.SPI.PIL4,2020,69.1916666666667,observation::IND::IQ.SPI.PIL4::2020,Observation
IND,IQ.SPI.OVRL,2020,73.48875,observation::IND::IQ.SPI.OVRL::2020,Observation
IND,NV.AGR.TOTL.CN,2020,37064693901000.0,observation::IND::NV.AGR.TOTL.CN::2020,Observation
IND,NE.RSB.GNFS.ZS,2020,-0.393151469925627,observation::IND::NE.RSB.GNFS.ZS::2020,Observation
IND,NE.IMP.GNFS.ZS,2020,19.0756283996012,observation::IND::NE.IMP.GNFS.ZS::2020,Observation
IND,NE.IMP.GNFS.CN,2020,37872935763000.0,observation::IND::NE.IMP.GNFS.CN::2020,Observation
IND,NE.GDI.TOTL.KD.ZG,2020,-7.39236984504795,observation::IND::NE.GDI.TOTL.KD.ZG::2020,Observation
IND,NE.GDI.STKB.KN,2020,256164829200.0,observation::IND::NE.GDI.STKB.KN::2020,Observation
IND,NE.GDI.FTOT.KN,2020,42666842780000.0,observation::IND::NE.GDI.FTOT.KN::2020,Observation
IND,NE.GDI.FTOT.CD,2020,730885041606.85,observation::IND::NE.GDI.FTOT.CD::2020,Observation
IND,NE.EXP.GNFS.KN,2020,26181525068000.0,observation::IND::NE.EXP.GNFS.KN::2020,Observation
IND,NE.EXP.GNFS.CD,2020,499728529072.629,observation::IND::NE.EXP.GNFS.CD::2020,Observation
IND,NE.DAB.TOTL.CN,2020,201783064709600.0,observation::IND::NE.DAB.TOTL.CN::2020,Observation
IND,NE.CON.TOTL.KN,2020,92996328787100.0,observation::IND::NE.CON.TOTL.KN::2020,Observation
IND,NE.CON.TOTL.CD,2020,1944900126912.7,observation::IND::NE.CON.TOTL.CD::2020,Observation
IND,NE.CON.PRVT.PC.KD.ZG,2020,-6.20693452373237,observation::IND::NE.CON.PRVT.PC.KD.ZG::2020,Observation
IND,NE.CON.PRVT.KD,2020,1520997773642.62,observation::IND::NE.CON.PRVT.KD::2020,Observation
IND,NE.CON.PCAP.PP.KD,2020,4716.24008747409,observation::IND::NE.CON.PCAP.PP.KD::2020,Observation
IND,NE.CON.GOVT.KD.ZG,2020,-0.769753930896599,observation::IND::NE.CON.GOVT.KD.ZG::2020,Observation
IND,MS.MIL.XPRT.KD,2020,153000000.0,observation::IND::MS.MIL.XPRT.KD::2020,Observation
IND,MS.MIL.XPND.CD,2020,72937064047.7993,observation::IND::MS.MIL.XPND.CD::2020,Observation
IND,IT.NET.SECR.P6,2020,472.187112968085,observation::IND::IT.NET.SECR.P6::2020,Observation
IND,IT.MLT.MAIN.P2,2020,1.42962419991429,observation::IND::IT.MLT.MAIN.P2::2020,Observation
IND,IS.SHP.GOOD.TU,2020,17597062.0,observation::IND::IS.SHP.GOOD.TU::2020,Observation
IND,IS.RRS.GOOD.MT.K6,2020,707665.0,observation::IND::IS.RRS.GOOD.MT.K6::2020,Observation
IND,IQ.SPI.PIL5,2020,55.0,observation::IND::IQ.SPI.PIL5::2020,Observation
IND,IQ.SPI.PIL1,2020,80.0,observation::IND::IQ.SPI.PIL1::2020,Observation
IND,VC.IHR.PSRC.P5,2020,2.93529734667461,observation::IND::VC.IHR.PSRC.P5::2020,Observation
IND,VC.IDP.NWCV,2020,3900.0,observation::IND::VC.IDP.NWCV::2020,Observation
IND,TX.VAL.TECH.MF.ZS,2020,11.0325638466576,observation::IND::TX.VAL.TECH.MF.ZS::2020,Observation
IND,TX.VAL.MRCH.XD.WD,2020,103.2,observation::IND::TX.VAL.MRCH.XD.WD::2020,Observation
IND,TX.VAL.MRCH.R6.ZS,2020,8.00099285714823,observation::IND::TX.VAL.MRCH.R6.ZS::2020,Observation
IND,TX.VAL.MRCH.R2.ZS,2020,1.93495811299878,observation::IND::TX.VAL.MRCH.R2.ZS::2020,Observation
IND,TX.VAL.MRCH.CD.WT,2020,276410000000.0,observation::IND::TX.VAL.MRCH.CD.WT::2020,Observation
IND,TX.VAL.INSF.ZS.WT,2020,3.18848977088711,observation::IND::TX.VAL.INSF.ZS.WT::2020,Observation
IND,TX.VAL.AGRI.ZS.UN,2020,1.33684682253082,observation::IND::TX.VAL.AGRI.ZS.UN::2020,Observation
IND,TT.PRI.MRCH.XD.WD,2020,103.1,observation::IND::TT.PRI.MRCH.XD.WD::2020,Observation
IND,TM.VAL.OTHR.ZS.WT,2020,66.0857012970635,observation::IND::TM.VAL.OTHR.ZS.WT::2020,Observation
IND,TM.VAL.MRCH.RS.ZS,2020,0.643260797777165,observation::IND::TM.VAL.MRCH.RS.ZS::2020,Observation
IND,TM.VAL.MRCH.R3.ZS,2020,3.57349219006028,observation::IND::TM.VAL.MRCH.R3.ZS::2020,Observation
IND,TM.VAL.MRCH.HI.ZS,2020,56.7127100374247,observation::IND::TM.VAL.MRCH.HI.ZS::2020,Observation
IND,TM.VAL.MANF.ZS.UN,2020,52.8216085887867,observation::IND::TM.VAL.MANF.ZS.UN::2020,Observation
IND,TM.VAL.FOOD.ZS.UN,2020,5.48565406020561,observation::IND::TM.VAL.FOOD.ZS.UN::2020,Observation
IND,TM.TAX.TCOM.WM.AR.ZS,2020,4.7,observation::IND::TM.TAX.TCOM.WM.AR.ZS::2020,Observation
IND,TM.TAX.TCOM.BC.ZS,2020,76.92,observation::IND::TM.TAX.TCOM.BC.ZS::2020,Observation
IND,TM.TAX.MRCH.SM.AR.ZS,2020,9.42,observation::IND::TM.TAX.MRCH.SM.AR.ZS::2020,Observation
IND,TM.TAX.MANF.WM.AR.ZS,2020,6.72,observation::IND::TM.TAX.MANF.WM.AR.ZS::2020,Observation
IND,TM.TAX.MANF.BC.ZS,2020,73.62,observation::IND::TM.TAX.MANF.BC.ZS::2020,Observation
IND,ST.INT.XPND.CD,2020,15777000000.0,observation::IND::ST.INT.XPND.CD::2020,Observation
IND,ST.INT.TRNR.CD,2020,377000000.0,observation::IND::ST.INT.TRNR.CD::2020,Observation
IND,SP.URB.GROW,2020,1.89985832105548,observation::IND::SP.URB.GROW::2020,Observation
IND,SP.POP.TOTL.FE.ZS,2020,48.3697182728258,observation::IND::SP.POP.TOTL.FE.ZS::2020,Observation
IND,SP.POP.SCIE.RD.P6,2020,259.26325,observation::IND::SP.POP.SCIE.RD.P6::2020,Observation
IND,SP.POP.DPND,2020,48.725925362152,observation::IND::SP.POP.DPND::2020,Observation
IND,SP.POP.7579.MA.5Y,2020,0.933962457839017,observation::IND::SP.POP.7579.MA.5Y::2020,Observation
IND,SP.POP.65UP.TO.ZS,2020,6.41685302336898,observation::IND::SP.POP.65UP.TO.ZS::2020,Observation
IND,SP.POP.65UP.FE.ZS,2020,6.98535020065507,observation::IND::SP.POP.65UP.FE.ZS::2020,Observation
IND,SP.POP.6064.MA.5Y,2020,3.36814813229768,observation::IND::SP.POP.6064.MA.5Y::2020,Observation
IND,SP.POP.5054.MA.5Y,2020,4.82596401622376,observation::IND::SP.POP.5054.MA.5Y::2020,Observation
IND,SP.POP.4044.MA.5Y,2020,6.45352985086206,observation::IND::SP.POP.4044.MA.5Y::2020,Observation
IND,SP.POP.3034.MA.5Y,2020,8.22944654071049,observation::IND::SP.POP.3034.MA.5Y::2020,Observation
IND,SP.POP.2024.MA.5Y,2020,9.18313543313787,observation::IND::SP.POP.2024.MA.5Y::2020,Observation
IND,SP.POP.1564.MA.ZS,2020,67.4578877753423,observation::IND::SP.POP.1564.MA.ZS::2020,Observation
IND,SP.POP.1519.MA.5Y,2020,9.49353541205569,observation::IND::SP.POP.1519.MA.5Y::2020,Observation
IND,SP.POP.0509.MA.5Y,2020,8.92078133748657,observation::IND::SP.POP.0509.MA.5Y::2020,Observation
IND,SP.POP.0014.MA.ZS,2020,26.6578545574261,observation::IND::SP.POP.0014.MA.ZS::2020,Observation
IND,SP.POP.0004.MA.5Y,2020,8.52469639305705,observation::IND::SP.POP.0004.MA.5Y::2020,Observation
IND,SP.DYN.TO65.FE.ZS,2020,75.792373,observation::IND::SP.DYN.TO65.FE.ZS::2020,Observation
IND,SP.DYN.LE00.FE.IN,2020,71.938,observation::IND::SP.DYN.LE00.FE.IN::2020,Observation
IND,SP.DYN.AMRT.MA,2020,199.714,observation::IND::SP.DYN.AMRT.MA::2020,Observation
IND,SM.POP.TOTL.ZS,2020,0.4,observation::IND::SM.POP.TOTL.ZS::2020,Observation
IND,DT.NFL.WHOL.CD,2020,6057962.8944397,observation::IND::DT.NFL.WHOL.CD::2020,Observation
IND,DT.NFL.UNDP.CD,2020,2443854.09355164,observation::IND::DT.NFL.UNDP.CD::2020,Observation
IND,DT.NFL.UNCF.CD,2020,50948001.8615723,observation::IND::DT.NFL.UNCF.CD::2020,Observation
IND,DT.NFL.PROP.CD,2020,-9639000.0,observation::IND::DT.NFL.PROP.CD::2020,Observation
IND,DT.NFL.PCBK.CD,2020,-973789000.0,observation::IND::DT.NFL.PCBK.CD::2020,Observation
IND,DT.NFL.MOTH.CD,2020,99893812.5,observation::IND::DT.NFL.MOTH.CD::2020,Observation
IND,DT.NFL.BOND.CD,2020,-2457951000.0,observation::IND::DT.NFL.BOND.CD::2020,Observation
IND,VC.IHR.PSRC.MA.P5,2020,3.38734203020531,observation::IND::VC.IHR.PSRC.MA.P5::2020,Observation
IND,VC.BTL.DETH,2020,584.0,observation::IND::VC.BTL.DETH::2020,Observation
IND,TX.VAL.TECH.CD,2020,21583797567.0,observation::IND::TX.VAL.TECH.CD::2020,Observation
IND,TX.VAL.MRCH.WR.ZS,2020,6.86600949709709,observation::IND::TX.VAL.MRCH.WR.ZS::2020,Observation
IND,TX.VAL.MRCH.R5.ZS,2020,6.86600949709709,observation::IND::TX.VAL.MRCH.R5.ZS::2020,Observation
IND,TX.VAL.MRCH.R1.ZS,2020,14.6554784007824,observation::IND::TX.VAL.MRCH.R1.ZS::2020,Observation
IND,TX.VAL.MRCH.AL.ZS,2020,13.8335711026832,observation::IND::TX.VAL.MRCH.AL.ZS::2020,Observation
IND,TX.VAL.ICTG.ZS.UN,2020,2.05,observation::IND::TX.VAL.ICTG.ZS.UN::2020,Observation
IND,TX.UVI.MRCH.XD.WD,2020,97.6,observation::IND::TX.UVI.MRCH.XD.WD::2020,Observation
IND,TM.VAL.TRVL.ZS.WT,2020,10.9366603979227,observation::IND::TM.VAL.TRVL.ZS.WT::2020,Observation
IND,TM.VAL.MRCH.XD.WD,2020,94.7,observation::IND::TM.VAL.MRCH.XD.WD::2020,Observation
IND,TM.VAL.MRCH.R6.ZS,2020,6.40444424819136,observation::IND::TM.VAL.MRCH.R6.ZS::2020,Observation
IND,TM.VAL.MRCH.R2.ZS,2020,1.48128033663115,observation::IND::TM.VAL.MRCH.R2.ZS::2020,Observation
IND,TM.VAL.MRCH.CD.WT,2020,373202000000.0,observation::IND::TM.VAL.MRCH.CD.WT::2020,Observation
IND,TM.VAL.INSF.ZS.WT,2020,5.68369897480535,observation::IND::TM.VAL.INSF.ZS.WT::2020,Observation
IND,TM.VAL.AGRI.ZS.UN,2020,1.63099942106726,observation::IND::TM.VAL.AGRI.ZS.UN::2020,Observation
IND,TM.TAX.TCOM.SM.FN.ZS,2020,24.81,observation::IND::TM.TAX.TCOM.SM.FN.ZS::2020,Observation
IND,TM.TAX.MRCH.WM.FN.ZS,2020,7.65,observation::IND::TM.TAX.MRCH.WM.FN.ZS::2020,Observation
IND,TM.TAX.MRCH.BR.ZS,2020,51.96,observation::IND::TM.TAX.MRCH.BR.ZS::2020,Observation
IND,TM.TAX.MANF.SM.FN.ZS,2020,10.8,observation::IND::TM.TAX.MANF.SM.FN.ZS::2020,Observation
IND,TM.QTY.MRCH.XD.WD,2020,100.1,observation::IND::TM.QTY.MRCH.XD.WD::2020,Observation
IND,ST.INT.TVLX.CD,2020,12574000000.0,observation::IND::ST.INT.TVLX.CD::2020,Observation
IND,ST.INT.RCPT.XP.ZS,2020,2.76733222848623,observation::IND::ST.INT.RCPT.XP.ZS::2020,Observation
IND,SP.RUR.TOTL.ZS,2020,65.8713273911667,observation::IND::SP.RUR.TOTL.ZS::2020,Observation
IND,SP.POP.TOTL.FE.IN,2020,678442228.0,observation::IND::SP.POP.TOTL.FE.IN::2020,Observation
IND,SP.POP.GROW,2020,0.973438646910149,observation::IND::SP.POP.GROW::2020,Observation
IND,SP.POP.BRTH.MF,2020,1.079,observation::IND::SP.POP.BRTH.MF::2020,Observation
IND,SP.POP.7579.FE.5Y,2020,1.17994682163265,observation::IND::SP.POP.7579.FE.5Y::2020,Observation
IND,SP.POP.65UP.TO,2020,90003916.0,observation::IND::SP.POP.65UP.TO::2020,Observation
IND,SP.POP.65UP.FE.IN,2020,47391566.0,observation::IND::SP.POP.65UP.FE.IN::2020,Observation
IND,SP.POP.6064.FE.5Y,2020,3.57484160285409,observation::IND::SP.POP.6064.FE.5Y::2020,Observation
IND,SP.POP.5054.FE.5Y,2020,4.97142698860088,observation::IND::SP.POP.5054.FE.5Y::2020,Observation
IND,SP.POP.4044.FE.5Y,2020,6.43210324050768,observation::IND::SP.POP.4044.FE.5Y::2020,Observation
IND,SP.POP.3034.FE.5Y,2020,8.09734200986185,observation::IND::SP.POP.3034.FE.5Y::2020,Observation
IND,SP.POP.2024.FE.5Y,2020,8.87970796304834,observation::IND::SP.POP.2024.FE.5Y::2020,Observation
IND,SP.POP.1564.MA.IN,2020,488513474.0,observation::IND::SP.POP.1564.MA.IN::2020,Observation
IND,SP.POP.1519.FE.5Y,2020,9.19693578477911,observation::IND::SP.POP.1519.FE.5Y::2020,Observation
IND,SP.POP.0509.FE.5Y,2020,8.69095659291049,observation::IND::SP.POP.0509.FE.5Y::2020,Observation
IND,SP.POP.0014.MA.IN,2020,193049643.0,observation::IND::SP.POP.0014.MA.IN::2020,Observation
IND,SP.POP.0004.FE.5Y,2020,8.37902914880103,observation::IND::SP.POP.0004.FE.5Y::2020,Observation
IND,SP.DYN.TFRT.IN,2020,2.047,observation::IND::SP.DYN.TFRT.IN::2020,Observation
IND,SP.DYN.IMRT.MA.IN,2020,28.4,observation::IND::SP.DYN.IMRT.MA.IN::2020,Observation
IND,SP.DYN.AMRT.FE,2020,139.425,observation::IND::SP.DYN.AMRT.FE::2020,Observation
IND,SM.POP.TOTL,2020,4929816.0,observation::IND::SM.POP.TOTL::2020,Observation
IND,SM.POP.RHCR.EA,2020,195373.0,observation::IND::SM.POP.RHCR.EA::2020,Observation
IND,SM.POP.IDPC,2020,473000.0,observation::IND::SM.POP.IDPC::2020,Observation
IND,SL.UEM.TOTL.NE.ZS,2020,7.859,observation::IND::SL.UEM.TOTL.NE.ZS::2020,Observation
IND,DT.NFL.WFPG.CD,2020,61650.9988903999,observation::IND::DT.NFL.WFPG.CD::2020,Observation
IND,DT.NFL.UNFP.CD,2020,6812719.82192993,observation::IND::DT.NFL.UNFP.CD::2020,Observation
IND,DT.NFL.RDBN.CD,2020,2046499000.0,observation::IND::DT.NFL.RDBN.CD::2020,Observation
IND,DT.NFL.PNGC.CD,2020,-1442852000.0,observation::IND::DT.NFL.PNGC.CD::2020,Observation
IND,DT.NFL.PBND.CD,2020,-10083043000.0,observation::IND::DT.NFL.PBND.CD::2020,Observation
IND,DT.NFL.MLAT.CD,2020,7036041000.0,observation::IND::DT.NFL.MLAT.CD::2020,Observation
IND,DT.NFL.IMFC.CD,2020,0.0,observation::IND::DT.NFL.IMFC.CD::2020,Observation
IND,DT.NFL.FAOG.CD,2020,319635.003805161,observation::IND::DT.NFL.FAOG.CD::2020,Observation
IND,DT.NFL.BLAT.CD,2020,2102607983.0,observation::IND::DT.NFL.BLAT.CD::2020,Observation
IND,DT.DOD.MWBG.CD,2020,39576852000.0,observation::IND::DT.DOD.MWBG.CD::2020,Observation
IND,DT.DOD.DSTC.XP.ZS,2020,20.4090885829504,observation::IND::DT.DOD.DSTC.XP.ZS::2020,Observation
IND,DT.DOD.DPNG.CD,2020,262911384000.0,observation::IND::DT.DOD.DPNG.CD::2020,Observation
IND,DT.DOD.DECT.CD,2020,564979321177.1,observation::IND::DT.DOD.DECT.CD::2020,Observation
IND,VC.IDP.NWDS,2020,3856000.0,observation::IND::VC.IDP.NWDS::2020,Observation
IND,TX.VAL.TRAN.ZS.WT,2020,10.2675447134883,observation::IND::TX.VAL.TRAN.ZS.WT::2020,Observation
IND,TX.VAL.OTHR.ZS.WT,2020,80.1061554239422,observation::IND::TX.VAL.OTHR.ZS.WT::2020,Observation
IND,TX.VAL.MRCH.RS.ZS,2020,0.276709132757097,observation::IND::TX.VAL.MRCH.RS.ZS::2020,Observation
IND,TX.VAL.MRCH.R3.ZS,2020,3.82365322934786,observation::IND::TX.VAL.MRCH.R3.ZS::2020,Observation
IND,TX.VAL.MRCH.HI.ZS,2020,61.0482774348855,observation::IND::TX.VAL.MRCH.HI.ZS::2020,Observation
IND,TX.VAL.MANF.ZS.UN,2020,71.0145843098347,observation::IND::TX.VAL.MANF.ZS.UN::2020,Observation
IND,TX.VAL.FOOD.ZS.UN,2020,12.7734149844114,observation::IND::TX.VAL.FOOD.ZS.UN::2020,Observation
IND,TX.MNF.TECH.ZS.UN,2020,40.0356029492172,observation::IND::TX.MNF.TECH.ZS.UN::2020,Observation
IND,TM.VAL.SERV.CD.WT,2020,114973168616.37,observation::IND::TM.VAL.SERV.CD.WT::2020,Observation
IND,TM.VAL.MRCH.WL.CD,2020,367957072960.0,observation::IND::TM.VAL.MRCH.WL.CD::2020,Observation
IND,TM.VAL.MRCH.R4.ZS,2020,5.86563934927982,observation::IND::TM.VAL.MRCH.R4.ZS::2020,Observation
IND,TM.VAL.MRCH.OR.ZS,2020,41.8097030627602,observation::IND::TM.VAL.MRCH.OR.ZS::2020,Observation
IND,TM.VAL.MMTL.ZS.UN,2020,5.23393390284718,observation::IND::TM.VAL.MMTL.ZS.UN::2020,Observation
IND,TM.VAL.FUEL.ZS.UN,2020,28.3590915050748,observation::IND::TM.VAL.FUEL.ZS.UN::2020,Observation
IND,TM.TAX.TCOM.WM.FN.ZS,2020,5.85,observation::IND::TM.TAX.TCOM.WM.FN.ZS::2020,Observation
IND,TM.TAX.TCOM.BR.ZS,2020,93.29,observation::IND::TM.TAX.TCOM.BR.ZS::2020,Observation
IND,TM.TAX.MRCH.SM.FN.ZS,2020,14.62,observation::IND::TM.TAX.MRCH.SM.FN.ZS::2020,Observation
IND,TM.TAX.MANF.WM.FN.ZS,2020,8.46,observation::IND::TM.TAX.MANF.WM.FN.ZS::2020,Observation
IND,TM.TAX.MANF.BR.ZS,2020,35.26,observation::IND::TM.TAX.MANF.BR.ZS::2020,Observation
IND,ST.INT.XPND.MP.ZS,2020,3.19998995400312,observation::IND::ST.INT.XPND.MP.ZS::2020,Observation
IND,ST.INT.TRNX.CD,2020,3203000000.0,observation::IND::ST.INT.TRNX.CD::2020,Observation
IND,SP.URB.TOTL,2020,478694801.0,observation::IND::SP.URB.TOTL::2020,Observation
IND,SP.RUR.TOTL,2020,923922894.0,observation::IND::SP.RUR.TOTL::2020,Observation
IND,SP.POP.TOTL.MA.IN,2020,724175467.0,observation::IND::SP.POP.TOTL.MA.IN::2020,Observation
IND,SP.POP.DPND.OL,2020,9.54352404153678,observation::IND::SP.POP.DPND.OL::2020,Observation
IND,SP.POP.80UP.FE.5Y,2020,1.1842193298618,observation::IND::SP.POP.80UP.FE.5Y::2020,Observation
IND,SP.POP.7074.FE.5Y,2020,1.83596089616931,observation::IND::SP.POP.7074.FE.5Y::2020,Observation
IND,SP.POP.65UP.MA.IN,2020,42612350.0,observation::IND::SP.POP.65UP.MA.IN::2020,Observation
IND,SP.POP.6569.FE.5Y,2020,2.78522315299131,observation::IND::SP.POP.6569.FE.5Y::2020,Observation
IND,SP.POP.5559.FE.5Y,2020,4.28931548191404,observation::IND::SP.POP.5559.FE.5Y::2020,Observation
IND,SP.POP.4549.FE.5Y,2020,5.7039822156412,observation::IND::SP.POP.4549.FE.5Y::2020,Observation
IND,SP.POP.3539.FE.5Y,2020,7.33172118181574,observation::IND::SP.POP.3539.FE.5Y::2020,Observation
IND,SP.POP.2529.FE.5Y,2020,8.52544382638682,observation::IND::SP.POP.2529.FE.5Y::2020,Observation
IND,SP.POP.1564.TO,2020,943088901.0,observation::IND::SP.POP.1564.TO::2020,Observation
IND,SP.POP.1564.FE.IN,2020,454575427.0,observation::IND::SP.POP.1564.FE.IN::2020,Observation
IND,SP.POP.1014.FE.5Y,2020,8.94184376222366,observation::IND::SP.POP.1014.FE.5Y::2020,Observation
IND,SP.POP.0014.TO,2020,369524878.0,observation::IND::SP.POP.0014.TO::2020,Observation
IND,SP.POP.0014.FE.IN,2020,176475236.0,observation::IND::SP.POP.0014.FE.IN::2020,Observation
IND,SP.DYN.TO65.MA.ZS,2020,68.092816,observation::IND::SP.DYN.TO65.MA.ZS::2020,Observation
IND,SP.DYN.LE00.IN,2020,70.156,observation::IND::SP.DYN.LE00.IN::2020,Observation
IND,SP.DYN.IMRT.FE.IN,2020,28.3,observation::IND::SP.DYN.IMRT.FE.IN::2020,Observation
IND,SP.DYN.CBRT.IN,2020,16.744,observation::IND::SP.DYN.CBRT.IN::2020,Observation
IND,SN.ITK.VITA.ZS,2020,54.0,observation::IND::SN.ITK.VITA.ZS::2020,Observation
IND,SN.ITK.DEFC.ZS,2020,13.4,observation::IND::SN.ITK.DEFC.ZS::2020,Observation
IND,DT.NFL.UNIDO.CD,2020,4459.00019258261,observation::IND::DT.NFL.UNIDO.CD::2020,Observation
IND,DT.NFL.UNCR.CD,2020,4328025.81787109,observation::IND::DT.NFL.UNCR.CD::2020,Observation
IND,DT.NFL.PRVT.CD,2020,-11066470000.0,observation::IND::DT.NFL.PRVT.CD::2020,Observation
IND,DT.NFL.PCBO.CD,2020,-2426280000.0,observation::IND::DT.NFL.PCBO.CD::2020,Observation
IND,DT.NFL.NIFC.CD,2020,-97432829.0,observation::IND::DT.NFL.NIFC.CD::2020,Observation
IND,DT.NFL.MIBR.CD,2020,2631740000.0,observation::IND::DT.NFL.MIBR.CD::2020,Observation
IND,VC.IHR.PSRC.FE.P5,2020,2.45278069752815,observation::IND::VC.IHR.PSRC.FE.P5::2020,Observation
IND,TX.VAL.TRVL.ZS.WT,2020,6.43781009168238,observation::IND::TX.VAL.TRVL.ZS.WT::2020,Observation
IND,TX.VAL.SERV.CD.WT,2020,202492396705.062,observation::IND::TX.VAL.SERV.CD.WT::2020,Observation
IND,TX.VAL.MRCH.WL.CD,2020,275082219519.0,observation::IND::TX.VAL.MRCH.WL.CD::2020,Observation
IND,TX.VAL.MRCH.R4.ZS,2020,3.39392133498296,observation::IND::TX.VAL.MRCH.R4.ZS::2020,Observation
IND,TX.VAL.MRCH.OR.ZS,2020,31.8090039352603,observation::IND::TX.VAL.MRCH.OR.ZS::2020,Observation
IND,TX.VAL.MMTL.ZS.UN,2020,4.703645380644,observation::IND::TX.VAL.MMTL.ZS.UN::2020,Observation
IND,TX.VAL.FUEL.ZS.UN,2020,10.0306929080613,observation::IND::TX.VAL.FUEL.ZS.UN::2020,Observation
IND,TX.QTY.MRCH.XD.WD,2020,105.7,observation::IND::TX.QTY.MRCH.XD.WD::2020,Observation
IND,TM.VAL.TRAN.ZS.WT,2020,17.2939393302085,observation::IND::TM.VAL.TRAN.ZS.WT::2020,Observation
IND,TM.VAL.MRCH.WR.ZS,2020,0.834326102037922,observation::IND::TM.VAL.MRCH.WR.ZS::2020,Observation
IND,TM.VAL.MRCH.R5.ZS,2020,0.834326102037922,observation::IND::TM.VAL.MRCH.R5.ZS::2020,Observation
IND,TM.VAL.MRCH.R1.ZS,2020,24.4848469385976,observation::IND::TM.VAL.MRCH.R1.ZS::2020,Observation
IND,TM.VAL.MRCH.AL.ZS,2020,21.9964888691781,observation::IND::TM.VAL.MRCH.AL.ZS::2020,Observation
IND,TM.VAL.ICTG.ZS.UN,2020,10.81,observation::IND::TM.VAL.ICTG.ZS.UN::2020,Observation
IND,TM.UVI.MRCH.XD.WD,2020,94.6,observation::IND::TM.UVI.MRCH.XD.WD::2020,Observation
IND,TM.TAX.TCOM.SM.AR.ZS,2020,17.56,observation::IND::TM.TAX.TCOM.SM.AR.ZS::2020,Observation
IND,TM.TAX.MRCH.WM.AR.ZS,2020,6.19,observation::IND::TM.TAX.MRCH.WM.AR.ZS::2020,Observation
IND,TM.TAX.MRCH.BC.ZS,2020,74.39,observation::IND::TM.TAX.MRCH.BC.ZS::2020,Observation
IND,TM.TAX.MANF.SM.AR.ZS,2020,8.18,observation::IND::TM.TAX.MANF.SM.AR.ZS::2020,Observation
IND,TG.VAL.TOTL.GD.ZS,2020,24.2859082425461,observation::IND::TG.VAL.TOTL.GD.ZS::2020,Observation
IND,ST.INT.TVLR.CD,2020,13036000000.0,observation::IND::ST.INT.TVLR.CD::2020,Observation
IND,ST.INT.RCPT.CD,2020,13413000000.0,observation::IND::ST.INT.RCPT.CD::2020,Observation
IND,SP.URB.TOTL.IN.ZS,2020,34.1286726088333,observation::IND::SP.URB.TOTL.IN.ZS::2020,Observation
IND,SP.RUR.TOTL.ZG,2020,0.496804447345255,observation::IND::SP.RUR.TOTL.ZG::2020,Observation
IND,SP.POP.TOTL.MA.ZS,2020,51.6302817271742,observation::IND::SP.POP.TOTL.MA.ZS::2020,Observation
IND,SP.POP.TOTL,2020,1402617695.0,observation::IND::SP.POP.TOTL::2020,Observation
IND,SP.POP.DPND.YG,2020,39.1824013206153,observation::IND::SP.POP.DPND.YG::2020,Observation
IND,SP.POP.80UP.MA.5Y,2020,0.831621239066883,observation::IND::SP.POP.80UP.MA.5Y::2020,Observation
IND,SP.POP.7074.MA.5Y,2020,1.57588526597258,observation::IND::SP.POP.7074.MA.5Y::2020,Observation
IND,SP.POP.65UP.MA.ZS,2020,5.88425766723156,observation::IND::SP.POP.65UP.MA.ZS::2020,Observation
IND,SP.POP.6569.MA.5Y,2020,2.54278870435307,observation::IND::SP.POP.6569.MA.5Y::2020,Observation
IND,SP.POP.5559.MA.5Y,2020,4.12083511782258,observation::IND::SP.POP.5559.MA.5Y::2020,Observation
IND,SP.POP.4549.MA.5Y,2020,5.61695663515628,observation::IND::SP.POP.4549.MA.5Y::2020,Observation
IND,SP.POP.3539.MA.5Y,2020,7.44115485557984,observation::IND::SP.POP.3539.MA.5Y::2020,Observation
IND,SP.POP.2529.MA.5Y,2020,8.72518178149608,observation::IND::SP.POP.2529.MA.5Y::2020,Observation
IND,SP.POP.1564.TO.ZS,2020,67.2377729174314,observation::IND::SP.POP.1564.TO.ZS::2020,Observation
IND,SP.POP.1564.FE.ZS,2020,67.0028202954097,observation::IND::SP.POP.1564.FE.ZS::2020,Observation
IND,SP.POP.1014.MA.5Y,2020,9.21237682688252,observation::IND::SP.POP.1014.MA.5Y::2020,Observation
IND,SP.POP.0014.TO.ZS,2020,26.3453740591996,observation::IND::SP.POP.0014.TO.ZS::2020,Observation
IND,SP.POP.0014.FE.ZS,2020,26.0118295039352,observation::IND::SP.POP.0014.FE.ZS::2020,Observation
IND,SP.DYN.LE00.MA.IN,2020,68.529,observation::IND::SP.DYN.LE00.MA.IN::2020,Observation
IND,SP.DYN.IMRT.IN,2020,28.3,observation::IND::SP.DYN.IMRT.IN::2020,Observation
IND,SP.DYN.CDRT.IN,2020,7.214,observation::IND::SP.DYN.CDRT.IN::2020,Observation
IND,SP.ADO.TFRT,2020,14.423,observation::IND::SP.ADO.TFRT::2020,Observation
IND,SM.POP.FDIP,2020,679590.0,observation::IND::SM.POP.FDIP::2020,Observation
IND,DT.ODA.ALLD.CD,2020,1795723022.46094,observation::IND::DT.ODA.ALLD.CD::2020,Observation
IND,DT.NFL.PNGB.CD,2020,7625092000.0,observation::IND::DT.NFL.PNGB.CD::2020,Observation
IND,DT.NFL.OFFT.CD,2020,9138649158.0,observation::IND::DT.NFL.OFFT.CD::2020,Observation
IND,DT.NFL.MIDA.CD,2020,-646948000.0,observation::IND::DT.NFL.MIDA.CD::2020,Observation
IND,DT.NFL.ILOG.CD,2020,3079881.9065094,observation::IND::DT.NFL.ILOG.CD::2020,Observation
IND,DT.NFL.DPNG.CD,2020,6182240000.0,observation::IND::DT.NFL.DPNG.CD::2020,Observation
IND,IP.PAT.NRES,2020,33630.0,observation::IND::IP.PAT.NRES::2020,Observation
IND,IC.BUS.NDNS.ZS,2020,0.151291338966652,observation::IND::IC.BUS.NDNS.ZS::2020,Observation
IND,HD_HCIP_OVRL_TO,2020,149.44718855783,observation::IND::HD_HCIP_OVRL_TO::2020,Observation
IND,HD_HCIP_OTJL_MA,2020,39.5140972616956,observation::IND::HD_HCIP_OTJL_MA::2020,Observation
IND,HD_HCIP_HLTH_FE,2020,39.3682939767838,observation::IND::HD_HCIP_HLTH_FE::2020,Observation
IND,GF.XPD.BUDG.ZS,2020,96.4104,observation::IND::GF.XPD.BUDG.ZS::2020,Observation
IND,FR.INR.RINR,2020,4.13599957786408,observation::IND::FR.INR.RINR::2020,Observation
IND,FP.WPI.TOTL,2020,135.815937095705,observation::IND::FP.WPI.TOTL::2020,Observation
IND,FM.LBL.BMNY.IR.ZS,2020,3.97341943551616,observation::IND::FM.LBL.BMNY.IR.ZS::2020,Observation
IND,FM.AST.PRVT.GD.ZS,2020,40.7867848551821,observation::IND::FM.AST.PRVT.GD.ZS::2020,Observation
IND,IP.TMK.RSCT,2020,382294.0,observation::IND::IP.TMK.RSCT::2020,Observation
IND,IP.JRN.ARTC.SC,2020,148409.55,observation::IND::IP.JRN.ARTC.SC::2020,Observation
IND,IE.PPN.TRAN.CD,2020,2050710000.0,observation::IND::IE.PPN.TRAN.CD::2020,Observation
IND,IE.PPI.TRAN.CD,2020,2050710000.0,observation::IND::IE.PPI.TRAN.CD::2020,Observation
IND,HD_HCIP_OVRL_MA,2020,174.049080067425,observation::IND::HD_HCIP_OVRL_MA::2020,Observation
IND,HD_HCIP_OTJL_FE,2020,-8.49803336912041,observation::IND::HD_HCIP_OTJL_FE::2020,Observation
IND,HD_HCIP_EDUC_TO,2020,95.6367334724426,observation::IND::HD_HCIP_EDUC_TO::2020,Observation
IND,GB.XPD.RSDV.GD.ZS,2020,0.64558,observation::IND::GB.XPD.RSDV.GD.ZS::2020,Observation
IND,FP.CPI.TOTL.ZG,2020,6.62343677628535,observation::IND::FP.CPI.TOTL.ZG::2020,Observation
IND,FM.LBL.BMNY.GD.ZS,2020,87.6766726830318,observation::IND::FM.LBL.BMNY.GD.ZS::2020,Observation
IND,FM.AST.NFRG.CN,2020,45989645442351.6,observation::IND::FM.AST.NFRG.CN::2020,Observation
IND,IP.PAT.RESD,2020,23141.0,observation::IND::IP.PAT.RESD::2020,Observation
IND,IP.IDS.NRCT,2020,3831.0,observation::IND::IP.IDS.NRCT::2020,Observation
IND,IE.PPN.ENGY.CD,2020,3303310000.0,observation::IND::IE.PPN.ENGY.CD::2020,Observation
IND,IE.PPI.ENGY.CD,2020,3303310000.0,observation::IND::IE.PPI.ENGY.CD::2020,Observation
IND,IC.BUS.NREG,2020,142000.0,observation::IND::IC.BUS.NREG::2020,Observation
IND,HD_HCIP_OTJL_TO,2020,15.4493895987182,observation::IND::HD_HCIP_OTJL_TO::2020,Observation
IND,HD_HCIP_HLTH_MA,2020,37.4300829148293,observation::IND::HD_HCIP_HLTH_MA::2020,Observation
IND,HD_HCIP_EDUC_FE,2020,94.2973064125061,observation::IND::HD_HCIP_EDUC_FE::2020,Observation
IND,FS.AST.PRVT.GD.ZS,2020,40.7867848551821,observation::IND::FS.AST.PRVT.GD.ZS::2020,Observation
IND,IP.TMK.NRCT,2020,42254.0,observation::IND::IP.TMK.NRCT::2020,Observation
IND,IP.IDS.RSCT,2020,8962.0,observation::IND::IP.IDS.RSCT::2020,Observation
IND,HD_HCIP_OVRL_FE,2020,125.167567020169,observation::IND::HD_HCIP_OVRL_FE::2020,Observation
IND,HD_HCIP_HLTH_TO,2020,38.3610654866695,observation::IND::HD_HCIP_HLTH_TO::2020,Observation
IND,HD_HCIP_EDUC_MA,2020,97.1048998908997,observation::IND::HD_HCIP_EDUC_MA::2020,Observation
IND,FS.AST.CGOV.GD.ZS,2020,22.8518153842452,observation::IND::FS.AST.CGOV.GD.ZS::2020,Observation
IND,FM.AST.CGOV.ZG.M3,2020,2.88711718459805,observation::IND::FM.AST.CGOV.ZG.M3::2020,Observation
IND,FI.RES.TOTL.CD,2020,590227359928.896,observation::IND::FI.RES.TOTL.CD::2020,Observation
IND,FB.AST.NPER.ZS,2020,7.93883072465331,observation::IND::FB.AST.NPER.ZS::2020,Observation
IND,ER.H2O.INTR.PC,2020,1030.92952923284,observation::IND::ER.H2O.INTR.PC::2020,Observation
IND,ER.H2O.FWST.ZS,2020,66.49209283,observation::IND::ER.H2O.FWST.ZS::2020,Observation
IND,ER.GDP.FWTL.M3.KD,2020,3.91325160940006,observation::IND::ER.GDP.FWTL.M3.KD::2020,Observation
IND,EN.URB.MCTY.TL.ZS,2020,15.6628700595425,observation::IND::EN.URB.MCTY.TL.ZS::2020,Observation
IND,EN.POP.DNST,2020,471.755150192218,observation::IND::EN.POP.DNST::2020,Observation
IND,EN.GHG.N2O.ZG.AR5,2020,101.907298764083,observation::IND::EN.GHG.N2O.ZG.AR5::2020,Observation
IND,EN.GHG.N2O.MT.CE.AR5,2020,257.1877,observation::IND::EN.GHG.N2O.MT.CE.AR5::2020,Observation
IND,EN.GHG.N2O.BU.MT.CE.AR5,2020,7.7328,observation::IND::EN.GHG.N2O.BU.MT.CE.AR5::2020,Observation
IND,EN.GHG.CO2.PI.MT.CE.AR5,2020,1083.281,observation::IND::EN.GHG.CO2.PI.MT.CE.AR5::2020,Observation
IND,EN.GHG.CO2.LU.OL.MT.CE.AR5,2020,-350.172,observation::IND::EN.GHG.CO2.LU.OL.MT.CE.AR5::2020,Observation
IND,EN.GHG.CO2.IP.MT.CE.AR5,2020,179.7303,observation::IND::EN.GHG.CO2.IP.MT.CE.AR5::2020,Observation
IND,EN.GHG.CO2.AG.MT.CE.AR5,2020,30.9691,observation::IND::EN.GHG.CO2.AG.MT.CE.AR5::2020,Observation
IND,EN.GHG.CH4.PI.MT.CE.AR5,2020,0.9464,observation::IND::EN.GHG.CH4.PI.MT.CE.AR5::2020,Observation
IND,EN.GHG.CH4.FE.MT.CE.AR5,2020,69.7884,observation::IND::EN.GHG.CH4.FE.MT.CE.AR5::2020,Observation
IND,EN.GHG.ALL.MT.CE.AR5,2020,3461.05,observation::IND::EN.GHG.ALL.MT.CE.AR5::2020,Observation
IND,EG.USE.ELEC.KH.PC,2020,901.399579163301,observation::IND::EG.USE.ELEC.KH.PC::2020,Observation
IND,EG.USE.COMM.CL.ZS,2020,4.22,observation::IND::EG.USE.COMM.CL.ZS::2020,Observation
IND,EG.FEC.RNEW.ZS,2020,36.1,observation::IND::EG.FEC.RNEW.ZS::2020,Observation
IND,EG.ELC.PETR.ZS,2020,0.305522241303353,observation::IND::EG.ELC.PETR.ZS::2020,Observation
IND,EG.ELC.HYRO.ZS,2020,10.470204911392,observation::IND::EG.ELC.HYRO.ZS::2020,Observation
IND,EG.ELC.ACCS.UR.ZS,2020,99.0,observation::IND::EG.ELC.ACCS.UR.ZS::2020,Observation
IND,EG.CFT.ACCS.UR.ZS,2020,92.3,observation::IND::EG.CFT.ACCS.UR.ZS::2020,Observation
IND,DT.TDS.DPPG.XP.ZS,2020,5.12542768632994,observation::IND::DT.TDS.DPPG.XP.ZS::2020,Observation
IND,DT.TDS.DIMF.CD,2020,17374333.6,observation::IND::DT.TDS.DIMF.CD::2020,Observation
IND,DT.ODA.ODAT.GN.ZS,2020,0.0680475973856743,observation::IND::DT.ODA.ODAT.GN.ZS::2020,Observation
IND,FI.RES.XGLD.CD,2020,549086868074.865,observation::IND::FI.RES.XGLD.CD::2020,Observation
IND,FD.RES.LIQU.AS.ZS,2020,8.69277821416461,observation::IND::FD.RES.LIQU.AS.ZS::2020,Observation
IND,FB.CBK.BRCH.P5,2020,14.5688252438353,observation::IND::FB.CBK.BRCH.P5::2020,Observation
IND,ER.PTD.TOTL.ZS,2020,3.5,observation::IND::ER.PTD.TOTL.ZS::2020,Observation
IND,ER.H2O.INTR.K3,2020,1446.0,observation::IND::ER.H2O.INTR.K3::2020,Observation
IND,ER.H2O.FWIN.ZS,2020,2.23390276,observation::IND::ER.H2O.FWIN.ZS::2020,Observation
IND,ER.FSH.PROD.MT,2020,13299483.0,observation::IND::ER.FSH.PROD.MT::2020,Observation
IND,EN.URB.MCTY,2020,219690187.0,observation::IND::EN.URB.MCTY::2020,Observation
IND,EN.GHG.N2O.WA.MT.CE.AR5,2020,17.1545,observation::IND::EN.GHG.N2O.WA.MT.CE.AR5::2020,Observation
IND,EN.GHG.N2O.IP.MT.CE.AR5,2020,14.0342,observation::IND::EN.GHG.N2O.IP.MT.CE.AR5::2020,Observation
IND,EN.GHG.N2O.AG.MT.CE.AR5,2020,190.6433,observation::IND::EN.GHG.N2O.AG.MT.CE.AR5::2020,Observation
IND,EN.GHG.CO2.TR.MT.CE.AR5,2020,268.6795,observation::IND::EN.GHG.CO2.TR.MT.CE.AR5::2020,Observation
IND,EN.GHG.CO2.PC.CE.AR5,2020,1.68040016064392,observation::IND::EN.GHG.CO2.PC.CE.AR5::2020,Observation
IND,EN.GHG.CO2.LU.MT.CE.AR5,2020,-485.471,observation::IND::EN.GHG.CO2.LU.MT.CE.AR5::2020,Observation
IND,EN.GHG.CO2.IC.MT.CE.AR5,2020,516.7032,observation::IND::EN.GHG.CO2.IC.MT.CE.AR5::2020,Observation
IND,EN.GHG.CH4.ZG.AR5,2020,27.7833446056196,observation::IND::EN.GHG.CH4.ZG.AR5::2020,Observation
IND,EN.GHG.CH4.MT.CE.AR5,2020,788.6121,observation::IND::EN.GHG.CH4.MT.CE.AR5::2020,Observation
IND,EN.GHG.CH4.BU.MT.CE.AR5,2020,37.5214,observation::IND::EN.GHG.CH4.BU.MT.CE.AR5::2020,Observation
IND,EN.GHG.ALL.LU.MT.CE.AR5,2020,2975.579,observation::IND::EN.GHG.ALL.LU.MT.CE.AR5::2020,Observation
IND,EG.USE.CRNW.ZS,2020,22.2460172813322,observation::IND::EG.USE.CRNW.ZS::2020,Observation
IND,EG.IMP.CONS.ZS,2020,37.481252772155,observation::IND::EG.IMP.CONS.ZS::2020,Observation
IND,EG.ELC.RNWX.ZS,2020,9.28554258342319,observation::IND::EG.ELC.RNWX.ZS::2020,Observation
IND,EG.ELC.NUCL.ZS,2020,2.80006741662236,observation::IND::EG.ELC.NUCL.ZS::2020,Observation
IND,EG.ELC.FOSL.ZS,2020,75.9731973374339,observation::IND::EG.ELC.FOSL.ZS::2020,Observation
IND,EG.ELC.ACCS.RU.ZS,2020,95.2,observation::IND::EG.ELC.ACCS.RU.ZS::2020,Observation
IND,EG.CFT.ACCS.RU.ZS,2020,51.0,observation::IND::EG.CFT.ACCS.RU.ZS::2020,Observation
IND,DT.TDS.DPPG.GN.ZS,2020,0.985278874862542,observation::IND::DT.TDS.DPPG.GN.ZS::2020,Observation
IND,DT.TDS.DECT.GN.ZS,2020,2.8938509435016,observation::IND::DT.TDS.DECT.GN.ZS::2020,Observation
IND,DT.ODA.ODAT.PC.ZS,2020,1.28026548421731,observation::IND::DT.ODA.ODAT.PC.ZS::2020,Observation
IND,DT.ODA.ODAT.GI.ZS,2020,0.232116264959099,observation::IND::DT.ODA.ODAT.GI.ZS::2020,Observation
IND,DT.ODA.ALLD.KD,2020,1749525878.90625,observation::IND::DT.ODA.ALLD.KD::2020,Observation
IND,FM.LBL.BMNY.ZG,2020,12.4791379043168,observation::IND::FM.LBL.BMNY.ZG::2020,Observation
IND,FM.AST.PRVT.ZG.M3,2020,2.00391703785042,observation::IND::FM.AST.PRVT.ZG.M3::2020,Observation
IND,FM.AST.DOMO.ZG.M3,2020,6.11076410909266,observation::IND::FM.AST.DOMO.ZG.M3::2020,Observation
IND,FI.RES.TOTL.DT.ZS,2020,104.468842983349,observation::IND::FI.RES.TOTL.DT.ZS::2020,Observation
IND,FB.ATM.TOTL.P5,2020,21.2304657764454,observation::IND::FB.ATM.TOTL.P5::2020,Observation
IND,ER.LND.PTLD.ZS,2020,6.0,observation::IND::ER.LND.PTLD.ZS::2020,Observation
IND,ER.H2O.FWTL.K3,2020,647.5,observation::IND::ER.H2O.FWTL.K3::2020,Observation
IND,ER.H2O.FWAG.ZS,2020,90.40735874,observation::IND::ER.H2O.FWAG.ZS::2020,Observation
IND,ER.FSH.AQUA.MT,2020,8641286.0,observation::IND::ER.FSH.AQUA.MT::2020,Observation
IND,EN.URB.LCTY,2020,30290936.0,observation::IND::EN.URB.LCTY::2020,Observation
IND,EN.GHG.TOT.ZG.AR5,2020,155.682292487748,observation::IND::EN.GHG.TOT.ZG.AR5::2020,Observation
IND,EN.GHG.N2O.PI.MT.CE.AR5,2020,17.257,observation::IND::EN.GHG.N2O.PI.MT.CE.AR5::2020,Observation
IND,EN.GHG.N2O.FE.MT.CE.AR5,2020,0.1656,observation::IND::EN.GHG.N2O.FE.MT.CE.AR5::2020,Observation
IND,EN.GHG.CO2.ZG.AR5,2020,292.381016752314,observation::IND::EN.GHG.CO2.ZG.AR5::2020,Observation
IND,EN.GHG.CO2.RT.GDP.KD,2020,0.930196032104661,observation::IND::EN.GHG.CO2.RT.GDP.KD::2020,Observation
IND,EN.GHG.CO2.LU.OS.MT.CE.AR5,2020,0.0,observation::IND::EN.GHG.CO2.LU.OS.MT.CE.AR5::2020,Observation
IND,EN.GHG.CO2.LU.DF.MT.CE.AR5,2020,9.726,observation::IND::EN.GHG.CO2.LU.DF.MT.CE.AR5::2020,Observation
IND,EN.GHG.CO2.BU.MT.CE.AR5,2020,178.1941,observation::IND::EN.GHG.CO2.BU.MT.CE.AR5::2020,Observation
IND,EN.GHG.CH4.TR.MT.CE.AR5,2020,1.6715,observation::IND::EN.GHG.CH4.TR.MT.CE.AR5::2020,Observation
IND,EN.GHG.CH4.IC.MT.CE.AR5,2020,3.5027,observation::IND::EN.GHG.CH4.IC.MT.CE.AR5::2020,Observation
IND,EN.GHG.ALL.PC.CE.AR5,2020,2.46756476289856,observation::IND::EN.GHG.ALL.PC.CE.AR5::2020,Observation
IND,EG.USE.PCAP.KG.OE,2020,632.239828540427,observation::IND::EG.USE.PCAP.KG.OE::2020,Observation
IND,EG.USE.COMM.FO.ZS,2020,0.0,observation::IND::EG.USE.COMM.FO.ZS::2020,Observation
IND,EG.GDP.PUSE.KO.PP,2020,11.0184064865722,observation::IND::EG.GDP.PUSE.KO.PP::2020,Observation
IND,EG.ELC.RNEW.ZS,2020,19.7557474948152,observation::IND::EG.ELC.RNEW.ZS::2020,Observation
IND,EG.ELC.LOSS.ZS,2020,17.7241293592232,observation::IND::EG.ELC.LOSS.ZS::2020,Observation
IND,EG.ELC.ACCS.ZS,2020,96.5,observation::IND::EG.ELC.ACCS.ZS::2020,Observation
IND,EG.CFT.ACCS.ZS,2020,66.5,observation::IND::EG.CFT.ACCS.ZS::2020,Observation
IND,DT.TDS.MLAT.CD,2020,5069158475.4,observation::IND::DT.TDS.MLAT.CD::2020,Observation
IND,DT.TDS.DPPF.XP.ZS,2020,5.12885262296047,observation::IND::DT.TDS.DPPF.XP.ZS::2020,Observation
IND,DT.TDS.DECT.CD,2020,76366469390.0,observation::IND::DT.TDS.DECT.CD::2020,Observation
IND,DT.ODA.ODAT.KD,2020,1749525878.90625,observation::IND::DT.ODA.ODAT.KD::2020,Observation
IND,FR.INR.LEND,2020,9.15,observation::IND::FR.INR.LEND::2020,Observation
IND,FP.CPI.TOTL,2020,182.988822584425,observation::IND::FP.CPI.TOTL::2020,Observation
IND,FM.LBL.BMNY.CN,2020,174074107697939.0,observation::IND::FM.LBL.BMNY.CN::2020,Observation
IND,FM.AST.DOMS.CN,2020,179882538319400.0,observation::IND::FM.AST.DOMS.CN::2020,Observation
IND,FI.RES.TOTL.MO,2020,12.9323281065786,observation::IND::FI.RES.TOTL.MO::2020,Observation
IND,FD.AST.PRVT.GD.ZS,2020,40.7867848551821,observation::IND::FD.AST.PRVT.GD.ZS::2020,Observation
IND,FB.BNK.CAPA.ZS,2020,7.81226700977292,observation::IND::FB.BNK.CAPA.ZS::2020,Observation
IND,ER.MRN.PTMR.ZS,2020,0.2,observation::IND::ER.MRN.PTMR.ZS::2020,Observation
IND,ER.H2O.FWTL.ZS,2020,44.7786998616874,observation::IND::ER.H2O.FWTL.ZS::2020,Observation
IND,ER.H2O.FWDM.ZS,2020,7.358738502,observation::IND::ER.H2O.FWDM.ZS::2020,Observation
IND,ER.FSH.CAPT.MT,2020,4658197.0,observation::IND::ER.FSH.CAPT.MT::2020,Observation
IND,EN.URB.LCTY.UR.ZS,2020,6.32781804538546,observation::IND::EN.URB.LCTY.UR.ZS::2020,Observation
IND,EN.GHG.N2O.TR.MT.CE.AR5,2020,5.5584,observation::IND::EN.GHG.N2O.TR.MT.CE.AR5::2020,Observation
IND,EN.GHG.N2O.IC.MT.CE.AR5,2020,4.6419,observation::IND::EN.GHG.N2O.IC.MT.CE.AR5::2020,Observation
IND,EN.GHG.FGAS.IP.MT.CE.AR5,2020,58.2913,observation::IND::EN.GHG.FGAS.IP.MT.CE.AR5::2020,Observation
IND,EN.GHG.CO2.RT.GDP.PP.KD,2020,0.227095505530686,observation::IND::EN.GHG.CO2.RT.GDP.PP.KD::2020,Observation
IND,EN.GHG.CO2.MT.CE.AR5,2020,2356.959,observation::IND::EN.GHG.CO2.MT.CE.AR5::2020,Observation
IND,EN.GHG.CO2.LU.FL.MT.CE.AR5,2020,-145.025,observation::IND::EN.GHG.CO2.LU.FL.MT.CE.AR5::2020,Observation
IND,EN.GHG.CO2.FE.MT.CE.AR5,2020,99.4018,observation::IND::EN.GHG.CO2.FE.MT.CE.AR5::2020,Observation
IND,EN.GHG.CH4.WA.MT.CE.AR5,2020,123.9438,observation::IND::EN.GHG.CH4.WA.MT.CE.AR5::2020,Observation
IND,EN.GHG.CH4.IP.MT.CE.AR5,2020,0.3056,observation::IND::EN.GHG.CH4.IP.MT.CE.AR5::2020,Observation
IND,EN.GHG.CH4.AG.MT.CE.AR5,2020,550.9323,observation::IND::EN.GHG.CH4.AG.MT.CE.AR5::2020,Observation
IND,EN.ATM.PM25.MC.M3,2020,48.3948115195574,observation::IND::EN.ATM.PM25.MC.M3::2020,Observation
IND,EG.USE.COMM.GD.PP.KD,2020,85.4432336069309,observation::IND::EG.USE.COMM.GD.PP.KD::2020,Observation
IND,EG.GDP.PUSE.KO.PP.KD,2020,11.7036769067092,observation::IND::EG.GDP.PUSE.KO.PP.KD::2020,Observation
IND,EG.ELC.RNWX.KH,2020,142692140000.0,observation::IND::EG.ELC.RNWX.KH::2020,Observation
IND,EG.ELC.NGAS.ZS,2020,4.30431707156769,observation::IND::EG.ELC.NGAS.ZS::2020,Observation
IND,EG.ELC.COAL.ZS,2020,71.3633580245628,observation::IND::EG.ELC.COAL.ZS::2020,Observation
IND,EG.EGY.PRIM.PP.KD,2020,4.25,observation::IND::EG.EGY.PRIM.PP.KD::2020,Observation
IND,DT.TDS.MLAT.PG.ZS,2020,19.4962076827123,observation::IND::DT.TDS.MLAT.PG.ZS::2020,Observation
IND,DT.TDS.DPPG.CD,2020,26000741056.4,observation::IND::DT.TDS.DPPG.CD::2020,Observation
IND,DT.TDS.DECT.EX.ZS,2020,15.0538331069002,observation::IND::DT.TDS.DECT.EX.ZS::2020,Observation
IND,DT.ODA.ODAT.MP.ZS,2020,0.327880419360762,observation::IND::DT.ODA.ODAT.MP.ZS::2020,Observation
IND,DT.ODA.ODAT.CD,2020,1795723022.46094,observation::IND::DT.ODA.ODAT.CD::2020,Observation
IND,SM.POP.RHCR.EO,2021,14230.0,observation::IND::SM.POP.RHCR.EO::2021,Observation
IND,SM.POP.NETM,2021,-348916.0,observation::IND::SM.POP.NETM::2021,Observation
IND,SM.POP.ASYS.EA,2021,13368.0,observation::IND::SM.POP.ASYS.EA::2021,Observation
IND,SL.UEM.TOTL.ZS,2021,6.38,observation::IND::SL.UEM.TOTL.ZS::2021,Observation
IND,SL.UEM.TOTL.FE.ZS,2021,5.394,observation::IND::SL.UEM.TOTL.FE.ZS::2021,Observation
IND,SL.UEM.NEET.MA.ZS,2021,13.722,observation::IND::SL.UEM.NEET.MA.ZS::2021,Observation
IND,SL.UEM.INTM.ZS,2021,9.571,observation::IND::SL.UEM.INTM.ZS::2021,Observation
IND,SL.UEM.BASC.MA.ZS,2021,5.382,observation::IND::SL.UEM.BASC.MA.ZS::2021,Observation
IND,SL.UEM.ADVN.FE.ZS,2021,23.395,observation::IND::SL.UEM.ADVN.FE.ZS::2021,Observation
IND,SL.UEM.1524.MA.NE.ZS,2021,20.842,observation::IND::SL.UEM.1524.MA.NE.ZS::2021,Observation
IND,SL.TLF.TOTL.FE.ZS,2021,25.6511321916829,observation::IND::SL.TLF.TOTL.FE.ZS::2021,Observation
IND,SL.TLF.INTM.ZS,2021,44.11,observation::IND::SL.TLF.INTM.ZS::2021,Observation
IND,SL.TLF.CACT.NE.ZS,2021,51.145,observation::IND::SL.TLF.CACT.NE.ZS::2021,Observation
IND,SL.TLF.CACT.FM.NE.ZS,2021,36.0053262316911,observation::IND::SL.TLF.CACT.FM.NE.ZS::2021,Observation
IND,SL.TLF.BASC.MA.ZS,2021,75.862,observation::IND::SL.TLF.BASC.MA.ZS::2021,Observation
IND,SL.TLF.ADVN.FE.ZS,2021,33.15,observation::IND::SL.TLF.ADVN.FE.ZS::2021,Observation
IND,SL.TLF.ACTI.1524.ZS,2021,28.936,observation::IND::SL.TLF.ACTI.1524.ZS::2021,Observation
IND,SL.TLF.ACTI.1524.FE.ZS,2021,13.245,observation::IND::SL.TLF.ACTI.1524.FE.ZS::2021,Observation
IND,SL.GDP.PCAP.EM.KD,2021,22095.2991355999,observation::IND::SL.GDP.PCAP.EM.KD::2021,Observation
IND,SL.EMP.WORK.MA.ZS,2021,23.8778058307709,observation::IND::SL.EMP.WORK.MA.ZS::2021,Observation
IND,SL.EMP.VULN.FE.ZS,2021,77.7184063099165,observation::IND::SL.EMP.VULN.FE.ZS::2021,Observation
IND,SL.EMP.TOTL.SP.MA.NE.ZS,2021,70.046,observation::IND::SL.EMP.TOTL.SP.MA.NE.ZS::2021,Observation
IND,SL.EMP.SELF.ZS,2021,76.6541020653197,observation::IND::SL.EMP.SELF.ZS::2021,Observation
IND,SL.EMP.MPYR.MA.ZS,2021,2.67643108374924,observation::IND::SL.EMP.MPYR.MA.ZS::2021,Observation
IND,SL.EMP.1524.SP.MA.ZS,2021,34.034,observation::IND::SL.EMP.1524.SP.MA.ZS::2021,Observation
IND,SL.AGR.EMPL.ZS,2021,44.0791868866382,observation::IND::SL.AGR.EMPL.ZS::2021,Observation
IND,SI.RMT.COST.IB.ZS,2021,2.077217,observation::IND::SI.RMT.COST.IB.ZS::2021,Observation
IND,SH_UHC_SCI_RMNCH,2021,69.0,observation::IND::SH_UHC_SCI_RMNCH::2021,Observation
IND,SH_UHC_SCI,2021,67.0,observation::IND::SH_UHC_SCI::2021,Observation
IND,SH.XPD.PVTD.CH.ZS,2021,58.58843231,observation::IND::SH.XPD.PVTD.CH.ZS::2021,Observation
IND,SH.XPD.GHED.PP.CD,2021,108.842109132846,observation::IND::SH.XPD.GHED.PP.CD::2021,Observation
IND,SH.XPD.GHED.CH.ZS,2021,40.39885712,observation::IND::SH.XPD.GHED.CH.ZS::2021,Observation
IND,SH.XPD.CHEX.PP.CD,2021,269.418794651553,observation::IND::SH.XPD.CHEX.PP.CD::2021,Observation
IND,SH.TBS.INCD,2021,196.0,observation::IND::SH.TBS.INCD::2021,Observation
IND,DT.DOD.DSTC.ZS,2021,18.7329,observation::IND::DT.DOD.DSTC.ZS::2021,Observation
IND,DT.DOD.DPPG.CD,2021,205281682146.0,observation::IND::DT.DOD.DPPG.CD::2021,Observation
IND,DT.DOD.DECT.GN.ZS,2021,19.5524130311129,observation::IND::DT.DOD.DECT.GN.ZS::2021,Observation
IND,DC.DAC.TOTL.CD,2021,3603985340.48722,observation::IND::DC.DAC.TOTL.CD::2021,Observation
IND,DC.DAC.PRTL.CD,2021,369433.999061584,observation::IND::DC.DAC.PRTL.CD::2021,Observation
IND,DC.DAC.NLDL.CD,2021,489771.991968155,observation::IND::DC.DAC.NLDL.CD::2021,Observation
IND,DC.DAC.JPNL.CD,2021,2387271728.51563,observation::IND::DC.DAC.JPNL.CD::2021,Observation
IND,DC.DAC.HUNL.CD,2021,4219161.98730469,observation::IND::DC.DAC.HUNL.CD::2021,Observation
IND,DC.DAC.FINL.CD,2021,3766127.10952759,observation::IND::DC.DAC.FINL.CD::2021,Observation
IND,DC.DAC.DEUL.CD,2021,710740722.65625,observation::IND::DC.DAC.DEUL.CD::2021,Observation
IND,SL.UEM.TOTL.FE.NE.ZS,2021,5.402,observation::IND::SL.UEM.TOTL.FE.NE.ZS::2021,Observation
IND,SL.UEM.NEET.MA.ME.ZS,2021,13.774,observation::IND::SL.UEM.NEET.MA.ME.ZS::2021,Observation
IND,SL.UEM.INTM.MA.ZS,2021,9.734,observation::IND::SL.UEM.INTM.MA.ZS::2021,Observation
IND,SL.UEM.BASC.FE.ZS,2021,2.856,observation::IND::SL.UEM.BASC.FE.ZS::2021,Observation
IND,SL.UEM.1524.ZS,2021,20.824,observation::IND::SL.UEM.1524.ZS::2021,Observation
IND,SL.UEM.1524.FE.ZS,2021,19.621,observation::IND::SL.UEM.1524.FE.ZS::2021,Observation
IND,SL.TLF.PART.ZS,2021,19.09,observation::IND::SL.TLF.PART.ZS::2021,Observation
IND,SL.TLF.INTM.MA.ZS,2021,63.268,observation::IND::SL.TLF.INTM.MA.ZS::2021,Observation
IND,SL.TLF.CACT.MA.ZS,2021,75.964,observation::IND::SL.TLF.CACT.MA.ZS::2021,Observation
IND,SL.TLF.CACT.FE.ZS,2021,27.724,observation::IND::SL.TLF.CACT.FE.ZS::2021,Observation
IND,SL.TLF.BASC.FE.ZS,2021,22.983,observation::IND::SL.TLF.BASC.FE.ZS::2021,Observation
IND,SL.TLF.ACTI.ZS,2021,55.481,observation::IND::SL.TLF.ACTI.ZS::2021,Observation
IND,SL.TLF.ACTI.1524.NE.ZS,2021,28.433,observation::IND::SL.TLF.ACTI.1524.NE.ZS::2021,Observation
IND,SL.TLF.ACTI.1524.FE.NE.ZS,2021,12.184,observation::IND::SL.TLF.ACTI.1524.FE.NE.ZS::2021,Observation
IND,SL.SRV.EMPL.ZS,2021,31.4503271149612,observation::IND::SL.SRV.EMPL.ZS::2021,Observation
IND,SL.IND.EMPL.ZS,2021,24.4704786231875,observation::IND::SL.IND.EMPL.ZS::2021,Observation
IND,SL.FAM.WORK.ZS,2021,15.4725685231621,observation::IND::SL.FAM.WORK.ZS::2021,Observation
IND,SL.EMP.WORK.FE.ZS,2021,21.8258345253416,observation::IND::SL.EMP.WORK.FE.ZS::2021,Observation
IND,SL.EMP.TOTL.SP.ZS,2021,49.171,observation::IND::SL.EMP.TOTL.SP.ZS::2021,Observation
IND,SL.EMP.TOTL.SP.FE.ZS,2021,26.229,observation::IND::SL.EMP.TOTL.SP.FE.ZS::2021,Observation
IND,SL.EMP.SELF.MA.ZS,2021,76.1221897152409,observation::IND::SL.EMP.SELF.MA.ZS::2021,Observation
IND,SL.EMP.MPYR.FE.ZS,2021,0.455762159674911,observation::IND::SL.EMP.MPYR.FE.ZS::2021,Observation
IND,SL.EMP.1524.SP.MA.NE.ZS,2021,34.34,observation::IND::SL.EMP.1524.SP.MA.NE.ZS::2021,Observation
IND,SL.AGR.EMPL.MA.ZS,2021,38.7545226972869,observation::IND::SL.AGR.EMPL.MA.ZS::2021,Observation
IND,SH_UHC_SCI_NCD,2021,52.0,observation::IND::SH_UHC_SCI_NCD::2021,Observation
IND,SH.XPD.OOPC.PP.CD,2021,121.532520347693,observation::IND::SH.XPD.OOPC.PP.CD::2021,Observation
IND,SH.XPD.GHED.PC.CD,2021,30.52121945,observation::IND::SH.XPD.GHED.PC.CD::2021,Observation
IND,SH.XPD.EHEX.PP.CD,2021,2.72843841119216,observation::IND::SH.XPD.EHEX.PP.CD::2021,Observation
IND,SH.XPD.CHEX.PC.CD,2021,75.54971313,observation::IND::SH.XPD.CHEX.PC.CD::2021,Observation
IND,DC.DAC.SWEL.CD,2021,10540937.4237061,observation::IND::DC.DAC.SWEL.CD::2021,Observation
IND,DC.DAC.POLL.CD,2021,6913815.02151489,observation::IND::DC.DAC.POLL.CD::2021,Observation
IND,DC.DAC.LUXL.CD,2021,999791.026115417,observation::IND::DC.DAC.LUXL.CD::2021,Observation
IND,DC.DAC.ITAL.CD,2021,18780878.0670166,observation::IND::DC.DAC.ITAL.CD::2021,Observation
IND,DC.DAC.ESTL.CD,2021,136391.997337341,observation::IND::DC.DAC.ESTL.CD::2021,Observation
IND,DC.DAC.CZEL.CD,2021,186739.99607563,observation::IND::DC.DAC.CZEL.CD::2021,Observation
IND,DC.DAC.BELL.CD,2021,1614133.95404816,observation::IND::DC.DAC.BELL.CD::2021,Observation
IND,CM.MKT.TRAD.GD.ZS,2021,72.607174868836,observation::IND::CM.MKT.TRAD.GD.ZS::2021,Observation
IND,CM.MKT.LCAP.CD,2021,3548018470000.0,observation::IND::CM.MKT.LCAP.CD::2021,Observation
IND,BX.TRF.PWKR.CD,2021,82977274514.7856,observation::IND::BX.TRF.PWKR.CD::2021,Observation
IND,SM.POP.ASYS.EO,2021,78360.0,observation::IND::SM.POP.ASYS.EO::2021,Observation
IND,SL.UEM.TOTL.MA.NE.ZS,2021,6.73,observation::IND::SL.UEM.TOTL.MA.NE.ZS::2021,Observation
IND,SL.UEM.NEET.ME.ZS,2021,28.006,observation::IND::SL.UEM.NEET.ME.ZS::2021,Observation
IND,SL.UEM.NEET.FE.ME.ZS,2021,43.697,observation::IND::SL.UEM.NEET.FE.ME.ZS::2021,Observation
IND,SL.UEM.BASC.ZS,2021,4.877,observation::IND::SL.UEM.BASC.ZS::2021,Observation
IND,SL.UEM.ADVN.MA.ZS,2021,13.5,observation::IND::SL.UEM.ADVN.MA.ZS::2021,Observation
IND,SL.UEM.1524.MA.ZS,2021,21.158,observation::IND::SL.UEM.1524.MA.ZS::2021,Observation
IND,SL.TLF.TOTL.IN,2021,550352877.0,observation::IND::SL.TLF.TOTL.IN::2021,Observation
IND,SL.TLF.PART.FE.ZS,2021,36.44,observation::IND::SL.TLF.PART.FE.ZS::2021,Observation
IND,SL.TLF.CACT.ZS,2021,52.522,observation::IND::SL.TLF.CACT.ZS::2021,Observation
IND,SL.TLF.CACT.FM.ZS,2021,36.496235058712,observation::IND::SL.TLF.CACT.FM.ZS::2021,Observation
IND,SL.TLF.BASC.ZS,2021,51.975,observation::IND::SL.TLF.BASC.ZS::2021,Observation
IND,SL.TLF.ADVN.MA.ZS,2021,83.573,observation::IND::SL.TLF.ADVN.MA.ZS::2021,Observation
IND,SL.TLF.ACTI.FE.ZS,2021,29.66,observation::IND::SL.TLF.ACTI.FE.ZS::2021,Observation
IND,SL.TLF.ACTI.1524.MA.NE.ZS,2021,43.382,observation::IND::SL.TLF.ACTI.1524.MA.NE.ZS::2021,Observation
IND,SL.SRV.EMPL.FE.ZS,2021,24.4222491970828,observation::IND::SL.SRV.EMPL.FE.ZS::2021,Observation
IND,SL.IND.EMPL.FE.ZS,2021,16.2819035310729,observation::IND::SL.IND.EMPL.FE.ZS::2021,Observation
IND,SL.FAM.WORK.FE.ZS,2021,34.116912868625,observation::IND::SL.FAM.WORK.FE.ZS::2021,Observation
IND,SL.EMP.WORK.ZS,2021,23.3458977405958,observation::IND::SL.EMP.WORK.ZS::2021,Observation
IND,SL.EMP.VULN.MA.ZS,2021,73.445767539468,observation::IND::SL.EMP.VULN.MA.ZS::2021,Observation
IND,SL.EMP.TOTL.SP.MA.ZS,2021,70.859,observation::IND::SL.EMP.TOTL.SP.MA.ZS::2021,Observation
IND,SL.EMP.SMGT.FE.ZS,2021,16.956,observation::IND::SL.EMP.SMGT.FE.ZS::2021,Observation
IND,SL.EMP.MPYR.ZS,2021,2.10079560290392,observation::IND::SL.EMP.MPYR.ZS::2021,Observation
IND,SL.EMP.1524.SP.NE.ZS,2021,22.552,observation::IND::SL.EMP.1524.SP.NE.ZS::2021,Observation
IND,SL.EMP.1524.SP.FE.NE.ZS,2021,9.738,observation::IND::SL.EMP.1524.SP.FE.NE.ZS::2021,Observation
IND,SI.RMT.COST.OB.ZS,2021,0.75,observation::IND::SI.RMT.COST.OB.ZS::2021,Observation
IND,SH_UHC_SCI_CAPACITY,2021,75.0,observation::IND::SH_UHC_SCI_CAPACITY::2021,Observation
IND,SH.XPD.PVTD.PC.CD,2021,44.26339243,observation::IND::SH.XPD.PVTD.PC.CD::2021,Observation
IND,SH.XPD.OOPC.CH.ZS,2021,45.10914612,observation::IND::SH.XPD.OOPC.CH.ZS::2021,Observation
IND,SH.XPD.GHED.GD.ZS,2021,1.35207272,observation::IND::SH.XPD.GHED.GD.ZS::2021,Observation
IND,DT.NFL.IFAD.CD,2021,8236000.06103516,observation::IND::DT.NFL.IFAD.CD::2021,Observation
IND,DT.DOD.MIBR.CD,2021,18581956000.0,observation::IND::DT.DOD.MIBR.CD::2021,Observation
IND,DT.DOD.DSTC.CD,2021,114643545000.0,observation::IND::DT.DOD.DSTC.CD::2021,Observation
IND,DT.DOD.DIMF.CD,2021,23160228301.7,observation::IND::DT.DOD.DIMF.CD::2021,Observation
IND,DC.DAC.USAL.CD,2021,132343399.047852,observation::IND::DC.DAC.USAL.CD::2021,Observation
IND,DC.DAC.NORL.CD,2021,10615788.4597778,observation::IND::DC.DAC.NORL.CD::2021,Observation
IND,DC.DAC.KORL.CD,2021,7511013.03100586,observation::IND::DC.DAC.KORL.CD::2021,Observation
IND,DC.DAC.IRLL.CD,2021,1548990.96488953,observation::IND::DC.DAC.IRLL.CD::2021,Observation
IND,SL.UEM.TOTL.MA.ZS,2021,6.72,observation::IND::SL.UEM.TOTL.MA.ZS::2021,Observation
IND,SL.UEM.NEET.ZS,2021,28.006,observation::IND::SL.UEM.NEET.ZS::2021,Observation
IND,SL.UEM.NEET.FE.ZS,2021,43.53,observation::IND::SL.UEM.NEET.FE.ZS::2021,Observation
IND,SL.UEM.INTM.FE.ZS,2021,8.773,observation::IND::SL.UEM.INTM.FE.ZS::2021,Observation
IND,SL.UEM.ADVN.ZS,2021,15.78,observation::IND::SL.UEM.ADVN.ZS::2021,Observation
IND,SL.UEM.1524.NE.ZS,2021,20.684,observation::IND::SL.UEM.1524.NE.ZS::2021,Observation
IND,SL.UEM.1524.FE.NE.ZS,2021,20.08,observation::IND::SL.UEM.1524.FE.NE.ZS::2021,Observation
IND,SL.TLF.PART.MA.ZS,2021,12.79,observation::IND::SL.TLF.PART.MA.ZS::2021,Observation
IND,SL.TLF.INTM.FE.ZS,2021,17.619,observation::IND::SL.TLF.INTM.FE.ZS::2021,Observation
IND,SL.TLF.CACT.MA.NE.ZS,2021,75.1,observation::IND::SL.TLF.CACT.MA.NE.ZS::2021,Observation
IND,SL.TLF.CACT.FE.NE.ZS,2021,27.04,observation::IND::SL.TLF.CACT.FE.NE.ZS::2021,Observation
IND,SL.TLF.ADVN.ZS,2021,61.889,observation::IND::SL.TLF.ADVN.ZS::2021,Observation
IND,SL.TLF.ACTI.MA.ZS,2021,79.511,observation::IND::SL.TLF.ACTI.MA.ZS::2021,Observation
IND,SL.TLF.ACTI.1524.MA.ZS,2021,43.168,observation::IND::SL.TLF.ACTI.1524.MA.ZS::2021,Observation
IND,SL.SRV.EMPL.MA.ZS,2021,33.9096207764601,observation::IND::SL.SRV.EMPL.MA.ZS::2021,Observation
IND,SL.IND.EMPL.MA.ZS,2021,27.3358544302587,observation::IND::SL.IND.EMPL.MA.ZS::2021,Observation
IND,SL.FAM.WORK.MA.ZS,2021,8.94847588521082,observation::IND::SL.FAM.WORK.MA.ZS::2021,Observation
IND,SL.EMP.VULN.ZS,2021,74.5533066565003,observation::IND::SL.EMP.VULN.ZS::2021,Observation
IND,SL.EMP.TOTL.SP.NE.ZS,2021,47.882,observation::IND::SL.EMP.TOTL.SP.NE.ZS::2021,Observation
IND,SL.EMP.TOTL.SP.FE.NE.ZS,2021,25.579,observation::IND::SL.EMP.TOTL.SP.FE.NE.ZS::2021,Observation
IND,SL.EMP.SELF.FE.ZS,2021,78.1741684695914,observation::IND::SL.EMP.SELF.FE.ZS::2021,Observation
IND,SL.EMP.1524.SP.ZS,2021,22.911,observation::IND::SL.EMP.1524.SP.ZS::2021,Observation
IND,SL.EMP.1524.SP.FE.ZS,2021,10.646,observation::IND::SL.EMP.1524.SP.FE.ZS::2021,Observation
IND,SL.AGR.EMPL.FE.ZS,2021,59.2958420307118,observation::IND::SL.AGR.EMPL.FE.ZS::2021,Observation
IND,SH_UHC_SCI_ID,2021,75.0,observation::IND::SH_UHC_SCI_ID::2021,Observation
IND,SH.XPD.PVTD.PP.CD,2021,157.848247107515,observation::IND::SH.XPD.PVTD.PP.CD::2021,Observation
IND,SH.XPD.OOPC.PC.CD,2021,34.07983135,observation::IND::SH.XPD.OOPC.PC.CD::2021,Observation
IND,SH.XPD.GHED.GE.ZS,2021,4.45562935,observation::IND::SH.XPD.GHED.GE.ZS::2021,Observation
IND,SH.XPD.EHEX.PC.CD,2021,0.76510156,observation::IND::SH.XPD.EHEX.PC.CD::2021,Observation
IND,SH.XPD.CHEX.GD.ZS,2021,3.34680939,observation::IND::SH.XPD.CHEX.GD.ZS::2021,Observation
IND,SH.TBS.CURE.ZS,2021,87.0,observation::IND::SH.TBS.CURE.ZS::2021,Observation
IND,DT.DOD.MIDA.CD,2021,21159628000.0,observation::IND::DT.DOD.MIDA.CD::2021,Observation
IND,DT.DOD.DSTC.IR.ZS,2021,17.9555642677056,observation::IND::DT.DOD.DSTC.IR.ZS::2021,Observation
IND,DT.DOD.DLXF.CD,2021,474183401146.0,observation::IND::DT.DOD.DLXF.CD::2021,Observation
IND,DC.DAC.SVNL.CD,2021,102649.003267288,observation::IND::DC.DAC.SVNL.CD::2021,Observation
IND,DC.DAC.NZLL.CD,2021,940204.977989197,observation::IND::DC.DAC.NZLL.CD::2021,Observation
IND,DC.DAC.LTUL.CD,2021,176590.994000435,observation::IND::DC.DAC.LTUL.CD::2021,Observation
IND,DC.DAC.ISLL.CD,2021,82960.0021243095,observation::IND::DC.DAC.ISLL.CD::2021,Observation
IND,DC.DAC.GBRL.CD,2021,124730545.043945,observation::IND::DC.DAC.GBRL.CD::2021,Observation
IND,DC.DAC.ESPL.CD,2021,7634490.01312256,observation::IND::DC.DAC.ESPL.CD::2021,Observation
IND,DC.DAC.CHEL.CD,2021,13121657.371521,observation::IND::DC.DAC.CHEL.CD::2021,Observation
IND,SH.STA.SUIC.MA.P5,2021,13.8,observation::IND::SH.STA.SUIC.MA.P5::2021,Observation
IND,SH.STA.STNT.ME.MA.ZS,2021,34.3,observation::IND::SH.STA.STNT.ME.MA.ZS::2021,Observation
IND,SH.STA.SMSS.ZS,2021,56.376874632274,observation::IND::SH.STA.SMSS.ZS::2021,Observation
IND,SH.STA.POIS.P5.FE,2021,0.074,observation::IND::SH.STA.POIS.P5.FE::2021,Observation
IND,SH.STA.OWGH.ME.MA.ZS,2021,3.1,observation::IND::SH.STA.OWGH.ME.MA.ZS::2021,Observation
IND,SH.STA.ORTH,2021,60.6,observation::IND::SH.STA.ORTH::2021,Observation
IND,SH.STA.ODFC.RU.ZS,2021,20.7834898815987,observation::IND::SH.STA.ODFC.RU.ZS::2021,Observation
IND,SH.STA.HYGN.RU.ZS,2021,76.774901585075,observation::IND::SH.STA.HYGN.RU.ZS::2021,Observation
IND,SH.STA.BRTC.ZS,2021,89.4,observation::IND::SH.STA.BRTC.ZS::2021,Observation
IND,SH.STA.BASS.RU.ZS,2021,70.9159272623599,observation::IND::SH.STA.BASS.RU.ZS::2021,Observation
IND,SH.SGR.CRSK.ZS,2021,22.8,observation::IND::SH.SGR.CRSK.ZS::2021,Observation
IND,SH.PRG.ANEM,2021,46.6,observation::IND::SH.PRG.ANEM::2021,Observation
IND,SH.MLR.TRET.ZS,2021,25.2,observation::IND::SH.MLR.TRET.ZS::2021,Observation
IND,SH.IMM.MEAS,2021,89.0,observation::IND::SH.IMM.MEAS::2021,Observation
IND,SH.H2O.SMDW.UR.ZS,2021,80.9749085430635,observation::IND::SH.H2O.SMDW.UR.ZS::2021,Observation
IND,SH.H2O.BASW.RU.ZS,2021,92.3195657114388,observation::IND::SH.H2O.BASW.RU.ZS::2021,Observation
IND,SH.DYN.NCOM.MA.ZS,2021,24.1,observation::IND::SH.DYN.NCOM.MA.ZS::2021,Observation
IND,SH.DYN.MORT,2021,31.2,observation::IND::SH.DYN.MORT::2021,Observation
IND,SH.DYN.1519,2021,3.8,observation::IND::SH.DYN.1519::2021,Observation
IND,SH.DTH.NMRT,2021,455422.0,observation::IND::SH.DTH.NMRT::2021,Observation
IND,SH.DTH.IMRT,2021,627983.0,observation::IND::SH.DTH.IMRT::2021,Observation
IND,SH.DTH.1014,2021,61919.0,observation::IND::SH.DTH.1014::2021,Observation
IND,SH.ANM.NPRG.ZS,2021,52.9,observation::IND::SH.ANM.NPRG.ZS::2021,Observation
IND,SG.VAW.NEGL.ZS,2021,35.9,observation::IND::SG.VAW.NEGL.ZS::2021,Observation
IND,SG.DMK.SRCR.FN.ZS,2021,65.6,observation::IND::SG.DMK.SRCR.FN.ZS::2021,Observation
IND,SE.TER.ENRR.FE,2021,32.3862536999882,observation::IND::SE.TER.ENRR.FE::2021,Observation
IND,SE.TER.CUAT.ST.MA.ZS,2021,14.9111667976283,observation::IND::SE.TER.CUAT.ST.MA.ZS::2021,Observation
IND,SE.SEC.UNER.LO.MA.ZS,2021,10.8312169176459,observation::IND::SE.SEC.UNER.LO.MA.ZS::2021,Observation
IND,SE.SEC.TCHR,2021,6632380.0,observation::IND::SE.SEC.TCHR::2021,Observation
IND,DC.DAC.CANL.CD,2021,12956855.7739258,observation::IND::DC.DAC.CANL.CD::2021,Observation
IND,CM.MKT.TRNR,2021,64.815495,observation::IND::CM.MKT.TRNR::2021,Observation
IND,CM.MKT.LCAP.GD.ZS,2021,112.02132346833,observation::IND::CM.MKT.LCAP.GD.ZS::2021,Observation
IND,BX.TRF.PWKR.CD.DT,2021,89375152217.5657,observation::IND::BX.TRF.PWKR.CD.DT::2021,Observation
IND,BX.KLT.DINV.WD.GD.ZS,2021,1.41217101040888,observation::IND::BX.KLT.DINV.WD.GD.ZS::2021,Observation
IND,BX.GSR.TOTL.CD,2021,666791748668.23,observation::IND::BX.GSR.TOTL.CD::2021,Observation
IND,BX.GSR.INSF.ZS,2021,3.39699223006915,observation::IND::BX.GSR.INSF.ZS::2021,Observation
IND,BX.GSR.CCIS.ZS,2021,49.6661074598785,observation::IND::BX.GSR.CCIS.ZS::2021,Observation
IND,BN.TRF.KOGT.CD,2021,-307606463.21172,observation::IND::BN.TRF.KOGT.CD::2021,Observation
IND,BN.KLT.DINV.CD,2021,-27488543123.438,observation::IND::BN.KLT.DINV.CD::2021,Observation
IND,BN.GSR.FCTY.CD,2021,-37620114037.4453,observation::IND::BN.GSR.FCTY.CD::2021,Observation
IND,BM.TRF.PWKR.CD.DT,2021,8181397793.02489,observation::IND::BM.TRF.PWKR.CD.DT::2021,Observation
IND,BM.GSR.TRVL.ZS,2021,10.3500164525843,observation::IND::BM.GSR.TRVL.ZS::2021,Observation
IND,BM.GSR.NFSV.CD,2021,137974001271.287,observation::IND::BM.GSR.NFSV.CD::2021,Observation
IND,BM.GSR.FCTY.CD,2021,61332047066.447,observation::IND::BM.GSR.FCTY.CD::2021,Observation
IND,AG.SRF.TOTL.K2,2021,3287260.0,observation::IND::AG.SRF.TOTL.K2::2021,Observation
IND,AG.PRD.CREL.MT,2021,355529808.53,observation::IND::AG.PRD.CREL.MT::2021,Observation
IND,AG.LND.PRCP.MM,2021,1083.0,observation::IND::AG.LND.PRCP.MM::2021,Observation
IND,AG.LND.ARBL.HA.PC,2021,0.10901113137649,observation::IND::AG.LND.ARBL.HA.PC::2021,Observation
IND,AG.CON.FERT.ZS,2021,193.601012213706,observation::IND::AG.CON.FERT.ZS::2021,Observation
IND,SH.TBS.DTEC.ZS,2021,71.0,observation::IND::SH.TBS.DTEC.ZS::2021,Observation
IND,SH.STA.SUIC.FE.P5,2021,11.23,observation::IND::SH.STA.SUIC.FE.P5::2021,Observation
IND,SH.STA.STNT.ME.FE.ZS,2021,32.1,observation::IND::SH.STA.STNT.ME.FE.ZS::2021,Observation
IND,SH.STA.SMSS.UR.ZS,2021,52.1246967831255,observation::IND::SH.STA.SMSS.UR.ZS::2021,Observation
IND,SH.STA.POIS.P5,2021,0.12,observation::IND::SH.STA.POIS.P5::2021,Observation
IND,SH.STA.OWGH.ME.FE.ZS,2021,2.7,observation::IND::SH.STA.OWGH.ME.FE.ZS::2021,Observation
IND,SH.STA.ORCF.ZS,2021,45.8,observation::IND::SH.STA.ORCF.ZS::2021,Observation
IND,SH.STA.ARIC.ZS,2021,69.0,observation::IND::SH.STA.ARIC.ZS::2021,Observation
IND,SH.PRV.SMOK.MA,2021,38.8,observation::IND::SH.PRV.SMOK.MA::2021,Observation
IND,SH.MMR.RISK.ZS,2021,0.304152105923377,observation::IND::SH.MMR.RISK.ZS::2021,Observation
IND,SH.MLR.NETS.ZS,2021,4.4,observation::IND::SH.MLR.NETS.ZS::2021,Observation
IND,SH.IMM.IDPT,2021,85.0,observation::IND::SH.IMM.IDPT::2021,Observation
IND,SH.H2O.SMDW.RU.ZS,2021,66.0370768204305,observation::IND::SH.H2O.SMDW.RU.ZS::2021,Observation
IND,SH.FPL.SATM.ZS,2021,74.1,observation::IND::SH.FPL.SATM.ZS::2021,Observation
IND,SH.DYN.NCOM.FE.ZS,2021,23.0,observation::IND::SH.DYN.NCOM.FE.ZS::2021,Observation
IND,SH.DYN.1014,2021,2.4,observation::IND::SH.DYN.1014::2021,Observation
IND,SH.DTH.NCOM.ZS,2021,49.0788120326803,observation::IND::SH.DTH.NCOM.ZS::2021,Observation
IND,SH.DTH.COMM.ZS,2021,38.3772760853965,observation::IND::SH.DTH.COMM.ZS::2021,Observation
IND,SH.DTH.0509,2021,55497.0,observation::IND::SH.DTH.0509::2021,Observation
IND,SG.VAW.GOES.ZS,2021,20.9,observation::IND::SG.VAW.GOES.ZS::2021,Observation
IND,SG.DMK.ALLD.FN.ZS,2021,73.3,observation::IND::SG.DMK.ALLD.FN.ZS::2021,Observation
IND,SE.TER.ENRR,2021,31.5741765984501,observation::IND::SE.TER.ENRR::2021,Observation
IND,SE.TER.CUAT.ST.FE.ZS,2021,9.88189552949363,observation::IND::SE.TER.CUAT.ST.FE.ZS::2021,Observation
IND,SE.SEC.UNER.LO.FE.ZS,2021,9.13931758934685,observation::IND::SE.SEC.UNER.LO.FE.ZS::2021,Observation
IND,SE.SEC.TCAQ.ZS,2021,89.7171754332532,observation::IND::SE.SEC.TCAQ.ZS::2021,Observation
IND,BX.KLT.DINV.CD.WD,2021,44727277562.881,observation::IND::BX.KLT.DINV.CD.WD::2021,Observation
IND,BX.GSR.ROYL.CD,2021,870139762.196607,observation::IND::BX.GSR.ROYL.CD::2021,Observation
IND,BX.GSR.GNFS.CD,2021,643079815639.228,observation::IND::BX.GSR.GNFS.CD::2021,Observation
IND,BX.GSR.CCIS.CD,2021,119524198143.803,observation::IND::BX.GSR.CCIS.CD::2021,Observation
IND,BN.TRF.CURR.CD,2021,78237129107.4086,observation::IND::BN.TRF.CURR.CD::2021,Observation
IND,BN.KAC.EOMS.CD,2021,641246906.927279,observation::IND::BN.KAC.EOMS.CD::2021,Observation
IND,BN.FIN.TOTL.CD,2021,-33088718914.2242,observation::IND::BN.FIN.TOTL.CD::2021,Observation
IND,BM.TRF.PRVT.CD,2021,7345606664.92864,observation::IND::BM.TRF.PRVT.CD::2021,Observation
IND,BM.GSR.TRAN.ZS,2021,22.0818886545431,observation::IND::BM.GSR.TRAN.ZS::2021,Observation
IND,BM.GSR.MRCH.CD,2021,579145188795.842,observation::IND::BM.GSR.MRCH.CD::2021,Observation
IND,BM.GSR.CMCP.ZS,2021,58.7317505057131,observation::IND::BM.GSR.CMCP.ZS::2021,Observation
IND,AG.PRD.LVSK.XD,2021,135.29,observation::IND::AG.PRD.LVSK.XD::2021,Observation
IND,AG.LND.IRIG.AG.ZS,2021,42.9821498809773,observation::IND::AG.LND.IRIG.AG.ZS::2021,Observation
IND,AG.LND.CROP.ZS,2021,4.70057413081572,observation::IND::AG.LND.CROP.ZS::2021,Observation
IND,AG.LND.ARBL.HA,2021,154163966.7,observation::IND::AG.LND.ARBL.HA::2021,Observation
IND,AG.CON.FERT.PT.ZS,2021,160.62028102616,observation::IND::AG.CON.FERT.PT.ZS::2021,Observation
IND,SH.XPD.EHEX.CH.ZS,2021,1.01271272,observation::IND::SH.XPD.EHEX.CH.ZS::2021,Observation
IND,SH.VAC.TTNS.ZS,2021,90.0,observation::IND::SH.VAC.TTNS.ZS::2021,Observation
IND,SH.STA.SUIC.P5,2021,12.56,observation::IND::SH.STA.SUIC.P5::2021,Observation
IND,SH.STA.STNT.ME.ZS,2021,33.3,observation::IND::SH.STA.STNT.ME.ZS::2021,Observation
IND,SH.STA.POIS.P5.MA,2021,0.17,observation::IND::SH.STA.POIS.P5.MA::2021,Observation
IND,SH.STA.OWGH.ME.ZS,2021,2.9,observation::IND::SH.STA.OWGH.ME.ZS::2021,Observation
IND,SH.STA.ODFC.UR.ZS,2021,2.50909222685277,observation::IND::SH.STA.ODFC.UR.ZS::2021,Observation
IND,SH.STA.HYGN.UR.ZS,2021,91.5094154116177,observation::IND::SH.STA.HYGN.UR.ZS::2021,Observation
IND,SH.STA.BASS.UR.ZS,2021,82.2654330237108,observation::IND::SH.STA.BASS.UR.ZS::2021,Observation
IND,SH.SGR.IRSK.ZS,2021,43.9,observation::IND::SH.SGR.IRSK.ZS::2021,Observation
IND,SH.PRV.SMOK,2021,25.2,observation::IND::SH.PRV.SMOK::2021,Observation
IND,SH.MMR.DTHS,2021,36000.0,observation::IND::SH.MMR.DTHS::2021,Observation
IND,SH.MED.BEDS.ZS,2021,1.59,observation::IND::SH.MED.BEDS.ZS::2021,Observation
IND,SH.H2O.SMDW.ZS,2021,71.3240226487586,observation::IND::SH.H2O.SMDW.ZS::2021,Observation
IND,SH.H2O.BASW.UR.ZS,2021,96.3901921396332,observation::IND::SH.H2O.BASW.UR.ZS::2021,Observation
IND,SH.DYN.NCOM.ZS,2021,23.6,observation::IND::SH.DYN.NCOM.ZS::2021,Observation
IND,SH.DYN.MORT.FE,2021,31.5,observation::IND::SH.DYN.MORT.FE::2021,Observation
IND,SH.DYN.2024,2021,5.4,observation::IND::SH.DYN.2024::2021,Observation
IND,SH.DTH.OCVD.ZS,2021,5.49911133650512,observation::IND::SH.DTH.OCVD.ZS::2021,Observation
IND,SH.DTH.INJR.ZS,2021,7.04480054541833,observation::IND::SH.DTH.INJR.ZS::2021,Observation
IND,SH.DTH.1519,2021,99669.0,observation::IND::SH.DTH.1519::2021,Observation
IND,SG.VAW.REAS.ZS,2021,44.4,observation::IND::SG.VAW.REAS.ZS::2021,Observation
IND,SG.VAW.ARGU.ZS,2021,20.6,observation::IND::SG.VAW.ARGU.ZS::2021,Observation
IND,SG.GEN.PARL.ZS,2021,14.4444444444444,observation::IND::SG.GEN.PARL.ZS::2021,Observation
IND,SE.XPD.TOTL.GB.ZS,2021,14.924599647522,observation::IND::SE.XPD.TOTL.GB.ZS::2021,Observation
IND,SE.TER.ENRR.MA,2021,30.8329044261743,observation::IND::SE.TER.ENRR.MA::2021,Observation
IND,SE.TER.CUAT.ST.ZS,2021,12.3699246623116,observation::IND::SE.TER.CUAT.ST.ZS::2021,Observation
IND,DC.DAC.FRAL.CD,2021,-12958966.255188,observation::IND::DC.DAC.FRAL.CD::2021,Observation
IND,DC.DAC.DNKL.CD,2021,6523890.97213745,observation::IND::DC.DAC.DNKL.CD::2021,Observation
IND,DC.DAC.CECL.CD,2021,120502349.853516,observation::IND::DC.DAC.CECL.CD::2021,Observation
IND,DC.DAC.AUSL.CD,2021,20394424.4384766,observation::IND::DC.DAC.AUSL.CD::2021,Observation
IND,CM.MKT.LDOM.NO,2021,2053.0,observation::IND::CM.MKT.LDOM.NO::2021,Observation
IND,BX.TRF.PWKR.DT.GD.ZS,2021,2.82183503869842,observation::IND::BX.TRF.PWKR.DT.GD.ZS::2021,Observation
IND,BX.PEF.TOTL.CD.WD,2021,5223337684.68153,observation::IND::BX.PEF.TOTL.CD.WD::2021,Observation
IND,BX.GSR.TRAN.ZS,2021,12.192285718904,observation::IND::BX.GSR.TRAN.ZS::2021,Observation
IND,BX.GSR.MRCH.CD,2021,402424358111.46,observation::IND::BX.GSR.MRCH.CD::2021,Observation
IND,BX.GSR.CMCP.ZS,2021,58.7778997079029,observation::IND::BX.GSR.CMCP.ZS::2021,Observation
IND,BX.GRT.EXTA.CD.WD,2021,785092218.0,observation::IND::BX.GRT.EXTA.CD.WD::2021,Observation
IND,BN.KLT.PTXL.CD,2021,-5718199364.63132,observation::IND::BN.KLT.PTXL.CD::2021,Observation
IND,BN.GSR.GNFS.CD,2021,-74039374427.9021,observation::IND::BN.GSR.GNFS.CD::2021,Observation
IND,BN.CAB.XOKA.CD,2021,-33422359357.9397,observation::IND::BN.CAB.XOKA.CD::2021,Observation
IND,BM.KLT.DINV.CD.WD,2021,17238734439.4429,observation::IND::BM.KLT.DINV.CD.WD::2021,Observation
IND,BM.GSR.ROYL.CD,2021,8631569309.27649,observation::IND::BM.GSR.ROYL.CD::2021,Observation
IND,BM.GSR.GNFS.CD,2021,717119190067.13,observation::IND::BM.GSR.GNFS.CD::2021,Observation
IND,AG.YLD.CREL.KG,2021,3527.9,observation::IND::AG.YLD.CREL.KG::2021,Observation
IND,AG.PRD.CROP.XD,2021,120.63,observation::IND::AG.PRD.CROP.XD::2021,Observation
IND,AG.LND.TOTL.K2,2021,2973190.0,observation::IND::AG.LND.TOTL.K2::2021,Observation
IND,AG.LND.FRST.K2,2021,724260.0,observation::IND::AG.LND.FRST.K2::2021,Observation
IND,AG.LND.ARBL.ZS,2021,51.8513672856427,observation::IND::AG.LND.ARBL.ZS::2021,Observation
IND,AG.LND.AGRI.K2,2021,1785423.333,observation::IND::AG.LND.AGRI.K2::2021,Observation
IND,SH.STA.SMSS.RU.ZS,2021,58.7063036259541,observation::IND::SH.STA.SMSS.RU.ZS::2021,Observation
IND,SH.STA.ODFC.ZS,2021,14.3156319775818,observation::IND::SH.STA.ODFC.ZS::2021,Observation
IND,SH.STA.MMRT,2021,155.0,observation::IND::SH.STA.MMRT::2021,Observation
IND,SH.STA.HYGN.ZS,2021,81.9898869506181,observation::IND::SH.STA.HYGN.ZS::2021,Observation
IND,SH.STA.BASS.ZS,2021,74.9328568041953,observation::IND::SH.STA.BASS.ZS::2021,Observation
IND,SH.STA.ANVC.ZS,2021,85.1,observation::IND::SH.STA.ANVC.ZS::2021,Observation
IND,SH.PRV.SMOK.FE,2021,11.5,observation::IND::SH.PRV.SMOK.FE::2021,Observation
IND,SH.MMR.RISK,2021,329.0,observation::IND::SH.MMR.RISK::2021,Observation
IND,SH.MLR.INCD.P3,2021,2.5,observation::IND::SH.MLR.INCD.P3::2021,Observation
IND,SH.IMM.HEPB,2021,85.0,observation::IND::SH.IMM.HEPB::2021,Observation
IND,SH.H2O.BASW.ZS,2021,93.760281159736,observation::IND::SH.H2O.BASW.ZS::2021,Observation
IND,SH.DYN.NMRT,2021,19.5,observation::IND::SH.DYN.NMRT::2021,Observation
IND,SH.DYN.MORT.MA,2021,30.9,observation::IND::SH.DYN.MORT.MA::2021,Observation
IND,SH.DYN.AIDS.FE.ZS,2021,45.0106794700269,observation::IND::SH.DYN.AIDS.FE.ZS::2021,Observation
IND,SH.DYN.0509,2021,2.3,observation::IND::SH.DYN.0509::2021,Observation
IND,SH.DTH.MORT,2021,730705.0,observation::IND::SH.DTH.MORT::2021,Observation
IND,SH.DTH.2024,2021,139460.0,observation::IND::SH.DTH.2024::2021,Observation
IND,SH.ANM.ALLW.ZS,2021,52.7,observation::IND::SH.ANM.ALLW.ZS::2021,Observation
IND,SG.VAW.REFU.ZS,2021,8.4,observation::IND::SG.VAW.REFU.ZS::2021,Observation
IND,SG.VAW.BURN.ZS,2021,13.4,observation::IND::SG.VAW.BURN.ZS::2021,Observation
IND,SE.XPD.TOTL.GD.ZS,2021,4.62949991226196,observation::IND::SE.XPD.TOTL.GD.ZS::2021,Observation
IND,SE.TER.TCHR.FE.ZS,2021,42.8637005422064,observation::IND::SE.TER.TCHR.FE.ZS::2021,Observation
IND,SE.SEC.TCHR.FE.ZS,2021,46.8445867094467,observation::IND::SE.SEC.TCHR.FE.ZS::2021,Observation
IND,SE.SEC.TCAQ.UP.ZS,2021,91.2840243412772,observation::IND::SE.SEC.TCAQ.UP.ZS::2021,Observation
IND,SE.SEC.TCAQ.LO.ZS,2021,88.3079873225557,observation::IND::SE.SEC.TCAQ.LO.ZS::2021,Observation
IND,DC.DAC.AUTL.CD,2021,11669733.0474854,observation::IND::DC.DAC.AUTL.CD::2021,Observation
IND,CM.MKT.TRAD.CD,2021,2299665720000.0,observation::IND::CM.MKT.TRAD.CD::2021,Observation
IND,CM.MKT.INDX.ZG,2021,30.1095371028989,observation::IND::CM.MKT.INDX.ZG::2021,Observation
IND,BX.TRF.CURR.CD,2021,86512406377.4077,observation::IND::BX.TRF.CURR.CD::2021,Observation
IND,BX.GSR.TRVL.ZS,2021,3.59445443988719,observation::IND::BX.GSR.TRVL.ZS::2021,Observation
IND,BX.GSR.NFSV.CD,2021,240655457527.767,observation::IND::BX.GSR.NFSV.CD::2021,Observation
IND,BX.GSR.FCTY.CD,2021,23711933029.0016,observation::IND::BX.GSR.FCTY.CD::2021,Observation
IND,BX.GRT.TECH.CD.WD,2021,514491890.0,observation::IND::BX.GRT.TECH.CD.WD::2021,Observation
IND,BN.RES.INCL.CD,2021,67063830652.799,observation::IND::BN.RES.INCL.CD::2021,Observation
IND,BN.GSR.MRCH.CD,2021,-176720830684.383,observation::IND::BN.GSR.MRCH.CD::2021,Observation
IND,BN.CAB.XOKA.GD.ZS,2021,-1.05524166809383,observation::IND::BN.CAB.XOKA.GD.ZS::2021,Observation
IND,BM.KLT.DINV.WD.GD.ZS,2021,0.54427728129202,observation::IND::BM.KLT.DINV.WD.GD.ZS::2021,Observation
IND,BM.GSR.TOTL.CD,2021,778451237133.577,observation::IND::BM.GSR.TOTL.CD::2021,Observation
IND,BM.GSR.INSF.ZS,2021,5.60384865911981,observation::IND::BM.GSR.INSF.ZS::2021,Observation
IND,BG.GSR.NFSV.GD.ZS,2021,11.9544397633216,observation::IND::BG.GSR.NFSV.GD.ZS::2021,Observation
IND,AG.PRD.FOOD.XD,2021,126.11,observation::IND::AG.PRD.FOOD.XD::2021,Observation
IND,AG.LND.FRST.ZS,2021,24.3596944695764,observation::IND::AG.LND.FRST.ZS::2021,Observation
IND,AG.LND.CREL.HA,2021,100777969.0,observation::IND::AG.LND.CREL.HA::2021,Observation
IND,AG.LND.AGRI.ZS,2021,60.0507647678083,observation::IND::AG.LND.AGRI.ZS::2021,Observation
IND,SE.SEC.TCAQ.UP.FE.ZS,2021,92.5676229642007,observation::IND::SE.SEC.TCAQ.UP.FE.ZS::2021,Observation
IND,SE.SEC.TCAQ.LO.FE.ZS,2021,88.4591622103799,observation::IND::SE.SEC.TCAQ.LO.FE.ZS::2021,Observation
IND,SE.SEC.ENRL,2021,138511516.0465,observation::IND::SE.SEC.ENRL::2021,Observation
IND,SE.SEC.CMPT.LO.MA.ZS,2021,89.0353215628998,observation::IND::SE.SEC.CMPT.LO.MA.ZS::2021,Observation
IND,SE.PRM.UNER.MA.ZS,2021,2.61823574624201,observation::IND::SE.PRM.UNER.MA.ZS::2021,Observation
IND,SE.PRM.UNER,2021,2758325.0,observation::IND::SE.PRM.UNER::2021,Observation
IND,SE.PRM.TCHR.FE.ZS,2021,55.5214602496255,observation::IND::SE.PRM.TCHR.FE.ZS::2021,Observation
IND,SE.PRM.TCAQ.FE.ZS,2021,88.9542032089955,observation::IND::SE.PRM.TCAQ.FE.ZS::2021,Observation
IND,SE.PRM.ENRR.FE,2021,102.460904694555,observation::IND::SE.PRM.ENRR.FE::2021,Observation
IND,SE.PRM.ENRL,2021,122027751.0,observation::IND::SE.PRM.ENRL::2021,Observation
IND,SE.PRM.CUAT.FE.ZS,2021,53.5735413229795,observation::IND::SE.PRM.CUAT.FE.ZS::2021,Observation
IND,SE.PRM.AGES,2021,6.0,observation::IND::SE.PRM.AGES::2021,Observation
IND,SE.PRE.ENRR.MA,2021,51.1557083129883,observation::IND::SE.PRE.ENRR.MA::2021,Observation
IND,SE.PRE.DURS,2021,3.0,observation::IND::SE.PRE.DURS::2021,Observation
IND,SE.ENR.PRSC.FM.ZS,2021,0.991640269756317,observation::IND::SE.ENR.PRSC.FM.ZS::2021,Observation
IND,SE.ADT.LITR.MA.ZS,2021,83.8821930381623,observation::IND::SE.ADT.LITR.MA.ZS::2021,Observation
IND,SE.ADT.1524.LT.FM.ZS,2021,0.974548660799376,observation::IND::SE.ADT.1524.LT.FM.ZS::2021,Observation
IND,PA.NUS.PPP,2021,20.7278957366943,observation::IND::PA.NUS.PPP::2021,Observation
IND,NY.TTF.GNFS.KN,2021,-2365392102635.13,observation::IND::NY.TTF.GNFS.KN::2021,Observation
IND,NY.TAX.NIND.KN,2021,11450062240000.0,observation::IND::NY.TAX.NIND.KN::2021,Observation
IND,NY.GSR.NFCY.CN,2021,-2778084266000.0,observation::IND::NY.GSR.NFCY.CN::2021,Observation
IND,NY.GNS.ICTR.CN,2021,70476304443271.3,observation::IND::NY.GNS.ICTR.CN::2021,Observation
IND,NY.GNP.PCAP.KN,2021,104849.942856331,observation::IND::NY.GNP.PCAP.KN::2021,Observation
IND,SE.SEC.TCAQ.MA.ZS,2021,89.2196470880896,observation::IND::SE.SEC.TCAQ.MA.ZS::2021,Observation
IND,SE.SEC.TCAQ.FE.ZS,2021,90.2817299884033,observation::IND::SE.SEC.TCAQ.FE.ZS::2021,Observation
IND,SE.SEC.ENRR.MA,2021,82.6116113019876,observation::IND::SE.SEC.ENRR.MA::2021,Observation
IND,SE.SEC.DURS,2021,7.0,observation::IND::SE.SEC.DURS::2021,Observation
IND,SE.SEC.CMPT.LO.FE.ZS,2021,91.5430022575114,observation::IND::SE.SEC.CMPT.LO.FE.ZS::2021,Observation
IND,SE.PRM.UNER.MA,2021,1627908.0,observation::IND::SE.PRM.UNER.MA::2021,Observation
IND,SE.PRM.TCHR,2021,4648082.0,observation::IND::SE.PRM.TCHR::2021,Observation
IND,SE.PRM.ENRR,2021,102.316124063995,observation::IND::SE.PRM.ENRR::2021,Observation
IND,SE.PRM.DURS,2021,5.0,observation::IND::SE.PRM.DURS::2021,Observation
IND,SE.PRM.CMPT.ZS,2021,99.085491664945,observation::IND::SE.PRM.CMPT.ZS::2021,Observation
IND,SE.PRE.TCAQ.ZS,2021,83.6218719482422,observation::IND::SE.PRE.TCAQ.ZS::2021,Observation
IND,SE.PRE.ENRR.FE,2021,52.2723045349121,observation::IND::SE.PRE.ENRR.FE::2021,Observation
IND,SE.ENR.PRIM.FM.ZS,2021,1.01563942432404,observation::IND::SE.ENR.PRIM.FM.ZS::2021,Observation
IND,SE.ADT.LITR.FE.ZS,2021,68.2001669604087,observation::IND::SE.ADT.LITR.FE.ZS::2021,Observation
IND,SE.ADT.1524.LT.FE.ZS,2021,94.6040226120141,observation::IND::SE.ADT.1524.LT.FE.ZS::2021,Observation
IND,PA.NUS.GDP.PLI,2021,27.8212257889918,observation::IND::PA.NUS.GDP.PLI::2021,Observation
IND,NY.TAX.NIND.CN,2021,19618148938000.0,observation::IND::NY.TAX.NIND.CN::2021,Observation
IND,NY.GSR.NFCY.CD,2021,-37287774218.3962,observation::IND::NY.GSR.NFCY.CD::2021,Observation
IND,SE.SEC.UNER.LO.ZS,2021,10.0224129592238,observation::IND::SE.SEC.UNER.LO.ZS::2021,Observation
IND,SE.SEC.TCHR.FE,2021,3106911.0,observation::IND::SE.SEC.TCHR.FE::2021,Observation
IND,SE.SEC.TCAQ.UP.MA.ZS,2021,90.2801090883091,observation::IND::SE.SEC.TCAQ.UP.MA.ZS::2021,Observation
IND,SE.SEC.TCAQ.LO.MA.ZS,2021,88.15977749887,observation::IND::SE.SEC.TCAQ.LO.MA.ZS::2021,Observation
IND,SE.SEC.ENRR,2021,80.6246396728944,observation::IND::SE.SEC.ENRR::2021,Observation
IND,SE.SEC.CMPT.LO.ZS,2021,90.2341568239864,observation::IND::SE.SEC.CMPT.LO.ZS::2021,Observation
IND,SE.PRM.UNER.ZS,2021,2.31276181521054,observation::IND::SE.PRM.UNER.ZS::2021,Observation
IND,SE.PRM.UNER.FE,2021,1130417.0,observation::IND::SE.PRM.UNER.FE::2021,Observation
IND,SE.PRM.TCAQ.MA.ZS,2021,90.1999081938223,observation::IND::SE.PRM.TCAQ.MA.ZS::2021,Observation
IND,SE.PRM.ENRR.MA,2021,102.183186788819,observation::IND::SE.PRM.ENRR.MA::2021,Observation
IND,SE.PRM.CUAT.MA.ZS,2021,73.2438988056476,observation::IND::SE.PRM.CUAT.MA.ZS::2021,Observation
IND,SE.PRM.CMPT.FE.ZS,2021,99.6446990760535,observation::IND::SE.PRM.CMPT.FE.ZS::2021,Observation
IND,SE.PRE.TCAQ.FE.ZS,2021,89.4844114597763,observation::IND::SE.PRE.TCAQ.FE.ZS::2021,Observation
IND,SE.ENR.SECO.FM.ZS,2021,0.969559252262115,observation::IND::SE.ENR.SECO.FM.ZS::2021,Observation
IND,SE.ADT.LITR.ZS,2021,76.0596617430205,observation::IND::SE.ADT.LITR.ZS::2021,Observation
IND,SE.ADT.1524.LT.MA.ZS,2021,97.0747038269129,observation::IND::SE.ADT.1524.LT.MA.ZS::2021,Observation
IND,PA.NUS.PRVT.PLI,2021,26.1314543580098,observation::IND::PA.NUS.PRVT.PLI::2021,Observation
IND,PA.NUS.ATLS,2021,74.503891,observation::IND::PA.NUS.ATLS::2021,Observation
IND,NY.TRF.NCTR.CD,2021,81263394592.371,observation::IND::NY.TRF.NCTR.CD::2021,Observation
IND,SE.SEC.ENRR.FE,2021,78.4542146302356,observation::IND::SE.SEC.ENRR.FE::2021,Observation
IND,SE.SEC.AGES,2021,11.0,observation::IND::SE.SEC.AGES::2021,Observation
IND,SE.PRM.UNER.FE.ZS,2021,1.98007327246942,observation::IND::SE.PRM.UNER.FE.ZS::2021,Observation
IND,SE.PRM.TCAQ.ZS,2021,89.5082745958441,observation::IND::SE.PRM.TCAQ.ZS::2021,Observation
IND,SE.PRM.CUAT.ZS,2021,63.3065096934294,observation::IND::SE.PRM.CUAT.ZS::2021,Observation
IND,SE.PRM.CMPT.MA.ZS,2021,98.5736214326403,observation::IND::SE.PRM.CMPT.MA.ZS::2021,Observation
IND,SE.PRE.TCAQ.MA.ZS,2021,0.0,observation::IND::SE.PRE.TCAQ.MA.ZS::2021,Observation
IND,SE.PRE.ENRR,2021,51.6870307922363,observation::IND::SE.PRE.ENRR::2021,Observation
IND,SE.ENR.TERT.FM.ZS,2021,1.04796322810917,observation::IND::SE.ENR.TERT.FM.ZS::2021,Observation
IND,SE.COM.DURS,2021,8.0,observation::IND::SE.COM.DURS::2021,Observation
IND,SE.ADT.1524.LT.ZS,2021,95.8899228556846,observation::IND::SE.ADT.1524.LT.ZS::2021,Observation
IND,PA.NUS.PRVT.PP,2021,19.4689502716064,observation::IND::PA.NUS.PRVT.PP::2021,Observation
IND,PA.NUS.FCRF,2021,73.9180128154351,observation::IND::PA.NUS.FCRF::2021,Observation
IND,NY.TRF.NCTR.CN,2021,6054439093000.0,observation::IND::NY.TRF.NCTR.CN::2021,Observation
IND,NY.TAX.NIND.CD,2021,263317105652.911,observation::IND::NY.TAX.NIND.CD::2021,Observation
IND,NY.GNS.ICTR.ZS,2021,29.8661330649563,observation::IND::NY.GNS.ICTR.ZS::2021,Observation
IND,NY.GNP.PCAP.CD,2021,2170.0,observation::IND::NY.GNP.PCAP.CD::2021,Observation
IND,NY.GNP.MKTP.KD.ZG,2021,6.21214035520133,observation::IND::NY.GNP.MKTP.KD.ZG::2021,Observation
IND,NY.GNP.MKTP.CD,2021,3129982849042.07,observation::IND::NY.GNP.MKTP.CD::2021,Observation
IND,NY.GDS.TOTL.CN,2021,67425418170100.0,observation::IND::NY.GDS.TOTL.CN::2021,Observation
IND,NY.GDP.PCAP.PP.KD,2021,8050.01857452664,observation::IND::NY.GDP.PCAP.PP.KD::2021,Observation
IND,NY.GDP.PCAP.KD,2021,1965.30943437506,observation::IND::NY.GDP.PCAP.KD::2021,Observation
IND,NY.GDP.MKTP.PP.KD,2021,11384367630967.9,observation::IND::NY.GDP.MKTP.PP.KD::2021,Observation
IND,NY.GDP.MKTP.KD,2021,2779348258938.77,observation::IND::NY.GDP.MKTP.KD::2021,Observation
IND,NY.GDP.MINR.RT.ZS,2021,1.31522382631184,observation::IND::NY.GDP.MINR.RT.ZS::2021,Observation
IND,NY.GDP.FCST.CN,2021,216355836343800.0,observation::IND::NY.GDP.FCST.CN::2021,Observation
IND,NY.GDP.DEFL.ZS.AD,2021,157.087205592193,observation::IND::NY.GDP.DEFL.ZS.AD::2021,Observation
IND,NY.GDP.COAL.RT.ZS,2021,1.28029169863481,observation::IND::NY.GDP.COAL.RT.ZS::2021,Observation
IND,NY.ADJ.SVNG.GN.ZS,2021,15.409176052498,observation::IND::NY.ADJ.SVNG.GN.ZS::2021,Observation
IND,NY.ADJ.NNTY.PC.CD,2021,1907.12903981633,observation::IND::NY.ADJ.NNTY.PC.CD::2021,Observation
IND,NY.ADJ.NNAT.GN.ZS,2021,18.5670034158039,observation::IND::NY.ADJ.NNAT.GN.ZS::2021,Observation
IND,NY.ADJ.DPEM.GN.ZS,2021,1.17605743858073,observation::IND::NY.ADJ.DPEM.GN.ZS::2021,Observation
IND,NY.ADJ.DMIN.GN.ZS,2021,0.945670721584536,observation::IND::NY.ADJ.DMIN.GN.ZS::2021,Observation
IND,NY.ADJ.DFOR.GN.ZS,2021,0.16326686195924,observation::IND::NY.ADJ.DFOR.GN.ZS::2021,Observation
IND,NY.ADJ.AEDU.GN.ZS,2021,3.08,observation::IND::NY.ADJ.AEDU.GN.ZS::2021,Observation
IND,NV.SRV.TOTL.KD.ZG,2021,9.17549916627736,observation::IND::NV.SRV.TOTL.KD.ZG::2021,Observation
IND,NV.SRV.EMPL.KD,2021,8165.65547459375,observation::IND::NV.SRV.EMPL.KD::2021,Observation
IND,NV.MNF.MTRN.ZS.UN,2021,17.904892901295,observation::IND::NV.MNF.MTRN.ZS.UN::2021,Observation
IND,NV.IND.TOTL.KN,2021,43818074864800.0,observation::IND::NV.IND.TOTL.KN::2021,Observation
IND,NV.IND.TOTL.CD,2021,838266427187.004,observation::IND::NV.IND.TOTL.CD::2021,Observation
IND,NV.IND.MANF.KD,2021,440979301809.746,observation::IND::NV.IND.MANF.KD::2021,Observation
IND,NV.AGR.TOTL.KD.ZG,2021,4.62315562517132,observation::IND::NV.AGR.TOTL.KD.ZG::2021,Observation
IND,NV.AGR.EMPL.KD,2021,2011.6374343107,observation::IND::NV.AGR.EMPL.KD::2021,Observation
IND,NE.RSB.GNFS.CN,2021,-6193779383100.0,observation::IND::NE.RSB.GNFS.CN::2021,Observation
IND,NE.IMP.GNFS.KD.ZG,2021,22.0944224617309,observation::IND::NE.IMP.GNFS.KD.ZG::2021,Observation
IND,NE.GDI.TOTL.ZS,2021,32.1158221755014,observation::IND::NE.GDI.TOTL.ZS::2021,Observation
IND,NY.GNS.ICTR.CD,2021,945941258870.242,observation::IND::NY.GNS.ICTR.CD::2021,Observation
IND,NY.GNP.PCAP.KD.ZG,2021,8.98521065115912,observation::IND::NY.GNP.PCAP.KD.ZG::2021,Observation
IND,NY.GNP.MKTP.PP.KD,2021,11250341278206.9,observation::IND::NY.GNP.MKTP.PP.KD::2021,Observation
IND,NY.GNP.MKTP.KD,2021,2744204169555.75,observation::IND::NY.GNP.MKTP.KD::2021,Observation
IND,NY.GNP.ATLS.CD,2021,3064476293210.88,observation::IND::NY.GNP.ATLS.CD::2021,Observation
IND,NY.GDS.TOTL.CD,2021,904991903981.23,observation::IND::NY.GDS.TOTL.CD::2021,Observation
IND,NY.GDP.PCAP.PP.CD,2021,8050.01857452664,observation::IND::NY.GDP.PCAP.PP.CD::2021,Observation
IND,NY.GDP.PCAP.CN,2021,166859.94569124,observation::IND::NY.GDP.PCAP.CN::2021,Observation
IND,NY.GDP.MKTP.PP.CD,2021,11384367630967.9,observation::IND::NY.GDP.MKTP.PP.CD::2021,Observation
IND,NY.GDP.MKTP.CN.AD,2021,235973985282901.0,observation::IND::NY.GDP.MKTP.CN.AD::2021,Observation
IND,NY.GDP.FRST.RT.ZS,2021,0.160725947336095,observation::IND::NY.GDP.FRST.RT.ZS::2021,Observation
IND,NY.GDP.FCST.CD,2021,2903953517592.79,observation::IND::NY.GDP.FCST.CD::2021,Observation
IND,NY.GDP.DEFL.ZS,2021,157.087205592193,observation::IND::NY.GDP.DEFL.ZS::2021,Observation
IND,NY.EXP.CAPM.KN,2021,31565679675364.9,observation::IND::NY.EXP.CAPM.KN::2021,Observation
IND,NY.ADJ.SVNG.CD,2021,481823752516.482,observation::IND::NY.ADJ.SVNG.CD::2021,Observation
IND,NY.ADJ.NNTY.KD.ZG,2021,10.4701344599399,observation::IND::NY.ADJ.NNTY.KD.ZG::2021,Observation
IND,NY.ADJ.NNAT.CD,2021,580564673173.339,observation::IND::NY.ADJ.NNAT.CD::2021,Observation
IND,NY.ADJ.DPEM.CD,2021,36773699404.9093,observation::IND::NY.ADJ.DPEM.CD::2021,Observation
IND,NY.ADJ.DMIN.CD,2021,29569823471.8373,observation::IND::NY.ADJ.DMIN.CD::2021,Observation
IND,NY.ADJ.DFOR.CD,2021,5105130334.21007,observation::IND::NY.ADJ.DFOR.CD::2021,Observation
IND,NY.ADJ.AEDU.CD,2021,96307365993.7959,observation::IND::NY.ADJ.AEDU.CD::2021,Observation
IND,NV.SRV.TOTL.KD,2021,1323199247796.62,observation::IND::NV.SRV.TOTL.KD::2021,Observation
IND,NV.MNF.TXTL.ZS.UN,2021,8.03897410930784,observation::IND::NV.MNF.TXTL.ZS.UN::2021,Observation
IND,NV.MNF.FBTO.ZS.UN,2021,9.31490204567416,observation::IND::NV.MNF.FBTO.ZS.UN::2021,Observation
IND,NV.IND.TOTL.KD.ZG,2021,12.2441238733607,observation::IND::NV.IND.TOTL.KD.ZG::2021,Observation
IND,NV.IND.MANF.ZS,2021,14.3770288531286,observation::IND::NV.IND.MANF.ZS::2021,Observation
IND,NV.IND.MANF.CN,2021,33926047950000.0,observation::IND::NV.IND.MANF.CN::2021,Observation
IND,NV.AGR.TOTL.KD,2021,456869650956.175,observation::IND::NV.AGR.TOTL.KD::2021,Observation
IND,NE.TRD.GNFS.ZS,2021,45.4230887840446,observation::IND::NE.TRD.GNFS.ZS::2021,Observation
IND,NE.RSB.GNFS.CD,2021,-83133636377.4612,observation::IND::NE.RSB.GNFS.CD::2021,Observation
IND,NY.GNS.ICTR.GN.ZS,2021,30.2219310613714,observation::IND::NY.GNS.ICTR.GN.ZS::2021,Observation
IND,NY.GNP.PCAP.PP.CD,2021,7960.0,observation::IND::NY.GNP.PCAP.PP.CD::2021,Observation
IND,NY.GNP.PCAP.CN,2021,164895.530040952,observation::IND::NY.GNP.PCAP.CN::2021,Observation
IND,NY.GNP.MKTP.KN,2021,148279197682800.0,observation::IND::NY.GNP.MKTP.KN::2021,Observation
IND,NY.GNP.MKTP.CN,2021,233195901016900.0,observation::IND::NY.GNP.MKTP.CN::2021,Observation
IND,NY.GDS.TOTL.ZS,2021,28.5732421263582,observation::IND::NY.GDS.TOTL.ZS::2021,Observation
IND,NY.GDP.PETR.RT.ZS,2021,0.325610194100608,observation::IND::NY.GDP.PETR.RT.ZS::2021,Observation
IND,NY.GDP.PCAP.KD.ZG,2021,8.79093447676263,observation::IND::NY.GDP.PCAP.KD.ZG::2021,Observation
IND,NY.GDP.NGAS.RT.ZS,2021,0.0774937091732812,observation::IND::NY.GDP.NGAS.RT.ZS::2021,Observation
IND,NY.GDP.MKTP.KD.ZG,2021,9.68959249192875,observation::IND::NY.GDP.MKTP.KD.ZG::2021,Observation
IND,NY.GDP.MKTP.CD,2021,3167270623260.47,observation::IND::NY.GDP.MKTP.CD::2021,Observation
IND,NY.GDP.FCST.KD,2021,2540364690780.46,observation::IND::NY.GDP.FCST.KD::2021,Observation
IND,NY.GDP.DISC.CN,2021,-2165787940700.0,observation::IND::NY.GDP.DISC.CN::2021,Observation
IND,NY.GDP.DEFL.KD.ZG,2021,8.35490771481598,observation::IND::NY.GDP.DEFL.KD.ZG::2021,Observation
IND,NY.ADJ.SVNX.CD,2021,518597451921.391,observation::IND::NY.ADJ.SVNX.CD::2021,Observation
IND,NY.ADJ.NNTY.PC.KD,2021,1702.90328943451,observation::IND::NY.ADJ.NNTY.PC.KD::2021,Observation
IND,NY.ADJ.NNTY.CD,2021,2697069318282.99,observation::IND::NY.ADJ.NNTY.CD::2021,Observation
IND,NY.ADJ.DRES.GN.ZS,2021,1.62081061089854,observation::IND::NY.ADJ.DRES.GN.ZS::2021,Observation
IND,NY.ADJ.DNGY.CD,2021,16005565905.1323,observation::IND::NY.ADJ.DNGY.CD::2021,Observation
IND,NY.ADJ.DKAP.CD,2021,379112694271.928,observation::IND::NY.ADJ.DKAP.CD::2021,Observation
IND,NY.ADJ.DCO2.CD,2021,107594067534.564,observation::IND::NY.ADJ.DCO2.CD::2021,Observation
IND,NV.SRV.TOTL.KN,2021,73249260889300.0,observation::IND::NV.SRV.TOTL.KN::2021,Observation
IND,NV.SRV.TOTL.CD,2021,1515451052683.95,observation::IND::NV.SRV.TOTL.CD::2021,Observation
IND,NV.MNF.OTHR.ZS.UN,2021,44.4347321997376,observation::IND::NV.MNF.OTHR.ZS.UN::2021,Observation
IND,NV.IND.TOTL.ZS,2021,26.466523606501,observation::IND::NV.IND.TOTL.ZS::2021,Observation
IND,NV.IND.TOTL.CN,2021,62454110520100.0,observation::IND::NV.IND.TOTL.CN::2021,Observation
IND,NV.IND.MANF.KD.ZG,2021,9.95521967094299,observation::IND::NV.IND.MANF.KD.ZG::2021,Observation
IND,NV.IND.EMPL.KD,2021,6037.78715192247,observation::IND::NV.IND.EMPL.KD::2021,Observation
IND,NV.AGR.TOTL.KN,2021,21701064715800.0,observation::IND::NV.AGR.TOTL.KN::2021,Observation
IND,NV.AGR.TOTL.CD,2021,550236037721.842,observation::IND::NV.AGR.TOTL.CD::2021,Observation
IND,NE.RSB.GNFS.KN,2021,-1506382421100.0,observation::IND::NE.RSB.GNFS.KN::2021,Observation
IND,NE.IMP.GNFS.KN,2021,35437454199100.0,observation::IND::NE.IMP.GNFS.KN::2021,Observation
IND,NY.GNP.PCAP.PP.KD,2021,7955.24698385282,observation::IND::NY.GNP.PCAP.PP.KD::2021,Observation
IND,NY.GNP.PCAP.KD,2021,1940.4586405946,observation::IND::NY.GNP.PCAP.KD::2021,Observation
IND,NY.GNP.MKTP.PP.CD,2021,11250341278206.9,observation::IND::NY.GNP.MKTP.PP.CD::2021,Observation
IND,NY.GNP.MKTP.CN.AD,2021,233195901016901.0,observation::IND::NY.GNP.MKTP.CN.AD::2021,Observation
IND,NY.GDY.TOTL.KN,2021,147853070561665.0,observation::IND::NY.GDY.TOTL.KN::2021,Observation
IND,NY.GDP.TOTL.RT.ZS,2021,3.15934537555664,observation::IND::NY.GDP.TOTL.RT.ZS::2021,Observation
IND,NY.GDP.PCAP.KN,2021,106221.21964816,observation::IND::NY.GDP.PCAP.KN::2021,Observation
IND,NY.GDP.PCAP.CD,2021,2239.61384367482,observation::IND::NY.GDP.PCAP.CD::2021,Observation
IND,NY.GDP.MKTP.KN,2021,150218462664300.0,observation::IND::NY.GDP.MKTP.KN::2021,Observation
IND,NY.GDP.MKTP.CN,2021,235973985282900.0,observation::IND::NY.GDP.MKTP.CN::2021,Observation
IND,NY.GDP.FCST.KN,2021,138768400423900.0,observation::IND::NY.GDP.FCST.KN::2021,Observation
IND,NY.GDP.DISC.KN,2021,-4980478739500.0,observation::IND::NY.GDP.DISC.KN::2021,Observation
IND,NY.GDP.DEFL.KD.ZG.AD,2021,8.35490771481598,observation::IND::NY.GDP.DEFL.KD.ZG.AD::2021,Observation
IND,NY.ADJ.SVNX.GN.ZS,2021,16.5852334910788,observation::IND::NY.ADJ.SVNX.GN.ZS::2021,Observation
IND,NY.ADJ.NNTY.PC.KD.ZG,2021,9.56508166948294,observation::IND::NY.ADJ.NNTY.PC.KD.ZG::2021,Observation
IND,NY.ADJ.NNTY.KD,2021,2408252466429.5,observation::IND::NY.ADJ.NNTY.KD::2021,Observation
IND,NY.ADJ.ICTR.GN.ZS,2021,30.6913833768628,observation::IND::NY.ADJ.ICTR.GN.ZS::2021,Observation
IND,NY.ADJ.DNGY.GN.ZS,2021,0.511873027354764,observation::IND::NY.ADJ.DNGY.GN.ZS::2021,Observation
IND,NY.ADJ.DKAP.GN.ZS,2021,12.1243799610588,observation::IND::NY.ADJ.DKAP.GN.ZS::2021,Observation
IND,NY.ADJ.DCO2.GN.ZS,2021,3.44095931382658,observation::IND::NY.ADJ.DCO2.GN.ZS::2021,Observation
IND,NV.SRV.TOTL.ZS,2021,47.8472234596709,observation::IND::NV.SRV.TOTL.ZS::2021,Observation
IND,NV.SRV.TOTL.CN,2021,112907000045000.0,observation::IND::NV.SRV.TOTL.CN::2021,Observation
IND,NV.MNF.TECH.ZS.UN,2021,41.4349504178759,observation::IND::NV.MNF.TECH.ZS.UN::2021,Observation
IND,NV.MNF.CHEM.ZS.UN,2021,20.3064987439854,observation::IND::NV.MNF.CHEM.ZS.UN::2021,Observation
IND,NV.IND.TOTL.KD,2021,761253476550.091,observation::IND::NV.IND.TOTL.KD::2021,Observation
IND,NV.IND.MANF.KN,2021,25610331117000.0,observation::IND::NV.IND.MANF.KN::2021,Observation
IND,NV.IND.MANF.CD,2021,455359411362.824,observation::IND::NV.IND.MANF.CD::2021,Observation
IND,NV.AGR.TOTL.ZS,2021,17.3725615260314,observation::IND::NV.AGR.TOTL.ZS::2021,Observation
IND,NE.GDI.TOTL.CN,2021,75784985493900.0,observation::IND::NE.GDI.TOTL.CN::2021,Observation
IND,NE.GDI.STKB.CD,2021,28701481765.5631,observation::IND::NE.GDI.STKB.CD::2021,Observation
IND,NE.GDI.FTOT.KD,2021,867868706482.43,observation::IND::NE.GDI.FTOT.KD::2021,Observation
IND,NE.GDI.FPRV.CN,2021,61041153754600.0,observation::IND::NE.GDI.FPRV.CN::2021,Observation
IND,NE.EXP.GNFS.KD,2021,596640556148.747,observation::IND::NE.EXP.GNFS.KD::2021,Observation
IND,NE.DAB.TOTL.KN,2021,156705323824900.0,observation::IND::NE.DAB.TOTL.KN::2021,Observation
IND,NE.DAB.DEFL.ZS,2021,155.919114068973,observation::IND::NE.DAB.DEFL.ZS::2021,Observation
IND,NE.CON.TOTL.KD,2021,1985229583338.47,observation::IND::NE.CON.TOTL.KD::2021,Observation
IND,NE.CON.PRVT.PP.KD,2021,7387508718236.24,observation::IND::NE.CON.PRVT.PP.KD::2021,Observation
IND,NE.CON.PRVT.KN,2021,87325734006600.0,observation::IND::NE.CON.PRVT.KN::2021,Observation
IND,NE.CON.PRVT.CN,2021,143827039866400.0,observation::IND::NE.CON.PRVT.CN::2021,Observation
IND,NE.CON.GOVT.ZS,2021,10.4763782400684,observation::IND::NE.CON.GOVT.ZS::2021,Observation
IND,NE.CON.GOVT.CN,2021,24721527246400.0,observation::IND::NE.CON.GOVT.CN::2021,Observation
IND,MS.MIL.XPND.GD.ZS,2021,2.46874153034185,observation::IND::MS.MIL.XPND.GD.ZS::2021,Observation
IND,IT.NET.BBND.P2,2021,1.9487996093033,observation::IND::IT.NET.BBND.P2::2021,Observation
IND,IT.CEL.SETS.P2,2021,81.603974311212,observation::IND::IT.CEL.SETS.P2::2021,Observation
IND,IS.RRS.TOTL.KM,2021,68102.73,observation::IND::IS.RRS.TOTL.KM::2021,Observation
IND,IS.AIR.GOOD.MT.K1,2021,907.929041,observation::IND::IS.AIR.GOOD.MT.K1::2021,Observation
IND,IQ.SPI.PIL3,2021,86.28125,observation::IND::IQ.SPI.PIL3::2021,Observation
IND,NE.IMP.GNFS.KD,2021,656245818343.847,observation::IND::NE.IMP.GNFS.KD::2021,Observation
IND,NE.GDI.TOTL.KN,2021,54575651297000.0,observation::IND::NE.GDI.TOTL.KN::2021,Observation
IND,NE.GDI.TOTL.CD,2021,1017195001183.23,observation::IND::NE.GDI.TOTL.CD::2021,Observation
IND,NE.GDI.FTOT.ZS,2021,29.5780345158487,observation::IND::NE.GDI.FTOT.ZS::2021,Observation
IND,NE.GDI.FTOT.CN,2021,69796466815400.0,observation::IND::NE.GDI.FTOT.CN::2021,Observation
IND,NE.EXP.GNFS.ZS,2021,21.3991583305515,observation::IND::NE.EXP.GNFS.ZS::2021,Observation
IND,NE.EXP.GNFS.CN,2021,50496446729600.0,observation::IND::NE.EXP.GNFS.CN::2021,Observation
IND,NE.DAB.TOTL.KD,2021,2926375399669.55,observation::IND::NE.DAB.TOTL.KD::2021,Observation
IND,NE.CON.TOTL.ZS,2021,71.4267578736418,observation::IND::NE.CON.TOTL.ZS::2021,Observation
IND,NE.CON.TOTL.CN,2021,168548567112800.0,observation::IND::NE.CON.TOTL.CN::2021,Observation
IND,NE.CON.PRVT.PP.CD,2021,7387508718236.24,observation::IND::NE.CON.PRVT.PP.CD::2021,Observation
IND,NE.CON.PRVT.KD.ZG,2021,11.6767553443011,observation::IND::NE.CON.PRVT.KD.ZG::2021,Observation
IND,NE.CON.PRVT.CD,2021,1930463468899.9,observation::IND::NE.CON.PRVT.CD::2021,Observation
IND,NE.CON.GOVT.KN,2021,14803938521300.0,observation::IND::NE.CON.GOVT.KN::2021,Observation
IND,NE.CON.GOVT.CD,2021,331815250379.339,observation::IND::NE.CON.GOVT.CD::2021,Observation
IND,MS.MIL.XPND.CN,2021,5636507225000.0,observation::IND::MS.MIL.XPND.CN::2021,Observation
IND,MS.MIL.MPRT.KD,2021,3943000000.0,observation::IND::MS.MIL.MPRT.KD::2021,Observation
IND,IT.NET.BBND,2021,27560000.0,observation::IND::IT.NET.BBND::2021,Observation
IND,IT.CEL.SETS,2021,1154046584.0,observation::IND::IT.CEL.SETS::2021,Observation
IND,IS.RRS.PASG.KM,2021,231126.0,observation::IND::IS.RRS.PASG.KM::2021,Observation
IND,IS.AIR.DPRT,2021,739481.0,observation::IND::IS.AIR.DPRT::2021,Observation
IND,IQ.SPI.PIL2,2021,88.3333333333333,observation::IND::IQ.SPI.PIL2::2021,Observation
IND,NE.IMP.GNFS.CD,2021,760902891806.013,observation::IND::NE.IMP.GNFS.CD::2021,Observation
IND,NE.GDI.TOTL.KD,2021,941145816331.075,observation::IND::NE.GDI.TOTL.KD::2021,Observation
IND,NE.GDI.STKB.CN,2021,2138372069000.0,observation::IND::NE.GDI.STKB.CN::2021,Observation
IND,NE.GDI.FTOT.KD.ZG,2021,17.5213068108809,observation::IND::NE.GDI.FTOT.KD.ZG::2021,Observation
IND,NE.GDI.FPRV.ZS,2021,25.8677471084027,observation::IND::NE.GDI.FPRV.ZS::2021,Observation
IND,NE.EXP.GNFS.KD.ZG,2021,29.5992945020295,observation::IND::NE.EXP.GNFS.KD.ZG::2021,Observation
IND,NE.DAB.TOTL.ZS,2021,103.542580049143,observation::IND::NE.DAB.TOTL.ZS::2021,Observation
IND,NE.DAB.TOTL.CD,2021,3279473720462.47,observation::IND::NE.DAB.TOTL.CD::2021,Observation
IND,NE.CON.TOTL.KD.ZG,2021,9.82118741666599,observation::IND::NE.CON.TOTL.KD.ZG::2021,Observation
IND,NE.CON.PRVT.ZS,2021,60.9503796335733,observation::IND::NE.CON.PRVT.ZS::2021,Observation
IND,NE.CON.PRVT.PC.KD,2021,1201.10046879912,observation::IND::NE.CON.PRVT.PC.KD::2021,Observation
IND,NE.CON.PRVT.CN.AD,2021,143827039866400.0,observation::IND::NE.CON.PRVT.CN.AD::2021,Observation
IND,NE.CON.PCAP.PP.CD,2021,5223.79321619139,observation::IND::NE.CON.PCAP.PP.CD::2021,Observation
IND,NE.CON.GOVT.KD,2021,286679714539.807,observation::IND::NE.CON.GOVT.KD::2021,Observation
IND,MS.MIL.XPND.ZS,2021,8.04086701762549,observation::IND::MS.MIL.XPND.ZS::2021,Observation
IND,IT.NET.USER.ZS,2021,49.2580986,observation::IND::IT.NET.USER.ZS::2021,Observation
IND,IT.NET.SECR,2021,746969.0,observation::IND::IT.NET.SECR::2021,Observation
IND,IT.MLT.MAIN,2021,23773751.0,observation::IND::IT.MLT.MAIN::2021,Observation
IND,IS.SHP.GCNW.XQ,2021,58.8891957075,observation::IND::IS.SHP.GCNW.XQ::2021,Observation
IND,IS.AIR.PSGR,2021,83964797.0,observation::IND::IS.AIR.PSGR::2021,Observation
IND,IQ.SPI.PIL4,2021,77.525,observation::IND::IQ.SPI.PIL4::2021,Observation
IND,IQ.SPI.OVRL,2021,77.4279166666667,observation::IND::IQ.SPI.OVRL::2021,Observation
IND,NV.AGR.TOTL.CN,2021,40994725778700.0,observation::IND::NV.AGR.TOTL.CN::2021,Observation
IND,NE.RSB.GNFS.ZS,2021,-2.62477212294165,observation::IND::NE.RSB.GNFS.ZS::2021,Observation
IND,NE.IMP.GNFS.ZS,2021,24.0239304534931,observation::IND::NE.IMP.GNFS.ZS::2021,Observation
IND,NE.IMP.GNFS.CN,2021,56690226112700.0,observation::IND::NE.IMP.GNFS.CN::2021,Observation
IND,NE.GDI.TOTL.KD.ZG,2021,21.1189007693939,observation::IND::NE.GDI.TOTL.KD.ZG::2021,Observation
IND,NE.GDI.STKB.KN,2021,1602029932900.0,observation::IND::NE.GDI.STKB.KN::2021,Observation
IND,NE.GDI.FTOT.KN,2021,50142631210000.0,observation::IND::NE.GDI.FTOT.KN::2021,Observation
IND,NE.GDI.FTOT.CD,2021,936816398158.319,observation::IND::NE.GDI.FTOT.CD::2021,Observation
IND,NE.EXP.GNFS.KN,2021,33931071778000.0,observation::IND::NE.EXP.GNFS.KN::2021,Observation
IND,NE.EXP.GNFS.CD,2021,677769255428.552,observation::IND::NE.EXP.GNFS.CD::2021,Observation
IND,NE.DAB.TOTL.CN,2021,244333552606700.0,observation::IND::NE.DAB.TOTL.CN::2021,Observation
IND,NE.CON.TOTL.KN,2021,102129672527900.0,observation::IND::NE.CON.TOTL.KN::2021,Observation
IND,NE.CON.TOTL.CD,2021,2262278719279.24,observation::IND::NE.CON.TOTL.CD::2021,Observation
IND,NE.CON.PRVT.PC.KD.ZG,2021,10.7618170259252,observation::IND::NE.CON.PRVT.PC.KD.ZG::2021,Observation
IND,NE.CON.PRVT.KD,2021,1698600962463.14,observation::IND::NE.CON.PRVT.KD::2021,Observation
IND,NE.CON.PCAP.PP.KD,2021,5223.79321619139,observation::IND::NE.CON.PCAP.PP.KD::2021,Observation
IND,NE.CON.GOVT.KD.ZG,2021,0.0182075849697156,observation::IND::NE.CON.GOVT.KD.ZG::2021,Observation
IND,MS.MIL.XPRT.KD,2021,54000000.0,observation::IND::MS.MIL.XPRT.KD::2021,Observation
IND,MS.MIL.XPND.CD,2021,76348538793.9209,observation::IND::MS.MIL.XPND.CD::2021,Observation
IND,IT.NET.SECR.P6,2021,528.190455501333,observation::IND::IT.NET.SECR.P6::2021,Observation
IND,IT.MLT.MAIN.P2,2021,1.68106954500994,observation::IND::IT.MLT.MAIN.P2::2021,Observation
IND,IS.SHP.GOOD.TU,2021,19561769.0,observation::IND::IS.SHP.GOOD.TU::2021,Observation
IND,IS.RRS.GOOD.MT.K6,2021,719762.0,observation::IND::IS.RRS.GOOD.MT.K6::2021,Observation
IND,IQ.SPI.PIL5,2021,55.0,observation::IND::IQ.SPI.PIL5::2021,Observation
IND,IQ.SPI.PIL1,2021,80.0,observation::IND::IQ.SPI.PIL1::2021,Observation
IND,VC.IHR.PSRC.P5,2021,2.92249230234054,observation::IND::VC.IHR.PSRC.P5::2021,Observation
IND,VC.IDP.NWCV,2021,13000.0,observation::IND::VC.IDP.NWCV::2021,Observation
IND,TX.VAL.TECH.MF.ZS,2021,10.2125596625118,observation::IND::TX.VAL.TECH.MF.ZS::2021,Observation
IND,TX.VAL.MRCH.XD.WD,2021,147.6,observation::IND::TX.VAL.MRCH.XD.WD::2021,Observation
IND,TX.VAL.MRCH.R6.ZS,2021,8.08798575027641,observation::IND::TX.VAL.MRCH.R6.ZS::2021,Observation
IND,TX.VAL.MRCH.R2.ZS,2021,2.27050701087456,observation::IND::TX.VAL.MRCH.R2.ZS::2021,Observation
IND,TX.VAL.MRCH.CD.WT,2021,395426000000.0,observation::IND::TX.VAL.MRCH.CD.WT::2021,Observation
IND,TX.VAL.INSF.ZS.WT,2021,3.40834666151049,observation::IND::TX.VAL.INSF.ZS.WT::2021,Observation
IND,TX.VAL.AGRI.ZS.UN,2021,1.46901995334455,observation::IND::TX.VAL.AGRI.ZS.UN::2021,Observation
IND,TT.PRI.MRCH.XD.WD,2021,91.0,observation::IND::TT.PRI.MRCH.XD.WD::2021,Observation
IND,TM.VAL.OTHR.ZS.WT,2021,61.703690258841,observation::IND::TM.VAL.OTHR.ZS.WT::2021,Observation
IND,TM.VAL.MRCH.RS.ZS,2021,0.0173650066596097,observation::IND::TM.VAL.MRCH.RS.ZS::2021,Observation
IND,TM.VAL.MRCH.R3.ZS,2021,3.88078477591804,observation::IND::TM.VAL.MRCH.R3.ZS::2021,Observation
IND,TM.VAL.MRCH.HI.ZS,2021,57.8315974583148,observation::IND::TM.VAL.MRCH.HI.ZS::2021,Observation
IND,TM.VAL.MANF.ZS.UN,2021,47.945167920397,observation::IND::TM.VAL.MANF.ZS.UN::2021,Observation
IND,TM.VAL.FOOD.ZS.UN,2021,5.05246462548225,observation::IND::TM.VAL.FOOD.ZS.UN::2021,Observation
IND,TM.TAX.TCOM.WM.AR.ZS,2021,3.52,observation::IND::TM.TAX.TCOM.WM.AR.ZS::2021,Observation
IND,TM.TAX.TCOM.BC.ZS,2021,76.92,observation::IND::TM.TAX.TCOM.BC.ZS::2021,Observation
IND,TM.TAX.MRCH.SM.AR.ZS,2021,9.86,observation::IND::TM.TAX.MRCH.SM.AR.ZS::2021,Observation
IND,TM.TAX.MANF.WM.AR.ZS,2021,6.79,observation::IND::TM.TAX.MANF.WM.AR.ZS::2021,Observation
IND,TM.TAX.MANF.BC.ZS,2021,73.62,observation::IND::TM.TAX.MANF.BC.ZS::2021,Observation
IND,SP.URB.GROW,2021,1.73813803578169,observation::IND::SP.URB.GROW::2021,Observation
IND,SP.REG.BRTH.MA.ZS,2021,88.8,observation::IND::SP.REG.BRTH.MA.ZS::2021,Observation
IND,SP.POP.TOTL.FE.ZS,2021,48.3862189133723,observation::IND::SP.POP.TOTL.FE.ZS::2021,Observation
IND,SP.POP.DPND,2021,48.0405766189907,observation::IND::SP.POP.DPND::2021,Observation
IND,SP.POP.7579.MA.5Y,2021,0.943020715675695,observation::IND::SP.POP.7579.MA.5Y::2021,Observation
IND,SP.POP.65UP.TO.ZS,2021,6.54579069268807,observation::IND::SP.POP.65UP.TO.ZS::2021,Observation
IND,SP.POP.65UP.FE.ZS,2021,7.12127246756211,observation::IND::SP.POP.65UP.FE.ZS::2021,Observation
IND,SP.POP.6064.MA.5Y,2021,3.39929629642604,observation::IND::SP.POP.6064.MA.5Y::2021,Observation
IND,SP.POP.5054.MA.5Y,2021,4.88310138732328,observation::IND::SP.POP.5054.MA.5Y::2021,Observation
IND,SP.POP.4044.MA.5Y,2021,6.55950266653957,observation::IND::SP.POP.4044.MA.5Y::2021,Observation
IND,SP.POP.3034.MA.5Y,2021,8.25238976935113,observation::IND::SP.POP.3034.MA.5Y::2021,Observation
IND,SP.POP.2024.MA.5Y,2021,9.19530061058965,observation::IND::SP.POP.2024.MA.5Y::2021,Observation
IND,SP.POP.1564.MA.ZS,2021,67.7887735130731,observation::IND::SP.POP.1564.MA.ZS::2021,Observation
IND,SP.POP.1519.MA.5Y,2021,9.36791389939894,observation::IND::SP.POP.1519.MA.5Y::2021,Observation
IND,SP.POP.0509.MA.5Y,2021,8.75956414334217,observation::IND::SP.POP.0509.MA.5Y::2021,Observation
IND,SP.POP.0014.MA.ZS,2021,26.2049309940379,observation::IND::SP.POP.0014.MA.ZS::2021,Observation
IND,SP.POP.0004.MA.5Y,2021,8.34197065828363,observation::IND::SP.POP.0004.MA.5Y::2021,Observation
IND,SP.M15.2024.FE.ZS,2021,4.0,observation::IND::SP.M15.2024.FE.ZS::2021,Observation
IND,SP.DYN.TO65.FE.ZS,2021,69.548678,observation::IND::SP.DYN.TO65.FE.ZS::2021,Observation
IND,SP.DYN.LE00.FE.IN,2021,68.835,observation::IND::SP.DYN.LE00.FE.IN::2021,Observation
IND,SP.DYN.CONU.ZS,2021,66.7,observation::IND::SP.DYN.CONU.ZS::2021,Observation
IND,SP.DYN.AMRT.MA,2021,251.736,observation::IND::SP.DYN.AMRT.MA::2021,Observation
IND,DT.NFL.WHOL.CD,2021,7610899.92523193,observation::IND::DT.NFL.WHOL.CD::2021,Observation
IND,DT.NFL.UNDP.CD,2021,3862217.90313721,observation::IND::DT.NFL.UNDP.CD::2021,Observation
IND,DT.NFL.UNCF.CD,2021,48882999.420166,observation::IND::DT.NFL.UNCF.CD::2021,Observation
IND,DT.NFL.PROP.CD,2021,-5847000.0,observation::IND::DT.NFL.PROP.CD::2021,Observation
IND,DT.NFL.PCBK.CD,2021,5746955000.0,observation::IND::DT.NFL.PCBK.CD::2021,Observation
IND,DT.NFL.MOTH.CD,2021,166079332.4,observation::IND::DT.NFL.MOTH.CD::2021,Observation
IND,DT.NFL.BOND.CD,2021,9671645000.0,observation::IND::DT.NFL.BOND.CD::2021,Observation
IND,VC.IHR.PSRC.MA.P5,2021,3.33152777551067,observation::IND::VC.IHR.PSRC.MA.P5::2021,Observation
IND,VC.BTL.DETH,2021,430.0,observation::IND::VC.BTL.DETH::2021,Observation
IND,TX.VAL.TECH.CD,2021,27447578528.0,observation::IND::TX.VAL.TECH.CD::2021,Observation
IND,TX.VAL.MRCH.WR.ZS,2021,7.79386583850088,observation::IND::TX.VAL.MRCH.WR.ZS::2021,Observation
IND,TX.VAL.MRCH.R5.ZS,2021,7.79386583850088,observation::IND::TX.VAL.MRCH.R5.ZS::2021,Observation
IND,TX.VAL.MRCH.R1.ZS,2021,13.5183881201796,observation::IND::TX.VAL.MRCH.R1.ZS::2021,Observation
IND,TX.VAL.MRCH.AL.ZS,2021,13.17708004855,observation::IND::TX.VAL.MRCH.AL.ZS::2021,Observation
IND,TX.VAL.ICTG.ZS.UN,2021,2.23,observation::IND::TX.VAL.ICTG.ZS.UN::2021,Observation
IND,TX.UVI.MRCH.XD.WD,2021,114.2,observation::IND::TX.UVI.MRCH.XD.WD::2021,Observation
IND,TM.VAL.TRVL.ZS.WT,2021,10.4209170752913,observation::IND::TM.VAL.TRVL.ZS.WT::2021,Observation
IND,TM.VAL.MRCH.XD.WD,2021,145.4,observation::IND::TM.VAL.MRCH.XD.WD::2021,Observation
IND,TM.VAL.MRCH.R6.ZS,2021,6.72909268070993,observation::IND::TM.VAL.MRCH.R6.ZS::2021,Observation
IND,TM.VAL.MRCH.R2.ZS,2021,1.0312277976301,observation::IND::TM.VAL.MRCH.R2.ZS::2021,Observation
IND,TM.VAL.MRCH.CD.WT,2021,573092000000.0,observation::IND::TM.VAL.MRCH.CD.WT::2021,Observation
IND,TM.VAL.INSF.ZS.WT,2021,5.64223665215415,observation::IND::TM.VAL.INSF.ZS.WT::2021,Observation
IND,TM.VAL.AGRI.ZS.UN,2021,1.64553718536795,observation::IND::TM.VAL.AGRI.ZS.UN::2021,Observation
IND,TM.TAX.TCOM.SM.FN.ZS,2021,24.74,observation::IND::TM.TAX.TCOM.SM.FN.ZS::2021,Observation
IND,TM.TAX.MRCH.WM.FN.ZS,2021,7.31,observation::IND::TM.TAX.MRCH.WM.FN.ZS::2021,Observation
IND,TM.TAX.MRCH.BR.ZS,2021,51.96,observation::IND::TM.TAX.MRCH.BR.ZS::2021,Observation
IND,TM.TAX.MANF.SM.FN.ZS,2021,11.25,observation::IND::TM.TAX.MANF.SM.FN.ZS::2021,Observation
IND,TM.QTY.MRCH.XD.WD,2021,115.9,observation::IND::TM.QTY.MRCH.XD.WD::2021,Observation
IND,SP.UWT.TFRT,2021,9.4,observation::IND::SP.UWT.TFRT::2021,Observation
IND,SP.RUR.TOTL.ZS,2021,65.5574482818696,observation::IND::SP.RUR.TOTL.ZS::2021,Observation
IND,SP.REG.BRTH.ZS,2021,89.1,observation::IND::SP.REG.BRTH.ZS::2021,Observation
IND,SP.REG.BRTH.FE.ZS,2021,89.4,observation::IND::SP.REG.BRTH.FE.ZS::2021,Observation
IND,SP.POP.TOTL.FE.IN,2021,684279793.0,observation::IND::SP.POP.TOTL.FE.IN::2021,Observation
IND,SP.POP.GROW,2021,0.822648220128724,observation::IND::SP.POP.GROW::2021,Observation
IND,SP.POP.BRTH.MF,2021,1.077,observation::IND::SP.POP.BRTH.MF::2021,Observation
IND,SP.POP.7579.FE.5Y,2021,1.18894077879047,observation::IND::SP.POP.7579.FE.5Y::2021,Observation
IND,SP.POP.65UP.TO,2021,92570827.0,observation::IND::SP.POP.65UP.TO::2021,Observation
IND,SP.POP.65UP.FE.IN,2021,48729429.0,observation::IND::SP.POP.65UP.FE.IN::2021,Observation
IND,SP.POP.6064.FE.5Y,2021,3.6111615822623,observation::IND::SP.POP.6064.FE.5Y::2021,Observation
IND,SP.POP.5054.FE.5Y,2021,5.03129529063852,observation::IND::SP.POP.5054.FE.5Y::2021,Observation
IND,SP.POP.4044.FE.5Y,2021,6.52456589493356,observation::IND::SP.POP.4044.FE.5Y::2021,Observation
IND,SP.POP.3034.FE.5Y,2021,8.11784398257103,observation::IND::SP.POP.3034.FE.5Y::2021,Observation
IND,SP.POP.2024.FE.5Y,2021,8.88512522537692,observation::IND::SP.POP.2024.FE.5Y::2021,Observation
IND,SP.POP.1564.MA.IN,2021,494806597.0,observation::IND::SP.POP.1564.MA.IN::2021,Observation
IND,SP.POP.1519.FE.5Y,2021,9.07505769354203,observation::IND::SP.POP.1519.FE.5Y::2021,Observation
IND,SP.POP.0509.FE.5Y,2021,8.5410675717557,observation::IND::SP.POP.0509.FE.5Y::2021,Observation
IND,SP.POP.0014.MA.IN,2021,191276108.0,observation::IND::SP.POP.0014.MA.IN::2021,Observation
IND,SP.POP.0004.FE.5Y,2021,8.21230227384487,observation::IND::SP.POP.0004.FE.5Y::2021,Observation
IND,SP.HOU.FEMA.ZS,2021,17.5,observation::IND::SP.HOU.FEMA.ZS::2021,Observation
IND,SP.DYN.TFRT.IN,2021,2.014,observation::IND::SP.DYN.TFRT.IN::2021,Observation
IND,SP.DYN.IMRT.MA.IN,2021,27.1,observation::IND::SP.DYN.IMRT.MA.IN::2021,Observation
IND,SP.DYN.CONM.ZS,2021,56.4,observation::IND::SP.DYN.CONM.ZS::2021,Observation
IND,SP.DYN.AMRT.FE,2021,184.498,observation::IND::SP.DYN.AMRT.FE::2021,Observation
IND,SM.POP.RHCR.EA,2021,212413.0,observation::IND::SM.POP.RHCR.EA::2021,Observation
IND,SM.POP.IDPC,2021,506000.0,observation::IND::SM.POP.IDPC::2021,Observation
IND,SL.UEM.TOTL.NE.ZS,2021,6.38,observation::IND::SL.UEM.TOTL.NE.ZS::2021,Observation
IND,DT.NFL.WFPG.CD,2021,32310.001552105,observation::IND::DT.NFL.WFPG.CD::2021,Observation
IND,DT.NFL.UNFP.CD,2021,6585881.23321533,observation::IND::DT.NFL.UNFP.CD::2021,Observation
IND,DT.NFL.RDBN.CD,2021,737551000.0,observation::IND::DT.NFL.RDBN.CD::2021,Observation
IND,DT.NFL.PNGC.CD,2021,419307000.0,observation::IND::DT.NFL.PNGC.CD::2021,Observation
IND,DT.NFL.PBND.CD,2021,3847019000.0,observation::IND::DT.NFL.PBND.CD::2021,Observation
IND,DT.NFL.MLAT.CD,2021,3881121000.0,observation::IND::DT.NFL.MLAT.CD::2021,Observation
IND,DT.NFL.IMFC.CD,2021,0.0,observation::IND::DT.NFL.IMFC.CD::2021,Observation
IND,DT.NFL.FAOG.CD,2021,848659.992218018,observation::IND::DT.NFL.FAOG.CD::2021,Observation
IND,DT.NFL.BLAT.CD,2021,2915497938.1,observation::IND::DT.NFL.BLAT.CD::2021,Observation
IND,DT.DOD.MWBG.CD,2021,39741584000.0,observation::IND::DT.DOD.MWBG.CD::2021,Observation
IND,DT.DOD.DSTC.XP.ZS,2021,17.1933058903286,observation::IND::DT.DOD.DSTC.XP.ZS::2021,Observation
IND,DT.DOD.DPNG.CD,2021,268901719000.0,observation::IND::DT.DOD.DPNG.CD::2021,Observation
IND,DT.DOD.DECT.CD,2021,611987174447.7,observation::IND::DT.DOD.DECT.CD::2021,Observation
IND,VC.IDP.NWDS,2021,4903000.0,observation::IND::VC.IDP.NWDS::2021,Observation
IND,TX.VAL.TRAN.ZS.WT,2021,12.2330383797677,observation::IND::TX.VAL.TRAN.ZS.WT::2021,Observation
IND,TX.VAL.OTHR.ZS.WT,2021,80.752146070834,observation::IND::TX.VAL.OTHR.ZS.WT::2021,Observation
IND,TX.VAL.MRCH.RS.ZS,2021,0.0791654847597489,observation::IND::TX.VAL.MRCH.RS.ZS::2021,Observation
IND,TX.VAL.MRCH.R3.ZS,2021,4.1303124749616,observation::IND::TX.VAL.MRCH.R3.ZS::2021,Observation
IND,TX.VAL.MRCH.HI.ZS,2021,61.2429625828386,observation::IND::TX.VAL.MRCH.HI.ZS::2021,Observation
IND,TX.VAL.MANF.ZS.UN,2021,68.0733689919056,observation::IND::TX.VAL.MANF.ZS.UN::2021,Observation
IND,TX.VAL.FOOD.ZS.UN,2021,11.3192946488259,observation::IND::TX.VAL.FOOD.ZS.UN::2021,Observation
IND,TX.MNF.TECH.ZS.UN,2021,35.6107858665442,observation::IND::TX.MNF.TECH.ZS.UN::2021,Observation
IND,TM.VAL.SERV.CD.WT,2021,137035269820.223,observation::IND::TM.VAL.SERV.CD.WT::2021,Observation
IND,TM.VAL.MRCH.WL.CD,2021,569859021305.0,observation::IND::TM.VAL.MRCH.WL.CD::2021,Observation
IND,TM.VAL.MRCH.R4.ZS,2021,6.11316865199802,observation::IND::TM.VAL.MRCH.R4.ZS::2021,Observation
IND,TM.VAL.MRCH.OR.ZS,2021,41.2697683375143,observation::IND::TM.VAL.MRCH.OR.ZS::2021,Observation
IND,TM.VAL.MMTL.ZS.UN,2021,5.46113363990412,observation::IND::TM.VAL.MMTL.ZS.UN::2021,Observation
IND,TM.VAL.FUEL.ZS.UN,2021,29.8728403228095,observation::IND::TM.VAL.FUEL.ZS.UN::2021,Observation
IND,TM.TAX.TCOM.WM.FN.ZS,2021,4.59,observation::IND::TM.TAX.TCOM.WM.FN.ZS::2021,Observation
IND,TM.TAX.TCOM.BR.ZS,2021,93.29,observation::IND::TM.TAX.TCOM.BR.ZS::2021,Observation
IND,TM.TAX.MRCH.SM.FN.ZS,2021,14.85,observation::IND::TM.TAX.MRCH.SM.FN.ZS::2021,Observation
IND,TM.TAX.MANF.WM.FN.ZS,2021,8.55,observation::IND::TM.TAX.MANF.WM.FN.ZS::2021,Observation
IND,TM.TAX.MANF.BR.ZS,2021,35.26,observation::IND::TM.TAX.MANF.BR.ZS::2021,Observation
IND,SP.URB.TOTL,2021,487087908.0,observation::IND::SP.URB.TOTL::2021,Observation
IND,SP.RUR.TOTL,2021,927115988.0,observation::IND::SP.RUR.TOTL::2021,Observation
IND,SP.REG.BRTH.RU.ZS,2021,87.5,observation::IND::SP.REG.BRTH.RU.ZS::2021,Observation
IND,SP.POP.TOTL.MA.IN,2021,729924103.0,observation::IND::SP.POP.TOTL.MA.IN::2021,Observation
IND,SP.POP.DPND.OL,2021,9.69042628572764,observation::IND::SP.POP.DPND.OL::2021,Observation
IND,SP.POP.80UP.FE.5Y,2021,1.1867719291252,observation::IND::SP.POP.80UP.FE.5Y::2021,Observation
IND,SP.POP.7074.FE.5Y,2021,1.9036370989257,observation::IND::SP.POP.7074.FE.5Y::2021,Observation
IND,SP.POP.65UP.MA.IN,2021,43841398.0,observation::IND::SP.POP.65UP.MA.IN::2021,Observation
IND,SP.POP.6569.FE.5Y,2021,2.84192266072074,observation::IND::SP.POP.6569.FE.5Y::2021,Observation
IND,SP.POP.5559.FE.5Y,2021,4.32899178129026,observation::IND::SP.POP.5559.FE.5Y::2021,Observation
IND,SP.POP.4549.FE.5Y,2021,5.77753638269426,observation::IND::SP.POP.4549.FE.5Y::2021,Observation
IND,SP.POP.3539.FE.5Y,2021,7.43071686759571,observation::IND::SP.POP.3539.FE.5Y::2021,Observation
IND,SP.POP.2529.FE.5Y,2021,8.51103687347962,observation::IND::SP.POP.2529.FE.5Y::2021,Observation
IND,SP.POP.1564.TO,2021,955281267.0,observation::IND::SP.POP.1564.TO::2021,Observation
IND,SP.POP.1564.FE.IN,2021,460474670.0,observation::IND::SP.POP.1564.FE.IN::2021,Observation
IND,SP.POP.1014.FE.5Y,2021,8.83202611245309,observation::IND::SP.POP.1014.FE.5Y::2021,Observation
IND,SP.POP.0014.TO,2021,366351802.0,observation::IND::SP.POP.0014.TO::2021,Observation
IND,SP.POP.0014.FE.IN,2021,175075695.0,observation::IND::SP.POP.0014.FE.IN::2021,Observation
IND,SP.M18.2024.FE.ZS,2021,22.3,observation::IND::SP.M18.2024.FE.ZS::2021,Observation
IND,SP.DYN.TO65.MA.ZS,2021,61.782711,observation::IND::SP.DYN.TO65.MA.ZS::2021,Observation
IND,SP.DYN.LE00.IN,2021,67.282,observation::IND::SP.DYN.LE00.IN::2021,Observation
IND,SP.DYN.IMRT.FE.IN,2021,26.8,observation::IND::SP.DYN.IMRT.FE.IN::2021,Observation
IND,SP.DYN.CBRT.IN,2021,16.491,observation::IND::SP.DYN.CBRT.IN::2021,Observation
IND,SN.ITK.DEFC.ZS,2021,14.3,observation::IND::SN.ITK.DEFC.ZS::2021,Observation
IND,DT.NFL.UNWN.CD,2021,1388380.05065918,observation::IND::DT.NFL.UNWN.CD::2021,Observation
IND,DT.NFL.UNIDO.CD,2021,487.000012071803,observation::IND::DT.NFL.UNIDO.CD::2021,Observation
IND,DT.NFL.UNCR.CD,2021,7075920.10498047,observation::IND::DT.NFL.UNCR.CD::2021,Observation
IND,DT.NFL.SPRP.CD,2021,4438899.99389648,observation::IND::DT.NFL.SPRP.CD::2021,Observation
IND,DT.NFL.PRVT.CD,2021,9588127000.0,observation::IND::DT.NFL.PRVT.CD::2021,Observation
IND,DT.NFL.PCBO.CD,2021,6160415000.0,observation::IND::DT.NFL.PCBO.CD::2021,Observation
IND,DT.NFL.NIFC.CD,2021,-215155533.0,observation::IND::DT.NFL.NIFC.CD::2021,Observation
IND,DT.NFL.MIBR.CD,2021,1169498000.0,observation::IND::DT.NFL.MIBR.CD::2021,Observation
IND,VC.IHR.PSRC.FE.P5,2021,2.48617246080331,observation::IND::VC.IHR.PSRC.FE.P5::2021,Observation
IND,TX.VAL.TRVL.ZS.WT,2021,3.60646888788782,observation::IND::TX.VAL.TRVL.ZS.WT::2021,Observation
IND,TX.VAL.SERV.CD.WT,2021,239853747442.247,observation::IND::TX.VAL.SERV.CD.WT::2021,Observation
IND,TX.VAL.MRCH.WL.CD,2021,393560716448.0,observation::IND::TX.VAL.MRCH.WL.CD::2021,Observation
IND,TX.VAL.MRCH.R4.ZS,2021,2.87681273760867,observation::IND::TX.VAL.MRCH.R4.ZS::2021,Observation
IND,TX.VAL.MRCH.OR.ZS,2021,30.8840060939008,observation::IND::TX.VAL.MRCH.OR.ZS::2021,Observation
IND,TX.VAL.MMTL.ZS.UN,2021,4.82679996577803,observation::IND::TX.VAL.MMTL.ZS.UN::2021,Observation
IND,TX.VAL.FUEL.ZS.UN,2021,14.2846592727887,observation::IND::TX.VAL.FUEL.ZS.UN::2021,Observation
IND,TX.QTY.MRCH.XD.WD,2021,129.2,observation::IND::TX.QTY.MRCH.XD.WD::2021,Observation
IND,TM.VAL.TRAN.ZS.WT,2021,22.2331560137136,observation::IND::TM.VAL.TRAN.ZS.WT::2021,Observation
IND,TM.VAL.MRCH.WR.ZS,2021,0.881269197511244,observation::IND::TM.VAL.MRCH.WR.ZS::2021,Observation
IND,TM.VAL.MRCH.R5.ZS,2021,0.881269197511244,observation::IND::TM.VAL.MRCH.R5.ZS::2021,Observation
IND,TM.VAL.MRCH.R1.ZS,2021,23.5154944312582,observation::IND::TM.VAL.MRCH.R1.ZS::2021,Observation
IND,TM.VAL.MRCH.AL.ZS,2021,23.3282063122502,observation::IND::TM.VAL.MRCH.AL.ZS::2021,Observation
IND,TM.VAL.ICTG.ZS.UN,2021,9.39,observation::IND::TM.VAL.ICTG.ZS.UN::2021,Observation
IND,TM.UVI.MRCH.XD.WD,2021,125.5,observation::IND::TM.UVI.MRCH.XD.WD::2021,Observation
IND,TM.TAX.TCOM.SM.AR.ZS,2021,17.15,observation::IND::TM.TAX.TCOM.SM.AR.ZS::2021,Observation
IND,TM.TAX.MRCH.WM.AR.ZS,2021,5.87,observation::IND::TM.TAX.MRCH.WM.AR.ZS::2021,Observation
IND,TM.TAX.MRCH.BC.ZS,2021,74.39,observation::IND::TM.TAX.MRCH.BC.ZS::2021,Observation
IND,TM.TAX.MANF.SM.AR.ZS,2021,8.8,observation::IND::TM.TAX.MANF.SM.AR.ZS::2021,Observation
IND,TG.VAL.TOTL.GD.ZS,2021,30.5789468347666,observation::IND::TG.VAL.TOTL.GD.ZS::2021,Observation
IND,SP.URB.TOTL.IN.ZS,2021,34.4425517181304,observation::IND::SP.URB.TOTL.IN.ZS::2021,Observation
IND,SP.RUR.TOTL.ZG,2021,0.345005952960715,observation::IND::SP.RUR.TOTL.ZG::2021,Observation
IND,SP.REG.BRTH.UR.ZS,2021,93.3,observation::IND::SP.REG.BRTH.UR.ZS::2021,Observation
IND,SP.POP.TOTL.MA.ZS,2021,51.6137810866277,observation::IND::SP.POP.TOTL.MA.ZS::2021,Observation
IND,SP.POP.TOTL,2021,1414203896.0,observation::IND::SP.POP.TOTL::2021,Observation
IND,SP.POP.DPND.YG,2021,38.3501503332631,observation::IND::SP.POP.DPND.YG::2021,Observation
IND,SP.POP.80UP.MA.5Y,2021,0.82839516809325,observation::IND::SP.POP.80UP.MA.5Y::2021,Observation
IND,SP.POP.7074.MA.5Y,2021,1.64363890035838,observation::IND::SP.POP.7074.MA.5Y::2021,Observation
IND,SP.POP.65UP.MA.ZS,2021,6.00629549288907,observation::IND::SP.POP.65UP.MA.ZS::2021,Observation
IND,SP.POP.6569.MA.5Y,2021,2.59124070876174,observation::IND::SP.POP.6569.MA.5Y::2021,Observation
IND,SP.POP.5559.MA.5Y,2021,4.15221642571241,observation::IND::SP.POP.5559.MA.5Y::2021,Observation
IND,SP.POP.4549.MA.5Y,2021,5.69910328060505,observation::IND::SP.POP.4549.MA.5Y::2021,Observation
IND,SP.POP.3539.MA.5Y,2021,7.54114123287144,observation::IND::SP.POP.3539.MA.5Y::2021,Observation
IND,SP.POP.2529.MA.5Y,2021,8.73880794425554,observation::IND::SP.POP.2529.MA.5Y::2021,Observation
IND,SP.POP.1564.TO.ZS,2021,67.5490478920304,observation::IND::SP.POP.1564.TO.ZS::2021,Observation
IND,SP.POP.1564.FE.ZS,2021,67.2933315743842,observation::IND::SP.POP.1564.FE.ZS::2021,Observation
IND,SP.POP.1014.MA.5Y,2021,9.10339619241208,observation::IND::SP.POP.1014.MA.5Y::2021,Observation
IND,SP.POP.0014.TO.ZS,2021,25.9051614152815,observation::IND::SP.POP.0014.TO.ZS::2021,Observation
IND,SP.POP.0014.FE.ZS,2021,25.5853959580537,observation::IND::SP.POP.0014.FE.ZS::2021,Observation
IND,SP.MTR.1519.ZS,2021,6.8,observation::IND::SP.MTR.1519.ZS::2021,Observation
IND,SP.DYN.WFRT,2021,1.6,observation::IND::SP.DYN.WFRT::2021,Observation
IND,SP.DYN.LE00.MA.IN,2021,65.87,observation::IND::SP.DYN.LE00.MA.IN::2021,Observation
IND,SP.DYN.IMRT.IN,2021,27.0,observation::IND::SP.DYN.IMRT.IN::2021,Observation
IND,SP.DYN.CDRT.IN,2021,9.259,observation::IND::SP.DYN.CDRT.IN::2021,Observation
IND,SP.ADO.TFRT,2021,14.289,observation::IND::SP.ADO.TFRT::2021,Observation
IND,SM.POP.FDIP,2021,731781.0,observation::IND::SM.POP.FDIP::2021,Observation
IND,DT.ODA.ALLD.CD,2021,3136778564.45313,observation::IND::DT.ODA.ALLD.CD::2021,Observation
IND,DT.NFL.PNGB.CD,2021,5824626000.0,observation::IND::DT.NFL.PNGB.CD::2021,Observation
IND,DT.NFL.OFFT.CD,2021,6796619270.5,observation::IND::DT.NFL.OFFT.CD::2021,Observation
IND,DT.NFL.MIDA.CD,2021,-463841000.0,observation::IND::DT.NFL.MIDA.CD::2021,Observation
IND,DT.NFL.ILOG.CD,2021,2587899.92332459,observation::IND::DT.NFL.ILOG.CD::2021,Observation
IND,DT.NFL.DPNG.CD,2021,6243933000.0,observation::IND::DT.NFL.DPNG.CD::2021,Observation
IND,IP.PAT.NRES,2021,35306.0,observation::IND::IP.PAT.NRES::2021,Observation
IND,IE.PPN.WATR.CD,2021,278250000.0,observation::IND::IE.PPN.WATR.CD::2021,Observation
IND,IE.PPI.WATR.CD,2021,278250000.0,observation::IND::IE.PPI.WATR.CD::2021,Observation
IND,IC.BUS.NDNS.ZS,2021,0.176381775217479,observation::IND::IC.BUS.NDNS.ZS::2021,Observation
IND,GF.XPD.BUDG.ZS,2021,115.3705,observation::IND::GF.XPD.BUDG.ZS::2021,Observation
IND,FX.OWN.TOTL.SO.ZS,2021,81.3043630861527,observation::IND::FX.OWN.TOTL.SO.ZS::2021,Observation
IND,FX.OWN.TOTL.FE.ZS,2021,77.552612718915,observation::IND::FX.OWN.TOTL.FE.ZS::2021,Observation
IND,FR.INR.RINR,2021,0.316945144211866,observation::IND::FR.INR.RINR::2021,Observation
IND,FP.WPI.TOTL,2021,158.472428284376,observation::IND::FP.WPI.TOTL::2021,Observation
IND,FM.LBL.BMNY.IR.ZS,2021,4.07275742828306,observation::IND::FM.LBL.BMNY.IR.ZS::2021,Observation
IND,FM.AST.PRVT.GD.ZS,2021,36.8920885102897,observation::IND::FM.AST.PRVT.GD.ZS::2021,Observation
IND,IP.TMK.RSCT,2021,435581.0,observation::IND::IP.TMK.RSCT::2021,Observation
IND,IP.JRN.ARTC.SC,2021,179806.22,observation::IND::IP.JRN.ARTC.SC::2021,Observation
IND,IE.PPN.TRAN.CD,2021,5733600000.0,observation::IND::IE.PPN.TRAN.CD::2021,Observation
IND,IE.PPI.TRAN.CD,2021,5733600000.0,observation::IND::IE.PPI.TRAN.CD::2021,Observation
IND,FX.OWN.TOTL.PL.ZS,2021,75.9045265264345,observation::IND::FX.OWN.TOTL.PL.ZS::2021,Observation
IND,FX.OWN.TOTL.60.ZS,2021,77.0477039623167,observation::IND::FX.OWN.TOTL.60.ZS::2021,Observation
IND,FP.CPI.TOTL.ZG,2021,5.13140747176369,observation::IND::FP.CPI.TOTL.ZG::2021,Observation
IND,FM.LBL.BMNY.GD.ZS,2021,82.1020348312414,observation::IND::FM.LBL.BMNY.GD.ZS::2021,Observation
IND,FM.AST.NFRG.CN,2021,48516606405166.1,observation::IND::FM.AST.NFRG.CN::2021,Observation
IND,IP.PAT.RESD,2021,26267.0,observation::IND::IP.PAT.RESD::2021,Observation
IND,IP.IDS.NRCT,2021,3949.0,observation::IND::IP.IDS.NRCT::2021,Observation
IND,IE.PPN.ENGY.CD,2021,1621240000.0,observation::IND::IE.PPN.ENGY.CD::2021,Observation
IND,IE.PPI.ENGY.CD,2021,1621240000.0,observation::IND::IE.PPI.ENGY.CD::2021,Observation
IND,IC.BUS.NREG,2021,167606.0,observation::IND::IC.BUS.NREG::2021,Observation
IND,FX.OWN.TOTL.YG.ZS,2021,67.501931427549,observation::IND::FX.OWN.TOTL.YG.ZS::2021,Observation
IND,FX.OWN.TOTL.MA.ZS,2021,77.5072324191018,observation::IND::FX.OWN.TOTL.MA.ZS::2021,Observation
IND,FS.AST.PRVT.GD.ZS,2021,36.8920885102897,observation::IND::FS.AST.PRVT.GD.ZS::2021,Observation
IND,IP.TMK.NRCT,2021,52878.0,observation::IND::IP.TMK.NRCT::2021,Observation
IND,IP.IDS.RSCT,2021,17497.0,observation::IND::IP.IDS.RSCT::2021,Observation
IND,FX.OWN.TOTL.ZS,2021,77.5291370626274,observation::IND::FX.OWN.TOTL.ZS::2021,Observation
IND,FX.OWN.TOTL.OL.ZS,2021,81.3048883600903,observation::IND::FX.OWN.TOTL.OL.ZS::2021,Observation
IND,FX.OWN.TOTL.40.ZS,2021,78.252760418728,observation::IND::FX.OWN.TOTL.40.ZS::2021,Observation
IND,FS.AST.CGOV.GD.ZS,2021,20.3620372651445,observation::IND::FS.AST.CGOV.GD.ZS::2021,Observation
IND,FM.AST.CGOV.ZG.M3,2021,1.53894062627479,observation::IND::FM.AST.CGOV.ZG.M3::2021,Observation
IND,FI.RES.TOTL.CD,2021,638484779930.836,observation::IND::FI.RES.TOTL.CD::2021,Observation
IND,FB.AST.NPER.ZS,2021,6.54245582956179,observation::IND::FB.AST.NPER.ZS::2021,Observation
IND,ER.H2O.INTR.PC,2021,1022.48339443127,observation::IND::ER.H2O.INTR.PC::2021,Observation
IND,ER.H2O.FWST.ZS,2021,66.49209283,observation::IND::ER.H2O.FWST.ZS::2021,Observation
IND,ER.GDP.FWTL.M3.KD,2021,4.29242974353477,observation::IND::ER.GDP.FWTL.M3.KD::2021,Observation
IND,EN.URB.MCTY.TL.ZS,2021,15.930276789451,observation::IND::EN.URB.MCTY.TL.ZS::2021,Observation
IND,EN.POP.DNST,2021,475.652042419085,observation::IND::EN.POP.DNST::2021,Observation
IND,EN.GHG.N2O.ZG.AR5,2021,102.621230641447,observation::IND::EN.GHG.N2O.ZG.AR5::2021,Observation
IND,EN.GHG.N2O.MT.CE.AR5,2021,258.0971,observation::IND::EN.GHG.N2O.MT.CE.AR5::2021,Observation
IND,EN.GHG.N2O.BU.MT.CE.AR5,2021,7.8984,observation::IND::EN.GHG.N2O.BU.MT.CE.AR5::2021,Observation
IND,EN.GHG.CO2.PI.MT.CE.AR5,2021,1185.7659,observation::IND::EN.GHG.CO2.PI.MT.CE.AR5::2021,Observation
IND,EN.GHG.CO2.LU.OL.MT.CE.AR5,2021,-350.172,observation::IND::EN.GHG.CO2.LU.OL.MT.CE.AR5::2021,Observation
IND,EN.GHG.CO2.IP.MT.CE.AR5,2021,206.5899,observation::IND::EN.GHG.CO2.IP.MT.CE.AR5::2021,Observation
IND,EN.GHG.CO2.AG.MT.CE.AR5,2021,29.2446,observation::IND::EN.GHG.CO2.AG.MT.CE.AR5::2021,Observation
IND,EN.GHG.CH4.PI.MT.CE.AR5,2021,1.0215,observation::IND::EN.GHG.CH4.PI.MT.CE.AR5::2021,Observation
IND,EN.GHG.CH4.FE.MT.CE.AR5,2021,79.1489,observation::IND::EN.GHG.CH4.FE.MT.CE.AR5::2021,Observation
IND,EN.GHG.ALL.MT.CE.AR5,2021,3719.5632,observation::IND::EN.GHG.ALL.MT.CE.AR5::2021,Observation
IND,EG.USE.ELEC.KH.PC,2021,963.363913685612,observation::IND::EG.USE.ELEC.KH.PC::2021,Observation
IND,EG.USE.COMM.CL.ZS,2021,4.24,observation::IND::EG.USE.COMM.CL.ZS::2021,Observation
IND,EG.FEC.RNEW.ZS,2021,34.9,observation::IND::EG.FEC.RNEW.ZS::2021,Observation
IND,EG.ELC.PETR.ZS,2021,0.276147211701455,observation::IND::EG.ELC.PETR.ZS::2021,Observation
IND,EG.ELC.HYRO.ZS,2021,9.92681701687682,observation::IND::EG.ELC.HYRO.ZS::2021,Observation
IND,EG.ELC.ACCS.UR.ZS,2021,100.0,observation::IND::EG.ELC.ACCS.UR.ZS::2021,Observation
IND,EG.CFT.ACCS.UR.ZS,2021,93.3,observation::IND::EG.CFT.ACCS.UR.ZS::2021,Observation
IND,DT.TDS.DPPG.XP.ZS,2021,2.43094119175508,observation::IND::DT.TDS.DPPG.XP.ZS::2021,Observation
IND,DT.TDS.DIMF.CD,2021,12513385.7,observation::IND::DT.TDS.DIMF.CD::2021,Observation
IND,DT.ODA.ODAT.GN.ZS,2021,0.10021711669804,observation::IND::DT.ODA.ODAT.GN.ZS::2021,Observation
IND,FI.RES.XGLD.CD,2021,594356484008.549,observation::IND::FI.RES.XGLD.CD::2021,Observation
IND,FD.RES.LIQU.AS.ZS,2021,11.1712331237836,observation::IND::FD.RES.LIQU.AS.ZS::2021,Observation
IND,FB.CBK.BRCH.P5,2021,14.4205333373614,observation::IND::FB.CBK.BRCH.P5::2021,Observation
IND,ER.PTD.TOTL.ZS,2021,4.4,observation::IND::ER.PTD.TOTL.ZS::2021,Observation
IND,ER.H2O.INTR.K3,2021,1446.0,observation::IND::ER.H2O.INTR.K3::2021,Observation
IND,ER.H2O.FWIN.ZS,2021,2.23390276,observation::IND::ER.H2O.FWIN.ZS::2021,Observation
IND,ER.FSH.PROD.MT,2021,14433205.002,observation::IND::ER.FSH.PROD.MT::2021,Observation
IND,EN.URB.MCTY,2021,225286595.0,observation::IND::EN.URB.MCTY::2021,Observation
IND,EN.GHG.N2O.WA.MT.CE.AR5,2021,17.6951,observation::IND::EN.GHG.N2O.WA.MT.CE.AR5::2021,Observation
IND,EN.GHG.N2O.IP.MT.CE.AR5,2021,15.667,observation::IND::EN.GHG.N2O.IP.MT.CE.AR5::2021,Observation
IND,EN.GHG.N2O.AG.MT.CE.AR5,2021,185.5948,observation::IND::EN.GHG.N2O.AG.MT.CE.AR5::2021,Observation
IND,EN.GHG.CO2.TR.MT.CE.AR5,2021,295.0913,observation::IND::EN.GHG.CO2.TR.MT.CE.AR5::2021,Observation
IND,EN.GHG.CO2.PC.CE.AR5,2021,1.83702951699406,observation::IND::EN.GHG.CO2.PC.CE.AR5::2021,Observation
IND,EN.GHG.CO2.LU.MT.CE.AR5,2021,-485.471,observation::IND::EN.GHG.CO2.LU.MT.CE.AR5::2021,Observation
IND,EN.GHG.CO2.IC.MT.CE.AR5,2021,592.5962,observation::IND::EN.GHG.CO2.IC.MT.CE.AR5::2021,Observation
IND,EN.GHG.CH4.ZG.AR5,2021,29.9128020872796,observation::IND::EN.GHG.CH4.ZG.AR5::2021,Observation
IND,EN.GHG.CH4.MT.CE.AR5,2021,801.754,observation::IND::EN.GHG.CH4.MT.CE.AR5::2021,Observation
IND,EN.GHG.CH4.BU.MT.CE.AR5,2021,37.6247,observation::IND::EN.GHG.CH4.BU.MT.CE.AR5::2021,Observation
IND,EN.GHG.ALL.LU.MT.CE.AR5,2021,3234.0922,observation::IND::EN.GHG.ALL.LU.MT.CE.AR5::2021,Observation
IND,EG.USE.CRNW.ZS,2021,21.3010129061167,observation::IND::EG.USE.CRNW.ZS::2021,Observation
IND,EG.IMP.CONS.ZS,2021,35.0355799640062,observation::IND::EG.IMP.CONS.ZS::2021,Observation
IND,EG.ELC.RNWX.ZS,2021,9.20447543029223,observation::IND::EG.ELC.RNWX.ZS::2021,Observation
IND,EG.ELC.NUCL.ZS,2021,2.87892176093803,observation::IND::EG.ELC.NUCL.ZS::2021,Observation
IND,EG.ELC.FOSL.ZS,2021,75.5798235933236,observation::IND::EG.ELC.FOSL.ZS::2021,Observation
IND,EG.ELC.ACCS.RU.ZS,2021,99.3,observation::IND::EG.ELC.ACCS.RU.ZS::2021,Observation
IND,EG.CFT.ACCS.RU.ZS,2021,56.1,observation::IND::EG.CFT.ACCS.RU.ZS::2021,Observation
IND,DT.TDS.DPPG.GN.ZS,2021,0.517872335516498,observation::IND::DT.TDS.DPPG.GN.ZS::2021,Observation
IND,DT.TDS.DECT.GN.ZS,2021,1.66395504956966,observation::IND::DT.TDS.DECT.GN.ZS::2021,Observation
IND,DT.ODA.ODAT.PC.ZS,2021,2.218052554745,observation::IND::DT.ODA.ODAT.PC.ZS::2021,Observation
IND,DT.ODA.ODAT.GI.ZS,2021,0.308375342073481,observation::IND::DT.ODA.ODAT.GI.ZS::2021,Observation
IND,DT.ODA.ALLD.KD,2021,2724383789.0625,observation::IND::DT.ODA.ALLD.KD::2021,Observation
IND,FM.LBL.BMNY.ZG,2021,11.2971056705459,observation::IND::FM.LBL.BMNY.ZG::2021,Observation
IND,FM.AST.PRVT.ZG.M3,2021,3.4911896783905,observation::IND::FM.AST.PRVT.ZG.M3::2021,Observation
IND,FM.AST.DOMO.ZG.M3,2021,7.6224609003918,observation::IND::FM.AST.DOMO.ZG.M3::2021,Observation
IND,FI.RES.TOTL.DT.ZS,2021,104.329764836502,observation::IND::FI.RES.TOTL.DT.ZS::2021,Observation
IND,FB.ATM.TOTL.P5,2021,21.2061324217161,observation::IND::FB.ATM.TOTL.P5::2021,Observation
IND,ER.LND.PTLD.ZS,2021,7.5,observation::IND::ER.LND.PTLD.ZS::2021,Observation
IND,ER.H2O.FWTL.K3,2021,647.5,observation::IND::ER.H2O.FWTL.K3::2021,Observation
IND,ER.H2O.FWAG.ZS,2021,90.40735874,observation::IND::ER.H2O.FWAG.ZS::2021,Observation
IND,ER.FSH.AQUA.MT,2021,9408300.0,observation::IND::ER.FSH.AQUA.MT::2021,Observation
IND,EN.URB.LCTY,2021,31181377.0,observation::IND::EN.URB.LCTY::2021,Observation
IND,EN.GHG.TOT.ZG.AR5,2021,174.779747772804,observation::IND::EN.GHG.TOT.ZG.AR5::2021,Observation
IND,EN.GHG.N2O.PI.MT.CE.AR5,2021,19.3949,observation::IND::EN.GHG.N2O.PI.MT.CE.AR5::2021,Observation
IND,EN.GHG.N2O.FE.MT.CE.AR5,2021,0.163,observation::IND::EN.GHG.N2O.FE.MT.CE.AR5::2021,Observation
IND,EN.GHG.CO2.ZG.AR5,2021,332.498020580634,observation::IND::EN.GHG.CO2.ZG.AR5::2021,Observation
IND,EN.GHG.CO2.RT.GDP.KD,2021,0.934727877891763,observation::IND::EN.GHG.CO2.RT.GDP.KD::2021,Observation
IND,EN.GHG.CO2.LU.DF.MT.CE.AR5,2021,9.726,observation::IND::EN.GHG.CO2.LU.DF.MT.CE.AR5::2021,Observation
IND,EN.GHG.CO2.BU.MT.CE.AR5,2021,189.1577,observation::IND::EN.GHG.CO2.BU.MT.CE.AR5::2021,Observation
IND,EN.GHG.CH4.TR.MT.CE.AR5,2021,1.9643,observation::IND::EN.GHG.CH4.TR.MT.CE.AR5::2021,Observation
IND,EN.GHG.CH4.IC.MT.CE.AR5,2021,3.8258,observation::IND::EN.GHG.CH4.IC.MT.CE.AR5::2021,Observation
IND,EN.GHG.ALL.PC.CE.AR5,2021,2.63014633923763,observation::IND::EN.GHG.ALL.PC.CE.AR5::2021,Observation
IND,EG.USE.PCAP.KG.OE,2021,676.814293488143,observation::IND::EG.USE.PCAP.KG.OE::2021,Observation
IND,EG.USE.COMM.FO.ZS,2021,0.0,observation::IND::EG.USE.COMM.FO.ZS::2021,Observation
IND,EG.GDP.PUSE.KO.PP,2021,11.8939842907849,observation::IND::EG.GDP.PUSE.KO.PP::2021,Observation
IND,EG.ELC.RNEW.ZS,2021,19.131292447169,observation::IND::EG.ELC.RNEW.ZS::2021,Observation
IND,EG.ELC.LOSS.ZS,2021,16.6469287712518,observation::IND::EG.ELC.LOSS.ZS::2021,Observation
IND,EG.ELC.ACCS.ZS,2021,99.6,observation::IND::EG.ELC.ACCS.ZS::2021,Observation
IND,EG.CFT.ACCS.ZS,2021,70.2,observation::IND::EG.CFT.ACCS.ZS::2021,Observation
IND,DT.TDS.MLAT.CD,2021,4811879968.3,observation::IND::DT.TDS.MLAT.CD::2021,Observation
IND,DT.TDS.DPPF.XP.ZS,2021,2.43281784750629,observation::IND::DT.TDS.DPPF.XP.ZS::2021,Observation
IND,DT.TDS.DECT.CD,2021,52081507667.3,observation::IND::DT.TDS.DECT.CD::2021,Observation
IND,DT.ODA.ODAT.KD,2021,2724383789.0625,observation::IND::DT.ODA.ODAT.KD::2021,Observation
IND,FR.INR.LEND,2021,8.69833333333333,observation::IND::FR.INR.LEND::2021,Observation
IND,FP.CPI.TOTL,2021,192.378724699015,observation::IND::FP.CPI.TOTL::2021,Observation
IND,FM.LBL.BMNY.CN,2021,193739443589635.0,observation::IND::FM.LBL.BMNY.CN::2021,Observation
IND,FM.AST.DOMS.CN,2021,195830166279570.0,observation::IND::FM.AST.DOMS.CN::2021,Observation
IND,FI.RES.TOTL.MO,2021,9.84238574452328,observation::IND::FI.RES.TOTL.MO::2021,Observation
IND,FD.AST.PRVT.GD.ZS,2021,36.8920885102897,observation::IND::FD.AST.PRVT.GD.ZS::2021,Observation
IND,FB.BNK.CAPA.ZS,2021,7.82632507203676,observation::IND::FB.BNK.CAPA.ZS::2021,Observation
IND,ER.MRN.PTMR.ZS,2021,0.2,observation::IND::ER.MRN.PTMR.ZS::2021,Observation
IND,ER.H2O.FWTL.ZS,2021,44.7786998616874,observation::IND::ER.H2O.FWTL.ZS::2021,Observation
IND,ER.H2O.FWDM.ZS,2021,7.358738502,observation::IND::ER.H2O.FWDM.ZS::2021,Observation
IND,ER.FSH.CAPT.MT,2021,5024905.002,observation::IND::ER.FSH.CAPT.MT::2021,Observation
IND,EN.URB.LCTY.UR.ZS,2021,6.40159127087179,observation::IND::EN.URB.LCTY.UR.ZS::2021,Observation
IND,EN.GHG.N2O.TR.MT.CE.AR5,2021,6.6055,observation::IND::EN.GHG.N2O.TR.MT.CE.AR5::2021,Observation
IND,EN.GHG.N2O.IC.MT.CE.AR5,2021,5.0784,observation::IND::EN.GHG.N2O.IC.MT.CE.AR5::2021,Observation
IND,EN.GHG.FGAS.IP.MT.CE.AR5,2021,61.7777,observation::IND::EN.GHG.FGAS.IP.MT.CE.AR5::2021,Observation
IND,EN.GHG.CO2.RT.GDP.PP.KD,2021,0.228201897919482,observation::IND::EN.GHG.CO2.RT.GDP.PP.KD::2021,Observation
IND,EN.GHG.CO2.MT.CE.AR5,2021,2597.9343,observation::IND::EN.GHG.CO2.MT.CE.AR5::2021,Observation
IND,EN.GHG.CO2.LU.FL.MT.CE.AR5,2021,-145.025,observation::IND::EN.GHG.CO2.LU.FL.MT.CE.AR5::2021,Observation
IND,EN.GHG.CO2.FE.MT.CE.AR5,2021,99.4887,observation::IND::EN.GHG.CO2.FE.MT.CE.AR5::2021,Observation
IND,EN.GHG.CH4.WA.MT.CE.AR5,2021,126.6139,observation::IND::EN.GHG.CH4.WA.MT.CE.AR5::2021,Observation
IND,EN.GHG.CH4.IP.MT.CE.AR5,2021,0.3645,observation::IND::EN.GHG.CH4.IP.MT.CE.AR5::2021,Observation
IND,EN.GHG.CH4.AG.MT.CE.AR5,2021,551.1906,observation::IND::EN.GHG.CH4.AG.MT.CE.AR5::2021,Observation
IND,EG.USE.COMM.GD.PP.KD,2021,84.0761157533033,observation::IND::EG.USE.COMM.GD.PP.KD::2021,Observation
IND,EG.GDP.PUSE.KO.PP.KD,2021,11.8939842907849,observation::IND::EG.GDP.PUSE.KO.PP.KD::2021,Observation
IND,EG.ELC.RNWX.KH,2021,150626270000.0,observation::IND::EG.ELC.RNWX.KH::2021,Observation
IND,EG.ELC.NGAS.ZS,2021,3.81778561590178,observation::IND::EG.ELC.NGAS.ZS::2021,Observation
IND,EG.ELC.COAL.ZS,2021,71.4858907657204,observation::IND::EG.ELC.COAL.ZS::2021,Observation
IND,EG.EGY.PRIM.PP.KD,2021,4.21,observation::IND::EG.EGY.PRIM.PP.KD::2021,Observation
IND,DT.TDS.MLAT.PG.ZS,2021,29.6858928628664,observation::IND::DT.TDS.MLAT.PG.ZS::2021,Observation
IND,DT.TDS.DPPG.CD,2021,16209315281.6,observation::IND::DT.TDS.DPPG.CD::2021,Observation
IND,DT.TDS.DECT.EX.ZS,2021,7.81076067172717,observation::IND::DT.TDS.DECT.EX.ZS::2021,Observation
IND,DT.ODA.ODAT.MP.ZS,2021,0.402951195248069,observation::IND::DT.ODA.ODAT.MP.ZS::2021,Observation
IND,DT.ODA.ODAT.CD,2021,3136778564.45313,observation::IND::DT.ODA.ODAT.CD::2021,Observation
IND,SM.POP.RHCR.EO,2022,20828.0,observation::IND::SM.POP.RHCR.EO::2022,Observation
IND,SM.POP.NETM,2022,-1353478.0,observation::IND::SM.POP.NETM::2022,Observation
IND,SM.POP.ASYS.EA,2022,15794.0,observation::IND::SM.POP.ASYS.EA::2022,Observation
IND,SL.UEM.TOTL.ZS,2022,4.822,observation::IND::SL.UEM.TOTL.ZS::2022,Observation
IND,SL.UEM.TOTL.FE.ZS,2022,4.587,observation::IND::SL.UEM.TOTL.FE.ZS::2022,Observation
IND,SL.UEM.NEET.MA.ZS,2022,11.16,observation::IND::SL.UEM.NEET.MA.ZS::2022,Observation
IND,SL.UEM.INTM.ZS,2022,8.06,observation::IND::SL.UEM.INTM.ZS::2022,Observation
IND,SL.UEM.BASC.MA.ZS,2022,3.449,observation::IND::SL.UEM.BASC.MA.ZS::2022,Observation
IND,SL.UEM.ADVN.FE.ZS,2022,21.424,observation::IND::SL.UEM.ADVN.FE.ZS::2022,Observation
IND,SL.UEM.1524.MA.NE.ZS,2022,17.471,observation::IND::SL.UEM.1524.MA.NE.ZS::2022,Observation
IND,SL.TLF.TOTL.FE.ZS,2022,26.6147411953148,observation::IND::SL.TLF.TOTL.FE.ZS::2022,Observation
IND,SL.TLF.INTM.ZS,2022,45.236,observation::IND::SL.TLF.INTM.ZS::2022,Observation
IND,SL.TLF.CACT.NE.ZS,2022,52.354,observation::IND::SL.TLF.CACT.NE.ZS::2022,Observation
IND,SL.TLF.CACT.FM.NE.ZS,2022,37.1143768961034,observation::IND::SL.TLF.CACT.FM.NE.ZS::2022,Observation
IND,SL.TLF.BASC.MA.ZS,2022,75.812,observation::IND::SL.TLF.BASC.MA.ZS::2022,Observation
IND,SL.TLF.ADVN.FE.ZS,2022,35.429,observation::IND::SL.TLF.ADVN.FE.ZS::2022,Observation
IND,SL.TLF.ACTI.1524.ZS,2022,29.62,observation::IND::SL.TLF.ACTI.1524.ZS::2022,Observation
IND,SL.TLF.ACTI.1524.FE.ZS,2022,14.019,observation::IND::SL.TLF.ACTI.1524.FE.ZS::2022,Observation
IND,SL.GDP.PCAP.EM.KD,2022,22614.7340828269,observation::IND::SL.GDP.PCAP.EM.KD::2022,Observation
IND,SL.EMP.WORK.MA.ZS,2022,23.7478293468236,observation::IND::SL.EMP.WORK.MA.ZS::2022,Observation
IND,SL.EMP.VULN.FE.ZS,2022,77.8761142034405,observation::IND::SL.EMP.VULN.FE.ZS::2022,Observation
IND,SL.EMP.TOTL.SP.MA.NE.ZS,2022,72.406,observation::IND::SL.EMP.TOTL.SP.MA.NE.ZS::2022,Observation
IND,SL.EMP.SELF.ZS,2022,76.8695534383889,observation::IND::SL.EMP.SELF.ZS::2022,Observation
IND,SL.EMP.MPYR.MA.ZS,2022,3.65947480761295,observation::IND::SL.EMP.MPYR.MA.ZS::2022,Observation
IND,SL.EMP.1524.SP.MA.ZS,2022,36.137,observation::IND::SL.EMP.1524.SP.MA.ZS::2022,Observation
IND,SL.AGR.EMPL.ZS,2022,42.8609991503088,observation::IND::SL.AGR.EMPL.ZS::2022,Observation
IND,SI.RMT.COST.IB.ZS,2022,1.7711667,observation::IND::SI.RMT.COST.IB.ZS::2022,Observation
IND,SI.POV.LMIC,2022,23.9,observation::IND::SI.POV.LMIC::2022,Observation
IND,SI.DST.FRST.20,2022,10.4,observation::IND::SI.DST.FRST.20::2022,Observation
IND,SI.DST.05TH.20,2022,36.1,observation::IND::SI.DST.05TH.20::2022,Observation
IND,SH_UHC_SCI_RMNCH,2022,69.0,observation::IND::SH_UHC_SCI_RMNCH::2022,Observation
IND,SH_UHC_SCI,2022,68.0,observation::IND::SH_UHC_SCI::2022,Observation
IND,SH.XPD.PVTD.CH.ZS,2022,58.46108627,observation::IND::SH.XPD.PVTD.CH.ZS::2022,Observation
IND,SH.XPD.GHED.PP.CD,2022,125.312034063894,observation::IND::SH.XPD.GHED.PP.CD::2022,Observation
IND,SH.XPD.GHED.CH.ZS,2022,40.3965683,observation::IND::SH.XPD.GHED.CH.ZS::2022,Observation
IND,SH.XPD.CHEX.PP.CD,2022,310.204676194147,observation::IND::SH.XPD.CHEX.PP.CD::2022,Observation
IND,SH.TBS.INCD,2022,196.0,observation::IND::SH.TBS.INCD::2022,Observation
IND,DT.DOD.DSTC.ZS,2022,20.7746,observation::IND::DT.DOD.DSTC.ZS::2022,Observation
IND,DT.DOD.DPPG.CD,2022,205217150708.4,observation::IND::DT.DOD.DPPG.CD::2022,Observation
IND,DT.DOD.DECT.GN.ZS,2022,18.6518069060743,observation::IND::DT.DOD.DECT.GN.ZS::2022,Observation
IND,DC.DAC.TOTL.CD,2022,3971494003.53432,observation::IND::DC.DAC.TOTL.CD::2022,Observation
IND,DC.DAC.PRTL.CD,2022,303285.986185074,observation::IND::DC.DAC.PRTL.CD::2022,Observation
IND,DC.DAC.NLDL.CD,2022,592175.006866455,observation::IND::DC.DAC.NLDL.CD::2022,Observation
IND,DC.DAC.JPNL.CD,2022,2970640136.71875,observation::IND::DC.DAC.JPNL.CD::2022,Observation
IND,DC.DAC.HUNL.CD,2022,5424180.03082275,observation::IND::DC.DAC.HUNL.CD::2022,Observation
IND,DC.DAC.FINL.CD,2022,2102267.98057556,observation::IND::DC.DAC.FINL.CD::2022,Observation
IND,DC.DAC.DEUL.CD,2022,235171539.306641,observation::IND::DC.DAC.DEUL.CD::2022,Observation
IND,SL.UEM.TOTL.FE.NE.ZS,2022,4.588,observation::IND::SL.UEM.TOTL.FE.NE.ZS::2022,Observation
IND,SL.UEM.NEET.MA.ME.ZS,2022,11.165,observation::IND::SL.UEM.NEET.MA.ME.ZS::2022,Observation
IND,SL.UEM.INTM.MA.ZS,2022,7.888,observation::IND::SL.UEM.INTM.MA.ZS::2022,Observation
IND,SL.UEM.BASC.FE.ZS,2022,1.799,observation::IND::SL.UEM.BASC.FE.ZS::2022,Observation
IND,SL.UEM.1524.ZS,2022,17.732,observation::IND::SL.UEM.1524.ZS::2022,Observation
IND,SL.UEM.1524.FE.ZS,2022,18.714,observation::IND::SL.UEM.1524.FE.ZS::2022,Observation
IND,SL.TLF.PART.ZS,2022,20.85,observation::IND::SL.TLF.PART.ZS::2022,Observation
IND,SL.TLF.INTM.MA.ZS,2022,64.607,observation::IND::SL.TLF.INTM.MA.ZS::2022,Observation
IND,SL.TLF.CACT.MA.ZS,2022,76.503,observation::IND::SL.TLF.CACT.MA.ZS::2022,Observation
IND,SL.TLF.CACT.FE.ZS,2022,29.348,observation::IND::SL.TLF.CACT.FE.ZS::2022,Observation
IND,SL.TLF.BASC.FE.ZS,2022,24.796,observation::IND::SL.TLF.BASC.FE.ZS::2022,Observation
IND,SL.TLF.ACTI.ZS,2022,56.666,observation::IND::SL.TLF.ACTI.ZS::2022,Observation
IND,SL.TLF.ACTI.1524.NE.ZS,2022,28.932,observation::IND::SL.TLF.ACTI.1524.NE.ZS::2022,Observation
IND,SL.TLF.ACTI.1524.FE.NE.ZS,2022,13.051,observation::IND::SL.TLF.ACTI.1524.FE.NE.ZS::2022,Observation
IND,SL.SRV.EMPL.ZS,2022,31.0186666923037,observation::IND::SL.SRV.EMPL.ZS::2022,Observation
IND,SL.IND.EMPL.ZS,2022,26.1203341573875,observation::IND::SL.IND.EMPL.ZS::2022,Observation
IND,SL.FAM.WORK.ZS,2022,15.0090397984094,observation::IND::SL.FAM.WORK.ZS::2022,Observation
IND,SL.EMP.WORK.FE.ZS,2022,21.4338283894124,observation::IND::SL.EMP.WORK.FE.ZS::2022,Observation
IND,SL.EMP.TOTL.SP.ZS,2022,51.003,observation::IND::SL.EMP.TOTL.SP.ZS::2022,Observation
IND,SL.EMP.TOTL.SP.FE.ZS,2022,28.002,observation::IND::SL.EMP.TOTL.SP.FE.ZS::2022,Observation
IND,SL.EMP.SELF.MA.ZS,2022,76.2521678836753,observation::IND::SL.EMP.SELF.MA.ZS::2022,Observation
IND,SL.EMP.MPYR.FE.ZS,2022,0.690058099034528,observation::IND::SL.EMP.MPYR.FE.ZS::2022,Observation
IND,SL.EMP.1524.SP.MA.NE.ZS,2022,35.786,observation::IND::SL.EMP.1524.SP.MA.NE.ZS::2022,Observation
IND,SL.AGR.EMPL.MA.ZS,2022,36.9321298522409,observation::IND::SL.AGR.EMPL.MA.ZS::2022,Observation
IND,SI.POV.UMIC.GP,2022,31.1,observation::IND::SI.POV.UMIC.GP::2022,Observation
IND,SI.POV.MPWB,2022,17.7,observation::IND::SI.POV.MPWB::2022,Observation
IND,SI.POV.GINI,2022,25.5,observation::IND::SI.POV.GINI::2022,Observation
IND,SI.DST.FRST.10,2022,4.5,observation::IND::SI.DST.FRST.10::2022,Observation
IND,SI.DST.04TH.20,2022,21.9,observation::IND::SI.DST.04TH.20::2022,Observation
IND,SH_UHC_SCI_NCD,2022,53.0,observation::IND::SH_UHC_SCI_NCD::2022,Observation
IND,SH_UHC_FH40,2022,30.94,observation::IND::SH_UHC_FH40::2022,Observation
IND,SH.XPD.OOPC.PP.CD,2022,138.169315415864,observation::IND::SH.XPD.OOPC.PP.CD::2022,Observation
IND,SH.XPD.GHED.PC.CD,2022,32.92679071,observation::IND::SH.XPD.GHED.PC.CD::2022,Observation
IND,SH.XPD.EHEX.PP.CD,2022,3.54363430549619,observation::IND::SH.XPD.EHEX.PP.CD::2022,Observation
IND,SH.XPD.CHEX.PC.CD,2022,81.50888824,observation::IND::SH.XPD.CHEX.PC.CD::2022,Observation
IND,DC.DAC.SWEL.CD,2022,7429292.20199585,observation::IND::DC.DAC.SWEL.CD::2022,Observation
IND,DC.DAC.POLL.CD,2022,5685719.96688843,observation::IND::DC.DAC.POLL.CD::2022,Observation
IND,DC.DAC.LUXL.CD,2022,831651.985645294,observation::IND::DC.DAC.LUXL.CD::2022,Observation
IND,DC.DAC.ITAL.CD,2022,20665317.5354004,observation::IND::DC.DAC.ITAL.CD::2022,Observation
IND,DC.DAC.CZEL.CD,2022,125450.000166893,observation::IND::DC.DAC.CZEL.CD::2022,Observation
IND,DC.DAC.BELL.CD,2022,650039.01720047,observation::IND::DC.DAC.BELL.CD::2022,Observation
IND,CM.MKT.TRAD.GD.ZS,2022,50.4252226516079,observation::IND::CM.MKT.TRAD.GD.ZS::2022,Observation
IND,CM.MKT.LCAP.CD,2022,3387366670000.0,observation::IND::CM.MKT.LCAP.CD::2022,Observation
IND,BX.TRF.PWKR.CD,2022,104570919176.187,observation::IND::BX.TRF.PWKR.CD::2022,Observation
IND,SM.POP.ASYS.EO,2022,100389.0,observation::IND::SM.POP.ASYS.EO::2022,Observation
IND,SL.UEM.TOTL.MA.NE.ZS,2022,4.908,observation::IND::SL.UEM.TOTL.MA.NE.ZS::2022,Observation
IND,SL.UEM.NEET.ME.ZS,2022,25.763,observation::IND::SL.UEM.NEET.ME.ZS::2022,Observation
IND,SL.UEM.NEET.FE.ME.ZS,2022,41.853,observation::IND::SL.UEM.NEET.FE.ME.ZS::2022,Observation
IND,SL.UEM.BASC.ZS,2022,3.095,observation::IND::SL.UEM.BASC.ZS::2022,Observation
IND,SL.UEM.ADVN.MA.ZS,2022,12.052,observation::IND::SL.UEM.ADVN.MA.ZS::2022,Observation
IND,SL.UEM.1524.MA.ZS,2022,17.447,observation::IND::SL.UEM.1524.MA.ZS::2022,Observation
IND,SL.TLF.TOTL.IN,2022,569155867.0,observation::IND::SL.TLF.TOTL.IN::2022,Observation
IND,SL.TLF.PART.FE.ZS,2022,40.69,observation::IND::SL.TLF.PART.FE.ZS::2022,Observation
IND,SL.TLF.CACT.ZS,2022,53.587,observation::IND::SL.TLF.CACT.ZS::2022,Observation
IND,SL.TLF.CACT.FM.ZS,2022,38.3618943047985,observation::IND::SL.TLF.CACT.FM.ZS::2022,Observation
IND,SL.TLF.BASC.ZS,2022,52.593,observation::IND::SL.TLF.BASC.ZS::2022,Observation
IND,SL.TLF.ADVN.MA.ZS,2022,84.531,observation::IND::SL.TLF.ADVN.MA.ZS::2022,Observation
IND,SL.TLF.ACTI.FE.ZS,2022,31.427,observation::IND::SL.TLF.ACTI.FE.ZS::2022,Observation
IND,SL.TLF.ACTI.1524.MA.NE.ZS,2022,43.362,observation::IND::SL.TLF.ACTI.1524.MA.NE.ZS::2022,Observation
IND,SL.SRV.EMPL.FE.ZS,2022,24.6465328763491,observation::IND::SL.SRV.EMPL.FE.ZS::2022,Observation
IND,SL.IND.EMPL.FE.ZS,2022,16.1995768098237,observation::IND::SL.IND.EMPL.FE.ZS::2022,Observation
IND,SL.FAM.WORK.FE.ZS,2022,32.8417855849373,observation::IND::SL.FAM.WORK.FE.ZS::2022,Observation
IND,SL.EMP.WORK.ZS,2022,23.1304436080318,observation::IND::SL.EMP.WORK.ZS::2022,Observation
IND,SL.EMP.VULN.MA.ZS,2022,72.5926933278351,observation::IND::SL.EMP.VULN.MA.ZS::2022,Observation
IND,SL.EMP.TOTL.SP.MA.ZS,2022,72.749,observation::IND::SL.EMP.TOTL.SP.MA.ZS::2022,Observation
IND,SL.EMP.SMGT.FE.ZS,2022,16.209,observation::IND::SL.EMP.SMGT.FE.ZS::2022,Observation
IND,SL.EMP.MPYR.ZS,2022,2.86722081227785,observation::IND::SL.EMP.MPYR.ZS::2022,Observation
IND,SL.EMP.1524.SP.NE.ZS,2022,23.766,observation::IND::SL.EMP.1524.SP.NE.ZS::2022,Observation
IND,SL.EMP.1524.SP.FE.NE.ZS,2022,10.537,observation::IND::SL.EMP.1524.SP.FE.NE.ZS::2022,Observation
IND,SI.RMT.COST.OB.ZS,2022,0.41,observation::IND::SI.RMT.COST.OB.ZS::2022,Observation
IND,SI.POV.SOPO,2022,21.3,observation::IND::SI.POV.SOPO::2022,Observation
IND,SI.POV.LMIC.GP,2022,4.4,observation::IND::SI.POV.LMIC.GP::2022,Observation
IND,SI.POV.DDAY,2022,5.3,observation::IND::SI.POV.DDAY::2022,Observation
IND,SI.DST.10TH.10,2022,22.1,observation::IND::SI.DST.10TH.10::2022,Observation
IND,SI.DST.02ND.20,2022,14.2,observation::IND::SI.DST.02ND.20::2022,Observation
IND,SH_UHC_SCI_CAPACITY,2022,76.0,observation::IND::SH_UHC_SCI_CAPACITY::2022,Observation
IND,SH_UHC_FH40_IMPOV,2022,22.27,observation::IND::SH_UHC_FH40_IMPOV::2022,Observation
IND,SH.XPD.PVTD.PC.CD,2022,47.65097898,observation::IND::SH.XPD.PVTD.PC.CD::2022,Observation
IND,SH.XPD.OOPC.CH.ZS,2022,44.54133987,observation::IND::SH.XPD.OOPC.CH.ZS::2022,Observation
IND,SH.XPD.GHED.GD.ZS,2022,1.37196231,observation::IND::SH.XPD.GHED.GD.ZS::2022,Observation
IND,DT.NFL.IFAD.CD,2022,-4699200.15335083,observation::IND::DT.NFL.IFAD.CD::2022,Observation
IND,DT.DOD.MIBR.CD,2022,19446125000.0,observation::IND::DT.DOD.MIBR.CD::2022,Observation
IND,DT.DOD.DSTC.CD,2022,127870886000.0,observation::IND::DT.DOD.DSTC.CD::2022,Observation
IND,DT.DOD.DIMF.CD,2022,22022564456.1,observation::IND::DT.DOD.DIMF.CD::2022,Observation
IND,DC.DAC.USAL.CD,2022,194585723.876953,observation::IND::DC.DAC.USAL.CD::2022,Observation
IND,DC.DAC.NORL.CD,2022,11118197.4411011,observation::IND::DC.DAC.NORL.CD::2022,Observation
IND,DC.DAC.KORL.CD,2022,3141474.00856018,observation::IND::DC.DAC.KORL.CD::2022,Observation
IND,DC.DAC.IRLL.CD,2022,1107568.02558899,observation::IND::DC.DAC.IRLL.CD::2022,Observation
IND,SL.UEM.TOTL.MA.ZS,2022,4.907,observation::IND::SL.UEM.TOTL.MA.ZS::2022,Observation
IND,SL.UEM.NEET.ZS,2022,25.763,observation::IND::SL.UEM.NEET.ZS::2022,Observation
IND,SL.UEM.NEET.FE.ZS,2022,41.835,observation::IND::SL.UEM.NEET.FE.ZS::2022,Observation
IND,SL.UEM.INTM.FE.ZS,2022,8.874,observation::IND::SL.UEM.INTM.FE.ZS::2022,Observation
IND,SL.UEM.ADVN.ZS,2022,14.3,observation::IND::SL.UEM.ADVN.ZS::2022,Observation
IND,SL.UEM.1524.NE.ZS,2022,17.856,observation::IND::SL.UEM.1524.NE.ZS::2022,Observation
IND,SL.UEM.1524.FE.NE.ZS,2022,19.262,observation::IND::SL.UEM.1524.FE.NE.ZS::2022,Observation
IND,SL.TLF.PART.MA.ZS,2022,13.55,observation::IND::SL.TLF.PART.MA.ZS::2022,Observation
IND,SL.TLF.INTM.FE.ZS,2022,18.682,observation::IND::SL.TLF.INTM.FE.ZS::2022,Observation
IND,SL.TLF.CACT.MA.NE.ZS,2022,76.143,observation::IND::SL.TLF.CACT.MA.NE.ZS::2022,Observation
IND,SL.TLF.CACT.FE.NE.ZS,2022,28.26,observation::IND::SL.TLF.CACT.FE.NE.ZS::2022,Observation
IND,SL.TLF.ADVN.ZS,2022,63.462,observation::IND::SL.TLF.ADVN.ZS::2022,Observation
IND,SL.TLF.ACTI.MA.ZS,2022,80.154,observation::IND::SL.TLF.ACTI.MA.ZS::2022,Observation
IND,SL.TLF.ACTI.1524.MA.ZS,2022,43.775,observation::IND::SL.TLF.ACTI.1524.MA.ZS::2022,Observation
IND,SL.SRV.EMPL.MA.ZS,2022,33.3374379854924,observation::IND::SL.SRV.EMPL.MA.ZS::2022,Observation
IND,SL.IND.EMPL.MA.ZS,2022,29.7304225948999,observation::IND::SL.IND.EMPL.MA.ZS::2022,Observation
IND,SL.FAM.WORK.MA.ZS,2022,8.51983250600865,observation::IND::SL.FAM.WORK.MA.ZS::2022,Observation
IND,SL.EMP.VULN.ZS,2022,74.0023374256774,observation::IND::SL.EMP.VULN.ZS::2022,Observation
IND,SL.EMP.TOTL.SP.NE.ZS,2022,49.829,observation::IND::SL.EMP.TOTL.SP.NE.ZS::2022,Observation
IND,SL.EMP.TOTL.SP.FE.NE.ZS,2022,26.963,observation::IND::SL.EMP.TOTL.SP.FE.NE.ZS::2022,Observation
IND,SL.EMP.SELF.FE.ZS,2022,78.5661716105876,observation::IND::SL.EMP.SELF.FE.ZS::2022,Observation
IND,SL.EMP.1524.SP.ZS,2022,24.368,observation::IND::SL.EMP.1524.SP.ZS::2022,Observation
IND,SL.EMP.1524.SP.FE.ZS,2022,11.395,observation::IND::SL.EMP.1524.SP.FE.ZS::2022,Observation
IND,SL.AGR.EMPL.FE.ZS,2022,59.1538868543901,observation::IND::SL.AGR.EMPL.FE.ZS::2022,Observation
IND,SI.SPR.PGAP,2022,5.4,observation::IND::SI.SPR.PGAP::2022,Observation
IND,SI.POV.UMIC,2022,82.1,observation::IND::SI.POV.UMIC::2022,Observation
IND,SI.POV.GAPS,2022,0.8,observation::IND::SI.POV.GAPS::2022,Observation
IND,SI.DST.50MD,2022,3.4,observation::IND::SI.DST.50MD::2022,Observation
IND,SI.DST.03RD.20,2022,17.5,observation::IND::SI.DST.03RD.20::2022,Observation
IND,SH_UHC_SCI_ID,2022,78.0,observation::IND::SH_UHC_SCI_ID::2022,Observation
IND,SH_UHC_FH40_LARGE,2022,8.67,observation::IND::SH_UHC_FH40_LARGE::2022,Observation
IND,SH.XPD.PVTD.PP.CD,2022,181.349016207177,observation::IND::SH.XPD.PVTD.PP.CD::2022,Observation
IND,SH.XPD.OOPC.PC.CD,2022,36.3051495,observation::IND::SH.XPD.OOPC.PC.CD::2022,Observation
IND,SH.XPD.GHED.GE.ZS,2022,4.71439028,observation::IND::SH.XPD.GHED.GE.ZS::2022,Observation
IND,SH.XPD.EHEX.PC.CD,2022,0.93111971,observation::IND::SH.XPD.EHEX.PC.CD::2022,Observation
IND,SH.XPD.CHEX.GD.ZS,2022,3.39623499,observation::IND::SH.XPD.CHEX.GD.ZS::2022,Observation
IND,SH.TBS.CURE.ZS,2022,89.0,observation::IND::SH.TBS.CURE.ZS::2022,Observation
IND,DT.DOD.MIDA.CD,2022,18811299000.0,observation::IND::DT.DOD.MIDA.CD::2022,Observation
IND,DT.DOD.DSTC.IR.ZS,2022,22.5403317668255,observation::IND::DT.DOD.DSTC.IR.ZS::2022,Observation
IND,DT.DOD.DLXF.CD,2022,465621453708.4,observation::IND::DT.DOD.DLXF.CD::2022,Observation
IND,DC.DAC.SVNL.CD,2022,114285.998046398,observation::IND::DC.DAC.SVNL.CD::2022,Observation
IND,DC.DAC.NZLL.CD,2022,42883.99964571,observation::IND::DC.DAC.NZLL.CD::2022,Observation
IND,DC.DAC.LTUL.CD,2022,163749.992847443,observation::IND::DC.DAC.LTUL.CD::2022,Observation
IND,DC.DAC.ISLL.CD,2022,128682.002425194,observation::IND::DC.DAC.ISLL.CD::2022,Observation
IND,DC.DAC.GBRL.CD,2022,56172355.6518555,observation::IND::DC.DAC.GBRL.CD::2022,Observation
IND,DC.DAC.ESPL.CD,2022,5991263.86642456,observation::IND::DC.DAC.ESPL.CD::2022,Observation
IND,DC.DAC.CHEL.CD,2022,8489404.67834473,observation::IND::DC.DAC.CHEL.CD::2022,Observation
IND,SH.STA.STNT.ME.MA.ZS,2022,34.1,observation::IND::SH.STA.STNT.ME.MA.ZS::2022,Observation
IND,SH.STA.SMSS.ZS,2022,58.579834910144,observation::IND::SH.STA.SMSS.ZS::2022,Observation
IND,SH.STA.OWGH.ME.MA.ZS,2022,3.3,observation::IND::SH.STA.OWGH.ME.MA.ZS::2022,Observation
IND,SH.STA.ODFC.RU.ZS,2022,17.388837746013,observation::IND::SH.STA.ODFC.RU.ZS::2022,Observation
IND,SH.STA.HYGN.RU.ZS,2022,81.3480083712657,observation::IND::SH.STA.HYGN.RU.ZS::2022,Observation
IND,SH.STA.BASS.RU.ZS,2022,74.2850736845519,observation::IND::SH.STA.BASS.RU.ZS::2022,Observation
IND,SH.SGR.CRSK.ZS,2022,20.4,observation::IND::SH.SGR.CRSK.ZS::2022,Observation
IND,SH.PRG.ANEM,2022,46.6,observation::IND::SH.PRG.ANEM::2022,Observation
IND,SH.IMM.MEAS,2022,95.0,observation::IND::SH.IMM.MEAS::2022,Observation
IND,SH.H2O.SMDW.UR.ZS,2022,81.6397113572341,observation::IND::SH.H2O.SMDW.UR.ZS::2022,Observation
IND,SH.H2O.BASW.RU.ZS,2022,93.1810359585693,observation::IND::SH.H2O.BASW.RU.ZS::2022,Observation
IND,SH.DYN.MORT,2022,29.5,observation::IND::SH.DYN.MORT::2022,Observation
IND,SH.DYN.1519,2022,3.7,observation::IND::SH.DYN.1519::2022,Observation
IND,SH.DTH.NMRT,2022,430573.0,observation::IND::SH.DTH.NMRT::2022,Observation
IND,SH.DTH.IMRT,2022,595743.0,observation::IND::SH.DTH.IMRT::2022,Observation
IND,SH.DTH.1014,2022,59198.0,observation::IND::SH.DTH.1014::2022,Observation
IND,SH.ANM.NPRG.ZS,2022,53.4,observation::IND::SH.ANM.NPRG.ZS::2022,Observation
IND,SE.TER.ENRR.FE,2022,33.2538563262393,observation::IND::SE.TER.ENRR.FE::2022,Observation
IND,SE.TER.CUAT.MS.FE.ZS,2022,2.82770991325378,observation::IND::SE.TER.CUAT.MS.FE.ZS::2022,Observation
IND,SE.TER.CUAT.BA.ZS,2022,12.1410703659058,observation::IND::SE.TER.CUAT.BA.ZS::2022,Observation
IND,SE.SEC.UNER.LO.MA.ZS,2022,11.4714893976068,observation::IND::SE.SEC.UNER.LO.MA.ZS::2022,Observation
IND,SE.SEC.TCHR,2022,6678915.0,observation::IND::SE.SEC.TCHR::2022,Observation
IND,DC.DAC.CANL.CD,2022,2111984.01451111,observation::IND::DC.DAC.CANL.CD::2022,Observation
IND,CM.MKT.TRNR,2022,49.8110247,observation::IND::CM.MKT.TRNR::2022,Observation
IND,CM.MKT.LCAP.GD.ZS,2022,101.233056167098,observation::IND::CM.MKT.LCAP.GD.ZS::2022,Observation
IND,BX.TRF.PWKR.CD.DT,2022,111221774722.087,observation::IND::BX.TRF.PWKR.CD.DT::2022,Observation
IND,BX.KLT.DINV.WD.GD.ZS,2022,1.49248825904,observation::IND::BX.KLT.DINV.WD.GD.ZS::2022,Observation
IND,BX.GSR.TOTL.CD,2022,794821399183.284,observation::IND::BX.GSR.TOTL.CD::2022,Observation
IND,BX.GSR.INSF.ZS,2022,3.4567762652987,observation::IND::BX.GSR.INSF.ZS::2022,Observation
IND,BX.GSR.CCIS.ZS,2022,46.8040630285381,observation::IND::BX.GSR.CCIS.ZS::2022,Observation
IND,BN.TRF.KOGT.CD,2022,-59588296.1308394,observation::IND::BN.TRF.KOGT.CD::2022,Observation
IND,BN.KLT.DINV.CD,2022,-35408008686.0269,observation::IND::BN.KLT.DINV.CD::2022,Observation
IND,BN.GSR.FCTY.CD,2022,-41709031599.7155,observation::IND::BN.GSR.FCTY.CD::2022,Observation
IND,BM.TRF.PWKR.CD.DT,2022,10088812317.3667,observation::IND::BM.TRF.PWKR.CD.DT::2022,Observation
IND,BM.GSR.TRVL.ZS,2022,14.6351379060912,observation::IND::BM.GSR.TRVL.ZS::2022,Observation
IND,BM.GSR.NFSV.CD,2022,176844444022.799,observation::IND::BM.GSR.NFSV.CD::2022,Observation
IND,BM.GSR.FCTY.CD,2022,68887375080.9248,observation::IND::BM.GSR.FCTY.CD::2022,Observation
IND,AG.SRF.TOTL.K2,2022,3287260.0,observation::IND::AG.SRF.TOTL.K2::2022,Observation
IND,AG.PRD.CREL.MT,2022,353766052.45,observation::IND::AG.PRD.CREL.MT::2022,Observation
IND,AG.LND.PRCP.MM,2022,1083.0,observation::IND::AG.LND.PRCP.MM::2022,Observation
IND,AG.LND.ARBL.HA.PC,2022,0.108057404989137,observation::IND::AG.LND.ARBL.HA.PC::2022,Observation
IND,AG.CON.FERT.ZS,2022,193.754969391567,observation::IND::AG.CON.FERT.ZS::2022,Observation
IND,SH.TBS.DTEC.ZS,2022,81.0,observation::IND::SH.TBS.DTEC.ZS::2022,Observation
IND,SH.STA.STNT.ME.FE.ZS,2022,31.9,observation::IND::SH.STA.STNT.ME.FE.ZS::2022,Observation
IND,SH.STA.SMSS.UR.ZS,2022,53.4837694869811,observation::IND::SH.STA.SMSS.UR.ZS::2022,Observation
IND,SH.STA.OWGH.ME.FE.ZS,2022,2.9,observation::IND::SH.STA.OWGH.ME.FE.ZS::2022,Observation
IND,SH.PRV.SMOK.MA,2022,37.8,observation::IND::SH.PRV.SMOK.MA::2022,Observation
IND,SH.MMR.RISK.ZS,2022,0.174890497574788,observation::IND::SH.MMR.RISK.ZS::2022,Observation
IND,SH.IMM.IDPT,2022,93.0,observation::IND::SH.IMM.IDPT::2022,Observation
IND,SH.H2O.SMDW.RU.ZS,2022,68.2087152200354,observation::IND::SH.H2O.SMDW.RU.ZS::2022,Observation
IND,SH.DYN.1014,2022,2.3,observation::IND::SH.DYN.1014::2022,Observation
IND,SH.DTH.0509,2022,51420.0,observation::IND::SH.DTH.0509::2022,Observation
IND,SE.TER.ENRR,2022,32.6703053423023,observation::IND::SE.TER.ENRR::2022,Observation
IND,SE.TER.CUAT.BA.MA.ZS,2022,14.5490703582764,observation::IND::SE.TER.CUAT.BA.MA.ZS::2022,Observation
IND,SE.SEC.UNER.LO.FE.ZS,2022,9.87577474580251,observation::IND::SE.SEC.UNER.LO.FE.ZS::2022,Observation
IND,SE.SEC.TCAQ.ZS,2022,90.2934383803357,observation::IND::SE.SEC.TCAQ.ZS::2022,Observation
IND,BX.KLT.DINV.CD.WD,2022,49940258404.2659,observation::IND::BX.KLT.DINV.CD.WD::2022,Observation
IND,BX.GSR.ROYL.CD,2022,1167577791.24639,observation::IND::BX.GSR.ROYL.CD::2022,Observation
IND,BX.GSR.GNFS.CD,2022,767643055702.075,observation::IND::BX.GSR.GNFS.CD::2022,Observation
IND,BX.GSR.CCIS.CD,2022,144798242741.809,observation::IND::BX.GSR.CCIS.CD::2022,Observation
IND,BN.TRF.CURR.CD,2022,97319054871.2442,observation::IND::BN.TRF.CURR.CD::2022,Observation
IND,BN.KAC.EOMS.CD,2022,-2311511518.41548,observation::IND::BN.KAC.EOMS.CD::2022,Observation
IND,BN.FIN.TOTL.CD,2022,-81422041765.8702,observation::IND::BN.FIN.TOTL.CD::2022,Observation
IND,BM.TRF.PRVT.CD,2022,9494704335.39371,observation::IND::BM.TRF.PRVT.CD::2022,Observation
IND,BM.GSR.TRAN.ZS,2022,24.6138771190999,observation::IND::BM.GSR.TRAN.ZS::2022,Observation
IND,BM.GSR.MRCH.CD,2022,725459576902.128,observation::IND::BM.GSR.MRCH.CD::2022,Observation
IND,BM.GSR.CMCP.ZS,2022,53.4178906783833,observation::IND::BM.GSR.CMCP.ZS::2022,Observation
IND,AG.PRD.LVSK.XD,2022,132.52,observation::IND::AG.PRD.LVSK.XD::2022,Observation
IND,AG.LND.IRIG.AG.ZS,2022,43.6985457569589,observation::IND::AG.LND.IRIG.AG.ZS::2022,Observation
IND,AG.LND.CROP.ZS,2022,4.77729307578729,observation::IND::AG.LND.CROP.ZS::2022,Observation
IND,AG.LND.ARBL.HA,2022,154027533.3,observation::IND::AG.LND.ARBL.HA::2022,Observation
IND,AG.CON.FERT.PT.ZS,2022,143.843295272156,observation::IND::AG.CON.FERT.PT.ZS::2022,Observation
IND,SH.XPD.EHEX.CH.ZS,2022,1.14235365,observation::IND::SH.XPD.EHEX.CH.ZS::2022,Observation
IND,SH.VAC.TTNS.ZS,2022,93.0,observation::IND::SH.VAC.TTNS.ZS::2022,Observation
IND,SH.STA.STNT.ME.ZS,2022,33.0,observation::IND::SH.STA.STNT.ME.ZS::2022,Observation
IND,SH.STA.OWGH.ME.ZS,2022,3.1,observation::IND::SH.STA.OWGH.ME.ZS::2022,Observation
IND,SH.STA.ODFC.UR.ZS,2022,1.41827617916579,observation::IND::SH.STA.ODFC.UR.ZS::2022,Observation
IND,SH.STA.HYGN.UR.ZS,2022,93.8292584569544,observation::IND::SH.STA.HYGN.UR.ZS::2022,Observation
IND,SH.STA.BASS.UR.ZS,2022,84.1287288482735,observation::IND::SH.STA.BASS.UR.ZS::2022,Observation
IND,SH.SGR.IRSK.ZS,2022,40.2,observation::IND::SH.SGR.IRSK.ZS::2022,Observation
IND,SH.PRV.SMOK,2022,24.3,observation::IND::SH.PRV.SMOK::2022,Observation
IND,SH.MMR.DTHS,2022,21000.0,observation::IND::SH.MMR.DTHS::2022,Observation
IND,SH.HIV.ARTC.ZS,2022,65.0,observation::IND::SH.HIV.ARTC.ZS::2022,Observation
IND,SH.H2O.SMDW.ZS,2022,73.0266809621397,observation::IND::SH.H2O.SMDW.ZS::2022,Observation
IND,SH.H2O.BASW.UR.ZS,2022,96.6324656020203,observation::IND::SH.H2O.BASW.UR.ZS::2022,Observation
IND,SH.DYN.MORT.FE,2022,29.8,observation::IND::SH.DYN.MORT.FE::2022,Observation
IND,SH.DYN.2024,2022,5.3,observation::IND::SH.DYN.2024::2022,Observation
IND,SH.DTH.1519,2022,96242.0,observation::IND::SH.DTH.1519::2022,Observation
IND,SG.GEN.PARL.ZS,2022,14.9446494464945,observation::IND::SG.GEN.PARL.ZS::2022,Observation
IND,SE.XPD.TOTL.GB.ZS,2022,14.1554744728238,observation::IND::SE.XPD.TOTL.GB.ZS::2022,Observation
IND,SE.TER.ENRR.MA,2022,32.1374454998472,observation::IND::SE.TER.ENRR.MA::2022,Observation
IND,DC.DAC.FRAL.CD,2022,16196575.1647949,observation::IND::DC.DAC.FRAL.CD::2022,Observation
IND,DC.DAC.DNKL.CD,2022,20175878.5247803,observation::IND::DC.DAC.DNKL.CD::2022,Observation
IND,DC.DAC.CECL.CD,2022,383487274.169922,observation::IND::DC.DAC.CECL.CD::2022,Observation
IND,DC.DAC.AUSL.CD,2022,6799255.84793091,observation::IND::DC.DAC.AUSL.CD::2022,Observation
IND,CM.MKT.LDOM.NO,2022,2168.0,observation::IND::CM.MKT.LDOM.NO::2022,Observation
IND,BX.TRF.PWKR.DT.GD.ZS,2022,3.32391537862222,observation::IND::BX.TRF.PWKR.DT.GD.ZS::2022,Observation
IND,BX.PEF.TOTL.CD.WD,2022,-16572089325.951,observation::IND::BX.PEF.TOTL.CD.WD::2022,Observation
IND,BX.GSR.TRAN.ZS,2022,12.1320487760283,observation::IND::BX.GSR.TRAN.ZS::2022,Observation
IND,BX.GSR.MRCH.CD,2022,458271959749.314,observation::IND::BX.GSR.MRCH.CD::2022,Observation
IND,BX.GSR.CMCP.ZS,2022,55.228888679462,observation::IND::BX.GSR.CMCP.ZS::2022,Observation
IND,BX.GRT.EXTA.CD.WD,2022,677551790.0,observation::IND::BX.GRT.EXTA.CD.WD::2022,Observation
IND,BN.KLT.PTXL.CD,2022,18702836367.7626,observation::IND::BN.KLT.PTXL.CD::2022,Observation
IND,BN.GSR.GNFS.CD,2022,-134660965222.852,observation::IND::BN.GSR.GNFS.CD::2022,Observation
IND,BN.CAB.XOKA.CD,2022,-79050941951.3239,observation::IND::BN.CAB.XOKA.CD::2022,Observation
IND,BM.KLT.DINV.CD.WD,2022,14532249718.239,observation::IND::BM.KLT.DINV.CD.WD::2022,Observation
IND,BM.GSR.ROYL.CD,2022,10427794881.2932,observation::IND::BM.GSR.ROYL.CD::2022,Observation
IND,BM.GSR.GNFS.CD,2022,902304020924.927,observation::IND::BM.GSR.GNFS.CD::2022,Observation
IND,AG.YLD.CREL.KG,2022,3564.0,observation::IND::AG.YLD.CREL.KG::2022,Observation
IND,AG.PRD.CROP.XD,2022,123.29,observation::IND::AG.PRD.CROP.XD::2022,Observation
IND,AG.LND.TOTL.K2,2022,2973190.0,observation::IND::AG.LND.TOTL.K2::2022,Observation
IND,AG.LND.FRST.K2,2022,726930.0,observation::IND::AG.LND.FRST.K2::2022,Observation
IND,AG.LND.ARBL.ZS,2022,51.8054794009128,observation::IND::AG.LND.ARBL.ZS::2022,Observation
IND,AG.LND.AGRI.K2,2022,1785566.667,observation::IND::AG.LND.AGRI.K2::2022,Observation
IND,SH.STA.SMSS.RU.ZS,2022,61.4304799212172,observation::IND::SH.STA.SMSS.RU.ZS::2022,Observation
IND,SH.STA.ODFC.ZS,2022,11.6598776255017,observation::IND::SH.STA.ODFC.ZS::2022,Observation
IND,SH.STA.MMRT,2022,90.0,observation::IND::SH.STA.MMRT::2022,Observation
IND,SH.STA.HYGN.ZS,2022,85.8252809853407,observation::IND::SH.STA.HYGN.ZS::2022,Observation
IND,SH.STA.BASS.ZS,2022,77.8161883735175,observation::IND::SH.STA.BASS.ZS::2022,Observation
IND,SH.PRV.SMOK.FE,2022,10.8,observation::IND::SH.PRV.SMOK.FE::2022,Observation
IND,SH.MMR.RISK,2022,572.0,observation::IND::SH.MMR.RISK::2022,Observation
IND,SH.MLR.INCD.P3,2022,1.4,observation::IND::SH.MLR.INCD.P3::2022,Observation
IND,SH.IMM.HEPB,2022,93.0,observation::IND::SH.IMM.HEPB::2022,Observation
IND,SH.H2O.BASW.ZS,2022,94.4191311935781,observation::IND::SH.H2O.BASW.ZS::2022,Observation
IND,SH.DYN.NMRT,2022,18.5,observation::IND::SH.DYN.NMRT::2022,Observation
IND,SH.DYN.MORT.MA,2022,29.3,observation::IND::SH.DYN.MORT.MA::2022,Observation
IND,SH.DYN.AIDS.FE.ZS,2022,45.1846533058033,observation::IND::SH.DYN.AIDS.FE.ZS::2022,Observation
IND,SH.DYN.0509,2022,2.1,observation::IND::SH.DYN.0509::2022,Observation
IND,SH.DTH.MORT,2022,687978.0,observation::IND::SH.DTH.MORT::2022,Observation
IND,SH.DTH.2024,2022,137407.0,observation::IND::SH.DTH.2024::2022,Observation
IND,SH.ANM.ALLW.ZS,2022,53.2,observation::IND::SH.ANM.ALLW.ZS::2022,Observation
IND,SE.XPD.TOTL.GD.ZS,2022,4.09865814174589,observation::IND::SE.XPD.TOTL.GD.ZS::2022,Observation
IND,SE.TER.TCHR.FE.ZS,2022,43.4554810190197,observation::IND::SE.TER.TCHR.FE.ZS::2022,Observation
IND,SE.TER.CUAT.MS.ZS,2022,3.16128993034363,observation::IND::SE.TER.CUAT.MS.ZS::2022,Observation
IND,SE.TER.CUAT.BA.FE.ZS,2022,9.7648401260376,observation::IND::SE.TER.CUAT.BA.FE.ZS::2022,Observation
IND,SE.SEC.TCHR.FE.ZS,2022,47.2424038934468,observation::IND::SE.SEC.TCHR.FE.ZS::2022,Observation
IND,SE.SEC.TCAQ.UP.ZS,2022,92.0773121966315,observation::IND::SE.SEC.TCAQ.UP.ZS::2022,Observation
IND,SE.SEC.TCAQ.LO.ZS,2022,88.608305520058,observation::IND::SE.SEC.TCAQ.LO.ZS::2022,Observation
IND,DC.DAC.AUTL.CD,2022,12046390.5334473,observation::IND::DC.DAC.AUTL.CD::2022,Observation
IND,CM.MKT.TRAD.CD,2022,1687282050000.0,observation::IND::CM.MKT.TRAD.CD::2022,Observation
IND,CM.MKT.INDX.ZG,2022,-8.75231133737916,observation::IND::CM.MKT.INDX.ZG::2022,Observation
IND,BX.TRF.CURR.CD,2022,107690220537.537,observation::IND::BX.TRF.CURR.CD::2022,Observation
IND,BX.GSR.TRVL.ZS,2022,6.90442883672712,observation::IND::BX.GSR.TRVL.ZS::2022,Observation
IND,BX.GSR.NFSV.CD,2022,309371095952.76,observation::IND::BX.GSR.NFSV.CD::2022,Observation
IND,BX.GSR.FCTY.CD,2022,27178343481.2093,observation::IND::BX.GSR.FCTY.CD::2022,Observation
IND,BX.GRT.TECH.CD.WD,2022,490471513.0,observation::IND::BX.GRT.TECH.CD.WD::2022,Observation
IND,BN.RES.INCL.CD,2022,-30610446869.2856,observation::IND::BN.RES.INCL.CD::2022,Observation
IND,BN.GSR.MRCH.CD,2022,-267187617152.813,observation::IND::BN.GSR.MRCH.CD::2022,Observation
IND,BN.CAB.XOKA.GD.ZS,2022,-2.36247481487452,observation::IND::BN.CAB.XOKA.GD.ZS::2022,Observation
IND,BM.KLT.DINV.WD.GD.ZS,2022,0.43430316091549,observation::IND::BM.KLT.DINV.WD.GD.ZS::2022,Observation
IND,BM.GSR.TOTL.CD,2022,971191396005.852,observation::IND::BM.GSR.TOTL.CD::2022,Observation
IND,BM.GSR.INSF.ZS,2022,4.65358720497817,observation::IND::BM.GSR.INSF.ZS::2022,Observation
IND,BG.GSR.NFSV.GD.ZS,2022,14.5307815370521,observation::IND::BG.GSR.NFSV.GD.ZS::2022,Observation
IND,AG.PRD.FOOD.XD,2022,127.82,observation::IND::AG.PRD.FOOD.XD::2022,Observation
IND,AG.LND.FRST.ZS,2022,24.4494970049005,observation::IND::AG.LND.FRST.ZS::2022,Observation
IND,AG.LND.CREL.HA,2022,99261351.0,observation::IND::AG.LND.CREL.HA::2022,Observation
IND,AG.LND.AGRI.ZS,2022,60.0555856504293,observation::IND::AG.LND.AGRI.ZS::2022,Observation
IND,SE.SEC.TCAQ.UP.FE.ZS,2022,93.0500020782244,observation::IND::SE.SEC.TCAQ.UP.FE.ZS::2022,Observation
IND,SE.SEC.TCAQ.LO.FE.ZS,2022,88.9236683141131,observation::IND::SE.SEC.TCAQ.LO.FE.ZS::2022,Observation
IND,SE.SEC.ENRL,2022,139098028.321715,observation::IND::SE.SEC.ENRL::2022,Observation
IND,SE.SEC.CUAT.UP.FE.ZS,2022,25.527250289917,observation::IND::SE.SEC.CUAT.UP.FE.ZS::2022,Observation
IND,SE.SEC.CUAT.LO.ZS,2022,49.7525482177734,observation::IND::SE.SEC.CUAT.LO.ZS::2022,Observation
IND,SE.SEC.CMPT.LO.MA.ZS,2022,88.9006891935456,observation::IND::SE.SEC.CMPT.LO.MA.ZS::2022,Observation
IND,SE.PRM.UNER,2022,180672.097974539,observation::IND::SE.PRM.UNER::2022,Observation
IND,SE.PRM.TCHR.FE.ZS,2022,55.7190920620398,observation::IND::SE.PRM.TCHR.FE.ZS::2022,Observation
IND,SE.PRM.TCAQ.FE.ZS,2022,88.3112863324527,observation::IND::SE.PRM.TCAQ.FE.ZS::2022,Observation
IND,SE.PRM.ENRR.FE,2022,110.846127714644,observation::IND::SE.PRM.ENRR.FE::2022,Observation
IND,SE.PRM.ENRL,2022,131348083.2,observation::IND::SE.PRM.ENRL::2022,Observation
IND,SE.PRM.CUAT.FE.ZS,2022,53.9429817199707,observation::IND::SE.PRM.CUAT.FE.ZS::2022,Observation
IND,SE.PRM.AGES,2022,6.0,observation::IND::SE.PRM.AGES::2022,Observation
IND,SE.PRE.DURS,2022,3.0,observation::IND::SE.PRE.DURS::2022,Observation
IND,SE.ADT.LITR.MA.ZS,2022,83.4499969482422,observation::IND::SE.ADT.LITR.MA.ZS::2022,Observation
IND,SE.ADT.1524.LT.FM.ZS,2022,0.980000019073486,observation::IND::SE.ADT.1524.LT.FM.ZS::2022,Observation
IND,PA.NUS.PPP,2022,20.4894572228217,observation::IND::PA.NUS.PPP::2022,Observation
IND,NY.TTF.GNFS.KN,2022,-3974703935565.55,observation::IND::NY.TTF.GNFS.KN::2022,Observation
IND,NY.TAX.NIND.KN,2022,12868851161800.0,observation::IND::NY.TAX.NIND.KN::2022,Observation
IND,NY.GSR.NFCY.CN,2022,-3703067373300.0,observation::IND::NY.GSR.NFCY.CN::2022,Observation
IND,NY.GNS.ICTR.CN,2022,80167654431092.5,observation::IND::NY.GNS.ICTR.CN::2022,Observation
IND,NY.GNP.PCAP.KN,2022,111822.058314636,observation::IND::NY.GNP.PCAP.KN::2022,Observation
IND,SE.SEC.TCAQ.MA.ZS,2022,89.8295652075201,observation::IND::SE.SEC.TCAQ.MA.ZS::2022,Observation
IND,SE.SEC.TCAQ.FE.ZS,2022,90.8114652265409,observation::IND::SE.SEC.TCAQ.FE.ZS::2022,Observation
IND,SE.SEC.ENRR.MA,2022,81.8421926159795,observation::IND::SE.SEC.ENRR.MA::2022,Observation
IND,SE.SEC.DURS,2022,7.0,observation::IND::SE.SEC.DURS::2022,Observation
IND,SE.SEC.CUAT.PO.ZS,2022,13.2356395721435,observation::IND::SE.SEC.CUAT.PO.ZS::2022,Observation
IND,SE.SEC.CUAT.LO.MA.ZS,2022,58.6634292602539,observation::IND::SE.SEC.CUAT.LO.MA.ZS::2022,Observation
IND,SE.SEC.CMPT.LO.FE.ZS,2022,91.2787858002116,observation::IND::SE.SEC.CMPT.LO.FE.ZS::2022,Observation
IND,SE.PRM.TCHR,2022,4656045.0,observation::IND::SE.PRM.TCHR::2022,Observation
IND,SE.PRM.ENRR,2022,111.084455602236,observation::IND::SE.PRM.ENRR::2022,Observation
IND,SE.PRM.DURS,2022,5.0,observation::IND::SE.PRM.DURS::2022,Observation
IND,SE.PRE.TCAQ.ZS,2022,94.7731019493584,observation::IND::SE.PRE.TCAQ.ZS::2022,Observation
IND,SE.ADT.LITR.FE.ZS,2022,69.0999984741211,observation::IND::SE.ADT.LITR.FE.ZS::2022,Observation
IND,SE.ADT.1524.LT.FE.ZS,2022,95.5400009155273,observation::IND::SE.ADT.1524.LT.FE.ZS::2022,Observation
IND,PA.NUS.GDP.PLI,2022,25.4959900586917,observation::IND::PA.NUS.GDP.PLI::2022,Observation
IND,NY.TAX.NIND.CN,2022,22437748720300.0,observation::IND::NY.TAX.NIND.CN::2022,Observation
IND,NY.GSR.NFCY.CD,2022,-46078999511.5939,observation::IND::NY.GSR.NFCY.CD::2022,Observation
IND,SE.TER.CUAT.MS.MA.ZS,2022,3.4993200302124,observation::IND::SE.TER.CUAT.MS.MA.ZS::2022,Observation
IND,SE.SEC.UNER.LO.ZS,2022,10.7089148291058,observation::IND::SE.SEC.UNER.LO.ZS::2022,Observation
IND,SE.SEC.TCHR.FE,2022,3155280.0,observation::IND::SE.SEC.TCHR.FE::2022,Observation
IND,SE.SEC.TCAQ.UP.MA.ZS,2022,91.2976215860831,observation::IND::SE.SEC.TCAQ.UP.MA.ZS::2022,Observation
IND,SE.SEC.TCAQ.LO.MA.ZS,2022,88.2949620117822,observation::IND::SE.SEC.TCAQ.LO.MA.ZS::2022,Observation
IND,SE.SEC.ENRR,2022,81.1778608399708,observation::IND::SE.SEC.ENRR::2022,Observation
IND,SE.SEC.CUAT.UP.MA.ZS,2022,37.7818717956543,observation::IND::SE.SEC.CUAT.UP.MA.ZS::2022,Observation
IND,SE.SEC.CUAT.PO.FE.ZS,2022,10.3313503265381,observation::IND::SE.SEC.CUAT.PO.FE.ZS::2022,Observation
IND,SE.SEC.CMPT.LO.ZS,2022,90.0373294435214,observation::IND::SE.SEC.CMPT.LO.ZS::2022,Observation
IND,SE.PRM.UNER.ZS,2022,0.152799044775215,observation::IND::SE.PRM.UNER.ZS::2022,Observation
IND,SE.PRM.TCAQ.MA.ZS,2022,89.1417875880507,observation::IND::SE.PRM.TCAQ.MA.ZS::2022,Observation
IND,SE.PRM.ENRR.MA,2022,111.303518695865,observation::IND::SE.PRM.ENRR.MA::2022,Observation
IND,SE.PRM.CUAT.MA.ZS,2022,71.8214721679688,observation::IND::SE.PRM.CUAT.MA.ZS::2022,Observation
IND,SE.PRE.TCAQ.FE.ZS,2022,96.0137477054509,observation::IND::SE.PRE.TCAQ.FE.ZS::2022,Observation
IND,SE.ADT.LITR.ZS,2022,76.3199996948242,observation::IND::SE.ADT.LITR.ZS::2022,Observation
IND,SE.ADT.1524.LT.MA.ZS,2022,97.4400024414062,observation::IND::SE.ADT.1524.LT.MA.ZS::2022,Observation
IND,PA.NUS.PRVT.PLI,2022,23.9336776321772,observation::IND::PA.NUS.PRVT.PLI::2022,Observation
IND,PA.NUS.ATLS,2022,80.36345,observation::IND::PA.NUS.ATLS::2022,Observation
IND,NY.TRF.NCTR.CD,2022,101938348907.37,observation::IND::NY.TRF.NCTR.CD::2022,Observation
IND,SE.SEC.ENRR.FE,2022,80.4518698611689,observation::IND::SE.SEC.ENRR.FE::2022,Observation
IND,SE.SEC.CUAT.UP.ZS,2022,31.6138706207275,observation::IND::SE.SEC.CUAT.UP.ZS::2022,Observation
IND,SE.SEC.CUAT.PO.MA.ZS,2022,16.1787490844727,observation::IND::SE.SEC.CUAT.PO.MA.ZS::2022,Observation
IND,SE.SEC.CUAT.LO.FE.ZS,2022,40.9592399597168,observation::IND::SE.SEC.CUAT.LO.FE.ZS::2022,Observation
IND,SE.SEC.AGES,2022,11.0,observation::IND::SE.SEC.AGES::2022,Observation
IND,SE.PRM.TCAQ.ZS,2022,88.6790398288676,observation::IND::SE.PRM.TCAQ.ZS::2022,Observation
IND,SE.PRM.CUAT.ZS,2022,62.8228607177734,observation::IND::SE.PRM.CUAT.ZS::2022,Observation
IND,SE.PRE.TCAQ.MA.ZS,2022,76.6182944725257,observation::IND::SE.PRE.TCAQ.MA.ZS::2022,Observation
IND,SE.ENR.TERT.FM.ZS,2022,1.03357237174057,observation::IND::SE.ENR.TERT.FM.ZS::2022,Observation
IND,SE.COM.DURS,2022,8.0,observation::IND::SE.COM.DURS::2022,Observation
IND,SE.ADT.1524.LT.ZS,2022,96.5400009155273,observation::IND::SE.ADT.1524.LT.ZS::2022,Observation
IND,PA.NUS.PRVT.PP,2022,19.2339290570959,observation::IND::PA.NUS.PRVT.PP::2022,Observation
IND,PA.NUS.FCRF,2022,78.6044905829916,observation::IND::PA.NUS.FCRF::2022,Observation
IND,NY.TRF.NCTR.CN,2022,8192117405500.0,observation::IND::NY.TRF.NCTR.CN::2022,Observation
IND,NY.TAX.NIND.CD,2022,279203403043.299,observation::IND::NY.TAX.NIND.CD::2022,Observation
IND,NY.GNS.ICTR.ZS,2022,29.8126610526337,observation::IND::NY.GNS.ICTR.ZS::2022,Observation
IND,NY.GNP.PCAP.CD,2022,2390.0,observation::IND::NY.GNP.PCAP.CD::2022,Observation
IND,NY.GNP.MKTP.KD.ZG,2022,6.13146976201575,observation::IND::NY.GNP.MKTP.KD.ZG::2022,Observation
IND,NY.GNP.MKTP.CD,2022,3300028288219.33,observation::IND::NY.GNP.MKTP.CD::2022,Observation
IND,NY.GDS.TOTL.CN,2022,76049826804200.0,observation::IND::NY.GDS.TOTL.CN::2022,Observation
IND,NY.GDP.PCAP.PP.KD,2022,8594.39190499879,observation::IND::NY.GDP.PCAP.PP.KD::2022,Observation
IND,NY.GDP.PCAP.KD,2022,2098.2112447615,observation::IND::NY.GDP.PCAP.KD::2022,Observation
IND,NY.GDP.MKTP.PP.KD,2022,12250645714410.2,observation::IND::NY.GDP.MKTP.PP.KD::2022,Observation
IND,NY.GDP.MKTP.KD,2022,2990839011962.46,observation::IND::NY.GDP.MKTP.KD::2022,Observation
IND,NY.GDP.FCST.CN,2022,246466976991900.0,observation::IND::NY.GDP.FCST.CN::2022,Observation
IND,NY.GDP.DEFL.ZS.AD,2022,166.350860948164,observation::IND::NY.GDP.DEFL.ZS.AD::2022,Observation
IND,NV.SRV.TOTL.KD.ZG,2022,10.3270810085471,observation::IND::NV.SRV.TOTL.KD.ZG::2022,Observation
IND,NV.SRV.EMPL.KD,2022,8687.93878401729,observation::IND::NV.SRV.EMPL.KD::2022,Observation
IND,NV.MNF.MTRN.ZS.UN,2022,20.9145420144368,observation::IND::NV.MNF.MTRN.ZS.UN::2022,Observation
IND,NV.IND.TOTL.KN,2022,44906734976300.0,observation::IND::NV.IND.TOTL.KN::2022,Observation
IND,NV.IND.TOTL.CD,2022,849393259051.223,observation::IND::NV.IND.TOTL.CD::2022,Observation
IND,NV.IND.MANF.KD,2022,433287755980.865,observation::IND::NV.IND.MANF.KD::2022,Observation
IND,NV.AGR.TOTL.KD.ZG,2022,6.2610361131763,observation::IND::NV.AGR.TOTL.KD.ZG::2022,Observation
IND,NV.AGR.EMPL.KD,2022,2090.9159236969,observation::IND::NV.AGR.EMPL.KD::2022,Observation
IND,NE.RSB.GNFS.CN,2022,-9605781646400.0,observation::IND::NE.RSB.GNFS.CN::2022,Observation
IND,NE.IMP.GNFS.KD.ZG,2022,8.92059786049835,observation::IND::NE.IMP.GNFS.KD.ZG::2022,Observation
IND,NE.GDI.TOTL.ZS,2022,33.6192585388984,observation::IND::NE.GDI.TOTL.ZS::2022,Observation
IND,NY.GNS.ICTR.CD,2022,997563624148.696,observation::IND::NY.GNS.ICTR.CD::2022,Observation
IND,NY.GNP.PCAP.KD.ZG,2022,6.64961302636007,observation::IND::NY.GNP.PCAP.KD.ZG::2022,Observation
IND,NY.GNP.MKTP.PP.KD,2022,12093632808318.7,observation::IND::NY.GNP.MKTP.PP.KD::2022,Observation
IND,NY.GNP.MKTP.KD,2022,2949901408053.46,observation::IND::NY.GNP.MKTP.KD::2022,Observation
IND,NY.GNP.ATLS.CD,2022,3404829101289.65,observation::IND::NY.GNP.ATLS.CD::2022,Observation
IND,NY.GDS.TOTL.CD,2022,946323568789.045,observation::IND::NY.GDS.TOTL.CD::2022,Observation
IND,NY.GDP.PCAP.PP.CD,2022,9207.12743040145,observation::IND::NY.GDP.PCAP.PP.CD::2022,Observation
IND,NY.GDP.PCAP.CN,2022,188649.043630279,observation::IND::NY.GDP.PCAP.CN::2022,Observation
IND,NY.GDP.MKTP.PP.CD,2022,13124053155136.1,observation::IND::NY.GDP.MKTP.PP.CD::2022,Observation
IND,NY.GDP.MKTP.CN.AD,2022,268904725712200.0,observation::IND::NY.GDP.MKTP.CN.AD::2022,Observation
IND,NY.GDP.FCST.CD,2022,3066903884687.63,observation::IND::NY.GDP.FCST.CD::2022,Observation
IND,NY.GDP.DEFL.ZS,2022,166.350860948164,observation::IND::NY.GDP.DEFL.ZS::2022,Observation
IND,NY.EXP.CAPM.KN,2022,33458396578234.4,observation::IND::NY.EXP.CAPM.KN::2022,Observation
IND,NV.SRV.TOTL.KD,2022,1459847106021.06,observation::IND::NV.SRV.TOTL.KD::2022,Observation
IND,NV.MNF.TXTL.ZS.UN,2022,7.75977069042954,observation::IND::NV.MNF.TXTL.ZS.UN::2022,Observation
IND,NV.MNF.FBTO.ZS.UN,2022,10.0311121358543,observation::IND::NV.MNF.FBTO.ZS.UN::2022,Observation
IND,NV.IND.TOTL.KD.ZG,2022,2.48450009467336,observation::IND::NV.IND.TOTL.KD.ZG::2022,Observation
IND,NV.IND.MANF.ZS,2022,13.1454235512516,observation::IND::NV.IND.MANF.ZS::2022,Observation
IND,NV.IND.MANF.CN,2022,35348665144200.0,observation::IND::NV.IND.MANF.CN::2022,Observation
IND,NV.AGR.TOTL.KD,2022,485474424792.684,observation::IND::NV.AGR.TOTL.KD::2022,Observation
IND,NE.TRD.GNFS.ZS,2022,50.0752701498882,observation::IND::NE.TRD.GNFS.ZS::2022,Observation
IND,NE.RSB.GNFS.CD,2022,-119529234327.297,observation::IND::NE.RSB.GNFS.CD::2022,Observation
IND,NY.GNS.ICTR.GN.ZS,2022,30.228941603618,observation::IND::NY.GNS.ICTR.GN.ZS::2022,Observation
IND,NY.GNP.PCAP.PP.CD,2022,9080.0,observation::IND::NY.GNP.PCAP.PP.CD::2022,Observation
IND,NY.GNP.PCAP.CN,2022,186051.171403893,observation::IND::NY.GNP.PCAP.CN::2022,Observation
IND,NY.GNP.MKTP.KN,2022,159393757535300.0,observation::IND::NY.GNP.MKTP.KN::2022,Observation
IND,NY.GNP.MKTP.CN,2022,265201658338900.0,observation::IND::NY.GNP.MKTP.CN::2022,Observation
IND,NY.GDS.TOTL.ZS,2022,28.2813277463906,observation::IND::NY.GDS.TOTL.ZS::2022,Observation
IND,NY.GDP.PCAP.KD.ZG,2022,6.76238601727897,observation::IND::NY.GDP.PCAP.KD.ZG::2022,Observation
IND,NY.GDP.MKTP.KD.ZG,2022,7.60936497768895,observation::IND::NY.GDP.MKTP.KD.ZG::2022,Observation
IND,NY.GDP.MKTP.CD,2022,3346107287730.93,observation::IND::NY.GDP.MKTP.CD::2022,Observation
IND,NY.GDP.FCST.KD,2022,2723647281533.05,observation::IND::NY.GDP.FCST.KD::2022,Observation
IND,NY.GDP.DISC.CN,2022,-4748166509900.0,observation::IND::NY.GDP.DISC.CN::2022,Observation
IND,NY.GDP.DEFL.KD.ZG,2022,5.89714185891133,observation::IND::NY.GDP.DEFL.KD.ZG::2022,Observation
IND,NV.SRV.TOTL.KN,2022,80813771399500.0,observation::IND::NV.SRV.TOTL.KN::2022,Observation
IND,NV.SRV.TOTL.CD,2022,1663859377501.84,observation::IND::NV.SRV.TOTL.CD::2022,Observation
IND,NV.MNF.OTHR.ZS.UN,2022,43.2006774307114,observation::IND::NV.MNF.OTHR.ZS.UN::2022,Observation
IND,NV.IND.TOTL.ZS,2022,25.3845195629461,observation::IND::NV.IND.TOTL.ZS::2022,Observation
IND,NV.IND.TOTL.CN,2022,68260172704100.0,observation::IND::NV.IND.TOTL.CN::2022,Observation
IND,NV.IND.MANF.KD.ZG,2022,-1.7441965637199,observation::IND::NV.IND.MANF.KD.ZG::2022,Observation
IND,NV.IND.EMPL.KD,2022,5513.67613275612,observation::IND::NV.IND.EMPL.KD::2022,Observation
IND,NV.AGR.TOTL.KN,2022,23059776214600.0,observation::IND::NV.AGR.TOTL.KN::2022,Observation
IND,NV.AGR.TOTL.CD,2022,553651248134.569,observation::IND::NV.AGR.TOTL.CD::2022,Observation
IND,NE.RSB.GNFS.KN,2022,-1165586466400.0,observation::IND::NE.RSB.GNFS.KN::2022,Observation
IND,NE.IMP.GNFS.KN,2022,38598686980200.0,observation::IND::NE.IMP.GNFS.KN::2022,Observation
IND,NY.GNP.PCAP.PP.KD,2022,8484.24012357022,observation::IND::NY.GNP.PCAP.PP.KD::2022,Observation
IND,NY.GNP.PCAP.KD,2022,2069.49163113071,observation::IND::NY.GNP.PCAP.KD::2022,Observation
IND,NY.GNP.MKTP.PP.CD,2022,12943322775945.1,observation::IND::NY.GNP.MKTP.PP.CD::2022,Observation
IND,NY.GNP.MKTP.CN.AD,2022,265201658338900.0,observation::IND::NY.GNP.MKTP.CN.AD::2022,Observation
IND,NY.GDY.TOTL.KN,2022,157674429816734.0,observation::IND::NY.GDY.TOTL.KN::2022,Observation
IND,NY.GDP.PCAP.KN,2022,113404.308553031,observation::IND::NY.GDP.PCAP.KN::2022,Observation
IND,NY.GDP.PCAP.CD,2022,2347.44829434623,observation::IND::NY.GDP.PCAP.CD::2022,Observation
IND,NY.GDP.MKTP.KN,2022,161649133752300.0,observation::IND::NY.GDP.MKTP.KN::2022,Observation
IND,NY.GDP.MKTP.CN,2022,268904725712200.0,observation::IND::NY.GDP.MKTP.CN::2022,Observation
IND,NY.GDP.FCST.KN,2022,148780282590500.0,observation::IND::NY.GDP.FCST.KN::2022,Observation
IND,NY.GDP.DISC.KN,2022,-5195101412400.0,observation::IND::NY.GDP.DISC.KN::2022,Observation
IND,NY.GDP.DEFL.KD.ZG.AD,2022,5.89714185891133,observation::IND::NY.GDP.DEFL.KD.ZG.AD::2022,Observation
IND,NV.SRV.TOTL.ZS,2022,49.7252249980944,observation::IND::NV.SRV.TOTL.ZS::2022,Observation
IND,NV.SRV.TOTL.CN,2022,133713479890900.0,observation::IND::NV.SRV.TOTL.CN::2022,Observation
IND,NV.MNF.TECH.ZS.UN,2022,41.5552286346714,observation::IND::NV.MNF.TECH.ZS.UN::2022,Observation
IND,NV.MNF.CHEM.ZS.UN,2022,18.0938977285679,observation::IND::NV.MNF.CHEM.ZS.UN::2022,Observation
IND,NV.IND.TOTL.KD,2022,780166819895.682,observation::IND::NV.IND.TOTL.KD::2022,Observation
IND,NV.IND.MANF.KN,2022,25163636601700.0,observation::IND::NV.IND.MANF.KN::2022,Observation
IND,NV.IND.MANF.CD,2022,439859975451.527,observation::IND::NV.IND.MANF.CD::2022,Observation
IND,NV.AGR.TOTL.ZS,2022,16.5461295925754,observation::IND::NV.AGR.TOTL.ZS::2022,Observation
IND,NE.GDI.TOTL.CN,2022,90403774960500.0,observation::IND::NE.GDI.TOTL.CN::2022,Observation
IND,NE.GDI.STKB.CD,2022,37311829789.5374,observation::IND::NE.GDI.STKB.CD::2022,Observation
IND,NE.GDI.FTOT.KD,2022,941161452971.761,observation::IND::NE.GDI.FTOT.KD::2022,Observation
IND,NE.GDI.FPRV.CN,2022,74385309842300.0,observation::IND::NE.GDI.FPRV.CN::2022,Observation
IND,NE.EXP.GNFS.KD,2022,658219877493.124,observation::IND::NE.EXP.GNFS.KD::2022,Observation
IND,NE.DAB.TOTL.KN,2022,168009821631100.0,observation::IND::NE.DAB.TOTL.KN::2022,Observation
IND,NE.DAB.DEFL.ZS,2022,168.596496989594,observation::IND::NE.DAB.DEFL.ZS::2022,Observation
IND,NE.CON.TOTL.KD,2022,2124401575119.05,observation::IND::NE.CON.TOTL.KD::2022,Observation
IND,NE.CON.PRVT.PP.KD,2022,7939394727265.25,observation::IND::NE.CON.PRVT.PP.KD::2022,Observation
IND,NE.CON.PRVT.KN,2022,93849428619300.0,observation::IND::NE.CON.PRVT.KN::2022,Observation
IND,NE.CON.PRVT.CN,2022,165278617342300.0,observation::IND::NE.CON.PRVT.CN::2022,Observation
IND,NE.CON.GOVT.ZS,2022,10.255037910793,observation::IND::NE.CON.GOVT.ZS::2022,Observation
IND,NE.CON.GOVT.CN,2022,27576281565700.0,observation::IND::NE.CON.GOVT.CN::2022,Observation
IND,MS.MIL.XPND.GD.ZS,2022,2.38309809835882,observation::IND::MS.MIL.XPND.GD.ZS::2022,Observation
IND,LP.LPI.OVRL.XQ,2022,3.4,observation::IND::LP.LPI.OVRL.XQ::2022,Observation
IND,LP.LPI.CUST.XQ,2022,3.0,observation::IND::LP.LPI.CUST.XQ::2022,Observation
IND,IT.NET.BBND.P2,2022,2.35231555917724,observation::IND::IT.NET.BBND.P2::2022,Observation
IND,IT.CEL.SETS.P2,2022,80.1818007717416,observation::IND::IT.CEL.SETS.P2::2022,Observation
IND,IS.AIR.GOOD.MT.K1,2022,1462.126148332,observation::IND::IS.AIR.GOOD.MT.K1::2022,Observation
IND,IQ.SPI.PIL3,2022,79.1375,observation::IND::IQ.SPI.PIL3::2022,Observation
IND,NE.IMP.GNFS.KD,2022,714786868774.639,observation::IND::NE.IMP.GNFS.KD::2022,Observation
IND,NE.GDI.TOTL.KN,2022,58720478471200.0,observation::IND::NE.GDI.TOTL.KN::2022,Observation
IND,NE.GDI.TOTL.CD,2022,1124936460051.18,observation::IND::NE.GDI.TOTL.CD::2022,Observation
IND,NE.GDI.FTOT.ZS,2022,31.2230944361164,observation::IND::NE.GDI.FTOT.ZS::2022,Observation
IND,NE.GDI.FTOT.CN,2022,83960376452300.0,observation::IND::NE.GDI.FTOT.CN::2022,Observation
IND,NE.EXP.GNFS.ZS,2022,23.2515412045298,observation::IND::NE.EXP.GNFS.ZS::2022,Observation
IND,NE.EXP.GNFS.CN,2022,62524493099900.0,observation::IND::NE.EXP.GNFS.CN::2022,Observation
IND,NE.DAB.TOTL.KD,2022,3137024078612.05,observation::IND::NE.DAB.TOTL.KD::2022,Observation
IND,NE.CON.TOTL.ZS,2022,71.7186722536094,observation::IND::NE.CON.TOTL.ZS::2022,Observation
IND,NE.CON.TOTL.CN,2022,192854898908000.0,observation::IND::NE.CON.TOTL.CN::2022,Observation
IND,NE.CON.PRVT.PP.CD,2022,8593076165128.33,observation::IND::NE.CON.PRVT.PP.CD::2022,Observation
IND,NE.CON.PRVT.KD.ZG,2022,7.47052937706421,observation::IND::NE.CON.PRVT.KD.ZG::2022,Observation
IND,NE.CON.PRVT.CD,2022,2056639148049.27,observation::IND::NE.CON.PRVT.CD::2022,Observation
IND,NE.CON.GOVT.KN,2022,15439914540700.0,observation::IND::NE.CON.GOVT.KN::2022,Observation
IND,NE.CON.GOVT.CD,2022,343144570892.613,observation::IND::NE.CON.GOVT.CD::2022,Observation
IND,MS.MIL.XPND.CN,2022,6279477825000.0,observation::IND::MS.MIL.XPND.CN::2022,Observation
IND,MS.MIL.MPRT.KD,2022,2629000000.0,observation::IND::MS.MIL.MPRT.KD::2022,Observation
IND,LP.LPI.LOGS.XQ,2022,3.5,observation::IND::LP.LPI.LOGS.XQ::2022,Observation
IND,IT.NET.BBND,2022,33530452.0,observation::IND::IT.NET.BBND::2022,Observation
IND,IT.CEL.SETS,2022,1142930000.0,observation::IND::IT.CEL.SETS::2022,Observation
IND,IS.AIR.DPRT,2022,1055351.999,observation::IND::IS.AIR.DPRT::2022,Observation
IND,IQ.SPI.PIL2,2022,87.7333333333333,observation::IND::IQ.SPI.PIL2::2022,Observation
IND,NE.IMP.GNFS.CD,2022,897550749081.828,observation::IND::NE.IMP.GNFS.CD::2022,Observation
IND,NE.GDI.TOTL.KD,2022,1012622503492.99,observation::IND::NE.GDI.TOTL.KD::2022,Observation
IND,NE.GDI.STKB.CN,2022,2998507367700.0,observation::IND::NE.GDI.STKB.CN::2022,Observation
IND,NE.GDI.FTOT.KD.ZG,2022,8.44514221354919,observation::IND::NE.GDI.FTOT.KD.ZG::2022,Observation
IND,NE.GDI.FPRV.ZS,2022,27.6623289699684,observation::IND::NE.GDI.FPRV.ZS::2022,Observation
IND,NE.EXP.GNFS.KD.ZG,2022,10.3210083038716,observation::IND::NE.EXP.GNFS.KD.ZG::2022,Observation
IND,NE.DAB.TOTL.ZS,2022,105.337930792508,observation::IND::NE.DAB.TOTL.ZS::2022,Observation
IND,NE.DAB.TOTL.CD,2022,3524720178993.06,observation::IND::NE.DAB.TOTL.CD::2022,Observation
IND,NE.CON.TOTL.KD.ZG,2022,7.01037265153681,observation::IND::NE.CON.TOTL.KD.ZG::2022,Observation
IND,NE.CON.PRVT.ZS,2022,61.4636343428164,observation::IND::NE.CON.PRVT.ZS::2022,Observation
IND,NE.CON.PRVT.PC.KD,2022,1280.6690890081,observation::IND::NE.CON.PRVT.PC.KD::2022,Observation
IND,NE.CON.PRVT.CN.AD,2022,165278617342300.0,observation::IND::NE.CON.PRVT.CN.AD::2022,Observation
IND,NE.CON.PCAP.PP.CD,2022,6028.43849657215,observation::IND::NE.CON.PCAP.PP.CD::2022,Observation
IND,NE.CON.GOVT.KD,2022,298995452235.788,observation::IND::NE.CON.GOVT.KD::2022,Observation
IND,MS.MIL.XPND.ZS,2022,7.99476292480946,observation::IND::MS.MIL.XPND.ZS::2022,Observation
IND,LP.LPI.TIME.XQ,2022,3.6,observation::IND::LP.LPI.TIME.XQ::2022,Observation
IND,LP.LPI.INFR.XQ,2022,3.2,observation::IND::LP.LPI.INFR.XQ::2022,Observation
IND,IT.NET.USER.ZS,2022,55.9,observation::IND::IT.NET.USER.ZS::2022,Observation
IND,IT.NET.SECR,2022,1040120.0,observation::IND::IT.NET.SECR::2022,Observation
IND,IT.MLT.MAIN,2022,27454827.0,observation::IND::IT.MLT.MAIN::2022,Observation
IND,IS.AIR.PSGR,2022,139996043.466,observation::IND::IS.AIR.PSGR::2022,Observation
IND,IQ.SPI.PIL4,2022,72.8333333333333,observation::IND::IQ.SPI.PIL4::2022,Observation
IND,IQ.SPI.OVRL,2022,76.9408333333333,observation::IND::IQ.SPI.OVRL::2022,Observation
IND,NV.AGR.TOTL.CN,2022,44493324396900.0,observation::IND::NV.AGR.TOTL.CN::2022,Observation
IND,NE.RSB.GNFS.ZS,2022,-3.57218774082861,observation::IND::NE.RSB.GNFS.ZS::2022,Observation
IND,NE.IMP.GNFS.ZS,2022,26.8237289453584,observation::IND::NE.IMP.GNFS.ZS::2022,Observation
IND,NE.IMP.GNFS.CN,2022,72130274746300.0,observation::IND::NE.IMP.GNFS.CN::2022,Observation
IND,NE.GDI.TOTL.KD.ZG,2022,7.59464536967943,observation::IND::NE.GDI.TOTL.KD.ZG::2022,Observation
IND,NE.GDI.STKB.KN,2022,1991769216500.0,observation::IND::NE.GDI.STKB.KN::2022,Observation
IND,NE.GDI.FTOT.KN,2022,54377247725300.0,observation::IND::NE.GDI.FTOT.KN::2022,Observation
IND,NE.GDI.FTOT.CD,2022,1044758238382.0,observation::IND::NE.GDI.FTOT.CD::2022,Observation
IND,NE.EXP.GNFS.KN,2022,37433100513800.0,observation::IND::NE.EXP.GNFS.KN::2022,Observation
IND,NE.EXP.GNFS.CD,2022,778021514754.531,observation::IND::NE.EXP.GNFS.CD::2022,Observation
IND,NE.DAB.TOTL.CN,2022,283258673868500.0,observation::IND::NE.DAB.TOTL.CN::2022,Observation
IND,NE.CON.TOTL.KN,2022,109289343159900.0,observation::IND::NE.CON.TOTL.KN::2022,Observation
IND,NE.CON.TOTL.CD,2022,2399783718941.88,observation::IND::NE.CON.TOTL.CD::2022,Observation
IND,NE.CON.PRVT.PC.KD.ZG,2022,6.62464317315093,observation::IND::NE.CON.PRVT.PC.KD.ZG::2022,Observation
IND,NE.CON.PRVT.KD,2022,1825495446363.04,observation::IND::NE.CON.PRVT.KD::2022,Observation
IND,NE.CON.PCAP.PP.KD,2022,5569.85087686733,observation::IND::NE.CON.PCAP.PP.KD::2022,Observation
IND,NE.CON.GOVT.KD.ZG,2022,4.29599203269424,observation::IND::NE.CON.GOVT.KD.ZG::2022,Observation
IND,MS.MIL.XPRT.KD,2022,7000000.0,observation::IND::MS.MIL.XPRT.KD::2022,Observation
IND,MS.MIL.XPND.CD,2022,79976789327.937,observation::IND::MS.MIL.XPND.CD::2022,Observation
IND,LP.LPI.TRAC.XQ,2022,3.4,observation::IND::LP.LPI.TRAC.XQ::2022,Observation
IND,LP.LPI.ITRN.XQ,2022,3.5,observation::IND::LP.LPI.ITRN.XQ::2022,Observation
IND,IT.NET.SECR.P6,2022,729.692060044831,observation::IND::IT.NET.SECR.P6::2022,Observation
IND,IT.MLT.MAIN.P2,2022,1.92608249738534,observation::IND::IT.MLT.MAIN.P2::2022,Observation
IND,IS.SHP.GOOD.TU,2022,19717168.0,observation::IND::IS.SHP.GOOD.TU::2022,Observation
IND,IQ.SPI.PIL5,2022,55.0,observation::IND::IQ.SPI.PIL5::2022,Observation
IND,IQ.SPI.PIL1,2022,90.0,observation::IND::IQ.SPI.PIL1::2022,Observation
IND,VC.IHR.PSRC.P5,2022,2.81530423021647,observation::IND::VC.IHR.PSRC.P5::2022,Observation
IND,VC.IDP.NWCV,2022,1000.0,observation::IND::VC.IDP.NWCV::2022,Observation
IND,TX.VAL.TECH.MF.ZS,2022,12.6822794807287,observation::IND::TX.VAL.TECH.MF.ZS::2022,Observation
IND,TX.VAL.MRCH.XD.WD,2022,169.2,observation::IND::TX.VAL.MRCH.XD.WD::2022,Observation
IND,TX.VAL.MRCH.R6.ZS,2022,9.35280297259764,observation::IND::TX.VAL.MRCH.R6.ZS::2022,Observation
IND,TX.VAL.MRCH.R2.ZS,2022,2.61358362623256,observation::IND::TX.VAL.MRCH.R2.ZS::2022,Observation
IND,TX.VAL.MRCH.CD.WT,2022,453415000000.0,observation::IND::TX.VAL.MRCH.CD.WT::2022,Observation
IND,TX.VAL.INSF.ZS.WT,2022,3.46459546951557,observation::IND::TX.VAL.INSF.ZS.WT::2022,Observation
IND,TX.VAL.AGRI.ZS.UN,2022,0.942789378851202,observation::IND::TX.VAL.AGRI.ZS.UN::2022,Observation
IND,TT.PRI.MRCH.XD.WD,2022,81.4,observation::IND::TT.PRI.MRCH.XD.WD::2022,Observation
IND,TM.VAL.OTHR.ZS.WT,2022,55.8531026749459,observation::IND::TM.VAL.OTHR.ZS.WT::2022,Observation
IND,TM.VAL.MRCH.RS.ZS,2022,0.0307431211167961,observation::IND::TM.VAL.MRCH.RS.ZS::2022,Observation
IND,TM.VAL.MRCH.R3.ZS,2022,3.49045047263344,observation::IND::TM.VAL.MRCH.R3.ZS::2022,Observation
IND,TM.VAL.MRCH.HI.ZS,2022,58.9314972785203,observation::IND::TM.VAL.MRCH.HI.ZS::2022,Observation
IND,TM.VAL.MANF.ZS.UN,2022,44.645900085283,observation::IND::TM.VAL.MANF.ZS.UN::2022,Observation
IND,TM.VAL.FOOD.ZS.UN,2022,4.68745287929006,observation::IND::TM.VAL.FOOD.ZS.UN::2022,Observation
IND,TM.TAX.TCOM.WM.AR.ZS,2022,2.49,observation::IND::TM.TAX.TCOM.WM.AR.ZS::2022,Observation
IND,TM.TAX.TCOM.BC.ZS,2022,0.0,observation::IND::TM.TAX.TCOM.BC.ZS::2022,Observation
IND,TM.TAX.MRCH.SM.AR.ZS,2022,10.06,observation::IND::TM.TAX.MRCH.SM.AR.ZS::2022,Observation
IND,TM.TAX.MANF.WM.AR.ZS,2022,6.22,observation::IND::TM.TAX.MANF.WM.AR.ZS::2022,Observation
IND,TM.TAX.MANF.BC.ZS,2022,0.0,observation::IND::TM.TAX.MANF.BC.ZS::2022,Observation
IND,SP.URB.GROW,2022,1.69490092263281,observation::IND::SP.URB.GROW::2022,Observation
IND,SP.POP.TOTL.FE.ZS,2022,48.3990824754438,observation::IND::SP.POP.TOTL.FE.ZS::2022,Observation
IND,SP.POP.DPND,2022,47.4637059570602,observation::IND::SP.POP.DPND::2022,Observation
IND,SP.POP.7579.MA.5Y,2022,0.958526781920169,observation::IND::SP.POP.7579.MA.5Y::2022,Observation
IND,SP.POP.65UP.TO.ZS,2022,6.69899975408181,observation::IND::SP.POP.65UP.TO.ZS::2022,Observation
IND,SP.POP.65UP.FE.ZS,2022,7.27755094380342,observation::IND::SP.POP.65UP.FE.ZS::2022,Observation
IND,SP.POP.6064.MA.5Y,2022,3.4370260818342,observation::IND::SP.POP.6064.MA.5Y::2022,Observation
IND,SP.POP.5054.MA.5Y,2022,4.94971848970813,observation::IND::SP.POP.5054.MA.5Y::2022,Observation
IND,SP.POP.4044.MA.5Y,2022,6.66768777413941,observation::IND::SP.POP.4044.MA.5Y::2022,Observation
IND,SP.POP.3034.MA.5Y,2022,8.26316331720342,observation::IND::SP.POP.3034.MA.5Y::2022,Observation
IND,SP.POP.2024.MA.5Y,2022,9.1963691562388,observation::IND::SP.POP.2024.MA.5Y::2022,Observation
IND,SP.POP.1564.MA.ZS,2022,68.0711680751889,observation::IND::SP.POP.1564.MA.ZS::2022,Observation
IND,SP.POP.1519.MA.5Y,2022,9.21633172870289,observation::IND::SP.POP.1519.MA.5Y::2022,Observation
IND,SP.POP.0509.MA.5Y,2022,8.59247696906625,observation::IND::SP.POP.0509.MA.5Y::2022,Observation
IND,SP.POP.0014.MA.ZS,2022,25.7724842798753,observation::IND::SP.POP.0014.MA.ZS::2022,Observation
IND,SP.POP.0004.MA.5Y,2022,8.17655362915128,observation::IND::SP.POP.0004.MA.5Y::2022,Observation
IND,SP.DYN.TO65.FE.ZS,2022,78.057246,observation::IND::SP.DYN.TO65.FE.ZS::2022,Observation
IND,SP.DYN.LE00.FE.IN,2022,73.271,observation::IND::SP.DYN.LE00.FE.IN::2022,Observation
IND,SP.DYN.AMRT.MA,2022,181.136,observation::IND::SP.DYN.AMRT.MA::2022,Observation
IND,DT.NFL.WHOL.CD,2022,8076518.05877686,observation::IND::DT.NFL.WHOL.CD::2022,Observation
IND,DT.NFL.UNDP.CD,2022,2133058.07113647,observation::IND::DT.NFL.UNDP.CD::2022,Observation
IND,DT.NFL.UNCF.CD,2022,54097999.5727539,observation::IND::DT.NFL.UNCF.CD::2022,Observation
IND,DT.NFL.PROP.CD,2022,-1500000.0,observation::IND::DT.NFL.PROP.CD::2022,Observation
IND,DT.NFL.PCBK.CD,2022,1227111000.0,observation::IND::DT.NFL.PCBK.CD::2022,Observation
IND,DT.NFL.MOTH.CD,2022,270323910.0,observation::IND::DT.NFL.MOTH.CD::2022,Observation
IND,DT.NFL.IMFN.CD,2022,0.0,observation::IND::DT.NFL.IMFN.CD::2022,Observation
IND,DT.NFL.BOND.CD,2022,-1293250000.0,observation::IND::DT.NFL.BOND.CD::2022,Observation
IND,VC.IHR.PSRC.MA.P5,2022,3.22910946938297,observation::IND::VC.IHR.PSRC.MA.P5::2022,Observation
IND,VC.BTL.DETH,2022,310.0,observation::IND::VC.BTL.DETH::2022,Observation
IND,TX.VAL.TECH.CD,2022,35784973166.0,observation::IND::TX.VAL.TECH.CD::2022,Observation
IND,TX.VAL.MRCH.WR.ZS,2022,7.00813744302509,observation::IND::TX.VAL.MRCH.WR.ZS::2022,Observation
IND,TX.VAL.MRCH.R5.ZS,2022,7.00813744302509,observation::IND::TX.VAL.MRCH.R5.ZS::2022,Observation
IND,TX.VAL.MRCH.R1.ZS,2022,10.5693721315479,observation::IND::TX.VAL.MRCH.R1.ZS::2022,Observation
IND,TX.VAL.MRCH.AL.ZS,2022,14.7875206130381,observation::IND::TX.VAL.MRCH.AL.ZS::2022,Observation
IND,TX.VAL.ICTG.ZS.UN,2022,2.77,observation::IND::TX.VAL.ICTG.ZS.UN::2022,Observation
IND,TX.UVI.MRCH.XD.WD,2022,129.9,observation::IND::TX.UVI.MRCH.XD.WD::2022,Observation
IND,TM.VAL.TRVL.ZS.WT,2022,14.7165748192081,observation::IND::TM.VAL.TRVL.ZS.WT::2022,Observation
IND,TM.VAL.MRCH.XD.WD,2022,182.8,observation::IND::TM.VAL.MRCH.XD.WD::2022,Observation
IND,TM.VAL.MRCH.R6.ZS,2022,6.09099085901658,observation::IND::TM.VAL.MRCH.R6.ZS::2022,Observation
IND,TM.VAL.MRCH.R2.ZS,2022,0.881162054588483,observation::IND::TM.VAL.MRCH.R2.ZS::2022,Observation
IND,TM.VAL.MRCH.CD.WT,2022,720441000000.0,observation::IND::TM.VAL.MRCH.CD.WT::2022,Observation
IND,TM.VAL.INSF.ZS.WT,2022,4.67948199184832,observation::IND::TM.VAL.INSF.ZS.WT::2022,Observation
IND,TM.VAL.AGRI.ZS.UN,2022,1.65379785579271,observation::IND::TM.VAL.AGRI.ZS.UN::2022,Observation
IND,TM.TAX.TCOM.SM.FN.ZS,2022,24.83,observation::IND::TM.TAX.TCOM.SM.FN.ZS::2022,Observation
IND,TM.TAX.MRCH.WM.FN.ZS,2022,5.99,observation::IND::TM.TAX.MRCH.WM.FN.ZS::2022,Observation
IND,TM.TAX.MANF.SM.FN.ZS,2022,11.57,observation::IND::TM.TAX.MANF.SM.FN.ZS::2022,Observation
IND,TM.QTY.MRCH.XD.WD,2022,114.5,observation::IND::TM.QTY.MRCH.XD.WD::2022,Observation
IND,SP.RUR.TOTL.ZS,2022,65.2444326005794,observation::IND::SP.RUR.TOTL.ZS::2022,Observation
IND,SP.POP.TOTL.FE.IN,2022,689891756.0,observation::IND::SP.POP.TOTL.FE.IN::2022,Observation
IND,SP.POP.GROW,2022,0.790200540609834,observation::IND::SP.POP.GROW::2022,Observation
IND,SP.POP.BRTH.MF,2022,1.075,observation::IND::SP.POP.BRTH.MF::2022,Observation
IND,SP.POP.7579.FE.5Y,2022,1.20356388198383,observation::IND::SP.POP.7579.FE.5Y::2022,Observation
IND,SP.POP.65UP.TO,2022,95489097.0,observation::IND::SP.POP.65UP.TO::2022,Observation
IND,SP.POP.65UP.FE.IN,2022,50207224.0,observation::IND::SP.POP.65UP.FE.IN::2022,Observation
IND,SP.POP.6064.FE.5Y,2022,3.65248370934295,observation::IND::SP.POP.6064.FE.5Y::2022,Observation
IND,SP.POP.5054.FE.5Y,2022,5.09920733130198,observation::IND::SP.POP.5054.FE.5Y::2022,Observation
IND,SP.POP.4044.FE.5Y,2022,6.62209050951466,observation::IND::SP.POP.4044.FE.5Y::2022,Observation
IND,SP.POP.3034.FE.5Y,2022,8.12320404072201,observation::IND::SP.POP.3034.FE.5Y::2022,Observation
IND,SP.POP.2024.FE.5Y,2022,8.8852969276531,observation::IND::SP.POP.2024.FE.5Y::2022,Observation
IND,SP.POP.1564.MA.IN,2022,500684854.0,observation::IND::SP.POP.1564.MA.IN::2022,Observation
IND,SP.POP.1519.FE.5Y,2022,8.92563716908657,observation::IND::SP.POP.1519.FE.5Y::2022,Observation
IND,SP.POP.0509.FE.5Y,2022,8.38652397232009,observation::IND::SP.POP.0509.FE.5Y::2022,Observation
IND,SP.POP.0014.MA.IN,2022,189564729.0,observation::IND::SP.POP.0014.MA.IN::2022,Observation
IND,SP.POP.0004.FE.5Y,2022,8.06335436192689,observation::IND::SP.POP.0004.FE.5Y::2022,Observation
IND,SP.DYN.TFRT.IN,2022,1.994,observation::IND::SP.DYN.TFRT.IN::2022,Observation
IND,SP.DYN.IMRT.MA.IN,2022,25.9,observation::IND::SP.DYN.IMRT.MA.IN::2022,Observation
IND,SP.DYN.AMRT.FE,2022,125.543,observation::IND::SP.DYN.AMRT.FE::2022,Observation
IND,SM.POP.RHCR.EA,2022,242835.0,observation::IND::SM.POP.RHCR.EA::2022,Observation
IND,SM.POP.IDPC,2022,498000.0,observation::IND::SM.POP.IDPC::2022,Observation
IND,SL.UEM.TOTL.NE.ZS,2022,4.822,observation::IND::SL.UEM.TOTL.NE.ZS::2022,Observation
IND,DT.NFL.WFPG.CD,2022,581068.992614746,observation::IND::DT.NFL.WFPG.CD::2022,Observation
IND,DT.NFL.UNFP.CD,2022,6193749.90463257,observation::IND::DT.NFL.UNFP.CD::2022,Observation
IND,DT.NFL.UNCV.CD,2022,-1898.00001680851,observation::IND::DT.NFL.UNCV.CD::2022,Observation
IND,DT.NFL.RDBN.CD,2022,2550142000.0,observation::IND::DT.NFL.RDBN.CD::2022,Observation
IND,DT.NFL.PNGC.CD,2022,-9802142000.0,observation::IND::DT.NFL.PNGC.CD::2022,Observation
IND,DT.NFL.PBND.CD,2022,-2931042000.0,observation::IND::DT.NFL.PBND.CD::2022,Observation
IND,DT.NFL.MLAT.CD,2022,3384341000.0,observation::IND::DT.NFL.MLAT.CD::2022,Observation
IND,DT.NFL.IMFC.CD,2022,0.0,observation::IND::DT.NFL.IMFC.CD::2022,Observation
IND,DT.NFL.FAOG.CD,2022,411199.986934662,observation::IND::DT.NFL.FAOG.CD::2022,Observation
IND,DT.NFL.BLAT.CD,2022,3313050370.2,observation::IND::DT.NFL.BLAT.CD::2022,Observation
IND,DT.DOD.MWBG.CD,2022,38257424000.0,observation::IND::DT.DOD.MWBG.CD::2022,Observation
IND,DT.DOD.DSTC.XP.ZS,2022,16.0880024281421,observation::IND::DT.DOD.DSTC.XP.ZS::2022,Observation
IND,DT.DOD.DPNG.CD,2022,260404303000.0,observation::IND::DT.DOD.DPNG.CD::2022,Observation
IND,DT.DOD.DECT.CD,2022,615514904164.5,observation::IND::DT.DOD.DECT.CD::2022,Observation
IND,VC.IDP.NWDS,2022,2507000.0,observation::IND::VC.IDP.NWDS::2022,Observation
IND,TX.VAL.TRAN.ZS.WT,2022,12.1594913871978,observation::IND::TX.VAL.TRAN.ZS.WT::2022,Observation
IND,TX.VAL.OTHR.ZS.WT,2022,77.4558665358587,observation::IND::TX.VAL.OTHR.ZS.WT::2022,Observation
IND,TX.VAL.MRCH.RS.ZS,2022,0.0420122368784381,observation::IND::TX.VAL.MRCH.RS.ZS::2022,Observation
IND,TX.VAL.MRCH.R3.ZS,2022,4.58197536924019,observation::IND::TX.VAL.MRCH.R3.ZS::2022,Observation
IND,TX.VAL.MRCH.HI.ZS,2022,62.486722686912,observation::IND::TX.VAL.MRCH.HI.ZS::2022,Observation
IND,TX.VAL.MANF.ZS.UN,2022,62.331564351398,observation::IND::TX.VAL.MANF.ZS.UN::2022,Observation
IND,TX.VAL.FOOD.ZS.UN,2022,11.137448574541,observation::IND::TX.VAL.FOOD.ZS.UN::2022,Observation
IND,TX.MNF.TECH.ZS.UN,2022,33.8296308862499,observation::IND::TX.MNF.TECH.ZS.UN::2022,Observation
IND,TM.VAL.SERV.CD.WT,2022,175865842289.719,observation::IND::TM.VAL.SERV.CD.WT::2022,Observation
IND,TM.VAL.MRCH.WL.CD,2022,731842092883.999,observation::IND::TM.VAL.MRCH.WL.CD::2022,Observation
IND,TM.VAL.MRCH.R4.ZS,2022,6.98059984848365,observation::IND::TM.VAL.MRCH.R4.ZS::2022,Observation
IND,TM.VAL.MRCH.OR.ZS,2022,40.3230750081733,observation::IND::TM.VAL.MRCH.OR.ZS::2022,Observation
IND,TM.VAL.MMTL.ZS.UN,2022,5.97837026220039,observation::IND::TM.VAL.MMTL.ZS.UN::2022,Observation
IND,TM.VAL.FUEL.ZS.UN,2022,37.8444037124818,observation::IND::TM.VAL.FUEL.ZS.UN::2022,Observation
IND,TM.TAX.TCOM.WM.FN.ZS,2022,3.22,observation::IND::TM.TAX.TCOM.WM.FN.ZS::2022,Observation
IND,TM.TAX.MRCH.SM.FN.ZS,2022,15.02,observation::IND::TM.TAX.MRCH.SM.FN.ZS::2022,Observation
IND,TM.TAX.MANF.WM.FN.ZS,2022,8.37,observation::IND::TM.TAX.MANF.WM.FN.ZS::2022,Observation
IND,SP.URB.TOTL,2022,495413925.0,observation::IND::SP.URB.TOTL::2022,Observation
IND,SP.RUR.TOTL,2022,930009287.0,observation::IND::SP.RUR.TOTL::2022,Observation
IND,SP.POP.TOTL.MA.IN,2022,735531456.0,observation::IND::SP.POP.TOTL.MA.IN::2022,Observation
IND,SP.POP.DPND.OL,2022,9.87859325809253,observation::IND::SP.POP.DPND.OL::2022,Observation
IND,SP.POP.80UP.FE.5Y,2022,1.19576287558943,observation::IND::SP.POP.80UP.FE.5Y::2022,Observation
IND,SP.POP.7074.FE.5Y,2022,1.98073384428151,observation::IND::SP.POP.7074.FE.5Y::2022,Observation
IND,SP.POP.65UP.MA.IN,2022,45281873.0,observation::IND::SP.POP.65UP.MA.IN::2022,Observation
IND,SP.POP.6569.FE.5Y,2022,2.89749034194866,observation::IND::SP.POP.6569.FE.5Y::2022,Observation
IND,SP.POP.5559.FE.5Y,2022,4.37322539914508,observation::IND::SP.POP.5559.FE.5Y::2022,Observation
IND,SP.POP.4549.FE.5Y,2022,5.84901879882733,observation::IND::SP.POP.4549.FE.5Y::2022,Observation
IND,SP.POP.3539.FE.5Y,2022,7.52062711994489,observation::IND::SP.POP.3539.FE.5Y::2022,Observation
IND,SP.POP.2529.FE.5Y,2022,8.48757417243293,observation::IND::SP.POP.2529.FE.5Y::2022,Observation
IND,SP.POP.1564.TO,2022,966626467.0,observation::IND::SP.POP.1564.TO::2022,Observation
IND,SP.POP.1564.FE.IN,2022,465941614.0,observation::IND::SP.POP.1564.FE.IN::2022,Observation
IND,SP.POP.1014.FE.5Y,2022,8.73420554397812,observation::IND::SP.POP.1014.FE.5Y::2022,Observation
IND,SP.POP.0014.TO,2022,363307647.0,observation::IND::SP.POP.0014.TO::2022,Observation
IND,SP.POP.0014.FE.IN,2022,173742919.0,observation::IND::SP.POP.0014.FE.IN::2022,Observation
IND,SP.DYN.TO65.MA.ZS,2022,71.256261,observation::IND::SP.DYN.TO65.MA.ZS::2022,Observation
IND,SP.DYN.LE00.IN,2022,71.698,observation::IND::SP.DYN.LE00.IN::2022,Observation
IND,SP.DYN.IMRT.FE.IN,2022,25.5,observation::IND::SP.DYN.IMRT.FE.IN::2022,Observation
IND,SP.DYN.CBRT.IN,2022,16.336,observation::IND::SP.DYN.CBRT.IN::2022,Observation
IND,SN.ITK.DEFC.ZS,2022,13.5,observation::IND::SN.ITK.DEFC.ZS::2022,Observation
IND,DT.NFL.WITC.CD,2022,5032.99990668893,observation::IND::DT.NFL.WITC.CD::2022,Observation
IND,DT.NFL.UNWN.CD,2022,1349323.98796082,observation::IND::DT.NFL.UNWN.CD::2022,Observation
IND,DT.NFL.UNIDO.CD,2022,33576.9988596439,observation::IND::DT.NFL.UNIDO.CD::2022,Observation
IND,DT.NFL.UNCR.CD,2022,4387499.80926514,observation::IND::DT.NFL.UNCR.CD::2022,Observation
IND,DT.NFL.SPRP.CD,2022,79507.9991221428,observation::IND::DT.NFL.SPRP.CD::2022,Observation
IND,DT.NFL.PRVT.CD,2022,-1705431000.0,observation::IND::DT.NFL.PRVT.CD::2022,Observation
IND,DT.NFL.PCBO.CD,2022,-8576531000.0,observation::IND::DT.NFL.PCBO.CD::2022,Observation
IND,DT.NFL.NIFC.CD,2022,421981161.0,observation::IND::DT.NFL.NIFC.CD::2022,Observation
IND,DT.NFL.MIBR.CD,2022,864162000.0,observation::IND::DT.NFL.MIBR.CD::2022,Observation
IND,VC.IHR.PSRC.FE.P5,2022,2.37412375860714,observation::IND::VC.IHR.PSRC.FE.P5::2022,Observation
IND,TX.VAL.TRVL.ZS.WT,2022,6.92004660742787,observation::IND::TX.VAL.TRVL.ZS.WT::2022,Observation
IND,TX.VAL.SERV.CD.WT,2022,308672880014.035,observation::IND::TX.VAL.SERV.CD.WT::2022,Observation
IND,TX.VAL.MRCH.WL.CD,2022,450320580519.0,observation::IND::TX.VAL.MRCH.WL.CD::2022,Observation
IND,TX.VAL.MRCH.R4.ZS,2022,3.34539353356611,observation::IND::TX.VAL.MRCH.R4.ZS::2022,Observation
IND,TX.VAL.MRCH.OR.ZS,2022,30.4631276331844,observation::IND::TX.VAL.MRCH.OR.ZS::2022,Observation
IND,TX.VAL.MMTL.ZS.UN,2022,3.72613048820678,observation::IND::TX.VAL.MMTL.ZS.UN::2022,Observation
IND,TX.VAL.FUEL.ZS.UN,2022,21.7524651912837,observation::IND::TX.VAL.FUEL.ZS.UN::2022,Observation
IND,TX.QTY.MRCH.XD.WD,2022,130.3,observation::IND::TX.QTY.MRCH.XD.WD::2022,Observation
IND,TM.VAL.TRAN.ZS.WT,2022,24.7508405139977,observation::IND::TM.VAL.TRAN.ZS.WT::2022,Observation
IND,TM.VAL.MRCH.WR.ZS,2022,0.714684592189622,observation::IND::TM.VAL.MRCH.WR.ZS::2022,Observation
IND,TM.VAL.MRCH.R5.ZS,2022,0.714684592189622,observation::IND::TM.VAL.MRCH.R5.ZS::2022,Observation
IND,TM.VAL.MRCH.R1.ZS,2022,22.8798717734511,observation::IND::TM.VAL.MRCH.R1.ZS::2022,Observation
IND,TM.VAL.MRCH.AL.ZS,2022,26.1383690890435,observation::IND::TM.VAL.MRCH.AL.ZS::2022,Observation
IND,TM.VAL.ICTG.ZS.UN,2022,7.64,observation::IND::TM.VAL.ICTG.ZS.UN::2022,Observation
IND,TM.UVI.MRCH.XD.WD,2022,159.6,observation::IND::TM.UVI.MRCH.XD.WD::2022,Observation
IND,TM.TAX.TCOM.SM.AR.ZS,2022,17.27,observation::IND::TM.TAX.TCOM.SM.AR.ZS::2022,Observation
IND,TM.TAX.MRCH.WM.AR.ZS,2022,4.59,observation::IND::TM.TAX.MRCH.WM.AR.ZS::2022,Observation
IND,TM.TAX.MRCH.BC.ZS,2022,0.0,observation::IND::TM.TAX.MRCH.BC.ZS::2022,Observation
IND,TM.TAX.MANF.SM.AR.ZS,2022,9.0,observation::IND::TM.TAX.MANF.SM.AR.ZS::2022,Observation
IND,TG.VAL.TOTL.GD.ZS,2022,35.0812421437933,observation::IND::TG.VAL.TOTL.GD.ZS::2022,Observation
IND,SP.URB.TOTL.IN.ZS,2022,34.7555673994206,observation::IND::SP.URB.TOTL.IN.ZS::2022,Observation
IND,SP.RUR.TOTL.ZG,2022,0.311589248158604,observation::IND::SP.RUR.TOTL.ZG::2022,Observation
IND,SP.POP.TOTL.MA.ZS,2022,51.6009175245562,observation::IND::SP.POP.TOTL.MA.ZS::2022,Observation
IND,SP.POP.TOTL,2022,1425423212.0,observation::IND::SP.POP.TOTL::2022,Observation
IND,SP.POP.DPND.YG,2022,37.5851126989677,observation::IND::SP.POP.DPND.YG::2022,Observation
IND,SP.POP.80UP.MA.5Y,2022,0.835555834585846,observation::IND::SP.POP.80UP.MA.5Y::2022,Observation
IND,SP.POP.7074.MA.5Y,2022,1.72093666261845,observation::IND::SP.POP.7074.MA.5Y::2022,Observation
IND,SP.POP.65UP.MA.ZS,2022,6.15634764493584,observation::IND::SP.POP.65UP.MA.ZS::2022,Observation
IND,SP.POP.6569.MA.5Y,2022,2.64132836581137,observation::IND::SP.POP.6569.MA.5Y::2022,Observation
IND,SP.POP.5559.MA.5Y,2022,4.18950022159929,observation::IND::SP.POP.5559.MA.5Y::2022,Observation
IND,SP.POP.4549.MA.5Y,2022,5.78046446882316,observation::IND::SP.POP.4549.MA.5Y::2022,Observation
IND,SP.POP.3539.MA.5Y,2022,7.63063523714842,observation::IND::SP.POP.3539.MA.5Y::2022,Observation
IND,SP.POP.2529.MA.5Y,2022,8.74027159979119,observation::IND::SP.POP.2529.MA.5Y::2022,Observation
IND,SP.POP.1564.TO.ZS,2022,67.8132963616236,observation::IND::SP.POP.1564.TO.ZS::2022,Observation
IND,SP.POP.1564.FE.ZS,2022,67.5383651779715,observation::IND::SP.POP.1564.FE.ZS::2022,Observation
IND,SP.POP.1014.MA.5Y,2022,9.00345368165774,observation::IND::SP.POP.1014.MA.5Y::2022,Observation
IND,SP.POP.0014.TO.ZS,2022,25.4877038842946,observation::IND::SP.POP.0014.TO.ZS::2022,Observation
IND,SP.POP.0014.FE.ZS,2022,25.1840838782251,observation::IND::SP.POP.0014.FE.ZS::2022,Observation
IND,SP.DYN.LE00.MA.IN,2022,70.237,observation::IND::SP.DYN.LE00.MA.IN::2022,Observation
IND,SP.DYN.IMRT.IN,2022,25.7,observation::IND::SP.DYN.IMRT.IN::2022,Observation
IND,SP.DYN.CDRT.IN,2022,6.576,observation::IND::SP.DYN.CDRT.IN::2022,Observation
IND,SP.ADO.TFRT,2022,14.185,observation::IND::SP.ADO.TFRT::2022,Observation
IND,SM.POP.FDIP,2022,756629.0,observation::IND::SM.POP.FDIP::2022,Observation
IND,DT.ODA.ALLD.CD,2022,2818065917.96875,observation::IND::DT.ODA.ALLD.CD::2022,Observation
IND,DT.NFL.UNAI.CD,2022,59868.0004477501,observation::IND::DT.NFL.UNAI.CD::2022,Observation
IND,DT.NFL.PNGB.CD,2022,1637792000.0,observation::IND::DT.NFL.PNGB.CD::2022,Observation
IND,DT.NFL.OFFT.CD,2022,6697391280.2,observation::IND::DT.NFL.OFFT.CD::2022,Observation
IND,DT.NFL.MIDA.CD,2022,-1468321000.0,observation::IND::DT.NFL.MIDA.CD::2022,Observation
IND,DT.NFL.ILOG.CD,2022,2569545.98426819,observation::IND::DT.NFL.ILOG.CD::2022,Observation
IND,DT.NFL.DPNG.CD,2022,-8164350000.0,observation::IND::DT.NFL.DPNG.CD::2022,Observation
IND,IC.TAX.METG,2022,1.81738019,observation::IND::IC.TAX.METG::2022,Observation
IND,IC.FRM.TRNG.ZS,2022,7.748921394,observation::IND::IC.FRM.TRNG.ZS::2022,Observation
IND,IC.FRM.METG.ZS,2022,16.98329544,observation::IND::IC.FRM.METG.ZS::2022,Observation
IND,IC.FRM.FEMO.ZS,2022,3.882447243,observation::IND::IC.FRM.FEMO.ZS::2022,Observation
IND,IC.FRM.DURS,2022,23.76337814,observation::IND::IC.FRM.DURS::2022,Observation
IND,IC.FRM.BNKS.ZS,2022,56.06630325,observation::IND::IC.FRM.BNKS.ZS::2022,Observation
IND,IC.ELC.DURS,2022,22.76651573,observation::IND::IC.ELC.DURS::2022,Observation
IND,IC.BUS.NDNS.ZS,2022,0.180176113580081,observation::IND::IC.BUS.NDNS.ZS::2022,Observation
IND,GF.XPD.BUDG.ZS,2022,108.916,observation::IND::GF.XPD.BUDG.ZS::2022,Observation
IND,GC.XPN.TRFT.ZS,2022,42.5160514760624,observation::IND::GC.XPN.TRFT.ZS::2022,Observation
IND,GC.XPN.OTHR.ZS,2022,15.7041485572969,observation::IND::GC.XPN.OTHR.ZS::2022,Observation
IND,GC.XPN.INTP.CN,2022,8327769400000.0,observation::IND::GC.XPN.INTP.CN::2022,Observation
IND,GC.XPN.COMP.CN,2022,4323261400000.0,observation::IND::GC.XPN.COMP.CN::2022,Observation
IND,GC.TAX.TOTL.GD.ZS,2022,6.73444285965496,observation::IND::GC.TAX.TOTL.GD.ZS::2022,Observation
IND,GC.TAX.INTT.RV.ZS,2022,5.49349042783413,observation::IND::GC.TAX.INTT.RV.ZS::2022,Observation
IND,GC.TAX.GSRV.VA.ZS,2022,3.95600534888668,observation::IND::GC.TAX.GSRV.VA.ZS::2022,Observation
IND,GC.REV.SOCL.CN,2022,24307600000.0,observation::IND::GC.REV.SOCL.CN::2022,Observation
IND,GC.NLD.TOTL.CN,2022,-13737942000000.0,observation::IND::GC.NLD.TOTL.CN::2022,Observation
IND,GC.LBL.TOTL.CN,2022,17625256800000.0,observation::IND::GC.LBL.TOTL.CN::2022,Observation
IND,GC.AST.TOTL.CN,2022,3887314700000.0,observation::IND::GC.AST.TOTL.CN::2022,Observation
IND,FR.INR.RINR,2022,2.52131544946588,observation::IND::FR.INR.RINR::2022,Observation
IND,FP.WPI.TOTL,2022,186.117407721958,observation::IND::FP.WPI.TOTL::2022,Observation
IND,FM.AST.PRVT.GD.ZS,2022,37.0884923118537,observation::IND::FM.AST.PRVT.GD.ZS::2022,Observation
IND,IP.JRN.ARTC.SC,2022,207390.38,observation::IND::IP.JRN.ARTC.SC::2022,Observation
IND,IE.PPN.TRAN.CD,2022,8500320000.0,observation::IND::IE.PPN.TRAN.CD::2022,Observation
IND,IE.PPI.TRAN.CD,2022,9271640000.0,observation::IND::IE.PPI.TRAN.CD::2022,Observation
IND,IC.TAX.GIFT.ZS,2022,31.42468452,observation::IND::IC.TAX.GIFT.ZS::2022,Observation
IND,IC.FRM.LOTM.ZS,2022,61.66769028,observation::IND::IC.FRM.LOTM.ZS::2022,Observation
IND,IC.FRM.FEMM.ZS,2022,6.847801685,observation::IND::IC.FRM.FEMM.ZS::2022,Observation
IND,IC.FRM.CRDC.PT.ZS,2022,17.78085709,observation::IND::IC.FRM.CRDC.PT.ZS::2022,Observation
IND,IC.FRM.CMPU.ZS,2022,32.70907974,observation::IND::IC.FRM.CMPU.ZS::2022,Observation
IND,IC.FRM.BNKL.ZS,2022,11.20476913,observation::IND::IC.FRM.BNKL.ZS::2022,Observation
IND,IC.CUS.DURS.IM,2022,26.55838203,observation::IND::IC.CUS.DURS.IM::2022,Observation
IND,GC.XPN.TRFT.CN,2022,15243900500000.0,observation::IND::GC.XPN.TRFT.CN::2022,Observation
IND,GC.XPN.OTHR.CN,2022,5630637600000.0,observation::IND::GC.XPN.OTHR.CN::2022,Observation
IND,GC.XPN.GSRV.ZS,2022,6.49540036576092,observation::IND::GC.XPN.GSRV.ZS::2022,Observation
IND,GC.TAX.YPKG.ZS,2022,47.1477124950462,observation::IND::GC.TAX.YPKG.ZS::2022,Observation
IND,GC.TAX.TOTL.CN,2022,18109235100000.0,observation::IND::GC.TAX.TOTL.CN::2022,Observation
IND,GC.TAX.INTT.CN,2022,1346487300000.0,observation::IND::GC.TAX.INTT.CN::2022,Observation
IND,GC.TAX.GSRV.RV.ZS,2022,32.5985062705735,observation::IND::GC.TAX.GSRV.RV.ZS::2022,Observation
IND,GC.REV.XGRT.GD.ZS,2022,9.11011784382656,observation::IND::GC.REV.XGRT.GD.ZS::2022,Observation
IND,GC.REV.GOTR.ZS,2022,26.0175396788581,observation::IND::GC.REV.GOTR.ZS::2022,Observation
IND,GC.NFN.TOTL.GD.ZS,2022,0.890307670740716,observation::IND::GC.NFN.TOTL.GD.ZS::2022,Observation
IND,FP.CPI.TOTL.ZG,2022,6.69903414079852,observation::IND::FP.CPI.TOTL.ZG::2022,Observation
IND,FM.AST.NFRG.CN,2022,47511972651950.4,observation::IND::FM.AST.NFRG.CN::2022,Observation
IND,IE.PPN.ENGY.CD,2022,2379540000.0,observation::IND::IE.PPN.ENGY.CD::2022,Observation
IND,IE.PPI.ENGY.CD,2022,2469730000.0,observation::IND::IE.PPI.ENGY.CD::2022,Observation
IND,IC.GOV.DURS.ZS,2022,12.56968212,observation::IND::IC.GOV.DURS.ZS::2022,Observation
IND,IC.FRM.NPRD.ZS,2022,1.3989712,observation::IND::IC.FRM.NPRD.ZS::2022,Observation
IND,IC.FRM.FO.ZS,2022,0.6518080831,observation::IND::IC.FRM.FO.ZS::2022,Observation
IND,IC.FRM.CORR.ZS,2022,39.32650375,observation::IND::IC.FRM.CORR.ZS::2022,Observation
IND,IC.FRM.BRIB.ZS,2022,27.22932243,observation::IND::IC.FRM.BRIB.ZS::2022,Observation
IND,IC.ELC.OUTG.ZS,2022,19.90651894,observation::IND::IC.ELC.OUTG.ZS::2022,Observation
IND,IC.BUS.NREG,2022,173114.0,observation::IND::IC.BUS.NREG::2022,Observation
IND,GC.XPN.TOTL.CN,2022,35854459600000.0,observation::IND::GC.XPN.TOTL.CN::2022,Observation
IND,GC.XPN.INTP.RV.ZS,2022,33.9761997637185,observation::IND::GC.XPN.INTP.RV.ZS::2022,Observation
IND,GC.XPN.COMP.ZS,2022,12.0578066110359,observation::IND::GC.XPN.COMP.ZS::2022,Observation
IND,GC.TAX.YPKG.CN,2022,8538090100000.0,observation::IND::GC.TAX.YPKG.CN::2022,Observation
IND,GC.TAX.OTHR.CN,2022,234569200000.0,observation::IND::GC.TAX.OTHR.CN::2022,Observation
IND,GC.TAX.IMPT.CN,2022,1346487300000.0,observation::IND::GC.TAX.IMPT.CN::2022,Observation
IND,GC.REV.SOCL.ZS,2022,0.0991717990385954,observation::IND::GC.REV.SOCL.ZS::2022,Observation
IND,GC.NLD.TOTL.GD.ZS,2022,-5.10885108605465,observation::IND::GC.NLD.TOTL.GD.ZS::2022,Observation
IND,GC.LBL.TOTL.GD.ZS,2022,6.55446153031306,observation::IND::GC.LBL.TOTL.GD.ZS::2022,Observation
IND,GC.AST.TOTL.GD.ZS,2022,1.44561040707052,observation::IND::GC.AST.TOTL.GD.ZS::2022,Observation
IND,FS.AST.PRVT.GD.ZS,2022,37.0884923118537,observation::IND::FS.AST.PRVT.GD.ZS::2022,Observation
IND,IC.MNG.IND,2022,34.93167114,observation::IND::IC.MNG.IND::2022,Observation
IND,IC.FRM.OUTG.ZS,2022,0.0,observation::IND::IC.FRM.OUTG.ZS::2022,Observation
IND,IC.FRM.FREG.ZS,2022,77.78723907,observation::IND::IC.FRM.FREG.ZS::2022,Observation
IND,IC.FRM.EXS.ZS,2022,8.466835022,observation::IND::IC.FRM.EXS.ZS::2022,Observation
IND,IC.FRM.CRDC.FL.ZS,2022,9.317408562,observation::IND::IC.FRM.CRDC.FL.ZS::2022,Observation
IND,IC.FRM.BKWC.ZS,2022,33.85416031,observation::IND::IC.FRM.BKWC.ZS::2022,Observation
IND,IC.CUS.DURS.EX,2022,17.3181572,observation::IND::IC.CUS.DURS.EX::2022,Observation
IND,GC.XPN.TOTL.GD.ZS,2022,13.3335178491336,observation::IND::GC.XPN.TOTL.GD.ZS::2022,Observation
IND,GC.XPN.INTP.ZS,2022,23.2265929898439,observation::IND::GC.XPN.INTP.ZS::2022,Observation
IND,GC.XPN.GSRV.CN,2022,2328890700000.0,observation::IND::GC.XPN.GSRV.CN::2022,Observation
IND,GC.TAX.YPKG.RV.ZS,2022,34.8342804542868,observation::IND::GC.TAX.YPKG.RV.ZS::2022,Observation
IND,GC.TAX.OTHR.RV.ZS,2022,0.957011369408913,observation::IND::GC.TAX.OTHR.RV.ZS::2022,Observation
IND,GC.TAX.IMPT.ZS,2022,7.4353626343942,observation::IND::GC.TAX.IMPT.ZS::2022,Observation
IND,GC.TAX.GSRV.CN,2022,7990088500000.0,observation::IND::GC.TAX.GSRV.CN::2022,Observation
IND,GC.REV.XGRT.CN,2022,24497537400000.0,observation::IND::GC.REV.XGRT.CN::2022,Observation
IND,GC.REV.GOTR.CN,2022,6377054300000.0,observation::IND::GC.REV.GOTR.CN::2022,Observation
IND,GC.NFN.TOTL.CN,2022,2394079400000.0,observation::IND::GC.NFN.TOTL.CN::2022,Observation
IND,FS.AST.CGOV.GD.ZS,2022,19.4890376020262,observation::IND::FS.AST.CGOV.GD.ZS::2022,Observation
IND,FM.AST.CGOV.ZG.M3,2022,2.24932631558281,observation::IND::FM.AST.CGOV.ZG.M3::2022,Observation
IND,FI.RES.TOTL.CD,2022,567298153917.14,observation::IND::FI.RES.TOTL.CD::2022,Observation
IND,FB.AST.NPER.ZS,2022,4.81188453965167,observation::IND::FB.AST.NPER.ZS::2022,Observation
IND,ER.H2O.INTR.PC,2022,1014.43556399726,observation::IND::ER.H2O.INTR.PC::2022,Observation
IND,ER.H2O.FWST.ZS,2022,66.49209283,observation::IND::ER.H2O.FWST.ZS::2022,Observation
IND,ER.GDP.FWTL.M3.KD,2022,4.61905638913121,observation::IND::ER.GDP.FWTL.M3.KD::2022,Observation
IND,EN.URB.MCTY.TL.ZS,2022,16.2025869268642,observation::IND::EN.URB.MCTY.TL.ZS::2022,Observation
IND,EN.POP.DNST,2022,479.425536881262,observation::IND::EN.POP.DNST::2022,Observation
IND,EN.GHG.N2O.ZG.AR5,2022,109.77523000241,observation::IND::EN.GHG.N2O.ZG.AR5::2022,Observation
IND,EN.GHG.N2O.MT.CE.AR5,2022,267.2098,observation::IND::EN.GHG.N2O.MT.CE.AR5::2022,Observation
IND,EN.GHG.N2O.BU.MT.CE.AR5,2022,8.1483,observation::IND::EN.GHG.N2O.BU.MT.CE.AR5::2022,Observation
IND,EN.GHG.CO2.PI.MT.CE.AR5,2022,1327.1303,observation::IND::EN.GHG.CO2.PI.MT.CE.AR5::2022,Observation
IND,EN.GHG.CO2.LU.OL.MT.CE.AR5,2022,-350.172,observation::IND::EN.GHG.CO2.LU.OL.MT.CE.AR5::2022,Observation
IND,EN.GHG.CO2.IP.MT.CE.AR5,2022,220.3165,observation::IND::EN.GHG.CO2.IP.MT.CE.AR5::2022,Observation
IND,EN.GHG.CO2.AG.MT.CE.AR5,2022,30.769,observation::IND::EN.GHG.CO2.AG.MT.CE.AR5::2022,Observation
IND,EN.GHG.CH4.PI.MT.CE.AR5,2022,1.1168,observation::IND::EN.GHG.CH4.PI.MT.CE.AR5::2022,Observation
IND,EN.GHG.CH4.FE.MT.CE.AR5,2022,90.0362,observation::IND::EN.GHG.CH4.FE.MT.CE.AR5::2022,Observation
IND,EN.GHG.ALL.MT.CE.AR5,2022,3961.5256,observation::IND::EN.GHG.ALL.MT.CE.AR5::2022,Observation
IND,EG.USE.ELEC.KH.PC,2022,1085.33520920382,observation::IND::EG.USE.ELEC.KH.PC::2022,Observation
IND,EG.USE.COMM.CL.ZS,2022,4.25,observation::IND::EG.USE.COMM.CL.ZS::2022,Observation
IND,EG.ELC.PETR.ZS,2022,0.254299572910646,observation::IND::EG.ELC.PETR.ZS::2022,Observation
IND,EG.ELC.HYRO.ZS,2022,9.52643634249921,observation::IND::EG.ELC.HYRO.ZS::2022,Observation
IND,EG.ELC.ACCS.UR.ZS,2022,100.0,observation::IND::EG.ELC.ACCS.UR.ZS::2022,Observation
IND,EG.CFT.ACCS.UR.ZS,2022,94.4,observation::IND::EG.CFT.ACCS.UR.ZS::2022,Observation
IND,DT.TDS.DPPG.XP.ZS,2022,2.21600015416022,observation::IND::DT.TDS.DPPG.XP.ZS::2022,Observation
IND,DT.TDS.DIMF.CD,2022,291503634.4,observation::IND::DT.TDS.DIMF.CD::2022,Observation
IND,DT.ODA.ODAT.XP.ZS,2022,0.631635512072774,observation::IND::DT.ODA.ODAT.XP.ZS::2022,Observation
IND,DT.ODA.ODAT.GN.ZS,2022,0.085395204884421,observation::IND::DT.ODA.ODAT.GN.ZS::2022,Observation
IND,FI.RES.XGLD.CD,2022,521419383957.61,observation::IND::FI.RES.XGLD.CD::2022,Observation
IND,FD.RES.LIQU.AS.ZS,2022,6.83770578733311,observation::IND::FD.RES.LIQU.AS.ZS::2022,Observation
IND,FB.CBK.BRCH.P5,2022,14.3156757455241,observation::IND::FB.CBK.BRCH.P5::2022,Observation
IND,ER.PTD.TOTL.ZS,2022,4.4,observation::IND::ER.PTD.TOTL.ZS::2022,Observation
IND,ER.H2O.INTR.K3,2022,1446.0,observation::IND::ER.H2O.INTR.K3::2022,Observation
IND,ER.H2O.FWIN.ZS,2022,2.23390276,observation::IND::ER.H2O.FWIN.ZS::2022,Observation
IND,ER.FSH.PROD.MT,2022,15774324.996,observation::IND::ER.FSH.PROD.MT::2022,Observation
IND,EN.URB.MCTY,2022,230955435.0,observation::IND::EN.URB.MCTY::2022,Observation
IND,EN.MAM.THRD.NO,2022,99.0,observation::IND::EN.MAM.THRD.NO::2022,Observation
IND,EN.GHG.N2O.WA.MT.CE.AR5,2022,18.028,observation::IND::EN.GHG.N2O.WA.MT.CE.AR5::2022,Observation
IND,EN.GHG.N2O.IP.MT.CE.AR5,2022,16.4274,observation::IND::EN.GHG.N2O.IP.MT.CE.AR5::2022,Observation
IND,EN.GHG.N2O.AG.MT.CE.AR5,2022,190.2566,observation::IND::EN.GHG.N2O.AG.MT.CE.AR5::2022,Observation
IND,EN.GHG.CO2.TR.MT.CE.AR5,2022,323.7623,observation::IND::EN.GHG.CO2.TR.MT.CE.AR5::2022,Observation
IND,EN.GHG.CO2.PC.CE.AR5,2022,1.96929618962877,observation::IND::EN.GHG.CO2.PC.CE.AR5::2022,Observation
IND,EN.GHG.CO2.LU.MT.CE.AR5,2022,-485.471,observation::IND::EN.GHG.CO2.LU.MT.CE.AR5::2022,Observation
IND,EN.GHG.CO2.IC.MT.CE.AR5,2022,607.1146,observation::IND::EN.GHG.CO2.IC.MT.CE.AR5::2022,Observation
IND,EN.GHG.CH4.ZG.AR5,2022,33.1855189307975,observation::IND::EN.GHG.CH4.ZG.AR5::2022,Observation
IND,EN.GHG.CH4.MT.CE.AR5,2022,821.9515,observation::IND::EN.GHG.CH4.MT.CE.AR5::2022,Observation
IND,EN.GHG.CH4.BU.MT.CE.AR5,2022,37.6148,observation::IND::EN.GHG.CH4.BU.MT.CE.AR5::2022,Observation
IND,EN.GHG.ALL.LU.MT.CE.AR5,2022,3476.0546,observation::IND::EN.GHG.ALL.LU.MT.CE.AR5::2022,Observation
IND,EN.BIR.THRD.NO,2022,92.0,observation::IND::EN.BIR.THRD.NO::2022,Observation
IND,EG.USE.CRNW.ZS,2022,20.8121898690649,observation::IND::EG.USE.CRNW.ZS::2022,Observation
IND,EG.IMP.CONS.ZS,2022,36.529412379469,observation::IND::EG.IMP.CONS.ZS::2022,Observation
IND,EG.ELC.NUCL.ZS,2022,2.51725290594758,observation::IND::EG.ELC.NUCL.ZS::2022,Observation
IND,EG.ELC.FOSL.ZS,2022,74.9875814205977,observation::IND::EG.ELC.FOSL.ZS::2022,Observation
IND,EG.ELC.ACCS.RU.ZS,2022,99.3,observation::IND::EG.ELC.ACCS.RU.ZS::2022,Observation
IND,EG.CFT.ACCS.RU.ZS,2022,60.8,observation::IND::EG.CFT.ACCS.RU.ZS::2022,Observation
IND,DT.TDS.DPPG.GN.ZS,2022,0.533730074195938,observation::IND::DT.TDS.DPPG.GN.ZS::2022,Observation
IND,DT.TDS.DECT.GN.ZS,2022,1.99102996480838,observation::IND::DT.TDS.DECT.GN.ZS::2022,Observation
IND,DT.ODA.ODAT.PC.ZS,2022,1.97700296602771,observation::IND::DT.ODA.ODAT.PC.ZS::2022,Observation
IND,DT.ODA.ODAT.GI.ZS,2022,0.250508896994995,observation::IND::DT.ODA.ODAT.GI.ZS::2022,Observation
IND,DT.ODA.ALLD.KD,2022,2746955078.125,observation::IND::DT.ODA.ALLD.KD::2022,Observation
IND,FM.AST.PRVT.ZG.M3,2022,6.54331238661269,observation::IND::FM.AST.PRVT.ZG.M3::2022,Observation
IND,FM.AST.DOMO.ZG.M3,2022,10.0927316592413,observation::IND::FM.AST.DOMO.ZG.M3::2022,Observation
IND,FI.RES.TOTL.DT.ZS,2022,92.1664366011073,observation::IND::FI.RES.TOTL.DT.ZS::2022,Observation
IND,FB.ATM.TOTL.P5,2022,24.6446298842006,observation::IND::FB.ATM.TOTL.P5::2022,Observation
IND,ER.LND.PTLD.ZS,2022,7.5,observation::IND::ER.LND.PTLD.ZS::2022,Observation
IND,ER.H2O.FWTL.K3,2022,647.5,observation::IND::ER.H2O.FWTL.K3::2022,Observation
IND,ER.H2O.FWAG.ZS,2022,90.40735874,observation::IND::ER.H2O.FWAG.ZS::2022,Observation
IND,ER.FSH.AQUA.MT,2022,10235300.0,observation::IND::ER.FSH.AQUA.MT::2022,Observation
IND,EN.URB.LCTY,2022,32065760.0,observation::IND::EN.URB.LCTY::2022,Observation
IND,EN.GHG.TOT.ZG.AR5,2022,192.654525983993,observation::IND::EN.GHG.TOT.ZG.AR5::2022,Observation
IND,EN.GHG.N2O.PI.MT.CE.AR5,2022,21.8791,observation::IND::EN.GHG.N2O.PI.MT.CE.AR5::2022,Observation
IND,EN.GHG.N2O.FE.MT.CE.AR5,2022,0.1619,observation::IND::EN.GHG.N2O.FE.MT.CE.AR5::2022,Observation
IND,EN.GHG.CO2.ZG.AR5,2022,367.316190351887,observation::IND::EN.GHG.CO2.ZG.AR5::2022,Observation
IND,EN.GHG.CO2.RT.GDP.KD,2022,0.938559544252472,observation::IND::EN.GHG.CO2.RT.GDP.KD::2022,Observation
IND,EN.GHG.CO2.LU.DF.MT.CE.AR5,2022,9.726,observation::IND::EN.GHG.CO2.LU.DF.MT.CE.AR5::2022,Observation
IND,EN.GHG.CO2.BU.MT.CE.AR5,2022,197.0061,observation::IND::EN.GHG.CO2.BU.MT.CE.AR5::2022,Observation
IND,EN.GHG.CH4.TR.MT.CE.AR5,2022,2.1275,observation::IND::EN.GHG.CH4.TR.MT.CE.AR5::2022,Observation
IND,EN.GHG.CH4.IC.MT.CE.AR5,2022,4.0564,observation::IND::EN.GHG.CH4.IC.MT.CE.AR5::2022,Observation
IND,EN.GHG.ALL.PC.CE.AR5,2022,2.77919257007301,observation::IND::EN.GHG.ALL.PC.CE.AR5::2022,Observation
IND,EG.USE.PCAP.KG.OE,2022,727.902200094024,observation::IND::EG.USE.PCAP.KG.OE::2022,Observation
IND,EG.USE.COMM.FO.ZS,2022,0.0,observation::IND::EG.USE.COMM.FO.ZS::2022,Observation
IND,EG.GDP.PUSE.KO.PP,2022,12.6488523172648,observation::IND::EG.GDP.PUSE.KO.PP::2022,Observation
IND,EG.ELC.LOSS.ZS,2022,14.9056434964792,observation::IND::EG.ELC.LOSS.ZS::2022,Observation
IND,EG.ELC.ACCS.ZS,2022,99.2,observation::IND::EG.ELC.ACCS.ZS::2022,Observation
IND,EG.CFT.ACCS.ZS,2022,73.4,observation::IND::EG.CFT.ACCS.ZS::2022,Observation
IND,DT.TDS.MLAT.CD,2022,5402546412.7,observation::IND::DT.TDS.MLAT.CD::2022,Observation
IND,DT.TDS.DPPF.XP.ZS,2022,2.25267551729205,observation::IND::DT.TDS.DPPF.XP.ZS::2022,Observation
IND,DT.TDS.DECT.CD,2022,65704552065.6,observation::IND::DT.TDS.DECT.CD::2022,Observation
IND,DT.ODA.ODAT.KD,2022,2746955078.125,observation::IND::DT.ODA.ODAT.KD::2022,Observation
IND,FR.INR.LEND,2022,8.56714285714286,observation::IND::FR.INR.LEND::2022,Observation
IND,FP.CPI.TOTL,2022,205.266241146235,observation::IND::FP.CPI.TOTL::2022,Observation
IND,FM.AST.DOMS.CN,2022,219741600727505.0,observation::IND::FM.AST.DOMS.CN::2022,Observation
IND,FI.RES.TOTL.MO,2022,7.00951210544359,observation::IND::FI.RES.TOTL.MO::2022,Observation
IND,FD.AST.PRVT.GD.ZS,2022,37.0884923118537,observation::IND::FD.AST.PRVT.GD.ZS::2022,Observation
IND,FB.BNK.CAPA.ZS,2022,7.75637955901566,observation::IND::FB.BNK.CAPA.ZS::2022,Observation
IND,ER.MRN.PTMR.ZS,2022,0.2,observation::IND::ER.MRN.PTMR.ZS::2022,Observation
IND,ER.H2O.FWTL.ZS,2022,44.7786998616874,observation::IND::ER.H2O.FWTL.ZS::2022,Observation
IND,ER.H2O.FWDM.ZS,2022,7.358738502,observation::IND::ER.H2O.FWDM.ZS::2022,Observation
IND,ER.FSH.CAPT.MT,2022,5539024.996,observation::IND::ER.FSH.CAPT.MT::2022,Observation
IND,EN.URB.LCTY.UR.ZS,2022,6.47251891436035,observation::IND::EN.URB.LCTY.UR.ZS::2022,Observation
IND,EN.HPT.THRD.NO,2022,527.0,observation::IND::EN.HPT.THRD.NO::2022,Observation
IND,EN.GHG.N2O.TR.MT.CE.AR5,2022,6.9006,observation::IND::EN.GHG.N2O.TR.MT.CE.AR5::2022,Observation
IND,EN.GHG.N2O.IC.MT.CE.AR5,2022,5.4079,observation::IND::EN.GHG.N2O.IC.MT.CE.AR5::2022,Observation
IND,EN.GHG.FGAS.IP.MT.CE.AR5,2022,65.2838,observation::IND::EN.GHG.FGAS.IP.MT.CE.AR5::2022,Observation
IND,EN.GHG.CO2.RT.GDP.PP.KD,2022,0.229137350425381,observation::IND::EN.GHG.CO2.RT.GDP.PP.KD::2022,Observation
IND,EN.GHG.CO2.MT.CE.AR5,2022,2807.0805,observation::IND::EN.GHG.CO2.MT.CE.AR5::2022,Observation
IND,EN.GHG.CO2.LU.FL.MT.CE.AR5,2022,-145.025,observation::IND::EN.GHG.CO2.LU.FL.MT.CE.AR5::2022,Observation
IND,EN.GHG.CO2.FE.MT.CE.AR5,2022,100.9817,observation::IND::EN.GHG.CO2.FE.MT.CE.AR5::2022,Observation
IND,EN.GHG.CH4.WA.MT.CE.AR5,2022,129.8785,observation::IND::EN.GHG.CH4.WA.MT.CE.AR5::2022,Observation
IND,EN.GHG.CH4.IP.MT.CE.AR5,2022,0.3901,observation::IND::EN.GHG.CH4.IP.MT.CE.AR5::2022,Observation
IND,EN.GHG.CH4.AG.MT.CE.AR5,2022,556.7311,observation::IND::EN.GHG.CH4.AG.MT.CE.AR5::2022,Observation
IND,EN.FSH.THRD.NO,2022,290.0,observation::IND::EN.FSH.THRD.NO::2022,Observation
IND,EG.USE.COMM.GD.PP.KD,2022,84.6950206762914,observation::IND::EG.USE.COMM.GD.PP.KD::2022,Observation
IND,EG.GDP.PUSE.KO.PP.KD,2022,11.8070695539712,observation::IND::EG.GDP.PUSE.KO.PP.KD::2022,Observation
IND,EG.ELC.NGAS.ZS,2022,2.99357746750998,observation::IND::EG.ELC.NGAS.ZS::2022,Observation
IND,EG.ELC.COAL.ZS,2022,71.739704380177,observation::IND::EG.ELC.COAL.ZS::2022,Observation
IND,DT.TDS.MLAT.PG.ZS,2022,30.6732058397033,observation::IND::DT.TDS.MLAT.PG.ZS::2022,Observation
IND,DT.TDS.DPPG.CD,2022,17613243431.2,observation::IND::DT.TDS.DPPG.CD::2022,Observation
IND,DT.TDS.DECT.EX.ZS,2022,8.26658065989597,observation::IND::DT.TDS.DECT.EX.ZS::2022,Observation
IND,DT.ODA.ODAT.MP.ZS,2022,0.290165865303009,observation::IND::DT.ODA.ODAT.MP.ZS::2022,Observation
IND,DT.ODA.ODAT.CD,2022,2818065917.96875,observation::IND::DT.ODA.ODAT.CD::2022,Observation
IND,SM.POP.RHCR.EO,2023,25319.0,observation::IND::SM.POP.RHCR.EO::2023,Observation
IND,SM.POP.NETM,2023,-979179.0,observation::IND::SM.POP.NETM::2023,Observation
IND,SM.POP.ASYS.EA,2023,11926.0,observation::IND::SM.POP.ASYS.EA::2023,Observation
IND,SL.UEM.TOTL.ZS,2023,4.172,observation::IND::SL.UEM.TOTL.ZS::2023,Observation
IND,SL.UEM.TOTL.FE.ZS,2023,4.057,observation::IND::SL.UEM.TOTL.FE.ZS::2023,Observation
IND,SL.UEM.NEET.MA.ZS,2023,10.231,observation::IND::SL.UEM.NEET.MA.ZS::2023,Observation
IND,SL.UEM.INTM.ZS,2023,5.991,observation::IND::SL.UEM.INTM.ZS::2023,Observation
IND,SL.UEM.BASC.MA.ZS,2023,2.748,observation::IND::SL.UEM.BASC.MA.ZS::2023,Observation
IND,SL.UEM.ADVN.FE.ZS,2023,20.594,observation::IND::SL.UEM.ADVN.FE.ZS::2023,Observation
IND,SL.UEM.1524.MA.NE.ZS,2023,15.429,observation::IND::SL.UEM.1524.MA.NE.ZS::2023,Observation
IND,SL.TLF.TOTL.FE.ZS,2023,27.5277753691858,observation::IND::SL.TLF.TOTL.FE.ZS::2023,Observation
IND,SL.TLF.INTM.ZS,2023,47.196,observation::IND::SL.TLF.INTM.ZS::2023,Observation
IND,SL.TLF.CACT.NE.ZS,2023,55.754,observation::IND::SL.TLF.CACT.NE.ZS::2023,Observation
IND,SL.TLF.CACT.FM.NE.ZS,2023,45.9160570089911,observation::IND::SL.TLF.CACT.FM.NE.ZS::2023,Observation
IND,SL.TLF.BASC.MA.ZS,2023,76.663,observation::IND::SL.TLF.BASC.MA.ZS::2023,Observation
IND,SL.TLF.ADVN.FE.ZS,2023,38.544,observation::IND::SL.TLF.ADVN.FE.ZS::2023,Observation
IND,SL.TLF.ACTI.1524.ZS,2023,30.449,observation::IND::SL.TLF.ACTI.1524.ZS::2023,Observation
IND,SL.TLF.ACTI.1524.FE.ZS,2023,14.918,observation::IND::SL.TLF.ACTI.1524.FE.ZS::2023,Observation
IND,SL.GDP.PCAP.EM.KD,2023,23679.8333303511,observation::IND::SL.GDP.PCAP.EM.KD::2023,Observation
IND,SL.EMP.WORK.MA.ZS,2023,25.3864630480677,observation::IND::SL.EMP.WORK.MA.ZS::2023,Observation
IND,SL.EMP.VULN.FE.ZS,2023,79.6019857069565,observation::IND::SL.EMP.VULN.FE.ZS::2023,Observation
IND,SL.EMP.TOTL.SP.MA.NE.ZS,2023,73.183,observation::IND::SL.EMP.TOTL.SP.MA.NE.ZS::2023,Observation
IND,SL.EMP.SELF.ZS,2023,76.1265802204357,observation::IND::SL.EMP.SELF.ZS::2023,Observation
IND,SL.EMP.MPYR.MA.ZS,2023,4.45271960747699,observation::IND::SL.EMP.MPYR.MA.ZS::2023,Observation
IND,SL.EMP.1524.SP.MA.ZS,2023,37.587,observation::IND::SL.EMP.1524.SP.MA.ZS::2023,Observation
IND,SL.AGR.EMPL.ZS,2023,43.5135811245793,observation::IND::SL.AGR.EMPL.ZS::2023,Observation
IND,SI.RMT.COST.IB.ZS,2023,1.75675,observation::IND::SI.RMT.COST.IB.ZS::2023,Observation
IND,SH_UHC_SCI_RMNCH,2023,70.0,observation::IND::SH_UHC_SCI_RMNCH::2023,Observation
IND,SH_UHC_SCI,2023,69.0,observation::IND::SH_UHC_SCI::2023,Observation
IND,SH.XPD.PVTD.CH.ZS,2023,58.56241226,observation::IND::SH.XPD.PVTD.CH.ZS::2023,Observation
IND,SH.XPD.GHED.PP.CD,2023,135.12053013582,observation::IND::SH.XPD.GHED.PP.CD::2023,Observation
IND,SH.XPD.GHED.CH.ZS,2023,39.02440643,observation::IND::SH.XPD.GHED.CH.ZS::2023,Observation
IND,SH.XPD.CHEX.PP.CD,2023,346.246240799183,observation::IND::SH.XPD.CHEX.PP.CD::2023,Observation
IND,SH.TBS.INCD,2023,192.0,observation::IND::SH.TBS.INCD::2023,Observation
IND,DT.DOD.DSTC.ZS,2023,19.6266,observation::IND::DT.DOD.DSTC.ZS::2023,Observation
IND,DT.DOD.DPPG.CD,2023,214911618610.1,observation::IND::DT.DOD.DPPG.CD::2023,Observation
IND,DT.DOD.DECT.GN.ZS,2023,18.0442974446192,observation::IND::DT.DOD.DECT.GN.ZS::2023,Observation
IND,DC.DAC.TOTL.CD,2023,3995633098.3378,observation::IND::DC.DAC.TOTL.CD::2023,Observation
IND,DC.DAC.PRTL.CD,2023,417872.01166153,observation::IND::DC.DAC.PRTL.CD::2023,Observation
IND,DC.DAC.NLDL.CD,2023,502552.98614502,observation::IND::DC.DAC.NLDL.CD::2023,Observation
IND,DC.DAC.JPNL.CD,2023,2892038818.35938,observation::IND::DC.DAC.JPNL.CD::2023,Observation
IND,DC.DAC.HUNL.CD,2023,4150468.82629395,observation::IND::DC.DAC.HUNL.CD::2023,Observation
IND,DC.DAC.FINL.CD,2023,4734393.11981201,observation::IND::DC.DAC.FINL.CD::2023,Observation
IND,DC.DAC.DEUL.CD,2023,434368957.519531,observation::IND::DC.DAC.DEUL.CD::2023,Observation
IND,SL.UEM.TOTL.FE.NE.ZS,2023,4.063,observation::IND::SL.UEM.TOTL.FE.NE.ZS::2023,Observation
IND,SL.UEM.NEET.MA.ME.ZS,2023,10.227,observation::IND::SL.UEM.NEET.MA.ME.ZS::2023,Observation
IND,SL.UEM.INTM.MA.ZS,2023,5.791,observation::IND::SL.UEM.INTM.MA.ZS::2023,Observation
IND,SL.UEM.BASC.FE.ZS,2023,1.697,observation::IND::SL.UEM.BASC.FE.ZS::2023,Observation
IND,SL.UEM.1524.ZS,2023,15.595,observation::IND::SL.UEM.1524.ZS::2023,Observation
IND,SL.UEM.1524.FE.ZS,2023,15.515,observation::IND::SL.UEM.1524.FE.ZS::2023,Observation
IND,SL.TLF.PART.ZS,2023,23.99,observation::IND::SL.TLF.PART.ZS::2023,Observation
IND,SL.TLF.INTM.MA.ZS,2023,65.655,observation::IND::SL.TLF.INTM.MA.ZS::2023,Observation
IND,SL.TLF.CACT.MA.ZS,2023,77.115,observation::IND::SL.TLF.CACT.MA.ZS::2023,Observation
IND,SL.TLF.CACT.FE.ZS,2023,30.984,observation::IND::SL.TLF.CACT.FE.ZS::2023,Observation
IND,SL.TLF.BASC.FE.ZS,2023,31.718,observation::IND::SL.TLF.BASC.FE.ZS::2023,Observation
IND,SL.TLF.ACTI.ZS,2023,57.925,observation::IND::SL.TLF.ACTI.ZS::2023,Observation
IND,SL.TLF.ACTI.1524.NE.ZS,2023,31.733,observation::IND::SL.TLF.ACTI.1524.NE.ZS::2023,Observation
IND,SL.TLF.ACTI.1524.FE.NE.ZS,2023,17.455,observation::IND::SL.TLF.ACTI.1524.FE.NE.ZS::2023,Observation
IND,SL.SRV.EMPL.ZS,2023,31.4572072768006,observation::IND::SL.SRV.EMPL.ZS::2023,Observation
IND,SL.IND.EMPL.ZS,2023,25.0292115986201,observation::IND::SL.IND.EMPL.ZS::2023,Observation
IND,SL.FAM.WORK.ZS,2023,17.0703810854532,observation::IND::SL.FAM.WORK.ZS::2023,Observation
IND,SL.EMP.WORK.FE.ZS,2023,19.8965203560656,observation::IND::SL.EMP.WORK.FE.ZS::2023,Observation
IND,SL.EMP.TOTL.SP.ZS,2023,52.415,observation::IND::SL.EMP.TOTL.SP.ZS::2023,Observation
IND,SL.EMP.TOTL.SP.FE.ZS,2023,29.727,observation::IND::SL.EMP.TOTL.SP.FE.ZS::2023,Observation
IND,SL.EMP.SELF.MA.ZS,2023,74.6135325531991,observation::IND::SL.EMP.SELF.MA.ZS::2023,Observation
IND,SL.EMP.MPYR.FE.ZS,2023,0.501493294666162,observation::IND::SL.EMP.MPYR.FE.ZS::2023,Observation
IND,SL.EMP.1524.SP.MA.NE.ZS,2023,37.78,observation::IND::SL.EMP.1524.SP.MA.NE.ZS::2023,Observation
IND,SL.AGR.EMPL.MA.ZS,2023,36.6521815167953,observation::IND::SL.AGR.EMPL.MA.ZS::2023,Observation
IND,SH_UHC_SCI_NCD,2023,53.0,observation::IND::SH_UHC_SCI_NCD::2023,Observation
IND,SH.XPD.OOPC.PP.CD,2023,151.950519756766,observation::IND::SH.XPD.OOPC.PP.CD::2023,Observation
IND,SH.XPD.GHED.PC.CD,2023,33.04847848,observation::IND::SH.XPD.GHED.PC.CD::2023,Observation
IND,SH.XPD.EHEX.PP.CD,2023,8.35556371631137,observation::IND::SH.XPD.EHEX.PP.CD::2023,Observation
IND,SH.XPD.CHEX.PC.CD,2023,84.68669891,observation::IND::SH.XPD.CHEX.PC.CD::2023,Observation
IND,DC.DAC.SWEL.CD,2023,5253877.16293335,observation::IND::DC.DAC.SWEL.CD::2023,Observation
IND,DC.DAC.POLL.CD,2023,7253489.97116089,observation::IND::DC.DAC.POLL.CD::2023,Observation
IND,DC.DAC.LUXL.CD,2023,896436.989307404,observation::IND::DC.DAC.LUXL.CD::2023,Observation
IND,DC.DAC.ITAL.CD,2023,21784027.0996094,observation::IND::DC.DAC.ITAL.CD::2023,Observation
IND,DC.DAC.CZEL.CD,2023,4633.00012052059,observation::IND::DC.DAC.CZEL.CD::2023,Observation
IND,DC.DAC.BELL.CD,2023,851674.020290375,observation::IND::DC.DAC.BELL.CD::2023,Observation
IND,CM.MKT.TRAD.GD.ZS,2023,53.4563605569178,observation::IND::CM.MKT.TRAD.GD.ZS::2023,Observation
IND,CM.MKT.LCAP.CD,2023,4340130780000.0,observation::IND::CM.MKT.LCAP.CD::2023,Observation
IND,BX.TRF.PWKR.CD,2023,112233605175.558,observation::IND::BX.TRF.PWKR.CD::2023,Observation
IND,SM.POP.ASYS.EO,2023,142607.0,observation::IND::SM.POP.ASYS.EO::2023,Observation
IND,SL.UEM.TOTL.MA.NE.ZS,2023,4.222,observation::IND::SL.UEM.TOTL.MA.NE.ZS::2023,Observation
IND,SL.UEM.NEET.ME.ZS,2023,23.494,observation::IND::SL.UEM.NEET.ME.ZS::2023,Observation
IND,SL.UEM.NEET.FE.ME.ZS,2023,38.112,observation::IND::SL.UEM.NEET.FE.ME.ZS::2023,Observation
IND,SL.UEM.BASC.ZS,2023,2.473,observation::IND::SL.UEM.BASC.ZS::2023,Observation
IND,SL.UEM.ADVN.MA.ZS,2023,10.839,observation::IND::SL.UEM.ADVN.MA.ZS::2023,Observation
IND,SL.UEM.1524.MA.ZS,2023,15.619,observation::IND::SL.UEM.1524.MA.ZS::2023,Observation
IND,SL.TLF.TOTL.IN,2023,589486854.0,observation::IND::SL.TLF.TOTL.IN::2023,Observation
IND,SL.TLF.PART.FE.ZS,2023,45.94,observation::IND::SL.TLF.PART.FE.ZS::2023,Observation
IND,SL.TLF.CACT.ZS,2023,54.697,observation::IND::SL.TLF.CACT.ZS::2023,Observation
IND,SL.TLF.CACT.FM.ZS,2023,40.1789535109901,observation::IND::SL.TLF.CACT.FM.ZS::2023,Observation
IND,SL.TLF.BASC.ZS,2023,55.945,observation::IND::SL.TLF.BASC.ZS::2023,Observation
IND,SL.TLF.ADVN.MA.ZS,2023,85.445,observation::IND::SL.TLF.ADVN.MA.ZS::2023,Observation
IND,SL.TLF.ACTI.FE.ZS,2023,33.229,observation::IND::SL.TLF.ACTI.FE.ZS::2023,Observation
IND,SL.TLF.ACTI.1524.MA.NE.ZS,2023,44.672,observation::IND::SL.TLF.ACTI.1524.MA.NE.ZS::2023,Observation
IND,SL.SRV.EMPL.FE.ZS,2023,22.4643142625233,observation::IND::SL.SRV.EMPL.FE.ZS::2023,Observation
IND,SL.IND.EMPL.FE.ZS,2023,15.9876380407616,observation::IND::SL.IND.EMPL.FE.ZS::2023,Observation
IND,SL.FAM.WORK.FE.ZS,2023,35.333717114639,observation::IND::SL.FAM.WORK.FE.ZS::2023,Observation
IND,SL.EMP.WORK.ZS,2023,23.8734130526665,observation::IND::SL.EMP.WORK.ZS::2023,Observation
IND,SL.EMP.VULN.MA.ZS,2023,70.1608180775776,observation::IND::SL.EMP.VULN.MA.ZS::2023,Observation
IND,SL.EMP.TOTL.SP.MA.ZS,2023,73.864,observation::IND::SL.EMP.TOTL.SP.MA.ZS::2023,Observation
IND,SL.EMP.SMGT.FE.ZS,2023,12.726,observation::IND::SL.EMP.SMGT.FE.ZS::2023,Observation
IND,SL.EMP.MPYR.ZS,2023,3.36374595703262,observation::IND::SL.EMP.MPYR.ZS::2023,Observation
IND,SL.EMP.1524.SP.NE.ZS,2023,26.824,observation::IND::SL.EMP.1524.SP.NE.ZS::2023,Observation
IND,SL.EMP.1524.SP.FE.NE.ZS,2023,14.735,observation::IND::SL.EMP.1524.SP.FE.NE.ZS::2023,Observation
IND,SI.RMT.COST.OB.ZS,2023,0.5375,observation::IND::SI.RMT.COST.OB.ZS::2023,Observation
IND,SH_UHC_SCI_CAPACITY,2023,77.0,observation::IND::SH_UHC_SCI_CAPACITY::2023,Observation
IND,SH.XPD.PVTD.PC.CD,2023,49.59456993,observation::IND::SH.XPD.PVTD.PC.CD::2023,Observation
IND,SH.XPD.OOPC.CH.ZS,2023,43.88510513,observation::IND::SH.XPD.OOPC.CH.ZS::2023,Observation
IND,SH.XPD.GHED.GD.ZS,2023,1.30319667,observation::IND::SH.XPD.GHED.GD.ZS::2023,Observation
IND,DT.NFL.IFAD.CD,2023,12730299.949646,observation::IND::DT.NFL.IFAD.CD::2023,Observation
IND,DT.DOD.MIBR.CD,2023,22171979000.0,observation::IND::DT.DOD.MIBR.CD::2023,Observation
IND,DT.DOD.DSTC.CD,2023,127093537000.0,observation::IND::DT.DOD.DSTC.CD::2023,Observation
IND,DT.DOD.DIMF.CD,2023,22201707945.4,observation::IND::DT.DOD.DIMF.CD::2023,Observation
IND,DC.DAC.USAL.CD,2023,180197463.989258,observation::IND::DC.DAC.USAL.CD::2023,Observation
IND,DC.DAC.NORL.CD,2023,6941490.17333984,observation::IND::DC.DAC.NORL.CD::2023,Observation
IND,DC.DAC.KORL.CD,2023,101568283.081055,observation::IND::DC.DAC.KORL.CD::2023,Observation
IND,DC.DAC.IRLL.CD,2023,1483402.967453,observation::IND::DC.DAC.IRLL.CD::2023,Observation
IND,SL.UEM.TOTL.MA.ZS,2023,4.216,observation::IND::SL.UEM.TOTL.MA.ZS::2023,Observation
IND,SL.UEM.NEET.ZS,2023,23.494,observation::IND::SL.UEM.NEET.ZS::2023,Observation
IND,SL.UEM.NEET.FE.ZS,2023,38.127,observation::IND::SL.UEM.NEET.FE.ZS::2023,Observation
IND,SL.UEM.INTM.FE.ZS,2023,6.798,observation::IND::SL.UEM.INTM.FE.ZS::2023,Observation
IND,SL.UEM.ADVN.ZS,2023,13.316,observation::IND::SL.UEM.ADVN.ZS::2023,Observation
IND,SL.UEM.1524.NE.ZS,2023,15.469,observation::IND::SL.UEM.1524.NE.ZS::2023,Observation
IND,SL.UEM.1524.FE.NE.ZS,2023,15.582,observation::IND::SL.UEM.1524.FE.NE.ZS::2023,Observation
IND,SL.TLF.PART.MA.ZS,2023,13.89,observation::IND::SL.TLF.PART.MA.ZS::2023,Observation
IND,SL.TLF.INTM.FE.ZS,2023,22.103,observation::IND::SL.TLF.INTM.FE.ZS::2023,Observation
IND,SL.TLF.CACT.MA.NE.ZS,2023,76.409,observation::IND::SL.TLF.CACT.MA.NE.ZS::2023,Observation
IND,SL.TLF.CACT.FE.NE.ZS,2023,35.084,observation::IND::SL.TLF.CACT.FE.NE.ZS::2023,Observation
IND,SL.TLF.ADVN.ZS,2023,65.269,observation::IND::SL.TLF.ADVN.ZS::2023,Observation
IND,SL.TLF.ACTI.MA.ZS,2023,80.903,observation::IND::SL.TLF.ACTI.MA.ZS::2023,Observation
IND,SL.TLF.ACTI.1524.MA.ZS,2023,44.545,observation::IND::SL.TLF.ACTI.1524.MA.ZS::2023,Observation
IND,SL.SRV.EMPL.MA.ZS,2023,34.8786409733252,observation::IND::SL.SRV.EMPL.MA.ZS::2023,Observation
IND,SL.IND.EMPL.MA.ZS,2023,28.4691679792913,observation::IND::SL.IND.EMPL.MA.ZS::2023,Observation
IND,SL.FAM.WORK.MA.ZS,2023,10.1219081542451,observation::IND::SL.FAM.WORK.MA.ZS::2023,Observation
IND,SL.EMP.VULN.ZS,2023,72.7628402822064,observation::IND::SL.EMP.VULN.ZS::2023,Observation
IND,SL.EMP.TOTL.SP.NE.ZS,2023,53.428,observation::IND::SL.EMP.TOTL.SP.NE.ZS::2023,Observation
IND,SL.EMP.TOTL.SP.FE.NE.ZS,2023,33.659,observation::IND::SL.EMP.TOTL.SP.FE.NE.ZS::2023,Observation
IND,SL.EMP.SELF.FE.ZS,2023,80.1034790016226,observation::IND::SL.EMP.SELF.FE.ZS::2023,Observation
IND,SL.EMP.1524.SP.ZS,2023,25.7,observation::IND::SL.EMP.1524.SP.ZS::2023,Observation
IND,SL.EMP.1524.SP.FE.ZS,2023,12.604,observation::IND::SL.EMP.1524.SP.FE.ZS::2023,Observation
IND,SL.AGR.EMPL.FE.ZS,2023,61.5480521928979,observation::IND::SL.AGR.EMPL.FE.ZS::2023,Observation
IND,SH_UHC_SCI_ID,2023,81.0,observation::IND::SH_UHC_SCI_ID::2023,Observation
IND,SH.XPD.PVTD.PP.CD,2023,202.770139156058,observation::IND::SH.XPD.PVTD.PP.CD::2023,Observation
IND,SH.XPD.OOPC.PC.CD,2023,37.16484444,observation::IND::SH.XPD.OOPC.PC.CD::2023,Observation
IND,SH.XPD.GHED.GE.ZS,2023,4.58670855,observation::IND::SH.XPD.GHED.GE.ZS::2023,Observation
IND,SH.XPD.EHEX.PC.CD,2023,2.04364701,observation::IND::SH.XPD.EHEX.PC.CD::2023,Observation
IND,SH.XPD.CHEX.GD.ZS,2023,3.33944035,observation::IND::SH.XPD.CHEX.GD.ZS::2023,Observation
IND,SH.TBS.CURE.ZS,2023,90.0,observation::IND::SH.TBS.CURE.ZS::2023,Observation
IND,DT.DOD.MIDA.CD,2023,17111892000.0,observation::IND::DT.DOD.MIDA.CD::2023,Observation
IND,DT.DOD.DSTC.IR.ZS,2023,20.2445053681087,observation::IND::DT.DOD.DSTC.IR.ZS::2023,Observation
IND,DT.DOD.DLXF.CD,2023,498261170610.1,observation::IND::DT.DOD.DLXF.CD::2023,Observation
IND,DC.DAC.SVNL.CD,2023,12725.9995788336,observation::IND::DC.DAC.SVNL.CD::2023,Observation
IND,DC.DAC.LTUL.CD,2023,71569.0031647682,observation::IND::DC.DAC.LTUL.CD::2023,Observation
IND,DC.DAC.ISLL.CD,2023,86768.9996957779,observation::IND::DC.DAC.ISLL.CD::2023,Observation
IND,DC.DAC.GBRL.CD,2023,31728857.0404053,observation::IND::DC.DAC.GBRL.CD::2023,Observation
IND,DC.DAC.ESPL.CD,2023,7900152.2064209,observation::IND::DC.DAC.ESPL.CD::2023,Observation
IND,DC.DAC.CHEL.CD,2023,7853806.01882935,observation::IND::DC.DAC.CHEL.CD::2023,Observation
IND,SH.STA.STNT.ME.MA.ZS,2023,33.9,observation::IND::SH.STA.STNT.ME.MA.ZS::2023,Observation
IND,SH.STA.SMSS.ZS,2023,60.7767067943276,observation::IND::SH.STA.SMSS.ZS::2023,Observation
IND,SH.STA.OWGH.ME.MA.ZS,2023,3.6,observation::IND::SH.STA.OWGH.ME.MA.ZS::2023,Observation
IND,SH.STA.ODFC.RU.ZS,2023,14.0160568595016,observation::IND::SH.STA.ODFC.RU.ZS::2023,Observation
IND,SH.STA.HYGN.RU.ZS,2023,85.9211151574564,observation::IND::SH.STA.HYGN.RU.ZS::2023,Observation
IND,SH.STA.BASS.RU.ZS,2023,77.66160269476,observation::IND::SH.STA.BASS.RU.ZS::2023,Observation
IND,SH.PRG.ANEM,2023,46.6,observation::IND::SH.PRG.ANEM::2023,Observation
IND,SH.IMM.MEAS,2023,93.0,observation::IND::SH.IMM.MEAS::2023,Observation
IND,SH.H2O.SMDW.UR.ZS,2023,82.3063006109169,observation::IND::SH.H2O.SMDW.UR.ZS::2023,Observation
IND,SH.H2O.BASW.RU.ZS,2023,94.0449267269783,observation::IND::SH.H2O.BASW.RU.ZS::2023,Observation
IND,SH.DYN.MORT,2023,28.0,observation::IND::SH.DYN.MORT::2023,Observation
IND,SH.DYN.1519,2023,3.6,observation::IND::SH.DYN.1519::2023,Observation
IND,SH.DTH.NMRT,2023,407112.0,observation::IND::SH.DTH.NMRT::2023,Observation
IND,SH.DTH.IMRT,2023,566617.0,observation::IND::SH.DTH.IMRT::2023,Observation
IND,SH.DTH.1014,2023,56743.0,observation::IND::SH.DTH.1014::2023,Observation
IND,SH.ANM.NPRG.ZS,2023,54.0,observation::IND::SH.ANM.NPRG.ZS::2023,Observation
IND,SE.TER.ENRR.FE,2023,35.2437991377201,observation::IND::SE.TER.ENRR.FE::2023,Observation
IND,SE.TER.CUAT.MS.FE.ZS,2023,2.82763004302979,observation::IND::SE.TER.CUAT.MS.FE.ZS::2023,Observation
IND,SE.TER.CUAT.BA.ZS,2023,14.8793001174927,observation::IND::SE.TER.CUAT.BA.ZS::2023,Observation
IND,SE.SEC.UNER.LO.MA.ZS,2023,15.2037406731832,observation::IND::SE.SEC.UNER.LO.MA.ZS::2023,Observation
IND,SE.SEC.TCHR,2023,6730253.0,observation::IND::SE.SEC.TCHR::2023,Observation
IND,DC.DAC.CANL.CD,2023,63939800.2624512,observation::IND::DC.DAC.CANL.CD::2023,Observation
IND,CM.MKT.TRNR,2023,44.814406,observation::IND::CM.MKT.TRNR::2023,Observation
IND,CM.MKT.LCAP.GD.ZS,2023,119.283874857038,observation::IND::CM.MKT.LCAP.GD.ZS::2023,Observation
IND,BX.TRF.PWKR.CD.DT,2023,119526055008.101,observation::IND::BX.TRF.PWKR.CD.DT::2023,Observation
IND,BX.KLT.DINV.WD.GD.ZS,2023,0.771919134264091,observation::IND::BX.KLT.DINV.WD.GD.ZS::2023,Observation
IND,BX.GSR.TOTL.CD,2023,811089762317.846,observation::IND::BX.GSR.TOTL.CD::2023,Observation
IND,BX.GSR.INSF.ZS,2023,3.48591637470208,observation::IND::BX.GSR.INSF.ZS::2023,Observation
IND,BX.GSR.CCIS.ZS,2023,48.1688192762241,observation::IND::BX.GSR.CCIS.ZS::2023,Observation
IND,BN.TRF.KOGT.CD,2023,-122453077.962332,observation::IND::BN.TRF.KOGT.CD::2023,Observation
IND,BN.KLT.DINV.CD,2023,-14207626753.5791,observation::IND::BN.KLT.DINV.CD::2023,Observation
IND,BN.GSR.FCTY.CD,2023,-47525680473.0115,observation::IND::BN.GSR.FCTY.CD::2023,Observation
IND,BM.TRF.PWKR.CD.DT,2023,12359065329.9615,observation::IND::BM.TRF.PWKR.CD.DT::2023,Observation
IND,BM.GSR.TRVL.ZS,2023,18.6861295194823,observation::IND::BM.GSR.TRVL.ZS::2023,Observation
IND,BM.GSR.NFSV.CD,2023,178397594815.944,observation::IND::BM.GSR.NFSV.CD::2023,Observation
IND,BM.GSR.FCTY.CD,2023,85438218672.9917,observation::IND::BM.GSR.FCTY.CD::2023,Observation
IND,AG.SRF.TOTL.K2,2023,3287260.0,observation::IND::AG.SRF.TOTL.K2::2023,Observation
IND,AG.PRD.CREL.MT,2023,373583926.89,observation::IND::AG.PRD.CREL.MT::2023,Observation
IND,AG.LND.ARBL.HA.PC,2023,0.106996699205648,observation::IND::AG.LND.ARBL.HA.PC::2023,Observation
IND,AG.CON.FERT.ZS,2023,199.141215854816,observation::IND::AG.CON.FERT.ZS::2023,Observation
IND,SH.TBS.DTEC.ZS,2023,86.0,observation::IND::SH.TBS.DTEC.ZS::2023,Observation
IND,SH.STA.STNT.ME.FE.ZS,2023,31.7,observation::IND::SH.STA.STNT.ME.FE.ZS::2023,Observation
IND,SH.STA.SMSS.UR.ZS,2023,54.8711013649158,observation::IND::SH.STA.SMSS.UR.ZS::2023,Observation
IND,SH.STA.OWGH.ME.FE.ZS,2023,3.1,observation::IND::SH.STA.OWGH.ME.FE.ZS::2023,Observation
IND,SH.MMR.RISK.ZS,2023,0.155073471105069,observation::IND::SH.MMR.RISK.ZS::2023,Observation
IND,SH.IMM.IDPT,2023,91.0,observation::IND::SH.IMM.IDPT::2023,Observation
IND,SH.H2O.SMDW.RU.ZS,2023,70.4055227544104,observation::IND::SH.H2O.SMDW.RU.ZS::2023,Observation
IND,SH.DYN.1014,2023,2.3,observation::IND::SH.DYN.1014::2023,Observation
IND,SH.DTH.0509,2023,48001.0,observation::IND::SH.DTH.0509::2023,Observation
IND,SE.TER.ENRR,2023,34.2394344991225,observation::IND::SE.TER.ENRR::2023,Observation
IND,SE.TER.CUAT.DO.ZS,2023,0.0769900009036064,observation::IND::SE.TER.CUAT.DO.ZS::2023,Observation
IND,SE.TER.CUAT.BA.MA.ZS,2023,18.0319805145264,observation::IND::SE.TER.CUAT.BA.MA.ZS::2023,Observation
IND,SE.SEC.UNER.LO.FE.ZS,2023,13.9837823634646,observation::IND::SE.SEC.UNER.LO.FE.ZS::2023,Observation
IND,SE.SEC.TCAQ.ZS,2023,92.0037329948815,observation::IND::SE.SEC.TCAQ.ZS::2023,Observation
IND,BX.KLT.DINV.CD.WD,2023,28086193530.3979,observation::IND::BX.KLT.DINV.CD.WD::2023,Observation
IND,BX.GSR.ROYL.CD,2023,1526339965.47209,observation::IND::BX.GSR.ROYL.CD::2023,Observation
IND,BX.GSR.GNFS.CD,2023,773177224117.866,observation::IND::BX.GSR.GNFS.CD::2023,Observation
IND,BX.GSR.CCIS.CD,2023,162588882964.279,observation::IND::BX.GSR.CCIS.CD::2023,Observation
IND,BN.TRF.CURR.CD,2023,101907122881.076,observation::IND::BN.TRF.CURR.CD::2023,Observation
IND,BN.KAC.EOMS.CD,2023,153546580.657716,observation::IND::BN.KAC.EOMS.CD::2023,Observation
IND,BN.FIN.TOTL.CD,2023,-31924404427.509,observation::IND::BN.FIN.TOTL.CD::2023,Observation
IND,BM.TRF.PRVT.CD,2023,12531637945.7808,observation::IND::BM.TRF.PRVT.CD::2023,Observation
IND,BM.GSR.TRAN.ZS,2023,16.5463525391385,observation::IND::BM.GSR.TRAN.ZS::2023,Observation
IND,BM.GSR.MRCH.CD,2023,681116569640.193,observation::IND::BM.GSR.MRCH.CD::2023,Observation
IND,BM.GSR.CMCP.ZS,2023,59.8185080098676,observation::IND::BM.GSR.CMCP.ZS::2023,Observation
IND,AG.LND.IRIG.AG.ZS,2023,44.4148265955838,observation::IND::AG.LND.IRIG.AG.ZS::2023,Observation
IND,AG.LND.CROP.ZS,2023,4.86154601623172,observation::IND::AG.LND.CROP.ZS::2023,Observation
IND,AG.LND.ARBL.HA,2023,153868700.0,observation::IND::AG.LND.ARBL.HA::2023,Observation
IND,AG.CON.FERT.PT.ZS,2023,139.367421382504,observation::IND::AG.CON.FERT.PT.ZS::2023,Observation
IND,SH.XPD.EHEX.CH.ZS,2023,2.41318536,observation::IND::SH.XPD.EHEX.CH.ZS::2023,Observation
IND,SH.VAC.TTNS.ZS,2023,93.0,observation::IND::SH.VAC.TTNS.ZS::2023,Observation
IND,SH.STA.STNT.ME.ZS,2023,32.8,observation::IND::SH.STA.STNT.ME.ZS::2023,Observation
IND,SH.STA.OWGH.ME.ZS,2023,3.4,observation::IND::SH.STA.OWGH.ME.ZS::2023,Observation
IND,SH.STA.ODFC.UR.ZS,2023,0.327460131478801,observation::IND::SH.STA.ODFC.UR.ZS::2023,Observation
IND,SH.STA.HYGN.UR.ZS,2023,96.1491015022912,observation::IND::SH.STA.HYGN.UR.ZS::2023,Observation
IND,SH.STA.BASS.UR.ZS,2023,86.0113210898067,observation::IND::SH.STA.BASS.UR.ZS::2023,Observation
IND,SH.MMR.DTHS,2023,19000.0,observation::IND::SH.MMR.DTHS::2023,Observation
IND,SH.HIV.ARTC.ZS,2023,69.0,observation::IND::SH.HIV.ARTC.ZS::2023,Observation
IND,SH.H2O.SMDW.ZS,2023,74.7331217386926,observation::IND::SH.H2O.SMDW.ZS::2023,Observation
IND,SH.H2O.BASW.UR.ZS,2023,96.8750058230642,observation::IND::SH.H2O.BASW.UR.ZS::2023,Observation
IND,SH.DYN.MORT.FE,2023,28.1,observation::IND::SH.DYN.MORT.FE::2023,Observation
IND,SH.DYN.2024,2023,5.2,observation::IND::SH.DYN.2024::2023,Observation
IND,SH.DTH.1519,2023,92875.0,observation::IND::SH.DTH.1519::2023,Observation
IND,SG.GEN.PARL.ZS,2023,15.2416356877323,observation::IND::SG.GEN.PARL.ZS::2023,Observation
IND,SE.TER.ENRR.MA,2023,33.3219617098099,observation::IND::SE.TER.ENRR.MA::2023,Observation
IND,DC.DAC.FRAL.CD,2023,106709732.055664,observation::IND::DC.DAC.FRAL.CD::2023,Observation
IND,DC.DAC.DNKL.CD,2023,5071766.85333252,observation::IND::DC.DAC.DNKL.CD::2023,Observation
IND,DC.DAC.CECL.CD,2023,90378845.2148438,observation::IND::DC.DAC.CECL.CD::2023,Observation
IND,DC.DAC.AUSL.CD,2023,6508563.04168701,observation::IND::DC.DAC.AUSL.CD::2023,Observation
IND,CM.MKT.LDOM.NO,2023,2370.0,observation::IND::CM.MKT.LDOM.NO::2023,Observation
IND,BX.TRF.PWKR.DT.GD.ZS,2023,3.28504639847322,observation::IND::BX.TRF.PWKR.DT.GD.ZS::2023,Observation
IND,BX.PEF.TOTL.CD.WD,2023,21427093556.532,observation::IND::BX.PEF.TOTL.CD.WD::2023,Observation
IND,BX.GSR.TRAN.ZS,2023,8.70091476526556,observation::IND::BX.GSR.TRAN.ZS::2023,Observation
IND,BX.GSR.MRCH.CD,2023,435637534735.17,observation::IND::BX.GSR.MRCH.CD::2023,Observation
IND,BX.GSR.CMCP.ZS,2023,56.5689933809751,observation::IND::BX.GSR.CMCP.ZS::2023,Observation
IND,BX.GRT.EXTA.CD.WD,2023,645378387.0,observation::IND::BX.GRT.EXTA.CD.WD::2023,Observation
IND,BN.KLT.PTXL.CD,2023,-31025324772.4475,observation::IND::BN.KLT.PTXL.CD::2023,Observation
IND,BN.GSR.GNFS.CD,2023,-86336940338.2707,observation::IND::BN.GSR.GNFS.CD::2023,Observation
IND,BN.CAB.XOKA.CD,2023,-31955497930.2044,observation::IND::BN.CAB.XOKA.CD::2023,Observation
IND,BM.KLT.DINV.CD.WD,2023,13878566776.8187,observation::IND::BM.KLT.DINV.CD.WD::2023,Observation
IND,BM.GSR.ROYL.CD,2023,14349449523.6213,observation::IND::BM.GSR.ROYL.CD::2023,Observation
IND,BM.GSR.GNFS.CD,2023,859514164456.137,observation::IND::BM.GSR.GNFS.CD::2023,Observation
IND,AG.YLD.CREL.KG,2023,3602.0,observation::IND::AG.YLD.CREL.KG::2023,Observation
IND,AG.LND.TOTL.K2,2023,2973190.0,observation::IND::AG.LND.TOTL.K2::2023,Observation
IND,AG.LND.FRST.K2,2023,729592.0,observation::IND::AG.LND.FRST.K2::2023,Observation
IND,AG.LND.ARBL.ZS,2023,51.752057554344,observation::IND::AG.LND.ARBL.ZS::2023,Observation
IND,AG.LND.AGRI.K2,2023,1785710.0,observation::IND::AG.LND.AGRI.K2::2023,Observation
IND,SH.STA.SMSS.RU.ZS,2023,64.1513919438365,observation::IND::SH.STA.SMSS.RU.ZS::2023,Observation
IND,SH.STA.ODFC.ZS,2023,9.03833525343739,observation::IND::SH.STA.ODFC.ZS::2023,Observation
IND,SH.STA.MMRT,2023,80.0,observation::IND::SH.STA.MMRT::2023,Observation
IND,SH.STA.HYGN.ZS,2023,89.640420179169,observation::IND::SH.STA.HYGN.ZS::2023,Observation
IND,SH.STA.BASS.ZS,2023,80.6978943350927,observation::IND::SH.STA.BASS.ZS::2023,Observation
IND,SH.MMR.RISK,2023,645.0,observation::IND::SH.MMR.RISK::2023,Observation
IND,SH.MLR.INCD.P3,2023,1.34,observation::IND::SH.MLR.INCD.P3::2023,Observation
IND,SH.IMM.HEPB,2023,91.0,observation::IND::SH.IMM.HEPB::2023,Observation
IND,SH.H2O.BASW.ZS,2023,95.0740565981493,observation::IND::SH.H2O.BASW.ZS::2023,Observation
IND,SH.DYN.NMRT,2023,17.5,observation::IND::SH.DYN.NMRT::2023,Observation
IND,SH.DYN.MORT.MA,2023,27.9,observation::IND::SH.DYN.MORT.MA::2023,Observation
IND,SH.DYN.AIDS.FE.ZS,2023,45.3137292581571,observation::IND::SH.DYN.AIDS.FE.ZS::2023,Observation
IND,SH.DYN.0509,2023,2.0,observation::IND::SH.DYN.0509::2023,Observation
IND,SH.DTH.MORT,2023,649811.0,observation::IND::SH.DTH.MORT::2023,Observation
IND,SH.DTH.2024,2023,135686.0,observation::IND::SH.DTH.2024::2023,Observation
IND,SH.ANM.ALLW.ZS,2023,53.7,observation::IND::SH.ANM.ALLW.ZS::2023,Observation
IND,SE.TER.TCHR.FE.ZS,2023,44.2729477481895,observation::IND::SE.TER.TCHR.FE.ZS::2023,Observation
IND,SE.TER.CUAT.MS.ZS,2023,3.11038994789123,observation::IND::SE.TER.CUAT.MS.ZS::2023,Observation
IND,SE.TER.CUAT.DO.MA.ZS,2023,0.100189998745918,observation::IND::SE.TER.CUAT.DO.MA.ZS::2023,Observation
IND,SE.TER.CUAT.BA.FE.ZS,2023,11.6815004348755,observation::IND::SE.TER.CUAT.BA.FE.ZS::2023,Observation
IND,SE.SEC.TCHR.FE.ZS,2023,48.0338554880478,observation::IND::SE.SEC.TCHR.FE.ZS::2023,Observation
IND,SE.SEC.TCAQ.UP.ZS,2023,92.3838096502604,observation::IND::SE.SEC.TCAQ.UP.ZS::2023,Observation
IND,SE.SEC.TCAQ.LO.ZS,2023,91.638337599329,observation::IND::SE.SEC.TCAQ.LO.ZS::2023,Observation
IND,DC.DAC.AUTL.CD,2023,12922670.3643799,observation::IND::DC.DAC.AUTL.CD::2023,Observation
IND,CM.MKT.TRAD.CD,2023,1945003850000.0,observation::IND::CM.MKT.TRAD.CD::2023,Observation
IND,BX.TRF.CURR.CD,2023,115444445214.68,observation::IND::BX.TRF.CURR.CD::2023,Observation
IND,BX.GSR.TRVL.ZS,2023,9.53623985631553,observation::IND::BX.GSR.TRVL.ZS::2023,Observation
IND,BX.GSR.NFSV.CD,2023,337539689382.696,observation::IND::BX.GSR.NFSV.CD::2023,Observation
IND,BX.GSR.FCTY.CD,2023,37912538199.9802,observation::IND::BX.GSR.FCTY.CD::2023,Observation
IND,BX.GRT.TECH.CD.WD,2023,563913213.0,observation::IND::BX.GRT.TECH.CD.WD::2023,Observation
IND,BN.RES.INCL.CD,2023,38216555008.8099,observation::IND::BN.RES.INCL.CD::2023,Observation
IND,BN.GSR.MRCH.CD,2023,-245479034905.021,observation::IND::BN.GSR.MRCH.CD::2023,Observation
IND,BN.CAB.XOKA.GD.ZS,2023,-0.878262847208682,observation::IND::BN.CAB.XOKA.GD.ZS::2023,Observation
IND,BM.KLT.DINV.WD.GD.ZS,2023,0.381437635526984,observation::IND::BM.KLT.DINV.WD.GD.ZS::2023,Observation
IND,BM.GSR.TOTL.CD,2023,944952383129.129,observation::IND::BM.GSR.TOTL.CD::2023,Observation
IND,BM.GSR.INSF.ZS,2023,4.10094504336553,observation::IND::BM.GSR.INSF.ZS::2023,Observation
IND,BG.GSR.NFSV.GD.ZS,2023,14.1799870930227,observation::IND::BG.GSR.NFSV.GD.ZS::2023,Observation
IND,AG.LND.FRST.ZS,2023,24.5390304689576,observation::IND::AG.LND.FRST.ZS::2023,Observation
IND,AG.LND.CREL.HA,2023,103715108.0,observation::IND::AG.LND.CREL.HA::2023,Observation
IND,AG.LND.AGRI.ZS,2023,60.0604064994165,observation::IND::AG.LND.AGRI.ZS::2023,Observation
IND,SE.SEC.TCAQ.UP.FE.ZS,2023,93.3196555064986,observation::IND::SE.SEC.TCAQ.UP.FE.ZS::2023,Observation
IND,SE.SEC.TCAQ.LO.FE.ZS,2023,91.6774199105858,observation::IND::SE.SEC.TCAQ.LO.FE.ZS::2023,Observation
IND,SE.SEC.ENRL,2023,134342140.812524,observation::IND::SE.SEC.ENRL::2023,Observation
IND,SE.SEC.CUAT.UP.FE.ZS,2023,33.1852798461914,observation::IND::SE.SEC.CUAT.UP.FE.ZS::2023,Observation
IND,SE.SEC.CUAT.LO.ZS,2023,52.6926498413086,observation::IND::SE.SEC.CUAT.LO.ZS::2023,Observation
IND,SE.SEC.CMPT.LO.MA.ZS,2023,84.5107479979205,observation::IND::SE.SEC.CMPT.LO.MA.ZS::2023,Observation
IND,SE.PRM.UNER.MA.ZS,2023,1.3356615716603,observation::IND::SE.PRM.UNER.MA.ZS::2023,Observation
IND,SE.PRM.UNER,2023,1722439.06792694,observation::IND::SE.PRM.UNER::2023,Observation
IND,SE.PRM.TCHR.FE.ZS,2023,56.6711767673439,observation::IND::SE.PRM.TCHR.FE.ZS::2023,Observation
IND,SE.PRM.TCAQ.FE.ZS,2023,91.1814628547938,observation::IND::SE.PRM.TCAQ.FE.ZS::2023,Observation
IND,SE.PRM.PRSL.ZS,2023,74.1899566650391,observation::IND::SE.PRM.PRSL.ZS::2023,Observation
IND,SE.PRM.PRS5.MA.ZS,2023,72.5385208129883,observation::IND::SE.PRM.PRS5.MA.ZS::2023,Observation
IND,SE.PRM.ENRR.FE,2023,111.433085684089,observation::IND::SE.PRM.ENRR.FE::2023,Observation
IND,SE.PRM.ENRL,2023,131298001.0,observation::IND::SE.PRM.ENRL::2023,Observation
IND,SE.PRM.CUAT.FE.ZS,2023,59.0563888549805,observation::IND::SE.PRM.CUAT.FE.ZS::2023,Observation
IND,SE.PRM.AGES,2023,6.0,observation::IND::SE.PRM.AGES::2023,Observation
IND,SE.PRE.DURS,2023,3.0,observation::IND::SE.PRE.DURS::2023,Observation
IND,SE.ADT.LITR.MA.ZS,2023,88.3099975585938,observation::IND::SE.ADT.LITR.MA.ZS::2023,Observation
IND,SE.ADT.1524.LT.FM.ZS,2023,0.980000019073486,observation::IND::SE.ADT.1524.LT.FM.ZS::2023,Observation
IND,PA.NUS.PPP,2023,20.2904054217658,observation::IND::PA.NUS.PPP::2023,Observation
IND,NY.TTF.GNFS.KN,2023,1743520684471.42,observation::IND::NY.TTF.GNFS.KN::2023,Observation
IND,NY.TAX.NIND.KN,2023,14991144432300.0,observation::IND::NY.TAX.NIND.KN::2023,Observation
IND,NY.GSR.NFCY.CN,2023,-4121699008000.0,observation::IND::NY.GSR.NFCY.CN::2023,Observation
IND,NY.GNS.ICTR.CN,2023,93197431546158.1,observation::IND::NY.GNS.ICTR.CN::2023,Observation
IND,NY.GNP.PCAP.KN,2023,121027.786343798,observation::IND::NY.GNP.PCAP.KN::2023,Observation
IND,SE.SEC.TCAQ.MA.ZS,2023,91.605033720253,observation::IND::SE.SEC.TCAQ.MA.ZS::2023,Observation
IND,SE.SEC.TCAQ.FE.ZS,2023,92.4350717644147,observation::IND::SE.SEC.TCAQ.FE.ZS::2023,Observation
IND,SE.SEC.ENRR.MA,2023,78.9679674584088,observation::IND::SE.SEC.ENRR.MA::2023,Observation
IND,SE.SEC.DURS,2023,7.0,observation::IND::SE.SEC.DURS::2023,Observation
IND,SE.SEC.CUAT.PO.ZS,2023,16.0934505462646,observation::IND::SE.SEC.CUAT.PO.ZS::2023,Observation
IND,SE.SEC.CUAT.LO.MA.ZS,2023,62.0398902893066,observation::IND::SE.SEC.CUAT.LO.MA.ZS::2023,Observation
IND,SE.SEC.CMPT.LO.FE.ZS,2023,86.5327894190259,observation::IND::SE.SEC.CMPT.LO.FE.ZS::2023,Observation
IND,SE.PRM.UNER.MA,2023,815164.942476854,observation::IND::SE.PRM.UNER.MA::2023,Observation
IND,SE.PRM.TCHR,2023,4824726.0,observation::IND::SE.PRM.TCHR::2023,Observation
IND,SE.PRM.PRSL.MA.ZS,2023,72.5385208129883,observation::IND::SE.PRM.PRSL.MA.ZS::2023,Observation
IND,SE.PRM.PRS5.FE.ZS,2023,76.0357971191406,observation::IND::SE.PRM.PRS5.FE.ZS::2023,Observation
IND,SE.PRM.ENRR,2023,112.031231642927,observation::IND::SE.PRM.ENRR::2023,Observation
IND,SE.PRM.DURS,2023,5.0,observation::IND::SE.PRM.DURS::2023,Observation
IND,SE.PRM.CMPT.ZS,2023,93.4889604461665,observation::IND::SE.PRM.CMPT.ZS::2023,Observation
IND,SE.PRE.TCAQ.ZS,2023,92.9594252289833,observation::IND::SE.PRE.TCAQ.ZS::2023,Observation
IND,SE.ADT.LITR.FE.ZS,2023,74.8600006103516,observation::IND::SE.ADT.LITR.FE.ZS::2023,Observation
IND,SE.ADT.1524.LT.FE.ZS,2023,96.0699996948242,observation::IND::SE.ADT.1524.LT.FE.ZS::2023,Observation
IND,PA.NUS.GDP.PLI,2023,24.5083580549147,observation::IND::PA.NUS.GDP.PLI::2023,Observation
IND,NY.TAX.NIND.CN,2023,27100678494600.0,observation::IND::NY.TAX.NIND.CN::2023,Observation
IND,NY.GSR.NFCY.CD,2023,-49785143757.7928,observation::IND::NY.GSR.NFCY.CD::2023,Observation
IND,SE.TER.CUAT.MS.MA.ZS,2023,3.3891499042511,observation::IND::SE.TER.CUAT.MS.MA.ZS::2023,Observation
IND,SE.TER.CUAT.DO.FE.ZS,2023,0.0534599982202053,observation::IND::SE.TER.CUAT.DO.FE.ZS::2023,Observation
IND,SE.SEC.UNER.LO.ZS,2023,14.6207118349352,observation::IND::SE.SEC.UNER.LO.ZS::2023,Observation
IND,SE.SEC.TCHR.FE,2023,3232800.0,observation::IND::SE.SEC.TCHR.FE::2023,Observation
IND,SE.SEC.TCAQ.UP.MA.ZS,2023,91.6115457159471,observation::IND::SE.SEC.TCAQ.UP.MA.ZS::2023,Observation
IND,SE.SEC.TCAQ.LO.MA.ZS,2023,91.5980696589005,observation::IND::SE.SEC.TCAQ.LO.MA.ZS::2023,Observation
IND,SE.SEC.ENRR,2023,78.8639591218839,observation::IND::SE.SEC.ENRR::2023,Observation
IND,SE.SEC.CUAT.UP.MA.ZS,2023,49.3756790161133,observation::IND::SE.SEC.CUAT.UP.MA.ZS::2023,Observation
IND,SE.SEC.CUAT.PO.FE.ZS,2023,12.1784896850586,observation::IND::SE.SEC.CUAT.PO.FE.ZS::2023,Observation
IND,SE.SEC.CMPT.LO.ZS,2023,85.477406853637,observation::IND::SE.SEC.CMPT.LO.ZS::2023,Observation
IND,SE.PRM.UNER.ZS,2023,1.46968703818843,observation::IND::SE.PRM.UNER.ZS::2023,Observation
IND,SE.PRM.UNER.FE,2023,907274.125450104,observation::IND::SE.PRM.UNER.FE::2023,Observation
IND,SE.PRM.TCAQ.MA.ZS,2023,92.6596402673623,observation::IND::SE.PRM.TCAQ.MA.ZS::2023,Observation
IND,SE.PRM.PRS5.ZS,2023,74.1899566650391,observation::IND::SE.PRM.PRS5.ZS::2023,Observation
IND,SE.PRM.ENRR.MA,2023,112.581707640262,observation::IND::SE.PRM.ENRR.MA::2023,Observation
IND,SE.PRM.CUAT.MA.ZS,2023,77.0809631347656,observation::IND::SE.PRM.CUAT.MA.ZS::2023,Observation
IND,SE.PRM.CMPT.FE.ZS,2023,93.6491349800247,observation::IND::SE.PRM.CMPT.FE.ZS::2023,Observation
IND,SE.PRE.TCAQ.FE.ZS,2023,94.5851034381169,observation::IND::SE.PRE.TCAQ.FE.ZS::2023,Observation
IND,SE.ADT.LITR.ZS,2023,81.6999969482422,observation::IND::SE.ADT.LITR.ZS::2023,Observation
IND,SE.ADT.1524.LT.MA.ZS,2023,97.9300003051758,observation::IND::SE.ADT.1524.LT.MA.ZS::2023,Observation
IND,PA.NUS.PRVT.PLI,2023,23.5742885342269,observation::IND::PA.NUS.PRVT.PLI::2023,Observation
IND,PA.NUS.ATLS,2023,82.789738,observation::IND::PA.NUS.ATLS::2023,Observation
IND,NY.TRF.NCTR.CD,2023,106681688770.413,observation::IND::NY.TRF.NCTR.CD::2023,Observation
IND,SE.SEC.ENRR.FE,2023,78.7503140925354,observation::IND::SE.SEC.ENRR.FE::2023,Observation
IND,SE.SEC.CUAT.UP.ZS,2023,41.3380012512207,observation::IND::SE.SEC.CUAT.UP.ZS::2023,Observation
IND,SE.SEC.CUAT.PO.MA.ZS,2023,19.9531593322754,observation::IND::SE.SEC.CUAT.PO.MA.ZS::2023,Observation
IND,SE.SEC.CUAT.LO.FE.ZS,2023,43.2116088867188,observation::IND::SE.SEC.CUAT.LO.FE.ZS::2023,Observation
IND,SE.SEC.AGES,2023,11.0,observation::IND::SE.SEC.AGES::2023,Observation
IND,SE.PRM.UNER.FE.ZS,2023,1.61531880337606,observation::IND::SE.PRM.UNER.FE.ZS::2023,Observation
IND,SE.PRM.TCAQ.ZS,2023,91.8219397329506,observation::IND::SE.PRM.TCAQ.ZS::2023,Observation
IND,SE.PRM.PRSL.FE.ZS,2023,76.0357971191406,observation::IND::SE.PRM.PRSL.FE.ZS::2023,Observation
IND,SE.PRM.CUAT.ZS,2023,68.1327209472656,observation::IND::SE.PRM.CUAT.ZS::2023,Observation
IND,SE.PRM.CMPT.MA.ZS,2023,93.342321629061,observation::IND::SE.PRM.CMPT.MA.ZS::2023,Observation
IND,SE.PRE.TCAQ.MA.ZS,2023,70.7060809279986,observation::IND::SE.PRE.TCAQ.MA.ZS::2023,Observation
IND,SE.ENR.TERT.FM.ZS,2023,1.05452980311232,observation::IND::SE.ENR.TERT.FM.ZS::2023,Observation
IND,SE.COM.DURS,2023,8.0,observation::IND::SE.COM.DURS::2023,Observation
IND,SE.ADT.1524.LT.ZS,2023,97.0400009155273,observation::IND::SE.ADT.1524.LT.ZS::2023,Observation
IND,PA.NUS.PRVT.PP,2023,19.5170917128505,observation::IND::PA.NUS.PRVT.PP::2023,Observation
IND,PA.NUS.FCRF,2023,82.5992764460784,observation::IND::PA.NUS.FCRF::2023,Observation
IND,NY.TRF.NCTR.CN,2023,8832149062700.0,observation::IND::NY.TRF.NCTR.CN::2023,Observation
IND,NY.TAX.NIND.CD,2023,327343450399.614,observation::IND::NY.TAX.NIND.CD::2023,Observation
IND,NY.GNS.ICTR.ZS,2023,30.9390060732482,observation::IND::NY.GNS.ICTR.ZS::2023,Observation
IND,NY.GNP.PCAP.CD,2023,2580.0,observation::IND::NY.GNP.PCAP.CD::2023,Observation
IND,NY.GNP.MKTP.KD.ZG,2023,13.6914322653861,observation::IND::NY.GNP.MKTP.KD.ZG::2023,Observation
IND,NY.GNP.MKTP.CD,2023,3588703952276.07,observation::IND::NY.GNP.MKTP.CD::2023,Observation
IND,NY.GDS.TOTL.CN,2023,88882266550500.0,observation::IND::NY.GDS.TOTL.CN::2023,Observation
IND,NY.GDP.PCAP.PP.KD,2023,9301.75603225735,observation::IND::NY.GDP.PCAP.PP.KD::2023,Observation
IND,NY.GDP.PCAP.KD,2023,2270.9051808027,observation::IND::NY.GDP.PCAP.KD::2023,Observation
IND,NY.GDP.MKTP.PP.KD,2023,13376572539398.9,observation::IND::NY.GDP.MKTP.PP.KD::2023,Observation
IND,NY.GDP.MKTP.KD,2023,3265719695911.24,observation::IND::NY.GDP.MKTP.KD::2023,Observation
IND,NY.GDP.FCST.CN,2023,274128880481900.0,observation::IND::NY.GDP.FCST.CN::2023,Observation
IND,NY.GDP.DEFL.ZS.AD,2023,170.662591331842,observation::IND::NY.GDP.DEFL.ZS.AD::2023,Observation
IND,NV.SRV.TOTL.KD.ZG,2023,8.98740544293534,observation::IND::NV.SRV.TOTL.KD.ZG::2023,Observation
IND,NV.SRV.EMPL.KD,2023,8953.59230906772,observation::IND::NV.SRV.EMPL.KD::2023,Observation
IND,NV.IND.TOTL.KN,2023,49765067215200.0,observation::IND::NV.IND.TOTL.KN::2023,Observation
IND,NV.IND.TOTL.CD,2023,920644585392.938,observation::IND::NV.IND.TOTL.CD::2023,Observation
IND,NV.IND.MANF.KD,2023,486592295246.756,observation::IND::NV.IND.MANF.KD::2023,Observation
IND,NV.AGR.TOTL.KD.ZG,2023,2.65869419414327,observation::IND::NV.AGR.TOTL.KD.ZG::2023,Observation
IND,NV.AGR.EMPL.KD,2023,2027.54759237308,observation::IND::NV.AGR.EMPL.KD::2023,Observation
IND,NE.RSB.GNFS.CN,2023,-6312104916400.0,observation::IND::NE.RSB.GNFS.CN::2023,Observation
IND,NE.IMP.GNFS.KD.ZG,2023,13.7503568461346,observation::IND::NE.IMP.GNFS.KD.ZG::2023,Observation
IND,NE.GDI.TOTL.ZS,2023,33.3623103638844,observation::IND::NE.GDI.TOTL.ZS::2023,Observation
IND,NY.GNS.ICTR.CD,2023,1125712362396.39,observation::IND::NY.GNS.ICTR.CD::2023,Observation
IND,NY.GNP.PCAP.KD.ZG,2023,8.23247950172723,observation::IND::NY.GNP.PCAP.KD.ZG::2023,Observation
IND,NY.GNP.MKTP.PP.KD,2023,13205366644297.7,observation::IND::NY.GNP.MKTP.PP.KD::2023,Observation
IND,NY.GNP.MKTP.KD,2023,3221077593085.24,observation::IND::NY.GNP.MKTP.KD::2023,Observation
IND,NY.GNP.ATLS.CD,2023,3704749866028.23,observation::IND::NY.GNP.ATLS.CD::2023,Observation
IND,NY.GDS.TOTL.CD,2023,1073590383273.11,observation::IND::NY.GDS.TOTL.CD::2023,Observation
IND,NY.GDP.PCAP.PP.CD,2023,10323.4998734428,observation::IND::NY.GDP.PCAP.PP.CD::2023,Observation
IND,NY.GDP.PCAP.CN,2023,209467.997803703,observation::IND::NY.GDP.PCAP.CN::2023,Observation
IND,NY.GDP.MKTP.PP.CD,2023,14845911292307.9,observation::IND::NY.GDP.MKTP.PP.CD::2023,Observation
IND,NY.GDP.MKTP.CN.AD,2023,301229558976499.0,observation::IND::NY.GDP.MKTP.CN.AD::2023,Observation
IND,NY.GDP.FCST.CD,2023,3311145645634.24,observation::IND::NY.GDP.FCST.CD::2023,Observation
IND,NY.GDP.DEFL.ZS,2023,170.662591331842,observation::IND::NY.GDP.DEFL.ZS::2023,Observation
IND,NY.EXP.CAPM.KN,2023,39998464039671.4,observation::IND::NY.EXP.CAPM.KN::2023,Observation
IND,NV.SRV.TOTL.KD,2023,1591049484286.13,observation::IND::NV.SRV.TOTL.KD::2023,Observation
IND,NV.IND.TOTL.KD.ZG,2023,10.8187162604096,observation::IND::NV.IND.TOTL.KD.ZG::2023,Observation
IND,NV.IND.MANF.ZS,2023,13.0186290013323,observation::IND::NV.IND.MANF.ZS::2023,Observation
IND,NV.IND.MANF.CN,2023,39215958725500.0,observation::IND::NV.IND.MANF.CN::2023,Observation
IND,NV.AGR.TOTL.KD,2023,498381705138.697,observation::IND::NV.AGR.TOTL.KD::2023,Observation
IND,NE.TRD.GNFS.ZS,2023,44.9928422877561,observation::IND::NE.TRD.GNFS.ZS::2023,Observation
IND,NE.RSB.GNFS.CD,2023,-76242600458.5254,observation::IND::NE.RSB.GNFS.CD::2023,Observation
IND,NY.GNS.ICTR.GN.ZS,2023,31.3682147473443,observation::IND::NY.GNS.ICTR.GN.ZS::2023,Observation
IND,NY.GNP.PCAP.PP.CD,2023,10180.0,observation::IND::NY.GNP.PCAP.PP.CD::2023,Observation
IND,NY.GNP.PCAP.CN,2023,206601.864607184,observation::IND::NY.GNP.PCAP.CN::2023,Observation
IND,NY.GNP.MKTP.KN,2023,174046379812200.0,observation::IND::NY.GNP.MKTP.KN::2023,Observation
IND,NY.GNP.MKTP.CN,2023,297107859968500.0,observation::IND::NY.GNP.MKTP.CN::2023,Observation
IND,NY.GDS.TOTL.ZS,2023,29.506488955632,observation::IND::NY.GDS.TOTL.ZS::2023,Observation
IND,NY.GDP.PCAP.KD.ZG,2023,8.23053143349361,observation::IND::NY.GDP.PCAP.KD.ZG::2023,Observation
IND,NY.GDP.MKTP.KD.ZG,2023,9.19075493028345,observation::IND::NY.GDP.MKTP.KD.ZG::2023,Observation
IND,NY.GDP.MKTP.CD,2023,3638489096033.86,observation::IND::NY.GDP.MKTP.CD::2023,Observation
IND,NY.GDP.FCST.KD,2023,2956771173549.6,observation::IND::NY.GDP.FCST.KD::2023,Observation
IND,NY.GDP.DISC.CN,2023,-5302768906600.0,observation::IND::NY.GDP.DISC.CN::2023,Observation
IND,NY.GDP.DEFL.KD.ZG,2023,2.59194954513768,observation::IND::NY.GDP.DEFL.KD.ZG::2023,Observation
IND,NV.SRV.TOTL.KN,2023,88076832688900.0,observation::IND::NV.SRV.TOTL.KN::2023,Observation
IND,NV.SRV.TOTL.CD,2023,1801313631180.96,observation::IND::NV.SRV.TOTL.CD::2023,Observation
IND,NV.IND.TOTL.ZS,2023,25.302936496264,observation::IND::NV.IND.TOTL.ZS::2023,Observation
IND,NV.IND.TOTL.CN,2023,76219924015800.0,observation::IND::NV.IND.TOTL.CN::2023,Observation
IND,NV.IND.MANF.KD.ZG,2023,12.3023414647899,observation::IND::NV.IND.MANF.KD.ZG::2023,Observation
IND,NV.IND.EMPL.KD,2023,6114.86978673171,observation::IND::NV.IND.EMPL.KD::2023,Observation
IND,NV.AGR.TOTL.KN,2023,23672865146000.0,observation::IND::NV.AGR.TOTL.KN::2023,Observation
IND,NV.AGR.TOTL.CD,2023,589187429060.35,observation::IND::NV.AGR.TOTL.CD::2023,Observation
IND,NE.RSB.GNFS.KN,2023,-5651200822700.0,observation::IND::NE.RSB.GNFS.KN::2023,Observation
IND,NE.IMP.GNFS.KN,2023,43906144177900.0,observation::IND::NE.IMP.GNFS.KN::2023,Observation
IND,NY.GNP.PCAP.PP.KD,2023,9182.70345262046,observation::IND::NY.GNP.PCAP.PP.KD::2023,Observation
IND,NY.GNP.PCAP.KD,2023,2239.86210545351,observation::IND::NY.GNP.PCAP.KD::2023,Observation
IND,NY.GNP.MKTP.PP.CD,2023,14642775922544.5,observation::IND::NY.GNP.MKTP.PP.CD::2023,Observation
IND,NY.GNP.MKTP.CN.AD,2023,297107859968499.0,observation::IND::NY.GNP.MKTP.CN.AD::2023,Observation
IND,NY.GDY.TOTL.KN,2023,178249430166871.0,observation::IND::NY.GDY.TOTL.KN::2023,Observation
IND,NY.GDP.PCAP.KN,2023,122738.085815424,observation::IND::NY.GDP.PCAP.KN::2023,Observation
IND,NY.GDP.PCAP.CD,2023,2530.12031278204,observation::IND::NY.GDP.PCAP.CD::2023,Observation
IND,NY.GDP.MKTP.KN,2023,176505909482400.0,observation::IND::NY.GDP.MKTP.KN::2023,Observation
IND,NY.GDP.MKTP.CN,2023,301229558976500.0,observation::IND::NY.GDP.MKTP.CN::2023,Observation
IND,NY.GDP.FCST.KN,2023,161514765050100.0,observation::IND::NY.GDP.FCST.KN::2023,Observation
IND,NY.GDP.DISC.KN,2023,1492568814900.0,observation::IND::NY.GDP.DISC.KN::2023,Observation
IND,NY.GDP.DEFL.KD.ZG.AD,2023,2.59194954513768,observation::IND::NY.GDP.DEFL.KD.ZG.AD::2023,Observation
IND,NV.SRV.TOTL.ZS,2023,49.5071878364149,observation::IND::NV.SRV.TOTL.ZS::2023,Observation
IND,NV.SRV.TOTL.CN,2023,149130283581300.0,observation::IND::NV.SRV.TOTL.CN::2023,Observation
IND,NV.IND.TOTL.KD,2023,864570854498.056,observation::IND::NV.IND.TOTL.KD::2023,Observation
IND,NV.IND.MANF.KN,2023,28259353101400.0,observation::IND::NV.IND.MANF.KN::2023,Observation
IND,NV.IND.MANF.CD,2023,473681396666.577,observation::IND::NV.IND.MANF.CD::2023,Observation
IND,NV.AGR.TOTL.ZS,2023,16.1931893571591,observation::IND::NV.AGR.TOTL.ZS::2023,Observation
IND,NE.GDI.TOTL.CN,2023,100497140373500.0,observation::IND::NE.GDI.TOTL.CN::2023,Observation
IND,NE.GDI.STKB.CD,2023,55510623792.5285,observation::IND::NE.GDI.STKB.CD::2023,Observation
IND,NE.GDI.FTOT.KD,2023,1023818130006.04,observation::IND::NE.GDI.FTOT.KD::2023,Observation
IND,NE.GDI.FPRV.CN,2023,79552906538800.0,observation::IND::NE.GDI.FPRV.CN::2023,Observation
IND,NE.EXP.GNFS.KD,2023,672671079422.964,observation::IND::NE.EXP.GNFS.KD::2023,Observation
IND,NE.DAB.TOTL.KN,2023,180664541490200.0,observation::IND::NE.DAB.TOTL.KN::2023,Observation
IND,NE.DAB.DEFL.ZS,2023,173.163162078747,observation::IND::NE.DAB.DEFL.ZS::2023,Observation
IND,NE.CON.TOTL.KD,2023,2250267716548.46,observation::IND::NE.CON.TOTL.KD::2023,Observation
IND,NE.CON.PRVT.PP.KD,2023,8380849440676.38,observation::IND::NE.CON.PRVT.PP.KD::2023,Observation
IND,NE.CON.PRVT.KN,2023,99067744881200.0,observation::IND::NE.CON.PRVT.KN::2023,Observation
IND,NE.CON.PRVT.CN,2023,181304314451600.0,observation::IND::NE.CON.PRVT.CN::2023,Observation
IND,NE.CON.GOVT.ZS,2023,10.3054222433801,observation::IND::NE.CON.GOVT.ZS::2023,Observation
IND,NE.CON.GOVT.CN,2023,31042977974400.0,observation::IND::NE.CON.GOVT.CN::2023,Observation
IND,MS.MIL.XPND.GD.ZS,2023,2.35679426678262,observation::IND::MS.MIL.XPND.GD.ZS::2023,Observation
IND,IT.NET.BBND.P2,2023,2.74534696441771,observation::IND::IT.NET.BBND.P2::2023,Observation
IND,IT.CEL.SETS.P2,2023,80.5631998772888,observation::IND::IT.CEL.SETS.P2::2023,Observation
IND,IS.AIR.GOOD.MT.K1,2023,1806.986382,observation::IND::IS.AIR.GOOD.MT.K1::2023,Observation
IND,IQ.SPI.PIL3,2023,84.275,observation::IND::IQ.SPI.PIL3::2023,Observation
IND,NE.IMP.GNFS.KD,2023,813072613920.463,observation::IND::NE.IMP.GNFS.KD::2023,Observation
IND,NE.GDI.TOTL.KN,2023,64900044063800.0,observation::IND::NE.GDI.TOTL.KN::2023,Observation
IND,NE.GDI.TOTL.CD,2023,1213884024774.91,observation::IND::NE.GDI.TOTL.CD::2023,Observation
IND,NE.GDI.FTOT.ZS,2023,30.4260455714275,observation::IND::NE.GDI.FTOT.ZS::2023,Observation
IND,NE.GDI.FTOT.CN,2023,91652242888800.0,observation::IND::NE.GDI.FTOT.CN::2023,Observation
IND,NE.EXP.GNFS.ZS,2023,21.4486977833541,observation::IND::NE.EXP.GNFS.ZS::2023,Observation
IND,NE.EXP.GNFS.CN,2023,64609817739000.0,observation::IND::NE.EXP.GNFS.CN::2023,Observation
IND,NE.DAB.TOTL.KD,2023,3369455550294.12,observation::IND::NE.DAB.TOTL.KD::2023,Observation
IND,NE.CON.TOTL.ZS,2023,70.493511044368,observation::IND::NE.CON.TOTL.ZS::2023,Observation
IND,NE.CON.TOTL.CN,2023,212347292426000.0,observation::IND::NE.CON.TOTL.CN::2023,Observation
IND,NE.CON.PRVT.PP.CD,2023,9289514909243.63,observation::IND::NE.CON.PRVT.PP.CD::2023,Observation
IND,NE.CON.PRVT.KD.ZG,2023,5.56030690721421,observation::IND::NE.CON.PRVT.KD.ZG::2023,Observation
IND,NE.CON.PRVT.CD,2023,2189937048135.12,observation::IND::NE.CON.PRVT.CD::2023,Observation
IND,NE.CON.GOVT.KN,2023,16696752545100.0,observation::IND::NE.CON.GOVT.KN::2023,Observation
IND,NE.CON.GOVT.CD,2023,374961664625.633,observation::IND::NE.CON.GOVT.CD::2023,Observation
IND,MS.MIL.XPND.CN,2023,6794795850000.0,observation::IND::MS.MIL.XPND.CN::2023,Observation
IND,MS.MIL.MPRT.KD,2023,1491000000.0,observation::IND::MS.MIL.MPRT.KD::2023,Observation
IND,IT.NET.BBND,2023,39480000.0,observation::IND::IT.NET.BBND::2023,Observation
IND,IT.CEL.SETS,2023,1158554883.0,observation::IND::IT.CEL.SETS::2023,Observation
IND,IS.AIR.DPRT,2023,1234696.0,observation::IND::IS.AIR.DPRT::2023,Observation
IND,IQ.SPI.PIL2,2023,87.7333333333333,observation::IND::IQ.SPI.PIL2::2023,Observation
IND,NE.IMP.GNFS.CD,2023,856651130547.122,observation::IND::NE.IMP.GNFS.CD::2023,Observation
IND,NE.GDI.TOTL.KD,2023,1119187833745.66,observation::IND::NE.GDI.TOTL.KD::2023,Observation
IND,NE.GDI.STKB.CN,2023,4595710000000.0,observation::IND::NE.GDI.STKB.CN::2023,Observation
IND,NE.GDI.FTOT.KD.ZG,2023,8.78241206896915,observation::IND::NE.GDI.FTOT.KD.ZG::2023,Observation
IND,NE.GDI.FPRV.ZS,2023,26.4093958139766,observation::IND::NE.GDI.FPRV.ZS::2023,Observation
IND,NE.EXP.GNFS.KD.ZG,2023,2.19549764812301,observation::IND::NE.EXP.GNFS.KD.ZG::2023,Observation
IND,NE.DAB.TOTL.ZS,2023,103.855821408252,observation::IND::NE.DAB.TOTL.ZS::2023,Observation
IND,NE.DAB.TOTL.CD,2023,3778782737535.66,observation::IND::NE.DAB.TOTL.CD::2023,Observation
IND,NE.CON.TOTL.KD.ZG,2023,5.92478102556282,observation::IND::NE.CON.TOTL.KD.ZG::2023,Observation
IND,NE.CON.PRVT.ZS,2023,60.1880888009879,observation::IND::NE.CON.PRVT.ZS::2023,Observation
IND,NE.CON.PRVT.PC.KD,2023,1339.98980377445,observation::IND::NE.CON.PRVT.PC.KD::2023,Observation
IND,NE.CON.PRVT.CN.AD,2023,181304314451600.0,observation::IND::NE.CON.PRVT.CN.AD::2023,Observation
IND,NE.CON.PCAP.PP.CD,2023,6459.71164057878,observation::IND::NE.CON.PCAP.PP.CD::2023,Observation
IND,NE.CON.GOVT.KD,2023,323334242876.249,observation::IND::NE.CON.GOVT.KD::2023,Observation
IND,MS.MIL.XPND.ZS,2023,7.90153722484163,observation::IND::MS.MIL.XPND.ZS::2023,Observation
IND,IT.NET.USER.ZS,2023,60.25230026,observation::IND::IT.NET.USER.ZS::2023,Observation
IND,IT.NET.SECR,2023,1389294.0,observation::IND::IT.NET.SECR::2023,Observation
IND,IT.MLT.MAIN,2023,30933183.0,observation::IND::IT.MLT.MAIN::2023,Observation
IND,IS.AIR.PSGR,2023,180415784.228,observation::IND::IS.AIR.PSGR::2023,Observation
IND,IQ.SPI.PIL4,2023,74.5333333333333,observation::IND::IQ.SPI.PIL4::2023,Observation
IND,IQ.SPI.OVRL,2023,77.3083333333333,observation::IND::IQ.SPI.OVRL::2023,Observation
IND,NV.AGR.TOTL.CN,2023,48778672884800.0,observation::IND::NV.AGR.TOTL.CN::2023,Observation
IND,NE.RSB.GNFS.ZS,2023,-2.09544672104786,observation::IND::NE.RSB.GNFS.ZS::2023,Observation
IND,NE.IMP.GNFS.ZS,2023,23.544144504402,observation::IND::NE.IMP.GNFS.ZS::2023,Observation
IND,NE.IMP.GNFS.CN,2023,70921922655400.0,observation::IND::NE.IMP.GNFS.CN::2023,Observation
IND,NE.GDI.TOTL.KD.ZG,2023,10.5236976153572,observation::IND::NE.GDI.TOTL.KD.ZG::2023,Observation
IND,NE.GDI.STKB.KN,2023,3056100000000.0,observation::IND::NE.GDI.STKB.KN::2023,Observation
IND,NE.GDI.FTOT.KN,2023,59152881692300.0,observation::IND::NE.GDI.FTOT.KN::2023,Observation
IND,NE.GDI.FTOT.CD,2023,1107048350470.68,observation::IND::NE.GDI.FTOT.CD::2023,Observation
IND,NE.EXP.GNFS.KN,2023,38254943355200.0,observation::IND::NE.EXP.GNFS.KN::2023,Observation
IND,NE.EXP.GNFS.CD,2023,780408530088.596,observation::IND::NE.EXP.GNFS.CD::2023,Observation
IND,NE.DAB.TOTL.CN,2023,312844432799500.0,observation::IND::NE.DAB.TOTL.CN::2023,Observation
IND,NE.CON.TOTL.KN,2023,115764497426400.0,observation::IND::NE.CON.TOTL.KN::2023,Observation
IND,NE.CON.TOTL.CD,2023,2564898712760.75,observation::IND::NE.CON.TOTL.CD::2023,Observation
IND,NE.CON.PRVT.PC.KD.ZG,2023,4.63200957027053,observation::IND::NE.CON.PRVT.PC.KD.ZG::2023,Observation
IND,NE.CON.PRVT.KD,2023,1926998595758.05,observation::IND::NE.CON.PRVT.KD::2023,Observation
IND,NE.CON.PCAP.PP.KD,2023,5827.84690253363,observation::IND::NE.CON.PCAP.PP.KD::2023,Observation
IND,NE.CON.GOVT.KD.ZG,2023,8.14018757090231,observation::IND::NE.CON.GOVT.KD.ZG::2023,Observation
IND,MS.MIL.XPRT.KD,2023,41000000.0,observation::IND::MS.MIL.XPRT.KD::2023,Observation
IND,MS.MIL.XPND.CD,2023,82293332162.5812,observation::IND::MS.MIL.XPND.CD::2023,Observation
IND,IT.NET.SECR.P6,2023,966.082590066802,observation::IND::IT.NET.SECR.P6::2023,Observation
IND,IT.MLT.MAIN.P2,2023,2.15102127783251,observation::IND::IT.MLT.MAIN.P2::2023,Observation
IND,IQ.SPI.PIL5,2023,50.0,observation::IND::IQ.SPI.PIL5::2023,Observation
IND,IQ.SPI.PIL1,2023,90.0,observation::IND::IQ.SPI.PIL1::2023,Observation
IND,VC.IDP.NWCV,2023,67000.0,observation::IND::VC.IDP.NWCV::2023,Observation
IND,TX.VAL.TECH.MF.ZS,2023,14.9343472986716,observation::IND::TX.VAL.TECH.MF.ZS::2023,Observation
IND,TX.VAL.MRCH.XD.WD,2023,161.1,observation::IND::TX.VAL.MRCH.XD.WD::2023,Observation
IND,TX.VAL.MRCH.R6.ZS,2023,8.97204663257978,observation::IND::TX.VAL.MRCH.R6.ZS::2023,Observation
IND,TX.VAL.MRCH.R2.ZS,2023,2.44514317746038,observation::IND::TX.VAL.MRCH.R2.ZS::2023,Observation
IND,TX.VAL.MRCH.CD.WT,2023,431559000000.0,observation::IND::TX.VAL.MRCH.CD.WT::2023,Observation
IND,TX.VAL.INSF.ZS.WT,2023,3.49237345348415,observation::IND::TX.VAL.INSF.ZS.WT::2023,Observation
IND,TX.VAL.AGRI.ZS.UN,2023,0.822662153689855,observation::IND::TX.VAL.AGRI.ZS.UN::2023,Observation
IND,TT.PRI.MRCH.XD.WD,2023,87.5,observation::IND::TT.PRI.MRCH.XD.WD::2023,Observation
IND,TM.VAL.OTHR.ZS.WT,2023,60.4269908421222,observation::IND::TM.VAL.OTHR.ZS.WT::2023,Observation
IND,TM.VAL.MRCH.RS.ZS,2023,0.0268951262622899,observation::IND::TM.VAL.MRCH.RS.ZS::2023,Observation
IND,TM.VAL.MRCH.R3.ZS,2023,3.0661459574131,observation::IND::TM.VAL.MRCH.R3.ZS::2023,Observation
IND,TM.VAL.MRCH.HI.ZS,2023,61.444210697132,observation::IND::TM.VAL.MRCH.HI.ZS::2023,Observation
IND,TM.VAL.MANF.ZS.UN,2023,47.9020525287235,observation::IND::TM.VAL.MANF.ZS.UN::2023,Observation
IND,TM.VAL.FOOD.ZS.UN,2023,4.69913000107828,observation::IND::TM.VAL.FOOD.ZS.UN::2023,Observation
IND,SP.URB.GROW,2023,1.7773369092557,observation::IND::SP.URB.GROW::2023,Observation
IND,SP.POP.TOTL.FE.ZS,2023,48.4111710543389,observation::IND::SP.POP.TOTL.FE.ZS::2023,Observation
IND,SP.POP.DPND,2023,47.0132181120622,observation::IND::SP.POP.DPND::2023,Observation
IND,SP.POP.7579.MA.5Y,2023,0.991102017904531,observation::IND::SP.POP.7579.MA.5Y::2023,Observation
IND,SP.POP.65UP.TO.ZS,2023,6.92184330138637,observation::IND::SP.POP.65UP.TO.ZS::2023,Observation
IND,SP.POP.65UP.FE.ZS,2023,7.50650567210504,observation::IND::SP.POP.65UP.FE.ZS::2023,Observation
IND,SP.POP.6064.MA.5Y,2023,3.48906233043154,observation::IND::SP.POP.6064.MA.5Y::2023,Observation
IND,SP.POP.5054.MA.5Y,2023,5.02520238817518,observation::IND::SP.POP.5054.MA.5Y::2023,Observation
IND,SP.POP.4044.MA.5Y,2023,6.78115121896051,observation::IND::SP.POP.4044.MA.5Y::2023,Observation
IND,SP.POP.3034.MA.5Y,2023,8.2622278968137,observation::IND::SP.POP.3034.MA.5Y::2023,Observation
IND,SP.POP.2024.MA.5Y,2023,9.16351470627055,observation::IND::SP.POP.2024.MA.5Y::2023,Observation
IND,SP.POP.1564.MA.ZS,2023,68.3017938385519,observation::IND::SP.POP.1564.MA.ZS::2023,Observation
IND,SP.POP.1519.MA.5Y,2023,9.05799642084931,observation::IND::SP.POP.1519.MA.5Y::2023,Observation
IND,SP.POP.0509.MA.5Y,2023,8.41992400033437,observation::IND::SP.POP.0509.MA.5Y::2023,Observation
IND,SP.POP.0014.MA.ZS,2023,25.3250124537113,observation::IND::SP.POP.0014.MA.ZS::2023,Observation
IND,SP.POP.0004.MA.5Y,2023,8.02070458890956,observation::IND::SP.POP.0004.MA.5Y::2023,Observation
IND,SP.DYN.TO65.FE.ZS,2023,78.593384,observation::IND::SP.DYN.TO65.FE.ZS::2023,Observation
IND,SP.DYN.LE00.FE.IN,2023,73.598,observation::IND::SP.DYN.LE00.FE.IN::2023,Observation
IND,SP.DYN.AMRT.MA,2023,177.914,observation::IND::SP.DYN.AMRT.MA::2023,Observation
IND,DT.NFL.WHOL.CD,2023,10539353.3706665,observation::IND::DT.NFL.WHOL.CD::2023,Observation
IND,DT.NFL.UNCF.CD,2023,43750999.4506836,observation::IND::DT.NFL.UNCF.CD::2023,Observation
IND,DT.NFL.PROP.CD,2023,-1500000.0,observation::IND::DT.NFL.PROP.CD::2023,Observation
IND,DT.NFL.PCBK.CD,2023,2549655000.0,observation::IND::DT.NFL.PCBK.CD::2023,Observation
IND,DT.NFL.MOTH.CD,2023,127781324.7,observation::IND::DT.NFL.MOTH.CD::2023,Observation
IND,DT.NFL.BOND.CD,2023,548291000.0,observation::IND::DT.NFL.BOND.CD::2023,Observation
IND,VC.BTL.DETH,2023,217.0,observation::IND::VC.BTL.DETH::2023,Observation
IND,TX.VAL.TECH.CD,2023,40942449667.0,observation::IND::TX.VAL.TECH.CD::2023,Observation
IND,TX.VAL.MRCH.WR.ZS,2023,5.70510017038312,observation::IND::TX.VAL.MRCH.WR.ZS::2023,Observation
IND,TX.VAL.MRCH.R5.ZS,2023,5.70510017038312,observation::IND::TX.VAL.MRCH.R5.ZS::2023,Observation
IND,TX.VAL.MRCH.R1.ZS,2023,10.3164650404641,observation::IND::TX.VAL.MRCH.R1.ZS::2023,Observation
IND,TX.VAL.MRCH.AL.ZS,2023,16.1173617127856,observation::IND::TX.VAL.MRCH.AL.ZS::2023,Observation
IND,TX.UVI.MRCH.XD.WD,2023,120.7,observation::IND::TX.UVI.MRCH.XD.WD::2023,Observation
IND,TM.VAL.TRVL.ZS.WT,2023,18.7999477564573,observation::IND::TM.VAL.TRVL.ZS.WT::2023,Observation
IND,TM.VAL.MRCH.XD.WD,2023,170.6,observation::IND::TM.VAL.MRCH.XD.WD::2023,Observation
IND,TM.VAL.MRCH.R6.ZS,2023,4.82576378148275,observation::IND::TM.VAL.MRCH.R6.ZS::2023,Observation
IND,TM.VAL.MRCH.R2.ZS,2023,0.728067017756701,observation::IND::TM.VAL.MRCH.R2.ZS::2023,Observation
IND,TM.VAL.MRCH.CD.WT,2023,673929000000.0,observation::IND::TM.VAL.MRCH.CD.WT::2023,Observation
IND,TM.VAL.INSF.ZS.WT,2023,4.12592412393331,observation::IND::TM.VAL.INSF.ZS.WT::2023,Observation
IND,TM.VAL.AGRI.ZS.UN,2023,1.47455951661399,observation::IND::TM.VAL.AGRI.ZS.UN::2023,Observation
IND,TM.QTY.MRCH.XD.WD,2023,124.2,observation::IND::TM.QTY.MRCH.XD.WD::2023,Observation
IND,SP.RUR.TOTL.ZS,2023,64.9323081575814,observation::IND::SP.RUR.TOTL.ZS::2023,Observation
IND,SP.POP.TOTL.FE.IN,2023,696186332.0,observation::IND::SP.POP.TOTL.FE.IN::2023,Observation
IND,SP.POP.GROW,2023,0.883289539766135,observation::IND::SP.POP.GROW::2023,Observation
IND,SP.POP.BRTH.MF,2023,1.073,observation::IND::SP.POP.BRTH.MF::2023,Observation
IND,SP.POP.7579.FE.5Y,2023,1.23399693517683,observation::IND::SP.POP.7579.FE.5Y::2023,Observation
IND,SP.POP.65UP.TO,2023,99540924.0,observation::IND::SP.POP.65UP.TO::2023,Observation
IND,SP.POP.65UP.FE.IN,2023,52259267.0,observation::IND::SP.POP.65UP.FE.IN::2023,Observation
IND,SP.POP.6064.FE.5Y,2023,3.70722352819762,observation::IND::SP.POP.6064.FE.5Y::2023,Observation
IND,SP.POP.5054.FE.5Y,2023,5.17320720683152,observation::IND::SP.POP.5054.FE.5Y::2023,Observation
IND,SP.POP.4044.FE.5Y,2023,6.72534856659611,observation::IND::SP.POP.4044.FE.5Y::2023,Observation
IND,SP.POP.3034.FE.5Y,2023,8.1120829875758,observation::IND::SP.POP.3034.FE.5Y::2023,Observation
IND,SP.POP.2024.FE.5Y,2023,8.85469143338482,observation::IND::SP.POP.2024.FE.5Y::2023,Observation
IND,SP.POP.1564.MA.IN,2023,506719577.0,observation::IND::SP.POP.1564.MA.IN::2023,Observation
IND,SP.POP.1519.FE.5Y,2023,8.769024712769,observation::IND::SP.POP.1519.FE.5Y::2023,Observation
IND,SP.POP.0509.FE.5Y,2023,8.2269283189547,observation::IND::SP.POP.0509.FE.5Y::2023,Observation
IND,SP.POP.0014.MA.IN,2023,187882029.0,observation::IND::SP.POP.0014.MA.IN::2023,Observation
IND,SP.POP.0004.FE.5Y,2023,7.92322241396719,observation::IND::SP.POP.0004.FE.5Y::2023,Observation
IND,SP.DYN.TFRT.IN,2023,1.975,observation::IND::SP.DYN.TFRT.IN::2023,Observation
IND,SP.DYN.IMRT.MA.IN,2023,24.7,observation::IND::SP.DYN.IMRT.MA.IN::2023,Observation
IND,SP.DYN.AMRT.FE,2023,122.021,observation::IND::SP.DYN.AMRT.FE::2023,Observation
IND,SM.POP.RHCR.EA,2023,252867.0,observation::IND::SM.POP.RHCR.EA::2023,Observation
IND,SM.POP.IDPC,2023,517000.0,observation::IND::SM.POP.IDPC::2023,Observation
IND,SL.UEM.TOTL.NE.ZS,2023,4.172,observation::IND::SL.UEM.TOTL.NE.ZS::2023,Observation
IND,DT.NFL.WFPG.CD,2023,412102.997303009,observation::IND::DT.NFL.WFPG.CD::2023,Observation
IND,DT.NFL.UNFP.CD,2023,8094559.66949463,observation::IND::DT.NFL.UNFP.CD::2023,Observation
IND,DT.NFL.RDBN.CD,2023,1239432000.0,observation::IND::DT.NFL.RDBN.CD::2023,Observation
IND,DT.NFL.PNGC.CD,2023,25164625000.0,observation::IND::DT.NFL.PNGC.CD::2023,Observation
IND,DT.NFL.PBND.CD,2023,2078230000.0,observation::IND::DT.NFL.PBND.CD::2023,Observation
IND,DT.NFL.MLAT.CD,2023,3392525000.0,observation::IND::DT.NFL.MLAT.CD::2023,Observation
IND,DT.NFL.IMFC.CD,2023,0.0,observation::IND::DT.NFL.IMFC.CD::2023,Observation
IND,DT.NFL.FAOG.CD,2023,533634.006977081,observation::IND::DT.NFL.FAOG.CD::2023,Observation
IND,DT.NFL.BLAT.CD,2023,3110680459.3,observation::IND::DT.NFL.BLAT.CD::2023,Observation
IND,DT.DOD.MWBG.CD,2023,39283871000.0,observation::IND::DT.DOD.MWBG.CD::2023,Observation
IND,DT.DOD.DSTC.XP.ZS,2023,15.6694786328958,observation::IND::DT.DOD.DSTC.XP.ZS::2023,Observation
IND,DT.DOD.DPNG.CD,2023,283349552000.0,observation::IND::DT.DOD.DPNG.CD::2023,Observation
IND,DT.DOD.DECT.CD,2023,647556415555.5,observation::IND::DT.DOD.DECT.CD::2023,Observation
IND,VC.IDP.NWDS,2023,528000.0,observation::IND::VC.IDP.NWDS::2023,Observation
IND,TX.VAL.TRAN.ZS.WT,2023,8.71703175892699,observation::IND::TX.VAL.TRAN.ZS.WT::2023,Observation
IND,TX.VAL.OTHR.ZS.WT,2023,78.2366906371773,observation::IND::TX.VAL.OTHR.ZS.WT::2023,Observation
IND,TX.VAL.MRCH.RS.ZS,2023,0.0362661028035307,observation::IND::TX.VAL.MRCH.RS.ZS::2023,Observation
IND,TX.VAL.MRCH.R3.ZS,2023,4.13063632862852,observation::IND::TX.VAL.MRCH.R3.ZS::2023,Observation
IND,TX.VAL.MRCH.HI.ZS,2023,64.7649142409426,observation::IND::TX.VAL.MRCH.HI.ZS::2023,Observation
IND,TX.VAL.MANF.ZS.UN,2023,63.5470477424682,observation::IND::TX.VAL.MANF.ZS.UN::2023,Observation
IND,TX.VAL.FOOD.ZS.UN,2023,11.013039162045,observation::IND::TX.VAL.FOOD.ZS.UN::2023,Observation
IND,TM.VAL.SERV.CD.WT,2023,177317543956.997,observation::IND::TM.VAL.SERV.CD.WT::2023,Observation
IND,TM.VAL.MRCH.WL.CD,2023,666533665809.0,observation::IND::TM.VAL.MRCH.WL.CD::2023,Observation
IND,TM.VAL.MRCH.R4.ZS,2023,5.49271555586977,observation::IND::TM.VAL.MRCH.R4.ZS::2023,Observation
IND,TM.VAL.MRCH.OR.ZS,2023,37.7676593245233,observation::IND::TM.VAL.MRCH.OR.ZS::2023,Observation
IND,TM.VAL.MMTL.ZS.UN,2023,6.0367258037054,observation::IND::TM.VAL.MMTL.ZS.UN::2023,Observation
IND,TM.VAL.FUEL.ZS.UN,2023,33.2009829039382,observation::IND::TM.VAL.FUEL.ZS.UN::2023,Observation
IND,SP.URB.TOTL,2023,504297814.0,observation::IND::SP.URB.TOTL::2023,Observation
IND,SP.RUR.TOTL,2023,933771782.0,observation::IND::SP.RUR.TOTL::2023,Observation
IND,SP.POP.TOTL.MA.IN,2023,741883264.0,observation::IND::SP.POP.TOTL.MA.IN::2023,Observation
IND,SP.POP.DPND.OL,2023,10.1760245971185,observation::IND::SP.POP.DPND.OL::2023,Observation
IND,SP.POP.80UP.FE.5Y,2023,1.2274374843659,observation::IND::SP.POP.80UP.FE.5Y::2023,Observation
IND,SP.POP.7074.FE.5Y,2023,2.08310653820765,observation::IND::SP.POP.7074.FE.5Y::2023,Observation
IND,SP.POP.65UP.MA.IN,2023,47281658.0,observation::IND::SP.POP.65UP.MA.IN::2023,Observation
IND,SP.POP.6569.FE.5Y,2023,2.96196471435466,observation::IND::SP.POP.6569.FE.5Y::2023,Observation
IND,SP.POP.5559.FE.5Y,2023,4.42868806565424,observation::IND::SP.POP.5559.FE.5Y::2023,Observation
IND,SP.POP.4549.FE.5Y,2023,5.9112708205251,observation::IND::SP.POP.4549.FE.5Y::2023,Observation
IND,SP.POP.3539.FE.5Y,2023,7.58634873630355,observation::IND::SP.POP.3539.FE.5Y::2023,Observation
IND,SP.POP.2529.FE.5Y,2023,8.45408424364183,observation::IND::SP.POP.2529.FE.5Y::2023,Observation
IND,SP.POP.1564.TO,2023,978190678.0,observation::IND::SP.POP.1564.TO::2023,Observation
IND,SP.POP.1564.FE.IN,2023,471471101.0,observation::IND::SP.POP.1564.FE.IN::2023,Observation
IND,SP.POP.1014.FE.5Y,2023,8.6213732934935,observation::IND::SP.POP.1014.FE.5Y::2023,Observation
IND,SP.POP.0014.TO,2023,360337993.0,observation::IND::SP.POP.0014.TO::2023,Observation
IND,SP.POP.0014.FE.IN,2023,172455965.0,observation::IND::SP.POP.0014.FE.IN::2023,Observation
IND,SP.DYN.TO65.MA.ZS,2023,71.727546,observation::IND::SP.DYN.TO65.MA.ZS::2023,Observation
IND,SP.DYN.LE00.IN,2023,72.003,observation::IND::SP.DYN.LE00.IN::2023,Observation
IND,SP.DYN.IMRT.FE.IN,2023,24.2,observation::IND::SP.DYN.IMRT.FE.IN::2023,Observation
IND,SP.DYN.CBRT.IN,2023,16.146,observation::IND::SP.DYN.CBRT.IN::2023,Observation
IND,SN.ITK.DEFC.ZS,2023,12.0,observation::IND::SN.ITK.DEFC.ZS::2023,Observation
IND,DT.NFL.UNWN.CD,2023,1616914.03388977,observation::IND::DT.NFL.UNWN.CD::2023,Observation
IND,DT.NFL.UNIDO.CD,2023,5158.99993479252,observation::IND::DT.NFL.UNIDO.CD::2023,Observation
IND,DT.NFL.UNCR.CD,2023,4723999.97711182,observation::IND::DT.NFL.UNCR.CD::2023,Observation
IND,DT.NFL.PRVT.CD,2023,4626385000.0,observation::IND::DT.NFL.PRVT.CD::2023,Observation
IND,DT.NFL.PCBO.CD,2023,27712780000.0,observation::IND::DT.NFL.PCBO.CD::2023,Observation
IND,DT.NFL.NIFC.CD,2023,151753805.03,observation::IND::DT.NFL.NIFC.CD::2023,Observation
IND,DT.NFL.MIBR.CD,2023,2725850000.0,observation::IND::DT.NFL.MIBR.CD::2023,Observation
IND,TX.VAL.TRVL.ZS.WT,2023,9.55390415041156,observation::IND::TX.VAL.TRVL.ZS.WT::2023,Observation
IND,TX.VAL.SERV.CD.WT,2023,336915609399.427,observation::IND::TX.VAL.SERV.CD.WT::2023,Observation
IND,TX.VAL.MRCH.WL.CD,2023,429090304638.0,observation::IND::TX.VAL.MRCH.WL.CD::2023,Observation
IND,TX.VAL.MRCH.R4.ZS,2023,3.62942830673803,observation::IND::TX.VAL.MRCH.R4.ZS::2023,Observation
IND,TX.VAL.MRCH.OR.ZS,2023,29.4937194858708,observation::IND::TX.VAL.MRCH.OR.ZS::2023,Observation
IND,TX.VAL.MMTL.ZS.UN,2023,3.88575987351437,observation::IND::TX.VAL.MMTL.ZS.UN::2023,Observation
IND,TX.VAL.FUEL.ZS.UN,2023,20.7059082080863,observation::IND::TX.VAL.FUEL.ZS.UN::2023,Observation
IND,TX.QTY.MRCH.XD.WD,2023,134.0,observation::IND::TX.QTY.MRCH.XD.WD::2023,Observation
IND,TM.VAL.TRAN.ZS.WT,2023,16.6471372774872,observation::IND::TM.VAL.TRAN.ZS.WT::2023,Observation
IND,TM.VAL.MRCH.WR.ZS,2023,0.761234852082319,observation::IND::TM.VAL.MRCH.WR.ZS::2023,Observation
IND,TM.VAL.MRCH.R5.ZS,2023,0.761234852082319,observation::IND::TM.VAL.MRCH.R5.ZS::2023,Observation
IND,TM.VAL.MRCH.R1.ZS,2023,23.654967012001,observation::IND::TM.VAL.MRCH.R1.ZS::2023,Observation
IND,TM.VAL.MRCH.AL.ZS,2023,21.4253551599181,observation::IND::TM.VAL.MRCH.AL.ZS::2023,Observation
IND,TM.UVI.MRCH.XD.WD,2023,137.9,observation::IND::TM.UVI.MRCH.XD.WD::2023,Observation
IND,TG.VAL.TOTL.GD.ZS,2023,30.3831609995764,observation::IND::TG.VAL.TOTL.GD.ZS::2023,Observation
IND,SP.URB.TOTL.IN.ZS,2023,35.0676918424186,observation::IND::SP.URB.TOTL.IN.ZS::2023,Observation
IND,SP.RUR.TOTL.ZG,2023,0.403749149910514,observation::IND::SP.RUR.TOTL.ZG::2023,Observation
IND,SP.POP.TOTL.MA.ZS,2023,51.5888289456611,observation::IND::SP.POP.TOTL.MA.ZS::2023,Observation
IND,SP.POP.TOTL,2023,1438069596.0,observation::IND::SP.POP.TOTL::2023,Observation
IND,SP.POP.DPND.YG,2023,36.8371935149437,observation::IND::SP.POP.DPND.YG::2023,Observation
IND,SP.POP.80UP.MA.5Y,2023,0.864138781812444,observation::IND::SP.POP.80UP.MA.5Y::2023,Observation
IND,SP.POP.7074.MA.5Y,2023,1.81747582865005,observation::IND::SP.POP.7074.MA.5Y::2023,Observation
IND,SP.POP.65UP.MA.ZS,2023,6.37319370773675,observation::IND::SP.POP.65UP.MA.ZS::2023,Observation
IND,SP.POP.6569.MA.5Y,2023,2.70047707936973,observation::IND::SP.POP.6569.MA.5Y::2023,Observation
IND,SP.POP.5559.MA.5Y,2023,4.24022498234978,observation::IND::SP.POP.5559.MA.5Y::2023,Observation
IND,SP.POP.4549.MA.5Y,2023,5.85558269178047,observation::IND::SP.POP.4549.MA.5Y::2023,Observation
IND,SP.POP.3539.MA.5Y,2023,7.69726212613417,observation::IND::SP.POP.3539.MA.5Y::2023,Observation
IND,SP.POP.2529.MA.5Y,2023,8.72956907678672,observation::IND::SP.POP.2529.MA.5Y::2023,Observation
IND,SP.POP.1564.TO.ZS,2023,68.0210944742065,observation::IND::SP.POP.1564.TO.ZS::2023,Observation
IND,SP.POP.1564.FE.ZS,2023,67.7219703014796,observation::IND::SP.POP.1564.FE.ZS::2023,Observation
IND,SP.POP.1014.MA.5Y,2023,8.88438386446739,observation::IND::SP.POP.1014.MA.5Y::2023,Observation
IND,SP.POP.0014.TO.ZS,2023,25.0570622244071,observation::IND::SP.POP.0014.TO.ZS::2023,Observation
IND,SP.POP.0014.FE.ZS,2023,24.7715240264154,observation::IND::SP.POP.0014.FE.ZS::2023,Observation
IND,SP.DYN.LE00.MA.IN,2023,70.522,observation::IND::SP.DYN.LE00.MA.IN::2023,Observation
IND,SP.DYN.IMRT.IN,2023,24.5,observation::IND::SP.DYN.IMRT.IN::2023,Observation
IND,SP.DYN.CDRT.IN,2023,6.611,observation::IND::SP.DYN.CDRT.IN::2023,Observation
IND,SP.ADO.TFRT,2023,14.06,observation::IND::SP.ADO.TFRT::2023,Observation
IND,SM.POP.FDIP,2023,781793.0,observation::IND::SM.POP.FDIP::2023,Observation
IND,DT.ODA.ALLD.CD,2023,2376562011.71875,observation::IND::DT.ODA.ALLD.CD::2023,Observation
IND,DT.NFL.UNEP.CD,2023,-76314.0022754669,observation::IND::DT.NFL.UNEP.CD::2023,Observation
IND,DT.NFL.UNAI.CD,2023,898633.003234863,observation::IND::DT.NFL.UNAI.CD::2023,Observation
IND,DT.NFL.PNGB.CD,2023,-1529939000.0,observation::IND::DT.NFL.PNGB.CD::2023,Observation
IND,DT.NFL.OFFT.CD,2023,6503205784.0,observation::IND::DT.NFL.OFFT.CD::2023,Observation
IND,DT.NFL.MIDA.CD,2023,-1819389000.0,observation::IND::DT.NFL.MIDA.CD::2023,Observation
IND,DT.NFL.ILOG.CD,2023,3854770.89881897,observation::IND::DT.NFL.ILOG.CD::2023,Observation
IND,DT.NFL.DPNG.CD,2023,23634686000.0,observation::IND::DT.NFL.DPNG.CD::2023,Observation
IND,GF.XPD.BUDG.ZS,2023,106.2928,observation::IND::GF.XPD.BUDG.ZS::2023,Observation
IND,FP.WPI.TOTL,2023,186.127658171246,observation::IND::FP.WPI.TOTL::2023,Observation
IND,FM.AST.PRVT.GD.ZS,2023,39.3477383453003,observation::IND::FM.AST.PRVT.GD.ZS::2023,Observation
IND,IE.PPN.TRAN.CD,2023,1620020000.0,observation::IND::IE.PPN.TRAN.CD::2023,Observation
IND,IE.PPI.TRAN.CD,2023,1620020000.0,observation::IND::IE.PPI.TRAN.CD::2023,Observation
IND,FP.CPI.TOTL.ZG,2023,5.64914318907925,observation::IND::FP.CPI.TOTL.ZG::2023,Observation
IND,FM.AST.NFRG.CN,2023,53373370101439.0,observation::IND::FM.AST.NFRG.CN::2023,Observation
IND,IE.PPN.ENGY.CD,2023,4467300000.0,observation::IND::IE.PPN.ENGY.CD::2023,Observation
IND,IE.PPI.ENGY.CD,2023,4467300000.0,observation::IND::IE.PPI.ENGY.CD::2023,Observation
IND,FS.AST.PRVT.GD.ZS,2023,39.3477383453003,observation::IND::FS.AST.PRVT.GD.ZS::2023,Observation
IND,IE.PPN.ICTI.CD,2023,387240000.0,observation::IND::IE.PPN.ICTI.CD::2023,Observation
IND,IE.PPI.ICTI.CD,2023,387240000.0,observation::IND::IE.PPI.ICTI.CD::2023,Observation
IND,FS.AST.CGOV.GD.ZS,2023,18.9121842348416,observation::IND::FS.AST.CGOV.GD.ZS::2023,Observation
IND,FI.RES.TOTL.CD,2023,627792750126.715,observation::IND::FI.RES.TOTL.CD::2023,Observation
IND,FB.AST.NPER.ZS,2023,1.72349942158171,observation::IND::FB.AST.NPER.ZS::2023,Observation
IND,EN.URB.MCTY.TL.ZS,2023,16.4585228460668,observation::IND::EN.URB.MCTY.TL.ZS::2023,Observation
IND,EN.POP.DNST,2023,483.679010086809,observation::IND::EN.POP.DNST::2023,Observation
IND,EN.GHG.N2O.ZG.AR5,2023,117.062218213192,observation::IND::EN.GHG.N2O.ZG.AR5::2023,Observation
IND,EN.GHG.N2O.MT.CE.AR5,2023,276.4919,observation::IND::EN.GHG.N2O.MT.CE.AR5::2023,Observation
IND,EN.GHG.N2O.BU.MT.CE.AR5,2023,8.163,observation::IND::EN.GHG.N2O.BU.MT.CE.AR5::2023,Observation
IND,EN.GHG.CO2.PI.MT.CE.AR5,2023,1432.9142,observation::IND::EN.GHG.CO2.PI.MT.CE.AR5::2023,Observation
IND,EN.GHG.CO2.LU.OL.MT.CE.AR5,2023,-350.172,observation::IND::EN.GHG.CO2.LU.OL.MT.CE.AR5::2023,Observation
IND,EN.GHG.CO2.IP.MT.CE.AR5,2023,246.1029,observation::IND::EN.GHG.CO2.IP.MT.CE.AR5::2023,Observation
IND,EN.GHG.CO2.AG.MT.CE.AR5,2023,31.921,observation::IND::EN.GHG.CO2.AG.MT.CE.AR5::2023,Observation
IND,EN.GHG.CH4.PI.MT.CE.AR5,2023,0.9767,observation::IND::EN.GHG.CH4.PI.MT.CE.AR5::2023,Observation
IND,EN.GHG.CH4.FE.MT.CE.AR5,2023,101.9911,observation::IND::EN.GHG.CH4.FE.MT.CE.AR5::2023,Observation
IND,EN.GHG.ALL.MT.CE.AR5,2023,4206.3289,observation::IND::EN.GHG.ALL.MT.CE.AR5::2023,Observation
IND,EG.USE.ELEC.KH.PC,2023,1181.63126786529,observation::IND::EG.USE.ELEC.KH.PC::2023,Observation
IND,EG.USE.COMM.CL.ZS,2023,4.07,observation::IND::EG.USE.COMM.CL.ZS::2023,Observation
IND,EG.ELC.PETR.ZS,2023,0.209032120379952,observation::IND::EG.ELC.PETR.ZS::2023,Observation
IND,EG.ELC.HYRO.ZS,2023,7.24238666059989,observation::IND::EG.ELC.HYRO.ZS::2023,Observation
IND,EG.ELC.ACCS.UR.ZS,2023,100.0,observation::IND::EG.ELC.ACCS.UR.ZS::2023,Observation
IND,EG.CFT.ACCS.UR.ZS,2023,95.2,observation::IND::EG.CFT.ACCS.UR.ZS::2023,Observation
IND,DT.TDS.DPPG.XP.ZS,2023,2.72808483986621,observation::IND::DT.TDS.DPPG.XP.ZS::2023,Observation
IND,DT.TDS.DIMF.CD,2023,844139557.0,observation::IND::DT.TDS.DIMF.CD::2023,Observation
IND,DT.ODA.ODAT.GN.ZS,2023,0.0662234066482821,observation::IND::DT.ODA.ODAT.GN.ZS::2023,Observation
IND,FI.RES.XGLD.CD,2023,574508789079.883,observation::IND::FI.RES.XGLD.CD::2023,Observation
IND,FD.RES.LIQU.AS.ZS,2023,6.11904859776755,observation::IND::FD.RES.LIQU.AS.ZS::2023,Observation
IND,FB.CBK.BRCH.P5,2023,14.466937792202,observation::IND::FB.CBK.BRCH.P5::2023,Observation
IND,ER.PTD.TOTL.ZS,2023,4.4,observation::IND::ER.PTD.TOTL.ZS::2023,Observation
IND,ER.FSH.PROD.MT,2023,17499108.324,observation::IND::ER.FSH.PROD.MT::2023,Observation
IND,EN.URB.MCTY,2023,236685013.0,observation::IND::EN.URB.MCTY::2023,Observation
IND,EN.GHG.N2O.WA.MT.CE.AR5,2023,18.4759,observation::IND::EN.GHG.N2O.WA.MT.CE.AR5::2023,Observation
IND,EN.GHG.N2O.IP.MT.CE.AR5,2023,17.0913,observation::IND::EN.GHG.N2O.IP.MT.CE.AR5::2023,Observation
IND,EN.GHG.N2O.AG.MT.CE.AR5,2023,196.133,observation::IND::EN.GHG.N2O.AG.MT.CE.AR5::2023,Observation
IND,EN.GHG.CO2.TR.MT.CE.AR5,2023,332.6835,observation::IND::EN.GHG.CO2.TR.MT.CE.AR5::2023,Observation
IND,EN.GHG.CO2.PC.CE.AR5,2023,2.09622858892568,observation::IND::EN.GHG.CO2.PC.CE.AR5::2023,Observation
IND,EN.GHG.CO2.LU.MT.CE.AR5,2023,-485.471,observation::IND::EN.GHG.CO2.LU.MT.CE.AR5::2023,Observation
IND,EN.GHG.CO2.IC.MT.CE.AR5,2023,659.957,observation::IND::EN.GHG.CO2.IC.MT.CE.AR5::2023,Observation
IND,EN.GHG.CH4.ZG.AR5,2023,37.1744175382299,observation::IND::EN.GHG.CH4.ZG.AR5::2023,Observation
IND,EN.GHG.CH4.MT.CE.AR5,2023,846.5689,observation::IND::EN.GHG.CH4.MT.CE.AR5::2023,Observation
IND,EN.GHG.CH4.BU.MT.CE.AR5,2023,37.6392,observation::IND::EN.GHG.CH4.BU.MT.CE.AR5::2023,Observation
IND,EN.GHG.ALL.LU.MT.CE.AR5,2023,3720.8579,observation::IND::EN.GHG.ALL.LU.MT.CE.AR5::2023,Observation
IND,EG.USE.CRNW.ZS,2023,19.5479808181055,observation::IND::EG.USE.CRNW.ZS::2023,Observation
IND,EG.IMP.CONS.ZS,2023,36.0871843474496,observation::IND::EG.IMP.CONS.ZS::2023,Observation
IND,EG.ELC.NUCL.ZS,2023,2.41280345645407,observation::IND::EG.ELC.NUCL.ZS::2023,Observation
IND,EG.ELC.FOSL.ZS,2023,77.5930339369078,observation::IND::EG.ELC.FOSL.ZS::2023,Observation
IND,EG.ELC.ACCS.RU.ZS,2023,99.2,observation::IND::EG.ELC.ACCS.RU.ZS::2023,Observation
IND,EG.CFT.ACCS.RU.ZS,2023,65.7,observation::IND::EG.CFT.ACCS.RU.ZS::2023,Observation
IND,DT.TDS.DPPG.GN.ZS,2023,0.616579610292631,observation::IND::DT.TDS.DPPG.GN.ZS::2023,Observation
IND,DT.TDS.DECT.GN.ZS,2023,2.29671643291237,observation::IND::DT.TDS.DECT.GN.ZS::2023,Observation
IND,DT.ODA.ODAT.PC.ZS,2023,1.65260570025899,observation::IND::DT.ODA.ODAT.PC.ZS::2023,Observation
IND,DT.ODA.ODAT.GI.ZS,2023,0.19578163673086,observation::IND::DT.ODA.ODAT.GI.ZS::2023,Observation
IND,DT.ODA.ALLD.KD,2023,2376562011.71875,observation::IND::DT.ODA.ALLD.KD::2023,Observation
IND,FI.RES.TOTL.DT.ZS,2023,96.9479623776361,observation::IND::FI.RES.TOTL.DT.ZS::2023,Observation
IND,FB.ATM.TOTL.P5,2023,24.9596736031411,observation::IND::FB.ATM.TOTL.P5::2023,Observation
IND,ER.LND.PTLD.ZS,2023,7.5,observation::IND::ER.LND.PTLD.ZS::2023,Observation
IND,ER.FSH.AQUA.MT,2023,11321123.0,observation::IND::ER.FSH.AQUA.MT::2023,Observation
IND,EN.URB.LCTY,2023,32941309.0,observation::IND::EN.URB.LCTY::2023,Observation
IND,EN.GHG.TOT.ZG.AR5,2023,210.73917340387,observation::IND::EN.GHG.TOT.ZG.AR5::2023,Observation
IND,EN.GHG.N2O.PI.MT.CE.AR5,2023,23.6347,observation::IND::EN.GHG.N2O.PI.MT.CE.AR5::2023,Observation
IND,EN.GHG.N2O.FE.MT.CE.AR5,2023,0.1612,observation::IND::EN.GHG.N2O.FE.MT.CE.AR5::2023,Observation
IND,EN.GHG.CO2.ZG.AR5,2023,401.850665544385,observation::IND::EN.GHG.CO2.ZG.AR5::2023,Observation
IND,EN.GHG.CO2.RT.GDP.KD,2023,0.923080631743825,observation::IND::EN.GHG.CO2.RT.GDP.KD::2023,Observation
IND,EN.GHG.CO2.LU.DF.MT.CE.AR5,2023,9.726,observation::IND::EN.GHG.CO2.LU.DF.MT.CE.AR5::2023,Observation
IND,EN.GHG.CO2.BU.MT.CE.AR5,2023,202.4992,observation::IND::EN.GHG.CO2.BU.MT.CE.AR5::2023,Observation
IND,EN.GHG.CH4.TR.MT.CE.AR5,2023,2.2703,observation::IND::EN.GHG.CH4.TR.MT.CE.AR5::2023,Observation
IND,EN.GHG.CH4.IC.MT.CE.AR5,2023,4.3373,observation::IND::EN.GHG.CH4.IC.MT.CE.AR5::2023,Observation
IND,EN.GHG.ALL.PC.CE.AR5,2023,2.9249828462405,observation::IND::EN.GHG.ALL.PC.CE.AR5::2023,Observation
IND,EG.USE.PCAP.KG.OE,2023,763.197899394641,observation::IND::EG.USE.PCAP.KG.OE::2023,Observation
IND,EG.USE.COMM.FO.ZS,2023,0.0,observation::IND::EG.USE.COMM.FO.ZS::2023,Observation
IND,EG.GDP.PUSE.KO.PP,2023,13.5266355969156,observation::IND::EG.GDP.PUSE.KO.PP::2023,Observation
IND,EG.ELC.LOSS.ZS,2023,14.1614354109371,observation::IND::EG.ELC.LOSS.ZS::2023,Observation
IND,EG.ELC.ACCS.ZS,2023,99.5,observation::IND::EG.ELC.ACCS.ZS::2023,Observation
IND,EG.CFT.ACCS.ZS,2023,76.7,observation::IND::EG.CFT.ACCS.ZS::2023,Observation
IND,DT.TDS.MLAT.CD,2023,8541960471.4,observation::IND::DT.TDS.MLAT.CD::2023,Observation
IND,DT.TDS.DPPF.XP.ZS,2023,2.81933821436139,observation::IND::DT.TDS.DPPF.XP.ZS::2023,Observation
IND,DT.TDS.DECT.CD,2023,82422353400.5,observation::IND::DT.TDS.DECT.CD::2023,Observation
IND,DT.ODA.ODAT.KD,2023,2376562011.71875,observation::IND::DT.ODA.ODAT.KD::2023,Observation
IND,FP.CPI.TOTL,2023,216.862025027426,observation::IND::FP.CPI.TOTL::2023,Observation
IND,FM.AST.DOMS.CN,2023,249988476182125.0,observation::IND::FM.AST.DOMS.CN::2023,Observation
IND,FI.RES.TOTL.MO,2023,7.97237314389747,observation::IND::FI.RES.TOTL.MO::2023,Observation
IND,FD.AST.PRVT.GD.ZS,2023,39.3477383453003,observation::IND::FD.AST.PRVT.GD.ZS::2023,Observation
IND,FB.BNK.CAPA.ZS,2023,6.0839597444749,observation::IND::FB.BNK.CAPA.ZS::2023,Observation
IND,ER.MRN.PTMR.ZS,2023,0.2,observation::IND::ER.MRN.PTMR.ZS::2023,Observation
IND,ER.FSH.CAPT.MT,2023,6177985.324,observation::IND::ER.FSH.CAPT.MT::2023,Observation
IND,EN.URB.LCTY.UR.ZS,2023,6.53211417648541,observation::IND::EN.URB.LCTY.UR.ZS::2023,Observation
IND,EN.GHG.N2O.TR.MT.CE.AR5,2023,7.0643,observation::IND::EN.GHG.N2O.TR.MT.CE.AR5::2023,Observation
IND,EN.GHG.N2O.IC.MT.CE.AR5,2023,5.7685,observation::IND::EN.GHG.N2O.IC.MT.CE.AR5::2023,Observation
IND,EN.GHG.FGAS.IP.MT.CE.AR5,2023,68.7456,observation::IND::EN.GHG.FGAS.IP.MT.CE.AR5::2023,Observation
IND,EN.GHG.CO2.RT.GDP.PP.KD,2023,0.225358371221113,observation::IND::EN.GHG.CO2.RT.GDP.PP.KD::2023,Observation
IND,EN.GHG.CO2.MT.CE.AR5,2023,3014.5226,observation::IND::EN.GHG.CO2.MT.CE.AR5::2023,Observation
IND,EN.GHG.CO2.LU.FL.MT.CE.AR5,2023,-145.025,observation::IND::EN.GHG.CO2.LU.FL.MT.CE.AR5::2023,Observation
IND,EN.GHG.CO2.FE.MT.CE.AR5,2023,108.4449,observation::IND::EN.GHG.CO2.FE.MT.CE.AR5::2023,Observation
IND,EN.GHG.CH4.WA.MT.CE.AR5,2023,133.0173,observation::IND::EN.GHG.CH4.WA.MT.CE.AR5::2023,Observation
IND,EN.GHG.CH4.IP.MT.CE.AR5,2023,0.4302,observation::IND::EN.GHG.CH4.IP.MT.CE.AR5::2023,Observation
IND,EN.GHG.CH4.AG.MT.CE.AR5,2023,565.9067,observation::IND::EN.GHG.CH4.AG.MT.CE.AR5::2023,Observation
IND,EG.USE.COMM.GD.PP.KD,2023,82.0487977482923,observation::IND::EG.USE.COMM.GD.PP.KD::2023,Observation
IND,EG.GDP.PUSE.KO.PP.KD,2023,12.1878690175057,observation::IND::EG.GDP.PUSE.KO.PP.KD::2023,Observation
IND,EG.ELC.NGAS.ZS,2023,2.95775668721587,observation::IND::EG.ELC.NGAS.ZS::2023,Observation
IND,EG.ELC.COAL.ZS,2023,74.4262564073655,observation::IND::EG.ELC.COAL.ZS::2023,Observation
IND,DT.TDS.MLAT.PG.ZS,2023,38.6038629793121,observation::IND::DT.TDS.MLAT.PG.ZS::2023,Observation
IND,DT.TDS.DPPG.CD,2023,22127216843.5,observation::IND::DT.TDS.DPPG.CD::2023,Observation
IND,DT.TDS.DECT.EX.ZS,2023,10.1619274745821,observation::IND::DT.TDS.DECT.EX.ZS::2023,Observation
IND,DT.ODA.ODAT.MP.ZS,2023,0.251500716242333,observation::IND::DT.ODA.ODAT.MP.ZS::2023,Observation
IND,DT.ODA.ODAT.CD,2023,2376562011.71875,observation::IND::DT.ODA.ODAT.CD::2023,Observation
IND,SM.POP.RHCR.EO,2024,39303.0,observation::IND::SM.POP.RHCR.EO::2024,Observation
IND,SM.POP.NETM,2024,-630830.0,observation::IND::SM.POP.NETM::2024,Observation
IND,SM.POP.ASYS.EA,2024,13243.0,observation::IND::SM.POP.ASYS.EA::2024,Observation
IND,SL.UEM.TOTL.ZS,2024,4.173,observation::IND::SL.UEM.TOTL.ZS::2024,Observation
IND,SL.UEM.TOTL.FE.ZS,2024,4.088,observation::IND::SL.UEM.TOTL.FE.ZS::2024,Observation
IND,SL.UEM.NEET.MA.ZS,2024,10.325,observation::IND::SL.UEM.NEET.MA.ZS::2024,Observation
IND,SL.UEM.INTM.ZS,2024,5.87,observation::IND::SL.UEM.INTM.ZS::2024,Observation
IND,SL.UEM.BASC.MA.ZS,2024,2.517,observation::IND::SL.UEM.BASC.MA.ZS::2024,Observation
IND,SL.UEM.ADVN.FE.ZS,2024,20.91,observation::IND::SL.UEM.ADVN.FE.ZS::2024,Observation
IND,SL.UEM.1524.MA.NE.ZS,2024,14.998,observation::IND::SL.UEM.1524.MA.NE.ZS::2024,Observation
IND,SL.TLF.TOTL.FE.ZS,2024,28.311817927669,observation::IND::SL.TLF.TOTL.FE.ZS::2024,Observation
IND,SL.TLF.INTM.ZS,2024,47.866,observation::IND::SL.TLF.INTM.ZS::2024,Observation
IND,SL.TLF.CACT.NE.ZS,2024,55.802,observation::IND::SL.TLF.CACT.NE.ZS::2024,Observation
IND,SL.TLF.CACT.FM.NE.ZS,2024,44.3637442592497,observation::IND::SL.TLF.CACT.FM.NE.ZS::2024,Observation
IND,SL.TLF.BASC.MA.ZS,2024,77.759,observation::IND::SL.TLF.BASC.MA.ZS::2024,Observation
IND,SL.TLF.ADVN.FE.ZS,2024,37.626,observation::IND::SL.TLF.ADVN.FE.ZS::2024,Observation
IND,SL.TLF.ACTI.1524.ZS,2024,31.225,observation::IND::SL.TLF.ACTI.1524.ZS::2024,Observation
IND,SL.TLF.ACTI.1524.FE.ZS,2024,15.838,observation::IND::SL.TLF.ACTI.1524.FE.ZS::2024,Observation
IND,SL.GDP.PCAP.EM.KD,2024,24430.1179611995,observation::IND::SL.GDP.PCAP.EM.KD::2024,Observation
IND,SL.EMP.WORK.MA.ZS,2024,26.1896018524408,observation::IND::SL.EMP.WORK.MA.ZS::2024,Observation
IND,SL.EMP.VULN.FE.ZS,2024,78.795475059608,observation::IND::SL.EMP.VULN.FE.ZS::2024,Observation
IND,SL.EMP.TOTL.SP.MA.NE.ZS,2024,74.253,observation::IND::SL.EMP.TOTL.SP.MA.NE.ZS::2024,Observation
IND,SL.EMP.SELF.ZS,2024,75.3941504879158,observation::IND::SL.EMP.SELF.ZS::2024,Observation
IND,SL.EMP.MPYR.MA.ZS,2024,4.40735386539819,observation::IND::SL.EMP.MPYR.MA.ZS::2024,Observation
IND,SL.EMP.1524.SP.MA.ZS,2024,38.272,observation::IND::SL.EMP.1524.SP.MA.ZS::2024,Observation
IND,SL.AGR.EMPL.ZS,2024,42.3547738876441,observation::IND::SL.AGR.EMPL.ZS::2024,Observation
IND,SH.TBS.INCD,2024,187.0,observation::IND::SH.TBS.INCD::2024,Observation
IND,DT.DOD.PVLX.CD,2024,205578556985.2,observation::IND::DT.DOD.PVLX.CD::2024,Observation
IND,DT.DOD.DSTC.ZS,2024,19.4803,observation::IND::DT.DOD.DSTC.ZS::2024,Observation
IND,DT.DOD.DPPG.CD,2024,238949800499.3,observation::IND::DT.DOD.DPPG.CD::2024,Observation
IND,DT.DOD.DECT.GN.ZS,2024,18.5795533694083,observation::IND::DT.DOD.DECT.GN.ZS::2024,Observation
IND,SL.UEM.TOTL.FE.NE.ZS,2024,4.091,observation::IND::SL.UEM.TOTL.FE.NE.ZS::2024,Observation
IND,SL.UEM.NEET.MA.ME.ZS,2024,10.41,observation::IND::SL.UEM.NEET.MA.ME.ZS::2024,Observation
IND,SL.UEM.INTM.MA.ZS,2024,5.787,observation::IND::SL.UEM.INTM.MA.ZS::2024,Observation
IND,SL.UEM.BASC.FE.ZS,2024,1.583,observation::IND::SL.UEM.BASC.FE.ZS::2024,Observation
IND,SL.UEM.1524.ZS,2024,15.746,observation::IND::SL.UEM.1524.ZS::2024,Observation
IND,SL.UEM.1524.FE.ZS,2024,17.084,observation::IND::SL.UEM.1524.FE.ZS::2024,Observation
IND,SL.TLF.PART.ZS,2024,24.38,observation::IND::SL.TLF.PART.ZS::2024,Observation
IND,SL.TLF.INTM.MA.ZS,2024,67.35,observation::IND::SL.TLF.INTM.MA.ZS::2024,Observation
IND,SL.TLF.CACT.MA.ZS,2024,77.594,observation::IND::SL.TLF.CACT.MA.ZS::2024,Observation
IND,SL.TLF.CACT.FE.ZS,2024,32.415,observation::IND::SL.TLF.CACT.FE.ZS::2024,Observation
IND,SL.TLF.BASC.FE.ZS,2024,30.54,observation::IND::SL.TLF.BASC.FE.ZS::2024,Observation
IND,SL.TLF.ACTI.ZS,2024,58.991,observation::IND::SL.TLF.ACTI.ZS::2024,Observation
IND,SL.TLF.ACTI.1524.NE.ZS,2024,32.298,observation::IND::SL.TLF.ACTI.1524.NE.ZS::2024,Observation
IND,SL.TLF.ACTI.1524.FE.NE.ZS,2024,16.901,observation::IND::SL.TLF.ACTI.1524.FE.NE.ZS::2024,Observation
IND,SL.SRV.EMPL.ZS,2024,32.2743097449178,observation::IND::SL.SRV.EMPL.ZS::2024,Observation
IND,SL.IND.EMPL.ZS,2024,25.3709259711612,observation::IND::SL.IND.EMPL.ZS::2024,Observation
IND,SL.FAM.WORK.ZS,2024,16.129741639013,observation::IND::SL.FAM.WORK.ZS::2024,Observation
IND,SL.EMP.WORK.FE.ZS,2024,20.6006681576168,observation::IND::SL.EMP.WORK.FE.ZS::2024,Observation
IND,SL.EMP.TOTL.SP.ZS,2024,53.317,observation::IND::SL.EMP.TOTL.SP.ZS::2024,Observation
IND,SL.EMP.TOTL.SP.FE.ZS,2024,31.09,observation::IND::SL.EMP.TOTL.SP.FE.ZS::2024,Observation
IND,SL.EMP.SELF.MA.ZS,2024,73.8103976689413,observation::IND::SL.EMP.SELF.MA.ZS::2024,Observation
IND,SL.EMP.MPYR.FE.ZS,2024,0.603859808725217,observation::IND::SL.EMP.MPYR.FE.ZS::2024,Observation
IND,SL.EMP.1524.SP.MA.NE.ZS,2024,39.672,observation::IND::SL.EMP.1524.SP.MA.NE.ZS::2024,Observation
IND,SL.AGR.EMPL.MA.ZS,2024,35.1815757725133,observation::IND::SL.AGR.EMPL.MA.ZS::2024,Observation
IND,CM.MKT.TRAD.GD.ZS,2024,85.6143773046544,observation::IND::CM.MKT.TRAD.GD.ZS::2024,Observation
IND,CM.MKT.LCAP.CD,2024,5131397430000.0,observation::IND::CM.MKT.LCAP.CD::2024,Observation
IND,BX.TRF.PWKR.CD,2024,129430244556.097,observation::IND::BX.TRF.PWKR.CD::2024,Observation
IND,SM.POP.ASYS.EO,2024,202933.0,observation::IND::SM.POP.ASYS.EO::2024,Observation
IND,SL.UEM.TOTL.MA.NE.ZS,2024,4.21,observation::IND::SL.UEM.TOTL.MA.NE.ZS::2024,Observation
IND,SL.UEM.NEET.ME.ZS,2024,24.188,observation::IND::SL.UEM.NEET.ME.ZS::2024,Observation
IND,SL.UEM.NEET.FE.ME.ZS,2024,39.361,observation::IND::SL.UEM.NEET.FE.ME.ZS::2024,Observation
IND,SL.UEM.BASC.ZS,2024,2.281,observation::IND::SL.UEM.BASC.ZS::2024,Observation
IND,SL.UEM.ADVN.MA.ZS,2024,10.964,observation::IND::SL.UEM.ADVN.MA.ZS::2024,Observation
IND,SL.UEM.1524.MA.ZS,2024,15.32,observation::IND::SL.UEM.1524.MA.ZS::2024,Observation
IND,SL.TLF.TOTL.IN,2024,608500805.0,observation::IND::SL.TLF.TOTL.IN::2024,Observation
IND,SL.TLF.PART.FE.ZS,2024,46.73,observation::IND::SL.TLF.PART.FE.ZS::2024,Observation
IND,SL.TLF.CACT.ZS,2024,55.639,observation::IND::SL.TLF.CACT.ZS::2024,Observation
IND,SL.TLF.CACT.FM.ZS,2024,41.7751372528804,observation::IND::SL.TLF.CACT.FM.ZS::2024,Observation
IND,SL.TLF.BASC.ZS,2024,55.947,observation::IND::SL.TLF.BASC.ZS::2024,Observation
IND,SL.TLF.ADVN.MA.ZS,2024,86.829,observation::IND::SL.TLF.ADVN.MA.ZS::2024,Observation
IND,SL.TLF.ACTI.FE.ZS,2024,34.806,observation::IND::SL.TLF.ACTI.FE.ZS::2024,Observation
IND,SL.TLF.ACTI.1524.MA.NE.ZS,2024,46.672,observation::IND::SL.TLF.ACTI.1524.MA.NE.ZS::2024,Observation
IND,SL.SRV.EMPL.FE.ZS,2024,23.5715704063596,observation::IND::SL.SRV.EMPL.FE.ZS::2024,Observation
IND,SL.IND.EMPL.FE.ZS,2024,15.9333222918428,observation::IND::SL.IND.EMPL.FE.ZS::2024,Observation
IND,SL.FAM.WORK.FE.ZS,2024,32.5115623519497,observation::IND::SL.FAM.WORK.FE.ZS::2024,Observation
IND,SL.EMP.WORK.ZS,2024,24.605844538728,observation::IND::SL.EMP.WORK.ZS::2024,Observation
IND,SL.EMP.VULN.MA.ZS,2024,69.4030438035431,observation::IND::SL.EMP.VULN.MA.ZS::2024,Observation
IND,SL.EMP.TOTL.SP.MA.ZS,2024,74.33,observation::IND::SL.EMP.TOTL.SP.MA.ZS::2024,Observation
IND,SL.EMP.SMGT.FE.ZS,2024,11.885,observation::IND::SL.EMP.SMGT.FE.ZS::2024,Observation
IND,SL.EMP.MPYR.ZS,2024,3.32954316711339,observation::IND::SL.EMP.MPYR.ZS::2024,Observation
IND,SL.EMP.1524.SP.NE.ZS,2024,27.272,observation::IND::SL.EMP.1524.SP.NE.ZS::2024,Observation
IND,SL.EMP.1524.SP.FE.NE.ZS,2024,13.989,observation::IND::SL.EMP.1524.SP.FE.NE.ZS::2024,Observation
IND,DT.DOD.PVLX.EX.ZS,2024,23.5460341903898,observation::IND::DT.DOD.PVLX.EX.ZS::2024,Observation
IND,DT.DOD.MIBR.CD,2024,24051551000.0,observation::IND::DT.DOD.MIBR.CD::2024,Observation
IND,DT.DOD.DSTC.CD,2024,139568064000.0,observation::IND::DT.DOD.DSTC.CD::2024,Observation
IND,DT.DOD.DIMF.CD,2024,21580586391.1,observation::IND::DT.DOD.DIMF.CD::2024,Observation
IND,SL.UEM.TOTL.MA.ZS,2024,4.207,observation::IND::SL.UEM.TOTL.MA.ZS::2024,Observation
IND,SL.UEM.NEET.ZS,2024,24.188,observation::IND::SL.UEM.NEET.ZS::2024,Observation
IND,SL.UEM.NEET.FE.ZS,2024,39.04,observation::IND::SL.UEM.NEET.FE.ZS::2024,Observation
IND,SL.UEM.INTM.FE.ZS,2024,6.204,observation::IND::SL.UEM.INTM.FE.ZS::2024,Observation
IND,SL.UEM.ADVN.ZS,2024,13.47,observation::IND::SL.UEM.ADVN.ZS::2024,Observation
IND,SL.UEM.1524.NE.ZS,2024,15.562,observation::IND::SL.UEM.1524.NE.ZS::2024,Observation
IND,SL.UEM.1524.FE.NE.ZS,2024,17.231,observation::IND::SL.UEM.1524.FE.NE.ZS::2024,Observation
IND,SL.TLF.PART.MA.ZS,2024,14.32,observation::IND::SL.TLF.PART.MA.ZS::2024,Observation
IND,SL.TLF.INTM.FE.ZS,2024,22.118,observation::IND::SL.TLF.INTM.FE.ZS::2024,Observation
IND,SL.TLF.CACT.MA.NE.ZS,2024,77.516,observation::IND::SL.TLF.CACT.MA.NE.ZS::2024,Observation
IND,SL.TLF.CACT.FE.NE.ZS,2024,34.389,observation::IND::SL.TLF.CACT.FE.NE.ZS::2024,Observation
IND,SL.TLF.ADVN.ZS,2024,65.309,observation::IND::SL.TLF.ADVN.ZS::2024,Observation
IND,SL.TLF.ACTI.MA.ZS,2024,81.489,observation::IND::SL.TLF.ACTI.MA.ZS::2024,Observation
IND,SL.TLF.ACTI.1524.MA.ZS,2024,45.197,observation::IND::SL.TLF.ACTI.1524.MA.ZS::2024,Observation
IND,SL.SRV.EMPL.MA.ZS,2024,35.7156104431582,observation::IND::SL.SRV.EMPL.MA.ZS::2024,Observation
IND,SL.IND.EMPL.MA.ZS,2024,29.1028137843285,observation::IND::SL.IND.EMPL.MA.ZS::2024,Observation
IND,SL.FAM.WORK.MA.ZS,2024,9.65191453273302,observation::IND::SL.FAM.WORK.MA.ZS::2024,Observation
IND,SL.EMP.VULN.ZS,2024,72.0646133231289,observation::IND::SL.EMP.VULN.ZS::2024,Observation
IND,SL.EMP.TOTL.SP.NE.ZS,2024,53.473,observation::IND::SL.EMP.TOTL.SP.NE.ZS::2024,Observation
IND,SL.EMP.TOTL.SP.FE.NE.ZS,2024,32.982,observation::IND::SL.EMP.TOTL.SP.FE.NE.ZS::2024,Observation
IND,SL.EMP.SELF.FE.ZS,2024,79.3993276060531,observation::IND::SL.EMP.SELF.FE.ZS::2024,Observation
IND,SL.EMP.1524.SP.ZS,2024,26.308,observation::IND::SL.EMP.1524.SP.ZS::2024,Observation
IND,SL.EMP.1524.SP.FE.ZS,2024,13.132,observation::IND::SL.EMP.1524.SP.FE.ZS::2024,Observation
IND,SL.AGR.EMPL.FE.ZS,2024,60.4951115381278,observation::IND::SL.AGR.EMPL.FE.ZS::2024,Observation
IND,DT.DOD.PVLX.GN.ZS,2024,5.33118243653259,observation::IND::DT.DOD.PVLX.GN.ZS::2024,Observation
IND,DT.DOD.MIDA.CD,2024,14688140000.0,observation::IND::DT.DOD.MIDA.CD::2024,Observation
IND,DT.DOD.DSTC.IR.ZS,2024,21.7043276053502,observation::IND::DT.DOD.DSTC.IR.ZS::2024,Observation
IND,DT.DOD.DLXF.CD,2024,555307373499.3,observation::IND::DT.DOD.DLXF.CD::2024,Observation
IND,SH.STA.STNT.ME.MA.ZS,2024,34.0,observation::IND::SH.STA.STNT.ME.MA.ZS::2024,Observation
IND,SH.STA.SMSS.ZS,2024,62.7850105515952,observation::IND::SH.STA.SMSS.ZS::2024,Observation
IND,SH.STA.OWGH.ME.MA.ZS,2024,3.9,observation::IND::SH.STA.OWGH.ME.MA.ZS::2024,Observation
IND,SH.STA.ODFC.RU.ZS,2024,10.6649365308844,observation::IND::SH.STA.ODFC.RU.ZS::2024,Observation
IND,SH.STA.HYGN.RU.ZS,2024,85.9211151574564,observation::IND::SH.STA.HYGN.RU.ZS::2024,Observation
IND,SH.STA.BASS.RU.ZS,2024,81.0454431746786,observation::IND::SH.STA.BASS.RU.ZS::2024,Observation
IND,SH.IMM.MEAS,2024,97.0,observation::IND::SH.IMM.MEAS::2024,Observation
IND,SH.HIV.INCD.TL,2024,64000.0,observation::IND::SH.HIV.INCD.TL::2024,Observation
IND,SH.H2O.SMDW.UR.ZS,2024,82.9746763041121,observation::IND::SH.H2O.SMDW.UR.ZS::2024,Observation
IND,SH.H2O.BASW.RU.ZS,2024,94.9112380166652,observation::IND::SH.H2O.BASW.RU.ZS::2024,Observation
IND,SH.DYN.MORT,2024,26.6,observation::IND::SH.DYN.MORT::2024,Observation
IND,SH.DYN.1519,2024,3.5,observation::IND::SH.DYN.1519::2024,Observation
IND,SH.DTH.NMRT,2024,386212.0,observation::IND::SH.DTH.NMRT::2024,Observation
IND,SH.DTH.IMRT,2024,539573.0,observation::IND::SH.DTH.IMRT::2024,Observation
IND,SH.DTH.1014,2024,54351.0,observation::IND::SH.DTH.1014::2024,Observation
IND,SE.TER.ENRR.FE,2024,35.4110375372816,observation::IND::SE.TER.ENRR.FE::2024,Observation
IND,SE.SEC.UNER.LO.MA.ZS,2024,15.6142664890329,observation::IND::SE.SEC.UNER.LO.MA.ZS::2024,Observation
IND,SE.SEC.TCHR,2024,6988068.0,observation::IND::SE.SEC.TCHR::2024,Observation
IND,CM.MKT.TRNR,2024,65.2342629,observation::IND::CM.MKT.TRNR::2024,Observation
IND,CM.MKT.LCAP.GD.ZS,2024,131.241426662713,observation::IND::CM.MKT.LCAP.GD.ZS::2024,Observation
IND,BX.TRF.PWKR.CD.DT,2024,137674533895.686,observation::IND::BX.TRF.PWKR.CD.DT::2024,Observation
IND,BX.KLT.DINV.WD.GD.ZS,2024,0.694133152879562,observation::IND::BX.KLT.DINV.WD.GD.ZS::2024,Observation
IND,BX.GSR.TOTL.CD,2024,873222361055.192,observation::IND::BX.GSR.TOTL.CD::2024,Observation
IND,BX.GSR.INSF.ZS,2024,3.1200463256544,observation::IND::BX.GSR.INSF.ZS::2024,Observation
IND,BX.GSR.CCIS.ZS,2024,47.4135569645014,observation::IND::BX.GSR.CCIS.ZS::2024,Observation
IND,BN.TRF.KOGT.CD,2024,-68515184.4773385,observation::IND::BN.TRF.KOGT.CD::2024,Observation
IND,BN.KLT.DINV.CD,2024,-2891247183.62523,observation::IND::BN.KLT.DINV.CD::2024,Observation
IND,BN.GSR.FCTY.CD,2024,-51278272225.5678,observation::IND::BN.GSR.FCTY.CD::2024,Observation
IND,BM.TRF.PWKR.CD.DT,2024,12072300699.6765,observation::IND::BM.TRF.PWKR.CD.DT::2024,Observation
IND,BM.GSR.TRVL.ZS,2024,17.7815471467912,observation::IND::BM.GSR.TRVL.ZS::2024,Observation
IND,BM.GSR.NFSV.CD,2024,196677420819.549,observation::IND::BM.GSR.NFSV.CD::2024,Observation
IND,BM.GSR.FCTY.CD,2024,102359441420.272,observation::IND::BM.GSR.FCTY.CD::2024,Observation
IND,AG.PRD.CREL.MT,2024,391123857.84,observation::IND::AG.PRD.CREL.MT::2024,Observation
IND,SH.TBS.DTEC.ZS,2024,92.0,observation::IND::SH.TBS.DTEC.ZS::2024,Observation
IND,SH.STA.STNT.ME.FE.ZS,2024,31.8,observation::IND::SH.STA.STNT.ME.FE.ZS::2024,Observation
IND,SH.STA.SMSS.UR.ZS,2024,55.7915056958372,observation::IND::SH.STA.SMSS.UR.ZS::2024,Observation
IND,SH.STA.OWGH.ME.FE.ZS,2024,3.4,observation::IND::SH.STA.OWGH.ME.FE.ZS::2024,Observation
IND,SH.IMM.IDPT,2024,94.0,observation::IND::SH.IMM.IDPT::2024,Observation
IND,SH.H2O.SMDW.RU.ZS,2024,72.6274994235553,observation::IND::SH.H2O.SMDW.RU.ZS::2024,Observation
IND,SH.DYN.AIDS.ZS,2024,0.2,observation::IND::SH.DYN.AIDS.ZS::2024,Observation
IND,SH.DYN.1014,2024,2.2,observation::IND::SH.DYN.1014::2024,Observation
IND,SH.DTH.0509,2024,45212.0,observation::IND::SH.DTH.0509::2024,Observation
IND,SE.TER.ENRR,2024,34.4184659748952,observation::IND::SE.TER.ENRR::2024,Observation
IND,SE.SEC.UNER.LO.FE.ZS,2024,14.4571714057652,observation::IND::SE.SEC.UNER.LO.FE.ZS::2024,Observation
IND,SE.SEC.TCAQ.ZS,2024,92.3228423077738,observation::IND::SE.SEC.TCAQ.ZS::2024,Observation
IND,BX.KLT.DINV.CD.WD,2024,27139853378.1402,observation::IND::BX.KLT.DINV.CD.WD::2024,Observation
IND,BX.GSR.ROYL.CD,2024,1728889909.66742,observation::IND::BX.GSR.ROYL.CD::2024,Observation
IND,BX.GSR.GNFS.CD,2024,822141191860.488,observation::IND::BX.GSR.GNFS.CD::2024,Observation
IND,BX.GSR.CCIS.CD,2024,177745449130.557,observation::IND::BX.GSR.CCIS.CD::2024,Observation
IND,BN.TRF.CURR.CD,2024,120708302440.24,observation::IND::BN.TRF.CURR.CD::2024,Observation
IND,BN.KAC.EOMS.CD,2024,1265929651.74918,observation::IND::BN.KAC.EOMS.CD::2024,Observation
IND,BN.FIN.TOTL.CD,2024,-30818003961.0455,observation::IND::BN.FIN.TOTL.CD::2024,Observation
IND,BM.TRF.PRVT.CD,2024,11128631503.2156,observation::IND::BM.TRF.PRVT.CD::2024,Observation
IND,BM.GSR.TRAN.ZS,2024,17.5276009941552,observation::IND::BM.GSR.TRAN.ZS::2024,Observation
IND,BM.GSR.MRCH.CD,2024,726909219683.928,observation::IND::BM.GSR.MRCH.CD::2024,Observation
IND,BM.GSR.CMCP.ZS,2024,60.4944021883195,observation::IND::BM.GSR.CMCP.ZS::2024,Observation
IND,SH.VAC.TTNS.ZS,2024,93.0,observation::IND::SH.VAC.TTNS.ZS::2024,Observation
IND,SH.STA.STNT.ME.ZS,2024,32.9,observation::IND::SH.STA.STNT.ME.ZS::2024,Observation
IND,SH.STA.OWGH.ME.ZS,2024,3.7,observation::IND::SH.STA.OWGH.ME.ZS::2024,Observation
IND,SH.STA.ODFC.UR.ZS,2024,0.0,observation::IND::SH.STA.ODFC.UR.ZS::2024,Observation
IND,SH.STA.HYGN.UR.ZS,2024,96.1491015022912,observation::IND::SH.STA.HYGN.UR.ZS::2024,Observation
IND,SH.STA.BASS.UR.ZS,2024,87.3801818139873,observation::IND::SH.STA.BASS.UR.ZS::2024,Observation
IND,SH.HIV.INCD.TL.P3,2024,0.1,observation::IND::SH.HIV.INCD.TL.P3::2024,Observation
IND,SH.HIV.ARTC.ZS,2024,72.0,observation::IND::SH.HIV.ARTC.ZS::2024,Observation
IND,SH.H2O.SMDW.ZS,2024,76.4421942140842,observation::IND::SH.H2O.SMDW.ZS::2024,Observation
IND,SH.H2O.BASW.UR.ZS,2024,97.117812802765,observation::IND::SH.H2O.BASW.UR.ZS::2024,Observation
IND,SH.DYN.MORT.FE,2024,26.7,observation::IND::SH.DYN.MORT.FE::2024,Observation
IND,SH.DYN.2024,2024,5.2,observation::IND::SH.DYN.2024::2024,Observation
IND,SH.DTH.1519,2024,89863.0,observation::IND::SH.DTH.1519::2024,Observation
IND,SG.GEN.PARL.ZS,2024,13.6531365313653,observation::IND::SG.GEN.PARL.ZS::2024,Observation
IND,SE.TER.ENRR.MA,2024,33.510930522044,observation::IND::SE.TER.ENRR.MA::2024,Observation
IND,CM.MKT.LDOM.NO,2024,2673.0,observation::IND::CM.MKT.LDOM.NO::2024,Observation
IND,BX.TRF.PWKR.DT.GD.ZS,2024,3.52118550357421,observation::IND::BX.TRF.PWKR.DT.GD.ZS::2024,Observation
IND,BX.PEF.TOTL.CD.WD,2024,-827440000.00004,observation::IND::BX.PEF.TOTL.CD.WD::2024,Observation
IND,BX.GSR.TRAN.ZS,2024,8.90214604889514,observation::IND::BX.GSR.TRAN.ZS::2024,Observation
IND,BX.GSR.MRCH.CD,2024,447258013904.37,observation::IND::BX.GSR.MRCH.CD::2024,Observation
IND,BX.GSR.CMCP.ZS,2024,55.7895034642859,observation::IND::BX.GSR.CMCP.ZS::2024,Observation
IND,BN.KLT.PTXL.CD,2024,-20814571002.0463,observation::IND::BN.KLT.PTXL.CD::2024,Observation
IND,BN.GSR.GNFS.CD,2024,-101445448642.989,observation::IND::BN.GSR.GNFS.CD::2024,Observation
IND,BN.CAB.XOKA.CD,2024,-32015418428.3173,observation::IND::BN.CAB.XOKA.CD::2024,Observation
IND,BM.KLT.DINV.CD.WD,2024,24248606194.515,observation::IND::BM.KLT.DINV.CD.WD::2024,Observation
IND,BM.GSR.ROYL.CD,2024,16263058709.4908,observation::IND::BM.GSR.ROYL.CD::2024,Observation
IND,BM.GSR.GNFS.CD,2024,923586640503.477,observation::IND::BM.GSR.GNFS.CD::2024,Observation
IND,AG.YLD.CREL.KG,2024,3632.5,observation::IND::AG.YLD.CREL.KG::2024,Observation
IND,SH.STA.SMSS.RU.ZS,2024,66.8689198526858,observation::IND::SH.STA.SMSS.RU.ZS::2024,Observation
IND,SH.STA.ODFC.ZS,2024,6.73309452387536,observation::IND::SH.STA.ODFC.ZS::2024,Observation
IND,SH.STA.HYGN.ZS,2024,89.691868170007,observation::IND::SH.STA.HYGN.ZS::2024,Observation
IND,SH.STA.DIAB.ZS,2024,10.5,observation::IND::SH.STA.DIAB.ZS::2024,Observation
IND,SH.STA.BASS.ZS,2024,83.380872478201,observation::IND::SH.STA.BASS.ZS::2024,Observation
IND,SH.MLR.INCD.P3,2024,1.48,observation::IND::SH.MLR.INCD.P3::2024,Observation
IND,SH.IMM.HEPB,2024,94.0,observation::IND::SH.IMM.HEPB::2024,Observation
IND,SH.HIV.INCD.YG,2024,15000.0,observation::IND::SH.HIV.INCD.YG::2024,Observation
IND,SH.H2O.BASW.ZS,2024,95.7247373523918,observation::IND::SH.H2O.BASW.ZS::2024,Observation
IND,SH.DYN.NMRT,2024,16.7,observation::IND::SH.DYN.NMRT::2024,Observation
IND,SH.DYN.MORT.MA,2024,26.5,observation::IND::SH.DYN.MORT.MA::2024,Observation
IND,SH.DYN.AIDS.FE.ZS,2024,45.4142013449056,observation::IND::SH.DYN.AIDS.FE.ZS::2024,Observation
IND,SH.DYN.0509,2024,1.9,observation::IND::SH.DYN.0509::2024,Observation
IND,SH.DTH.MORT,2024,615030.0,observation::IND::SH.DTH.MORT::2024,Observation
IND,SH.DTH.2024,2024,134327.0,observation::IND::SH.DTH.2024::2024,Observation
IND,SE.SEC.TCHR.FE.ZS,2024,48.7660251731952,observation::IND::SE.SEC.TCHR.FE.ZS::2024,Observation
IND,SE.SEC.TCAQ.UP.ZS,2024,92.6848902632661,observation::IND::SE.SEC.TCAQ.UP.ZS::2024,Observation
IND,SE.SEC.TCAQ.LO.ZS,2024,91.9658369373407,observation::IND::SE.SEC.TCAQ.LO.ZS::2024,Observation
IND,CM.MKT.TRAD.CD,2024,3347429290000.0,observation::IND::CM.MKT.TRAD.CD::2024,Observation
IND,BX.TRF.CURR.CD,2024,132961766118.037,observation::IND::BX.TRF.CURR.CD::2024,Observation
IND,BX.GSR.TRVL.ZS,2024,9.34072376926785,observation::IND::BX.GSR.TRVL.ZS::2024,Observation
IND,BX.GSR.NFSV.CD,2024,374883177956.118,observation::IND::BX.GSR.NFSV.CD::2024,Observation
IND,BX.GSR.FCTY.CD,2024,51081169194.7043,observation::IND::BX.GSR.FCTY.CD::2024,Observation
IND,BN.RES.INCL.CD,2024,16389914106.5902,observation::IND::BN.RES.INCL.CD::2024,Observation
IND,BN.GSR.MRCH.CD,2024,-279651205779.558,observation::IND::BN.GSR.MRCH.CD::2024,Observation
IND,BN.CAB.XOKA.GD.ZS,2024,-0.818831370412112,observation::IND::BN.CAB.XOKA.GD.ZS::2024,Observation
IND,BM.KLT.DINV.WD.GD.ZS,2024,0.620186160780468,observation::IND::BM.KLT.DINV.WD.GD.ZS::2024,Observation
IND,BM.GSR.TOTL.CD,2024,1025946081923.75,observation::IND::BM.GSR.TOTL.CD::2024,Observation
IND,BM.GSR.INSF.ZS,2024,3.79553352037662,observation::IND::BM.GSR.INSF.ZS::2024,Observation
IND,BG.GSR.NFSV.GD.ZS,2024,14.6183236498042,observation::IND::BG.GSR.NFSV.GD.ZS::2024,Observation
IND,AG.LND.CREL.HA,2024,107673781.0,observation::IND::AG.LND.CREL.HA::2024,Observation
IND,SE.SEC.TCAQ.UP.FE.ZS,2024,93.5837163460245,observation::IND::SE.SEC.TCAQ.UP.FE.ZS::2024,Observation
IND,SE.SEC.TCAQ.LO.FE.ZS,2024,91.8506244431524,observation::IND::SE.SEC.TCAQ.LO.FE.ZS::2024,Observation
IND,SE.SEC.ENRL,2024,131511169.35858,observation::IND::SE.SEC.ENRL::2024,Observation
IND,SE.SEC.CMPT.LO.MA.ZS,2024,86.3499282022427,observation::IND::SE.SEC.CMPT.LO.MA.ZS::2024,Observation
IND,SE.PRM.UNER,2024,119748.74500455,observation::IND::SE.PRM.UNER::2024,Observation
IND,SE.PRM.TCHR.FE.ZS,2024,57.638992056914,observation::IND::SE.PRM.TCHR.FE.ZS::2024,Observation
IND,SE.PRM.TCAQ.FE.ZS,2024,90.9046904513554,observation::IND::SE.PRM.TCAQ.FE.ZS::2024,Observation
IND,SE.PRM.ENRR.FE,2024,119.862205572071,observation::IND::SE.PRM.ENRR.FE::2024,Observation
IND,SE.PRM.ENRL,2024,138368073.269375,observation::IND::SE.PRM.ENRL::2024,Observation
IND,SE.PRM.AGES,2024,6.0,observation::IND::SE.PRM.AGES::2024,Observation
IND,SE.PRE.DURS,2024,3.0,observation::IND::SE.PRE.DURS::2024,Observation
IND,SE.ADT.LITR.MA.ZS,2024,85.6937156128627,observation::IND::SE.ADT.LITR.MA.ZS::2024,Observation
IND,SE.ADT.1524.LT.FM.ZS,2024,0.986227278251213,observation::IND::SE.ADT.1524.LT.FM.ZS::2024,Observation
IND,PA.NUS.PPP,2024,20.4219876045922,observation::IND::PA.NUS.PPP::2024,Observation
IND,NY.TTF.GNFS.KN,2024,-2574801994681.0,observation::IND::NY.TTF.GNFS.KN::2024,Observation
IND,NY.TAX.NIND.KN,2024,16095092330000.0,observation::IND::NY.TAX.NIND.KN::2024,Observation
IND,NY.GSR.NFCY.CN,2024,-4782970320400.0,observation::IND::NY.GSR.NFCY.CN::2024,Observation
IND,NY.GNS.ICTR.CN,2024,100092141644231.0,observation::IND::NY.GNS.ICTR.CN::2024,Observation
IND,NY.GNP.PCAP.KN,2024,127663.354763436,observation::IND::NY.GNP.PCAP.KN::2024,Observation
IND,SE.SEC.TCAQ.MA.ZS,2024,91.9985252488293,observation::IND::SE.SEC.TCAQ.MA.ZS::2024,Observation
IND,SE.SEC.TCAQ.FE.ZS,2024,92.66357239547,observation::IND::SE.SEC.TCAQ.FE.ZS::2024,Observation
IND,SE.SEC.ENRR.MA,2024,77.5453575412386,observation::IND::SE.SEC.ENRR.MA::2024,Observation
IND,SE.SEC.DURS,2024,7.0,observation::IND::SE.SEC.DURS::2024,Observation
IND,SE.SEC.CMPT.LO.FE.ZS,2024,88.2996038502492,observation::IND::SE.SEC.CMPT.LO.FE.ZS::2024,Observation
IND,SE.PRM.TCHR,2024,5021474.0,observation::IND::SE.PRM.TCHR::2024,Observation
IND,SE.PRM.ENRR,2024,120.520368565055,observation::IND::SE.PRM.ENRR::2024,Observation
IND,SE.PRM.DURS,2024,5.0,observation::IND::SE.PRM.DURS::2024,Observation
IND,SE.PRM.CMPT.ZS,2024,94.4876304742988,observation::IND::SE.PRM.CMPT.ZS::2024,Observation
IND,SE.PRE.TCAQ.ZS,2024,92.2690162968716,observation::IND::SE.PRE.TCAQ.ZS::2024,Observation
IND,SE.ADT.LITR.FE.ZS,2024,70.7386770919019,observation::IND::SE.ADT.LITR.FE.ZS::2024,Observation
IND,SE.ADT.1524.LT.FE.ZS,2024,96.6405210691873,observation::IND::SE.ADT.1524.LT.FE.ZS::2024,Observation
IND,PA.NUS.GDP.PLI,2024,24.1464271880755,observation::IND::PA.NUS.GDP.PLI::2024,Observation
IND,NY.TAX.NIND.CN,2024,30461125816200.0,observation::IND::NY.TAX.NIND.CN::2024,Observation
IND,NY.GSR.NFCY.CD,2024,-56552597533.7948,observation::IND::NY.GSR.NFCY.CD::2024,Observation
IND,SE.SEC.UNER.LO.ZS,2024,15.0613747502206,observation::IND::SE.SEC.UNER.LO.ZS::2024,Observation
IND,SE.SEC.TCHR.FE,2024,3407803.0,observation::IND::SE.SEC.TCHR.FE::2024,Observation
IND,SE.SEC.TCAQ.UP.MA.ZS,2024,91.9169757672286,observation::IND::SE.SEC.TCAQ.UP.MA.ZS::2024,Observation
IND,SE.SEC.TCAQ.LO.MA.ZS,2024,92.0877931484369,observation::IND::SE.SEC.TCAQ.LO.MA.ZS::2024,Observation
IND,SE.SEC.ENRR,2024,78.1058073224606,observation::IND::SE.SEC.ENRR::2024,Observation
IND,SE.SEC.CMPT.LO.ZS,2024,87.2821389864812,observation::IND::SE.SEC.CMPT.LO.ZS::2024,Observation
IND,SE.PRM.UNER.ZS,2024,0.104302694560577,observation::IND::SE.PRM.UNER.ZS::2024,Observation
IND,SE.PRM.TCAQ.MA.ZS,2024,92.8424786815392,observation::IND::SE.PRM.TCAQ.MA.ZS::2024,Observation
IND,SE.PRM.ENRR.MA,2024,121.127632650359,observation::IND::SE.PRM.ENRR.MA::2024,Observation
IND,SE.PRM.CMPT.FE.ZS,2024,95.1962200407252,observation::IND::SE.PRM.CMPT.FE.ZS::2024,Observation
IND,SE.PRE.TCAQ.FE.ZS,2024,94.0293244004304,observation::IND::SE.PRE.TCAQ.FE.ZS::2024,Observation
IND,SE.ADT.LITR.ZS,2024,78.1625330351403,observation::IND::SE.ADT.LITR.ZS::2024,Observation
IND,SE.ADT.1524.LT.MA.ZS,2024,97.9901116105317,observation::IND::SE.ADT.1524.LT.MA.ZS::2024,Observation
IND,PA.NUS.PRVT.PLI,2024,23.5255957647539,observation::IND::PA.NUS.PRVT.PLI::2024,Observation
IND,PA.NUS.ATLS,2024,84.575608,observation::IND::PA.NUS.ATLS::2024,Observation
IND,NY.TRF.NCTR.CD,2024,113344833070.547,observation::IND::NY.TRF.NCTR.CD::2024,Observation
IND,SE.SEC.ENRR.FE,2024,78.7182686071249,observation::IND::SE.SEC.ENRR.FE::2024,Observation
IND,SE.SEC.AGES,2024,11.0,observation::IND::SE.SEC.AGES::2024,Observation
IND,SE.PRM.TCAQ.ZS,2024,91.7255570774637,observation::IND::SE.PRM.TCAQ.ZS::2024,Observation
IND,SE.PRM.CMPT.MA.ZS,2024,93.8389276301347,observation::IND::SE.PRM.CMPT.MA.ZS::2024,Observation
IND,SE.PRE.TCAQ.MA.ZS,2024,65.6727869481357,observation::IND::SE.PRE.TCAQ.MA.ZS::2024,Observation
IND,SE.ENR.TERT.FM.ZS,2024,1.05365860893619,observation::IND::SE.ENR.TERT.FM.ZS::2024,Observation
IND,SE.COM.DURS,2024,8.0,observation::IND::SE.COM.DURS::2024,Observation
IND,SE.ADT.1524.LT.ZS,2024,97.3386000977043,observation::IND::SE.ADT.1524.LT.ZS::2024,Observation
IND,PA.NUS.PRVT.PP,2024,19.8969156536629,observation::IND::PA.NUS.PRVT.PP::2024,Observation
IND,PA.NUS.FCRF,2024,83.669281580941,observation::IND::PA.NUS.FCRF::2024,Observation
IND,NY.TRF.NCTR.CN,2024,9586208170600.0,observation::IND::NY.TRF.NCTR.CN::2024,Observation
IND,NY.TAX.NIND.CD,2024,360164431997.935,observation::IND::NY.TAX.NIND.CD::2024,Observation
IND,NY.GNS.ICTR.ZS,2024,30.268447331199,observation::IND::NY.GNS.ICTR.ZS::2024,Observation
IND,NY.GNP.PCAP.CD,2024,2650.0,observation::IND::NY.GNP.PCAP.CD::2024,Observation
IND,NY.GNP.MKTP.KD.ZG,2024,3.68360527249483,observation::IND::NY.GNP.MKTP.KD.ZG::2024,Observation
IND,NY.GNP.MKTP.CD,2024,3853338936324.29,observation::IND::NY.GNP.MKTP.CD::2024,Observation
IND,NY.GDS.TOTL.CN,2024,94666133895100.0,observation::IND::NY.GDS.TOTL.CN::2024,Observation
IND,NY.GDP.PCAP.PP.KD,2024,9818.04270686639,observation::IND::NY.GDP.PCAP.PP.KD::2024,Observation
IND,NY.GDP.PCAP.KD,2024,2396.94999213544,observation::IND::NY.GDP.PCAP.KD::2024,Observation
IND,NY.GDP.MKTP.PP.KD,2024,14245349560959.0,observation::IND::NY.GDP.MKTP.PP.KD::2024,Observation
IND,NY.GDP.MKTP.KD,2024,3477820532826.48,observation::IND::NY.GDP.MKTP.KD::2024,Observation
IND,NY.GDP.FCST.CN,2024,300220327873900.0,observation::IND::NY.GDP.FCST.CN::2024,Observation
IND,NY.GDP.DEFL.ZS.AD,2024,175.922879998853,observation::IND::NY.GDP.DEFL.ZS.AD::2024,Observation
IND,NV.SRV.TOTL.KD.ZG,2024,7.18515908587793,observation::IND::NV.SRV.TOTL.KD.ZG::2024,Observation
IND,NV.SRV.EMPL.KD,2024,9061.78668364177,observation::IND::NV.SRV.EMPL.KD::2024,Observation
IND,NV.IND.TOTL.KN,2024,52701118975600.0,observation::IND::NV.IND.TOTL.KN::2024,Observation
IND,NV.IND.TOTL.CD,2024,962947797886.36,observation::IND::NV.IND.TOTL.CD::2024,Observation
IND,NV.IND.MANF.KD,2024,508582665474.193,observation::IND::NV.IND.MANF.KD::2024,Observation
IND,NV.AGR.TOTL.KD.ZG,2024,4.62632953487277,observation::IND::NV.AGR.TOTL.KD.ZG::2024,Observation
IND,NV.AGR.EMPL.KD,2024,2111.31565122881,observation::IND::NV.AGR.EMPL.KD::2024,Observation
IND,NE.RSB.GNFS.CN,2024,-7690332525799.99,observation::IND::NE.RSB.GNFS.CN::2024,Observation
IND,NE.IMP.GNFS.KD.ZG,2024,-3.67203539638427,observation::IND::NE.IMP.GNFS.KD.ZG::2024,Observation
IND,NE.GDI.TOTL.ZS,2024,32.9141372549127,observation::IND::NE.GDI.TOTL.ZS::2024,Observation
IND,NY.GNS.ICTR.CD,2024,1183463459632.84,observation::IND::NY.GNS.ICTR.CD::2024,Observation
IND,NY.GNP.PCAP.KD.ZG,2024,5.48268180398577,observation::IND::NY.GNP.PCAP.KD.ZG::2024,Observation
IND,NY.GNP.MKTP.PP.KD,2024,14053998925797.1,observation::IND::NY.GNP.MKTP.PP.KD::2024,Observation
IND,NY.GNP.MKTP.KD,2024,3428077557594.89,observation::IND::NY.GNP.MKTP.KD::2024,Observation
IND,NY.GNP.ATLS.CD,2024,3837862837662.49,observation::IND::NY.GNP.ATLS.CD::2024,Observation
IND,NY.GDS.TOTL.CD,2024,1119307754726.4,observation::IND::NY.GDS.TOTL.CD::2024,Observation
IND,NY.GDP.PCAP.PP.CD,2024,11159.9856476091,observation::IND::NY.GDP.PCAP.PP.CD::2024,Observation
IND,NY.GDP.PCAP.CN,2024,227909.0885629,observation::IND::NY.GDP.PCAP.CN::2024,Observation
IND,NY.GDP.MKTP.PP.CD,2024,16192422603162.4,observation::IND::NY.GDP.MKTP.PP.CD::2024,Observation
IND,NY.GDP.MKTP.CN.AD,2024,330681453690101.0,observation::IND::NY.GDP.MKTP.CN.AD::2024,Observation
IND,NY.GDP.FCST.CD,2024,3549727101860.15,observation::IND::NY.GDP.FCST.CD::2024,Observation
IND,NY.GDP.DEFL.ZS,2024,175.922879998853,observation::IND::NY.GDP.DEFL.ZS::2024,Observation
IND,NY.EXP.CAPM.KN,2024,38106179785119.0,observation::IND::NY.EXP.CAPM.KN::2024,Observation
IND,NV.SRV.TOTL.KD,2024,1705368920867.13,observation::IND::NV.SRV.TOTL.KD::2024,Observation
IND,NV.IND.TOTL.KD.ZG,2024,5.89982476604236,observation::IND::NV.IND.TOTL.KD.ZG::2024,Observation
IND,NV.IND.MANF.ZS,2024,12.6085653310554,observation::IND::NV.IND.MANF.ZS::2024,Observation
IND,NV.IND.MANF.CN,2024,41694187126200.0,observation::IND::NV.IND.MANF.CN::2024,Observation
IND,NV.AGR.TOTL.KD,2024,521438485159.931,observation::IND::NV.AGR.TOTL.KD::2024,Observation
IND,NE.TRD.GNFS.ZS,2024,44.6492935069676,observation::IND::NE.TRD.GNFS.ZS::2024,Observation
IND,NE.RSB.GNFS.CD,2024,-90928492359.168,observation::IND::NE.RSB.GNFS.CD::2024,Observation
IND,NY.GNS.ICTR.GN.ZS,2024,30.7126748824684,observation::IND::NY.GNS.ICTR.GN.ZS::2024,Observation
IND,NY.GNP.PCAP.PP.CD,2024,11000.0,observation::IND::NY.GNP.PCAP.PP.CD::2024,Observation
IND,NY.GNP.PCAP.CN,2024,224612.615796794,observation::IND::NY.GNP.PCAP.CN::2024,Observation
IND,NY.GNP.MKTP.KN,2024,185231330625400.0,observation::IND::NY.GNP.MKTP.KN::2024,Observation
IND,NY.GNP.MKTP.CN,2024,325898483369700.0,observation::IND::NY.GNP.MKTP.CN::2024,Observation
IND,NY.GDS.TOTL.ZS,2024,28.6275909455197,observation::IND::NY.GDS.TOTL.ZS::2024,Observation
IND,NY.GDP.PCAP.KD.ZG,2024,5.55042158511394,observation::IND::NY.GDP.PCAP.KD.ZG::2024,Observation
IND,NY.GDP.MKTP.KD.ZG,2024,6.49476552383821,observation::IND::NY.GDP.MKTP.KD.ZG::2024,Observation
IND,NY.GDP.MKTP.CD,2024,3909891533858.08,observation::IND::NY.GDP.MKTP.CD::2024,Observation
IND,NY.GDP.FCST.KD,2024,3146421040055.37,observation::IND::NY.GDP.FCST.KD::2024,Observation
IND,NY.GDP.DISC.CN,2024,-6484481123200.0,observation::IND::NY.GDP.DISC.CN::2024,Observation
IND,NY.GDP.DEFL.KD.ZG,2024,3.08227399218495,observation::IND::NY.GDP.DEFL.KD.ZG::2024,Observation
IND,NV.SRV.TOTL.KN,2024,94405293235400.0,observation::IND::NV.SRV.TOTL.KN::2024,Observation
IND,NV.SRV.TOTL.CD,2024,1950036515936.13,observation::IND::NV.SRV.TOTL.CD::2024,Observation
IND,NV.IND.TOTL.ZS,2024,24.6285041297852,observation::IND::NV.IND.TOTL.ZS::2024,Observation
IND,NV.IND.TOTL.CN,2024,81441895478500.0,observation::IND::NV.IND.TOTL.CN::2024,Observation
IND,NV.IND.MANF.KD.ZG,2024,4.51925984900458,observation::IND::NV.IND.MANF.KD.ZG::2024,Observation
IND,NV.IND.EMPL.KD,2024,6188.87865558826,observation::IND::NV.IND.EMPL.KD::2024,Observation
IND,NV.AGR.TOTL.KN,2024,24768049898000.0,observation::IND::NV.AGR.TOTL.KN::2024,Observation
IND,NV.AGR.TOTL.CD,2024,636742788037.657,observation::IND::NV.AGR.TOTL.CD::2024,Observation
IND,NE.RSB.GNFS.KN,2024,-1612913242700.0,observation::IND::NE.RSB.GNFS.KN::2024,Observation
IND,NE.IMP.GNFS.KN,2024,42293895022500.0,observation::IND::NE.IMP.GNFS.KN::2024,Observation
IND,NY.GNP.PCAP.PP.KD,2024,9686.16186393125,observation::IND::NY.GNP.PCAP.PP.KD::2024,Observation
IND,NY.GNP.PCAP.KD,2024,2362.66661754358,observation::IND::NY.GNP.PCAP.KD::2024,Observation
IND,NY.GNP.MKTP.PP.CD,2024,15958215707486.7,observation::IND::NY.GNP.MKTP.PP.CD::2024,Observation
IND,NY.GNP.MKTP.CN.AD,2024,325898483369701.0,observation::IND::NY.GNP.MKTP.CN.AD::2024,Observation
IND,NY.GDY.TOTL.KN,2024,185394752444319.0,observation::IND::NY.GDY.TOTL.KN::2024,Observation
IND,NY.GDP.PCAP.KN,2024,129550.567023679,observation::IND::NY.GDP.PCAP.KN::2024,Observation
IND,NY.GDP.PCAP.CD,2024,2694.73780859961,observation::IND::NY.GDP.PCAP.CD::2024,Observation
IND,NY.GDP.MKTP.KN,2024,187969554439000.0,observation::IND::NY.GDP.MKTP.KN::2024,Observation
IND,NY.GDP.MKTP.CN,2024,330681453690100.0,observation::IND::NY.GDP.MKTP.CN::2024,Observation
IND,NY.GDP.FCST.KN,2024,171874462109000.0,observation::IND::NY.GDP.FCST.KN::2024,Observation
IND,NY.GDP.DISC.KN,2024,-2921309829500.0,observation::IND::NY.GDP.DISC.KN::2024,Observation
IND,NY.GDP.DEFL.KD.ZG.AD,2024,3.08227399218495,observation::IND::NY.GDP.DEFL.KD.ZG.AD::2024,Observation
IND,NV.SRV.TOTL.ZS,2024,49.874440225505,observation::IND::NV.SRV.TOTL.ZS::2024,Observation
IND,NV.SRV.TOTL.CN,2024,164925523957500.0,observation::IND::NV.SRV.TOTL.CN::2024,Observation
IND,NV.IND.TOTL.KD,2024,915579019891.717,observation::IND::NV.IND.TOTL.KD::2024,Observation
IND,NV.IND.MANF.KN,2024,29536466699700.0,observation::IND::NV.IND.MANF.KN::2024,Observation
IND,NV.IND.MANF.CD,2024,492981228419.901,observation::IND::NV.IND.MANF.CD::2024,Observation
IND,NV.AGR.TOTL.ZS,2024,16.2854335605917,observation::IND::NV.AGR.TOTL.ZS::2024,Observation
IND,NE.GDI.TOTL.CN,2024,108840947544100.0,observation::IND::NE.GDI.TOTL.CN::2024,Observation
IND,NE.GDI.STKB.CD,2024,58785402533.5532,observation::IND::NE.GDI.STKB.CD::2024,Observation
IND,NE.GDI.FTOT.KD,2024,1096130275102.13,observation::IND::NE.GDI.FTOT.KD::2024,Observation
IND,NE.EXP.GNFS.KD,2024,715330295269.782,observation::IND::NE.EXP.GNFS.KD::2024,Observation
IND,NE.DAB.TOTL.KN,2024,192503777511200.0,observation::IND::NE.DAB.TOTL.KN::2024,Observation
IND,NE.DAB.DEFL.ZS,2024,179.142597510345,observation::IND::NE.DAB.DEFL.ZS::2024,Observation
IND,NE.CON.TOTL.KD,2024,2396222023539.65,observation::IND::NE.CON.TOTL.KD::2024,Observation
IND,NE.CON.PRVT.PP.KD,2024,8983861417985.14,observation::IND::NE.CON.PRVT.PP.KD::2024,Observation
IND,NE.CON.PRVT.KN,2024,106195785678400.0,observation::IND::NE.CON.PRVT.KN::2024,Observation
IND,NE.CON.PRVT.CN,2024,202984130750700.0,observation::IND::NE.CON.PRVT.CN::2024,Observation
IND,NE.CON.GOVT.ZS,2024,9.98882419189295,observation::IND::NE.CON.GOVT.ZS::2024,Observation
IND,NE.CON.GOVT.CN,2024,33031189044300.0,observation::IND::NE.CON.GOVT.CN::2024,Observation
IND,MS.MIL.XPND.GD.ZS,2024,2.2712033218142,observation::IND::MS.MIL.XPND.GD.ZS::2024,Observation
IND,IT.NET.BBND.P2,2024,3.15046250037677,observation::IND::IT.NET.BBND.P2::2024,Observation
IND,IT.CEL.SETS.P2,2024,79.3526921826412,observation::IND::IT.CEL.SETS.P2::2024,Observation
IND,IQ.SPI.PIL3,2024,79.275,observation::IND::IQ.SPI.PIL3::2024,Observation
IND,NE.IMP.GNFS.KD,2024,783216299738.997,observation::IND::NE.IMP.GNFS.KD::2024,Observation
IND,NE.GDI.TOTL.KN,2024,69230694829900.0,observation::IND::NE.GDI.TOTL.KN::2024,Observation
IND,NE.GDI.TOTL.CD,2024,1286907065972.26,observation::IND::NE.GDI.TOTL.CD::2024,Observation
IND,NE.GDI.FTOT.ZS,2024,29.8962309444631,observation::IND::NE.GDI.FTOT.ZS::2024,Observation
IND,NE.GDI.FTOT.CN,2024,98861291085700.0,observation::IND::NE.GDI.FTOT.CN::2024,Observation
IND,NE.EXP.GNFS.ZS,2024,21.1618460520863,observation::IND::NE.EXP.GNFS.ZS::2024,Observation
IND,NE.EXP.GNFS.CN,2024,69978300152700.0,observation::IND::NE.EXP.GNFS.CN::2024,Observation
IND,NE.DAB.TOTL.KD,2024,3590091033847.46,observation::IND::NE.DAB.TOTL.KD::2024,Observation
IND,NE.CON.TOTL.ZS,2024,71.3724090544803,observation::IND::NE.CON.TOTL.ZS::2024,Observation
IND,NE.CON.TOTL.CN,2024,236015319795000.0,observation::IND::NE.CON.TOTL.CN::2024,Observation
IND,NE.CON.PRVT.PP.CD,2024,10201788773896.3,observation::IND::NE.CON.PRVT.PP.CD::2024,Observation
IND,NE.CON.PRVT.KD.ZG,2024,7.19511764979389,observation::IND::NE.CON.PRVT.KD.ZG::2024,Observation
IND,NE.CON.PRVT.CD,2024,2400031587720.89,observation::IND::NE.CON.PRVT.CD::2024,Observation
IND,NE.CON.GOVT.KN,2024,17077297002900.0,observation::IND::NE.CON.GOVT.KN::2024,Observation
IND,NE.CON.GOVT.CD,2024,390552191410.791,observation::IND::NE.CON.GOVT.CD::2024,Observation
IND,MS.MIL.XPND.CN,2024,7206582450000.0,observation::IND::MS.MIL.XPND.CN::2024,Observation
IND,MS.MIL.MPRT.KD,2024,1168000000.0,observation::IND::MS.MIL.MPRT.KD::2024,Observation
IND,IT.NET.BBND,2024,45711188.0,observation::IND::IT.NET.BBND::2024,Observation
IND,IT.CEL.SETS,2024,1151356612.0,observation::IND::IT.CEL.SETS::2024,Observation
IND,IQ.SPI.PIL2,2024,85.1333333333333,observation::IND::IQ.SPI.PIL2::2024,Observation
IND,NE.IMP.GNFS.CD,2024,918333719557.771,observation::IND::NE.IMP.GNFS.CD::2024,Observation
IND,NE.GDI.TOTL.KD,2024,1193869010307.81,observation::IND::NE.GDI.TOTL.KD::2024,Observation
IND,NE.GDI.STKB.CN,2024,4971811160800.0,observation::IND::NE.GDI.STKB.CN::2024,Observation
IND,NE.GDI.FTOT.KD.ZG,2024,7.06298735847362,observation::IND::NE.GDI.FTOT.KD.ZG::2024,Observation
IND,NE.EXP.GNFS.KD.ZG,2024,6.3417645193565,observation::IND::NE.EXP.GNFS.KD.ZG::2024,Observation
IND,NE.DAB.TOTL.ZS,2024,104.286546309393,observation::IND::NE.DAB.TOTL.ZS::2024,Observation
IND,NE.DAB.TOTL.CD,2024,4077490845103.95,observation::IND::NE.DAB.TOTL.CD::2024,Observation
IND,NE.CON.TOTL.KD.ZG,2024,6.48608634065357,observation::IND::NE.CON.TOTL.KD.ZG::2024,Observation
IND,NE.CON.PRVT.ZS,2024,61.3835848625873,observation::IND::NE.CON.PRVT.ZS::2024,Observation
IND,NE.CON.PRVT.PC.KD,2024,1423.66631566036,observation::IND::NE.CON.PRVT.PC.KD::2024,Observation
IND,NE.CON.PRVT.CN.AD,2024,202984130750700.0,observation::IND::NE.CON.PRVT.CN.AD::2024,Observation
IND,NE.CON.PCAP.PP.CD,2024,7031.17866219644,observation::IND::NE.CON.PCAP.PP.CD::2024,Observation
IND,NE.CON.GOVT.KD,2024,330703523448.094,observation::IND::NE.CON.GOVT.KD::2024,Observation
IND,MS.MIL.XPND.ZS,2024,7.63414899624775,observation::IND::MS.MIL.XPND.ZS::2024,Observation
IND,IT.NET.USER.ZS,2024,64.9434967,observation::IND::IT.NET.USER.ZS::2024,Observation
IND,IT.NET.SECR,2024,1759175.0,observation::IND::IT.NET.SECR::2024,Observation
IND,IT.MLT.MAIN,2024,39235898.0,observation::IND::IT.MLT.MAIN::2024,Observation
IND,IQ.SPI.PIL4,2024,74.1833333333333,observation::IND::IQ.SPI.PIL4::2024,Observation
IND,IQ.SPI.OVRL,2024,73.7183333333333,observation::IND::IQ.SPI.OVRL::2024,Observation
IND,NV.AGR.TOTL.CN,2024,53852908437900.0,observation::IND::NV.AGR.TOTL.CN::2024,Observation
IND,NE.RSB.GNFS.ZS,2024,-2.32560140279504,observation::IND::NE.RSB.GNFS.ZS::2024,Observation
IND,NE.IMP.GNFS.ZS,2024,23.4874474548813,observation::IND::NE.IMP.GNFS.ZS::2024,Observation
IND,NE.IMP.GNFS.CN,2024,77668632678500.0,observation::IND::NE.IMP.GNFS.CN::2024,Observation
IND,NE.GDI.TOTL.KD.ZG,2024,6.67280096426862,observation::IND::NE.GDI.TOTL.KD.ZG::2024,Observation
IND,NE.GDI.STKB.KN,2024,3192275014100.0,observation::IND::NE.GDI.STKB.KN::2024,Observation
IND,NE.GDI.FTOT.KN,2024,63330842248400.0,observation::IND::NE.GDI.FTOT.KN::2024,Observation
IND,NE.GDI.FTOT.CD,2024,1168910202640.22,observation::IND::NE.GDI.FTOT.CD::2024,Observation
IND,NE.EXP.GNFS.KN,2024,40680981779800.0,observation::IND::NE.EXP.GNFS.KN::2024,Observation
IND,NE.EXP.GNFS.CD,2024,827405227198.603,observation::IND::NE.EXP.GNFS.CD::2024,Observation
IND,NE.DAB.TOTL.CN,2024,344856267339100.0,observation::IND::NE.DAB.TOTL.CN::2024,Observation
IND,NE.CON.TOTL.KN,2024,123273082681300.0,observation::IND::NE.CON.TOTL.KN::2024,Observation
IND,NE.CON.TOTL.CD,2024,2790583779131.69,observation::IND::NE.CON.TOTL.CD::2024,Observation
IND,NE.CON.PRVT.PC.KD.ZG,2024,6.24456332803464,observation::IND::NE.CON.PRVT.PC.KD.ZG::2024,Observation
IND,NE.CON.PRVT.KD,2024,2065648411832.72,observation::IND::NE.CON.PRVT.KD::2024,Observation
IND,NE.CON.PCAP.PP.KD,2024,6191.77049302325,observation::IND::NE.CON.PCAP.PP.KD::2024,Observation
IND,NE.CON.GOVT.KD.ZG,2024,2.27915252844588,observation::IND::NE.CON.GOVT.KD.ZG::2024,Observation
IND,MS.MIL.XPRT.KD,2024,25000000.0,observation::IND::MS.MIL.XPRT.KD::2024,Observation
IND,MS.MIL.XPND.CD,2024,86125976248.5524,observation::IND::MS.MIL.XPND.CD::2024,Observation
IND,IT.NET.SECR.P6,2024,1212.44166069372,observation::IND::IT.NET.SECR.P6::2024,Observation
IND,IT.MLT.MAIN.P2,2024,2.70417879573832,observation::IND::IT.MLT.MAIN.P2::2024,Observation
IND,IQ.SPI.PIL5,2024,50.0,observation::IND::IQ.SPI.PIL5::2024,Observation
IND,IQ.SPI.PIL1,2024,80.0,observation::IND::IQ.SPI.PIL1::2024,Observation
IND,TX.VAL.TECH.MF.ZS,2024,18.5723946411049,observation::IND::TX.VAL.TECH.MF.ZS::2024,Observation
IND,TX.VAL.MRCH.CD.WT,2024,442762000000.0,observation::IND::TX.VAL.MRCH.CD.WT::2024,Observation
IND,TX.VAL.INSF.ZS.WT,2024,3.12508603395821,observation::IND::TX.VAL.INSF.ZS.WT::2024,Observation
IND,TX.VAL.AGRI.ZS.UN,2024,0.900284268232885,observation::IND::TX.VAL.AGRI.ZS.UN::2024,Observation
IND,TM.VAL.OTHR.ZS.WT,2024,60.646019185901,observation::IND::TM.VAL.OTHR.ZS.WT::2024,Observation
IND,TM.VAL.MANF.ZS.UN,2024,46.4544098481671,observation::IND::TM.VAL.MANF.ZS.UN::2024,Observation
IND,TM.VAL.FOOD.ZS.UN,2024,5.06115292488684,observation::IND::TM.VAL.FOOD.ZS.UN::2024,Observation
IND,SP.URB.GROW,2024,1.77423382325139,observation::IND::SP.URB.GROW::2024,Observation
IND,SP.POP.TOTL.FE.ZS,2024,48.4247730573765,observation::IND::SP.POP.TOTL.FE.ZS::2024,Observation
IND,SP.POP.DPND,2024,46.5639973059355,observation::IND::SP.POP.DPND::2024,Observation
IND,SP.POP.7579.MA.5Y,2024,1.04151937769015,observation::IND::SP.POP.7579.MA.5Y::2024,Observation
IND,SP.POP.65UP.TO.ZS,2024,7.14651714039908,observation::IND::SP.POP.65UP.TO.ZS::2024,Observation
IND,SP.POP.65UP.FE.ZS,2024,7.73837108280662,observation::IND::SP.POP.65UP.FE.ZS::2024,Observation
IND,SP.POP.6064.MA.5Y,2024,3.54383172344543,observation::IND::SP.POP.6064.MA.5Y::2024,Observation
IND,SP.POP.5054.MA.5Y,2024,5.10770311618214,observation::IND::SP.POP.5054.MA.5Y::2024,Observation
IND,SP.POP.4044.MA.5Y,2024,6.89837817946598,observation::IND::SP.POP.4044.MA.5Y::2024,Observation
IND,SP.POP.3034.MA.5Y,2024,8.26469461846743,observation::IND::SP.POP.3034.MA.5Y::2024,Observation
IND,SP.POP.2024.MA.5Y,2024,9.10772194761183,observation::IND::SP.POP.2024.MA.5Y::2024,Observation
IND,SP.POP.1564.MA.ZS,2024,68.5349507306017,observation::IND::SP.POP.1564.MA.ZS::2024,Observation
IND,SP.POP.1519.MA.5Y,2024,8.91734470582063,observation::IND::SP.POP.1519.MA.5Y::2024,Observation
IND,SP.POP.0509.MA.5Y,2024,8.28056843662065,observation::IND::SP.POP.0509.MA.5Y::2024,Observation
IND,SP.POP.0014.MA.ZS,2024,24.8742328896781,observation::IND::SP.POP.0014.MA.ZS::2024,Observation
IND,SP.POP.0004.MA.5Y,2024,7.8736689076019,observation::IND::SP.POP.0004.MA.5Y::2024,Observation
IND,SP.DYN.TO65.FE.ZS,2024,79.134621,observation::IND::SP.DYN.TO65.FE.ZS::2024,Observation
IND,SP.DYN.LE00.FE.IN,2024,73.856,observation::IND::SP.DYN.LE00.FE.IN::2024,Observation
IND,SP.DYN.AMRT.MA,2024,175.63,observation::IND::SP.DYN.AMRT.MA::2024,Observation
IND,SM.POP.TOTL.ZS,2024,0.3,observation::IND::SM.POP.TOTL.ZS::2024,Observation
IND,DT.NFL.PROP.CD,2024,98500000.0,observation::IND::DT.NFL.PROP.CD::2024,Observation
IND,DT.NFL.PCBK.CD,2024,8047027000.0,observation::IND::DT.NFL.PCBK.CD::2024,Observation
IND,DT.NFL.MOTH.CD,2024,423259806.1,observation::IND::DT.NFL.MOTH.CD::2024,Observation
IND,DT.NFL.BOND.CD,2024,16459730000.0,observation::IND::DT.NFL.BOND.CD::2024,Observation
IND,VC.BTL.DETH,2024,437.0,observation::IND::VC.BTL.DETH::2024,Observation
IND,TX.VAL.TECH.CD,2024,54140883629.0,observation::IND::TX.VAL.TECH.CD::2024,Observation
IND,TX.UVI.MRCH.XD.WD,2024,119.7,observation::IND::TX.UVI.MRCH.XD.WD::2024,Observation
IND,TM.VAL.TRVL.ZS.WT,2024,17.8949076051919,observation::IND::TM.VAL.TRVL.ZS.WT::2024,Observation
IND,TM.VAL.MRCH.CD.WT,2024,718261000000.0,observation::IND::TM.VAL.MRCH.CD.WT::2024,Observation
IND,TM.VAL.INSF.ZS.WT,2024,3.81973070728016,observation::IND::TM.VAL.INSF.ZS.WT::2024,Observation
IND,TM.VAL.AGRI.ZS.UN,2024,1.53605200655945,observation::IND::TM.VAL.AGRI.ZS.UN::2024,Observation
IND,SP.RUR.TOTL.ZS,2024,64.6211027631611,observation::IND::SP.RUR.TOTL.ZS::2024,Observation
IND,SP.POP.TOTL.FE.IN,2024,702612364.0,observation::IND::SP.POP.TOTL.FE.IN::2024,Observation
IND,SP.POP.GROW,2024,0.890706546985984,observation::IND::SP.POP.GROW::2024,Observation
IND,SP.POP.BRTH.MF,2024,1.071,observation::IND::SP.POP.BRTH.MF::2024,Observation
IND,SP.POP.7579.FE.5Y,2024,1.28331936100117,observation::IND::SP.POP.7579.FE.5Y::2024,Observation
IND,SP.POP.65UP.TO,2024,103691375.0,observation::IND::SP.POP.65UP.TO::2024,Observation
IND,SP.POP.65UP.FE.IN,2024,54370752.0,observation::IND::SP.POP.65UP.FE.IN::2024,Observation
IND,SP.POP.6064.FE.5Y,2024,3.76543651315535,observation::IND::SP.POP.6064.FE.5Y::2024,Observation
IND,SP.POP.5054.FE.5Y,2024,5.2510239486762,observation::IND::SP.POP.5054.FE.5Y::2024,Observation
IND,SP.POP.4044.FE.5Y,2024,6.8334289232633,observation::IND::SP.POP.4044.FE.5Y::2024,Observation
IND,SP.POP.3034.FE.5Y,2024,8.09559152591286,observation::IND::SP.POP.3034.FE.5Y::2024,Observation
IND,SP.POP.2024.FE.5Y,2024,8.80073845384252,observation::IND::SP.POP.2024.FE.5Y::2024,Observation
IND,SP.POP.1564.MA.IN,2024,512863092.0,observation::IND::SP.POP.1564.MA.IN::2024,Observation
IND,SP.POP.1519.FE.5Y,2024,8.63149534613086,observation::IND::SP.POP.1519.FE.5Y::2024,Observation
IND,SP.POP.0509.FE.5Y,2024,8.10060431842899,observation::IND::SP.POP.0509.FE.5Y::2024,Observation
IND,SP.POP.0014.MA.IN,2024,186139712.0,observation::IND::SP.POP.0014.MA.IN::2024,Observation
IND,SP.POP.0004.FE.5Y,2024,7.79058621860517,observation::IND::SP.POP.0004.FE.5Y::2024,Observation
IND,SP.DYN.TFRT.IN,2024,1.962,observation::IND::SP.DYN.TFRT.IN::2024,Observation
IND,SP.DYN.IMRT.MA.IN,2024,23.6,observation::IND::SP.DYN.IMRT.MA.IN::2024,Observation
IND,SP.DYN.AMRT.FE,2024,120.858,observation::IND::SP.DYN.AMRT.FE::2024,Observation
IND,SM.POP.TOTL,2024,4796255.0,observation::IND::SM.POP.TOTL::2024,Observation
IND,SM.POP.RHCR.EA,2024,236763.0,observation::IND::SM.POP.RHCR.EA::2024,Observation
IND,SM.POP.IDPC,2024,525000.0,observation::IND::SM.POP.IDPC::2024,Observation
IND,SL.UEM.TOTL.NE.ZS,2024,4.173,observation::IND::SL.UEM.TOTL.NE.ZS::2024,Observation
IND,DT.NFL.RDBN.CD,2024,1058781000.0,observation::IND::DT.NFL.RDBN.CD::2024,Observation
IND,DT.NFL.PNGC.CD,2024,34099054000.0,observation::IND::DT.NFL.PNGC.CD::2024,Observation
IND,DT.NFL.PBND.CD,2024,14258404000.0,observation::IND::DT.NFL.PBND.CD::2024,Observation
IND,DT.NFL.MLAT.CD,2024,2113810000.0,observation::IND::DT.NFL.MLAT.CD::2024,Observation
IND,DT.NFL.IMFC.CD,2024,0.0,observation::IND::DT.NFL.IMFC.CD::2024,Observation
IND,DT.NFL.BLAT.CD,2024,3446890807.0,observation::IND::DT.NFL.BLAT.CD::2024,Observation
IND,DT.DOD.MWBG.CD,2024,38739691000.0,observation::IND::DT.DOD.MWBG.CD::2024,Observation
IND,DT.DOD.DSTC.XP.ZS,2024,15.9831069638835,observation::IND::DT.DOD.DSTC.XP.ZS::2024,Observation
IND,DT.DOD.DPNG.CD,2024,316357573000.0,observation::IND::DT.DOD.DPNG.CD::2024,Observation
IND,DT.DOD.DECT.CD,2024,716456023890.4,observation::IND::DT.DOD.DECT.CD::2024,Observation
IND,TX.VAL.TRAN.ZS.WT,2024,8.91652539287969,observation::IND::TX.VAL.TRAN.ZS.WT::2024,Observation
IND,TX.VAL.OTHR.ZS.WT,2024,78.6025770397298,observation::IND::TX.VAL.OTHR.ZS.WT::2024,Observation
IND,TX.VAL.MANF.ZS.UN,2024,67.101487166827,observation::IND::TX.VAL.MANF.ZS.UN::2024,Observation
IND,TX.VAL.FOOD.ZS.UN,2024,11.128054885403,observation::IND::TX.VAL.FOOD.ZS.UN::2024,Observation
IND,TM.VAL.SERV.CD.WT,2024,195431510917.522,observation::IND::TM.VAL.SERV.CD.WT::2024,Observation
IND,TM.VAL.MMTL.ZS.UN,2024,6.86203357773476,observation::IND::TM.VAL.MMTL.ZS.UN::2024,Observation
IND,TM.VAL.FUEL.ZS.UN,2024,31.5419008927123,observation::IND::TM.VAL.FUEL.ZS.UN::2024,Observation
IND,SP.URB.TOTL,2024,513325082.0,observation::IND::SP.URB.TOTL::2024,Observation
IND,SP.RUR.TOTL,2024,937610709.0,observation::IND::SP.RUR.TOTL::2024,Observation
IND,SP.POP.TOTL.MA.IN,2024,748323427.0,observation::IND::SP.POP.TOTL.MA.IN::2024,Observation
IND,SP.POP.DPND.OL,2024,10.4742211819038,observation::IND::SP.POP.DPND.OL::2024,Observation
IND,SP.POP.80UP.FE.5Y,2024,1.26039491385893,observation::IND::SP.POP.80UP.FE.5Y::2024,Observation
IND,SP.POP.7074.FE.5Y,2024,2.17623561489163,observation::IND::SP.POP.7074.FE.5Y::2024,Observation
IND,SP.POP.65UP.MA.IN,2024,49320623.0,observation::IND::SP.POP.65UP.MA.IN::2024,Observation
IND,SP.POP.6569.FE.5Y,2024,3.0184211930549,observation::IND::SP.POP.6569.FE.5Y::2024,Observation
IND,SP.POP.5559.FE.5Y,2024,4.48730624672013,observation::IND::SP.POP.5559.FE.5Y::2024,Observation
IND,SP.POP.4549.FE.5Y,2024,5.97393543732174,observation::IND::SP.POP.4549.FE.5Y::2024,Observation
IND,SP.POP.3539.FE.5Y,2024,7.63802414385068,observation::IND::SP.POP.3539.FE.5Y::2024,Observation
IND,SP.POP.2529.FE.5Y,2024,8.42736201835469,observation::IND::SP.POP.2529.FE.5Y::2024,Observation
IND,SP.POP.1564.TO,2024,989967399.0,observation::IND::SP.POP.1564.TO::2024,Observation
IND,SP.POP.1564.FE.IN,2024,477104306.0,observation::IND::SP.POP.1564.FE.IN::2024,Observation
IND,SP.POP.1014.FE.5Y,2024,8.46609582293089,observation::IND::SP.POP.1014.FE.5Y::2024,Observation
IND,SP.POP.0014.TO,2024,357277018.0,observation::IND::SP.POP.0014.TO::2024,Observation
IND,SP.POP.0014.FE.IN,2024,171137305.0,observation::IND::SP.POP.0014.FE.IN::2024,Observation
IND,SP.DYN.TO65.MA.ZS,2024,72.341832,observation::IND::SP.DYN.TO65.MA.ZS::2024,Observation
IND,SP.DYN.LE00.IN,2024,72.235,observation::IND::SP.DYN.LE00.IN::2024,Observation
IND,SP.DYN.IMRT.FE.IN,2024,23.0,observation::IND::SP.DYN.IMRT.FE.IN::2024,Observation
IND,SP.DYN.CBRT.IN,2024,15.981,observation::IND::SP.DYN.CBRT.IN::2024,Observation
IND,DT.NFL.PRVT.CD,2024,22403932000.0,observation::IND::DT.NFL.PRVT.CD::2024,Observation
IND,DT.NFL.PCBO.CD,2024,42244581000.0,observation::IND::DT.NFL.PCBO.CD::2024,Observation
IND,DT.NFL.NIFC.CD,2024,1598199971.25,observation::IND::DT.NFL.NIFC.CD::2024,Observation
IND,DT.NFL.MIBR.CD,2024,1880308000.0,observation::IND::DT.NFL.MIBR.CD::2024,Observation
IND,TX.VAL.TRVL.ZS.WT,2024,9.35581153343226,observation::IND::TX.VAL.TRVL.ZS.WT::2024,Observation
IND,TX.VAL.SERV.CD.WT,2024,374278618003.409,observation::IND::TX.VAL.SERV.CD.WT::2024,Observation
IND,TX.VAL.MMTL.ZS.UN,2024,3.68720358535662,observation::IND::TX.VAL.MMTL.ZS.UN::2024,Observation
IND,TX.VAL.FUEL.ZS.UN,2024,17.094437885147,observation::IND::TX.VAL.FUEL.ZS.UN::2024,Observation
IND,TM.VAL.TRAN.ZS.WT,2024,17.6393425016269,observation::IND::TM.VAL.TRAN.ZS.WT::2024,Observation
IND,TM.UVI.MRCH.XD.WD,2024,131.1,observation::IND::TM.UVI.MRCH.XD.WD::2024,Observation
IND,TG.VAL.TOTL.GD.ZS,2024,29.694506610887,observation::IND::TG.VAL.TOTL.GD.ZS::2024,Observation
IND,SP.URB.TOTL.IN.ZS,2024,35.3788972368389,observation::IND::SP.URB.TOTL.IN.ZS::2024,Observation
IND,SP.RUR.TOTL.ZG,2024,0.410277685448571,observation::IND::SP.RUR.TOTL.ZG::2024,Observation
IND,SP.POP.TOTL.MA.ZS,2024,51.5752269426235,observation::IND::SP.POP.TOTL.MA.ZS::2024,Observation
IND,SP.POP.TOTL,2024,1450935791.0,observation::IND::SP.POP.TOTL::2024,Observation
IND,SP.POP.DPND.YG,2024,36.0897761240317,observation::IND::SP.POP.DPND.YG::2024,Observation
IND,SP.POP.80UP.MA.5Y,2024,0.89390325875766,observation::IND::SP.POP.80UP.MA.5Y::2024,Observation
IND,SP.POP.7074.MA.5Y,2024,1.90081433866429,observation::IND::SP.POP.7074.MA.5Y::2024,Observation
IND,SP.POP.65UP.MA.ZS,2024,6.59081637972026,observation::IND::SP.POP.65UP.MA.ZS::2024,Observation
IND,SP.POP.6569.MA.5Y,2024,2.75457940460816,observation::IND::SP.POP.6569.MA.5Y::2024,Observation
IND,SP.POP.5559.MA.5Y,2024,4.29461772015324,observation::IND::SP.POP.5559.MA.5Y::2024,Observation
IND,SP.POP.4549.MA.5Y,2024,5.93207547677109,observation::IND::SP.POP.4549.MA.5Y::2024,Observation
IND,SP.POP.3539.MA.5Y,2024,7.74797405881562,observation::IND::SP.POP.3539.MA.5Y::2024,Observation
IND,SP.POP.2529.MA.5Y,2024,8.7206091838683,observation::IND::SP.POP.2529.MA.5Y::2024,Observation
IND,SP.POP.1564.TO.ZS,2024,68.2295801537644,observation::IND::SP.POP.1564.TO.ZS::2024,Observation
IND,SP.POP.1564.FE.ZS,2024,67.9043425572283,observation::IND::SP.POP.1564.FE.ZS::2024,Observation
IND,SP.POP.1014.MA.5Y,2024,8.71999554545551,observation::IND::SP.POP.1014.MA.5Y::2024,Observation
IND,SP.POP.0014.TO.ZS,2024,24.6239027058366,observation::IND::SP.POP.0014.TO.ZS::2024,Observation
IND,SP.POP.0014.FE.ZS,2024,24.357286359965,observation::IND::SP.POP.0014.FE.ZS::2024,Observation
IND,SP.DYN.LE00.MA.IN,2024,70.729,observation::IND::SP.DYN.LE00.MA.IN::2024,Observation
IND,SP.DYN.IMRT.IN,2024,23.3,observation::IND::SP.DYN.IMRT.IN::2024,Observation
IND,SP.DYN.CDRT.IN,2024,6.587,observation::IND::SP.DYN.CDRT.IN::2024,Observation
IND,SP.ADO.TFRT,2024,13.036,observation::IND::SP.ADO.TFRT::2024,Observation
IND,SM.POP.FDIP,2024,775006.0,observation::IND::SM.POP.FDIP::2024,Observation
IND,DT.NFL.PNGB.CD,2024,2201326000.0,observation::IND::DT.NFL.PNGB.CD::2024,Observation
IND,DT.NFL.OFFT.CD,2024,5560700613.1,observation::IND::DT.NFL.OFFT.CD::2024,Observation
IND,DT.NFL.MIDA.CD,2024,-2062694000.0,observation::IND::DT.NFL.MIDA.CD::2024,Observation
IND,DT.NFL.DPNG.CD,2024,36300380000.0,observation::IND::DT.NFL.DPNG.CD::2024,Observation
IND,GF.XPD.BUDG.ZS,2024,98.6735,observation::IND::GF.XPD.BUDG.ZS::2024,Observation
IND,FX.OWN.TOTL.SO.ZS,2024,93.1356957731427,observation::IND::FX.OWN.TOTL.SO.ZS::2024,Observation
IND,FX.OWN.TOTL.FE.ZS,2024,89.2482328079147,observation::IND::FX.OWN.TOTL.FE.ZS::2024,Observation
IND,FP.WPI.TOTL,2024,189.366800146249,observation::IND::FP.WPI.TOTL::2024,Observation
IND,FM.AST.PRVT.GD.ZS,2024,40.021522481888,observation::IND::FM.AST.PRVT.GD.ZS::2024,Observation
IND,FX.OWN.TOTL.PL.ZS,2024,87.0775161460382,observation::IND::FX.OWN.TOTL.PL.ZS::2024,Observation
IND,FX.OWN.TOTL.60.ZS,2024,90.8311710525466,observation::IND::FX.OWN.TOTL.60.ZS::2024,Observation
IND,FP.CPI.TOTL.ZG,2024,4.95303550973656,observation::IND::FP.CPI.TOTL.ZG::2024,Observation
IND,FM.AST.NFRG.CN,2024,57956411271525.2,observation::IND::FM.AST.NFRG.CN::2024,Observation
IND,FX.OWN.TOTL.YG.ZS,2024,83.3298881784499,observation::IND::FX.OWN.TOTL.YG.ZS::2024,Observation
IND,FX.OWN.TOTL.MA.ZS,2024,88.8052472379392,observation::IND::FX.OWN.TOTL.MA.ZS::2024,Observation
IND,FS.AST.PRVT.GD.ZS,2024,40.021522481888,observation::IND::FS.AST.PRVT.GD.ZS::2024,Observation
IND,FX.OWN.TOTL.ZS,2024,89.0248224502547,observation::IND::FX.OWN.TOTL.ZS::2024,Observation
IND,FX.OWN.TOTL.OL.ZS,2024,91.1674455308,observation::IND::FX.OWN.TOTL.OL.ZS::2024,Observation
IND,FX.OWN.TOTL.40.ZS,2024,86.3166812876253,observation::IND::FX.OWN.TOTL.40.ZS::2024,Observation
IND,FS.AST.CGOV.GD.ZS,2024,18.5793352587451,observation::IND::FS.AST.CGOV.GD.ZS::2024,Observation
IND,FI.RES.TOTL.CD,2024,643042560625.541,observation::IND::FI.RES.TOTL.CD::2024,Observation
IND,EN.URB.MCTY.TL.ZS,2024,16.7111340490738,observation::IND::EN.URB.MCTY.TL.ZS::2024,Observation
IND,EN.GHG.N2O.ZG.AR5,2024,122.563277649159,observation::IND::EN.GHG.N2O.ZG.AR5::2024,Observation
IND,EN.GHG.N2O.MT.CE.AR5,2024,283.4991,observation::IND::EN.GHG.N2O.MT.CE.AR5::2024,Observation
IND,EN.GHG.N2O.BU.MT.CE.AR5,2024,8.2803,observation::IND::EN.GHG.N2O.BU.MT.CE.AR5::2024,Observation
IND,EN.GHG.CO2.PI.MT.CE.AR5,2024,1506.8264,observation::IND::EN.GHG.CO2.PI.MT.CE.AR5::2024,Observation
IND,EN.GHG.CO2.IP.MT.CE.AR5,2024,258.478,observation::IND::EN.GHG.CO2.IP.MT.CE.AR5::2024,Observation
IND,EN.GHG.CO2.AG.MT.CE.AR5,2024,32.7915,observation::IND::EN.GHG.CO2.AG.MT.CE.AR5::2024,Observation
IND,EN.GHG.CH4.PI.MT.CE.AR5,2024,1.0061,observation::IND::EN.GHG.CH4.PI.MT.CE.AR5::2024,Observation
IND,EN.GHG.CH4.FE.MT.CE.AR5,2024,108.1151,observation::IND::EN.GHG.CH4.FE.MT.CE.AR5::2024,Observation
IND,EN.GHG.ALL.MT.CE.AR5,2024,4371.1693,observation::IND::EN.GHG.ALL.MT.CE.AR5::2024,Observation
IND,DT.TDS.DPPG.XP.ZS,2024,3.06763820159513,observation::IND::DT.TDS.DPPG.XP.ZS::2024,Observation
IND,DT.TDS.DIMF.CD,2024,845515398.3,observation::IND::DT.TDS.DIMF.CD::2024,Observation
IND,FI.RES.XGLD.CD,2024,569544279505.316,observation::IND::FI.RES.XGLD.CD::2024,Observation
IND,FD.RES.LIQU.AS.ZS,2024,5.33568496694097,observation::IND::FD.RES.LIQU.AS.ZS::2024,Observation
IND,ER.PTD.TOTL.ZS,2024,4.5,observation::IND::ER.PTD.TOTL.ZS::2024,Observation
IND,EN.URB.MCTY,2024,242467825.0,observation::IND::EN.URB.MCTY::2024,Observation
IND,EN.GHG.N2O.WA.MT.CE.AR5,2024,18.9349,observation::IND::EN.GHG.N2O.WA.MT.CE.AR5::2024,Observation
IND,EN.GHG.N2O.IP.MT.CE.AR5,2024,17.6349,observation::IND::EN.GHG.N2O.IP.MT.CE.AR5::2024,Observation
IND,EN.GHG.N2O.AG.MT.CE.AR5,2024,200.3701,observation::IND::EN.GHG.N2O.AG.MT.CE.AR5::2024,Observation
IND,EN.GHG.CO2.TR.MT.CE.AR5,2024,344.3479,observation::IND::EN.GHG.CO2.TR.MT.CE.AR5::2024,Observation
IND,EN.GHG.CO2.PC.CE.AR5,2024,2.17365173535787,observation::IND::EN.GHG.CO2.PC.CE.AR5::2024,Observation
IND,EN.GHG.CO2.IC.MT.CE.AR5,2024,689.1521,observation::IND::EN.GHG.CO2.IC.MT.CE.AR5::2024,Observation
IND,EN.GHG.CH4.ZG.AR5,2024,39.6118725530578,observation::IND::EN.GHG.CH4.ZG.AR5::2024,Observation
IND,EN.GHG.CH4.MT.CE.AR5,2024,861.6116,observation::IND::EN.GHG.CH4.MT.CE.AR5::2024,Observation
IND,EN.GHG.CH4.BU.MT.CE.AR5,2024,37.7438,observation::IND::EN.GHG.CH4.BU.MT.CE.AR5::2024,Observation
IND,DT.TDS.DPPG.GN.ZS,2024,0.69517120542094,observation::IND::DT.TDS.DPPG.GN.ZS::2024,Observation
IND,DT.TDS.DECT.GN.ZS,2024,2.37761229014269,observation::IND::DT.TDS.DECT.GN.ZS::2024,Observation
IND,FI.RES.TOTL.DT.ZS,2024,89.7532492132288,observation::IND::FI.RES.TOTL.DT.ZS::2024,Observation
IND,ER.LND.PTLD.ZS,2024,7.7,observation::IND::ER.LND.PTLD.ZS::2024,Observation
IND,EN.URB.LCTY,2024,33807403.0,observation::IND::EN.URB.LCTY::2024,Observation
IND,EN.GHG.TOT.ZG.AR5,2024,222.916625728049,observation::IND::EN.GHG.TOT.ZG.AR5::2024,Observation
IND,EN.GHG.N2O.PI.MT.CE.AR5,2024,24.7988,observation::IND::EN.GHG.N2O.PI.MT.CE.AR5::2024,Observation
IND,EN.GHG.N2O.FE.MT.CE.AR5,2024,0.1621,observation::IND::EN.GHG.N2O.FE.MT.CE.AR5::2024,Observation
IND,EN.GHG.CO2.ZG.AR5,2024,425.042085552203,observation::IND::EN.GHG.CO2.ZG.AR5::2024,Observation
IND,EN.GHG.CO2.RT.GDP.KD,2024,0.906840669388088,observation::IND::EN.GHG.CO2.RT.GDP.KD::2024,Observation
IND,EN.GHG.CO2.BU.MT.CE.AR5,2024,210.2358,observation::IND::EN.GHG.CO2.BU.MT.CE.AR5::2024,Observation
IND,EN.GHG.CH4.TR.MT.CE.AR5,2024,2.4049,observation::IND::EN.GHG.CH4.TR.MT.CE.AR5::2024,Observation
IND,EN.GHG.CH4.IC.MT.CE.AR5,2024,4.3877,observation::IND::EN.GHG.CH4.IC.MT.CE.AR5::2024,Observation
IND,EN.GHG.ALL.PC.CE.AR5,2024,3.0126552305856,observation::IND::EN.GHG.ALL.PC.CE.AR5::2024,Observation
IND,DT.TDS.MLAT.CD,2024,10463470742.2,observation::IND::DT.TDS.MLAT.CD::2024,Observation
IND,DT.TDS.DECT.CD,2024,91617460130.9,observation::IND::DT.TDS.DECT.CD::2024,Observation
IND,FP.CPI.TOTL,2024,227.603278134168,observation::IND::FP.CPI.TOTL::2024,Observation
IND,FM.AST.DOMS.CN,2024,275434730061478.0,observation::IND::FM.AST.DOMS.CN::2024,Observation
IND,FI.RES.TOTL.MO,2024,7.52136088188697,observation::IND::FI.RES.TOTL.MO::2024,Observation
IND,FD.AST.PRVT.GD.ZS,2024,40.021522481888,observation::IND::FD.AST.PRVT.GD.ZS::2024,Observation
IND,ER.MRN.PTMR.ZS,2024,0.3,observation::IND::ER.MRN.PTMR.ZS::2024,Observation
IND,EN.URB.LCTY.UR.ZS,2024,6.58596359022254,observation::IND::EN.URB.LCTY.UR.ZS::2024,Observation
IND,EN.GHG.N2O.TR.MT.CE.AR5,2024,7.4811,observation::IND::EN.GHG.N2O.TR.MT.CE.AR5::2024,Observation
IND,EN.GHG.N2O.IC.MT.CE.AR5,2024,5.8369,observation::IND::EN.GHG.N2O.IC.MT.CE.AR5::2024,Observation
IND,EN.GHG.FGAS.IP.MT.CE.AR5,2024,72.2295,observation::IND::EN.GHG.FGAS.IP.MT.CE.AR5::2024,Observation
IND,EN.GHG.CO2.RT.GDP.PP.KD,2024,0.221393591396552,observation::IND::EN.GHG.CO2.RT.GDP.PP.KD::2024,Observation
IND,EN.GHG.CO2.MT.CE.AR5,2024,3153.8291,observation::IND::EN.GHG.CO2.MT.CE.AR5::2024,Observation
IND,EN.GHG.CO2.FE.MT.CE.AR5,2024,111.9974,observation::IND::EN.GHG.CO2.FE.MT.CE.AR5::2024,Observation
IND,EN.GHG.CH4.WA.MT.CE.AR5,2024,135.228,observation::IND::EN.GHG.CH4.WA.MT.CE.AR5::2024,Observation
IND,EN.GHG.CH4.IP.MT.CE.AR5,2024,0.4561,observation::IND::EN.GHG.CH4.IP.MT.CE.AR5::2024,Observation
IND,EN.GHG.CH4.AG.MT.CE.AR5,2024,572.2699,observation::IND::EN.GHG.CH4.AG.MT.CE.AR5::2024,Observation
IND,DT.TDS.MLAT.PG.ZS,2024,39.0613076898781,observation::IND::DT.TDS.MLAT.PG.ZS::2024,Observation
IND,DT.TDS.DPPG.CD,2024,26787302732.6,observation::IND::DT.TDS.DPPG.CD::2024,Observation
IND,DT.TDS.DECT.EX.ZS,2024,10.493447761841,observation::IND::DT.TDS.DECT.EX.ZS::2024,Observation
IND,SM.POP.NETM,2025,-495753.0,observation::IND::SM.POP.NETM::2025,Observation
IND,SL.UEM.TOTL.ZS,2025,4.219,observation::IND::SL.UEM.TOTL.ZS::2025,Observation
IND,SL.UEM.TOTL.FE.ZS,2025,4.141,observation::IND::SL.UEM.TOTL.FE.ZS::2025,Observation
IND,SL.TLF.TOTL.FE.ZS,2025,28.3115461442145,observation::IND::SL.TLF.TOTL.FE.ZS::2025,Observation
IND,SL.TLF.ACTI.1524.ZS,2025,31.204,observation::IND::SL.TLF.ACTI.1524.ZS::2025,Observation
IND,SL.TLF.ACTI.1524.FE.ZS,2025,15.858,observation::IND::SL.TLF.ACTI.1524.FE.ZS::2025,Observation
IND,SL.EMP.WORK.MA.ZS,2025,26.6560649875315,observation::IND::SL.EMP.WORK.MA.ZS::2025,Observation
IND,SL.EMP.VULN.FE.ZS,2025,78.2408543688412,observation::IND::SL.EMP.VULN.FE.ZS::2025,Observation
IND,SL.EMP.SELF.ZS,2025,74.903099358,observation::IND::SL.EMP.SELF.ZS::2025,Observation
IND,SL.EMP.MPYR.MA.ZS,2025,4.39193189591059,observation::IND::SL.EMP.MPYR.MA.ZS::2025,Observation
IND,SL.EMP.1524.SP.MA.ZS,2025,38.129,observation::IND::SL.EMP.1524.SP.MA.ZS::2025,Observation
IND,SL.AGR.EMPL.ZS,2025,41.6251280877573,observation::IND::SL.AGR.EMPL.ZS::2025,Observation
IND,SL.UEM.NEET.MA.ME.ZS,2025,10.424,observation::IND::SL.UEM.NEET.MA.ME.ZS::2025,Observation
IND,SL.UEM.1524.ZS,2025,16.022,observation::IND::SL.UEM.1524.ZS::2025,Observation
IND,SL.UEM.1524.FE.ZS,2025,17.528,observation::IND::SL.UEM.1524.FE.ZS::2025,Observation
IND,SL.TLF.CACT.MA.ZS,2025,77.623,observation::IND::SL.TLF.CACT.MA.ZS::2025,Observation
IND,SL.TLF.CACT.FE.ZS,2025,32.425,observation::IND::SL.TLF.CACT.FE.ZS::2025,Observation
IND,SL.TLF.ACTI.ZS,2025,59.11,observation::IND::SL.TLF.ACTI.ZS::2025,Observation
IND,SL.SRV.EMPL.ZS,2025,32.5575625031109,observation::IND::SL.SRV.EMPL.ZS::2025,Observation
IND,SL.IND.EMPL.ZS,2025,25.8173073806381,observation::IND::SL.IND.EMPL.ZS::2025,Observation
IND,SL.FAM.WORK.ZS,2025,15.6752710843624,observation::IND::SL.FAM.WORK.ZS::2025,Observation
IND,SL.EMP.WORK.FE.ZS,2025,21.1533775561659,observation::IND::SL.EMP.WORK.FE.ZS::2025,Observation
IND,SL.EMP.TOTL.SP.ZS,2025,53.31,observation::IND::SL.EMP.TOTL.SP.ZS::2025,Observation
IND,SL.EMP.TOTL.SP.FE.ZS,2025,31.083,observation::IND::SL.EMP.TOTL.SP.FE.ZS::2025,Observation
IND,SL.EMP.SELF.MA.ZS,2025,73.3439312384593,observation::IND::SL.EMP.SELF.MA.ZS::2025,Observation
IND,SL.EMP.MPYR.FE.ZS,2025,0.605768074992855,observation::IND::SL.EMP.MPYR.FE.ZS::2025,Observation
IND,SL.AGR.EMPL.MA.ZS,2025,34.4273256258209,observation::IND::SL.AGR.EMPL.MA.ZS::2025,Observation
IND,CM.MKT.LCAP.CD,2025,10559581760000.0,observation::IND::CM.MKT.LCAP.CD::2025,Observation
IND,SL.UEM.NEET.ME.ZS,2025,24.299,observation::IND::SL.UEM.NEET.ME.ZS::2025,Observation
IND,SL.UEM.NEET.FE.ME.ZS,2025,39.573,observation::IND::SL.UEM.NEET.FE.ME.ZS::2025,Observation
IND,SL.UEM.1524.MA.ZS,2025,15.541,observation::IND::SL.UEM.1524.MA.ZS::2025,Observation
IND,SL.TLF.TOTL.IN,2025,617625336.0,observation::IND::SL.TLF.TOTL.IN::2025,Observation
IND,SL.TLF.CACT.ZS,2025,55.658,observation::IND::SL.TLF.CACT.ZS::2025,Observation
IND,SL.TLF.CACT.FM.ZS,2025,41.7724128157891,observation::IND::SL.TLF.CACT.FM.ZS::2025,Observation
IND,SL.TLF.ACTI.FE.ZS,2025,34.875,observation::IND::SL.TLF.ACTI.FE.ZS::2025,Observation
IND,SL.SRV.EMPL.FE.ZS,2025,24.0327182741918,observation::IND::SL.SRV.EMPL.FE.ZS::2025,Observation
IND,SL.IND.EMPL.FE.ZS,2025,16.1370944456203,observation::IND::SL.IND.EMPL.FE.ZS::2025,Observation
IND,SL.FAM.WORK.FE.ZS,2025,31.6455517527915,observation::IND::SL.FAM.WORK.FE.ZS::2025,Observation
IND,SL.EMP.WORK.ZS,2025,25.0968991206297,observation::IND::SL.EMP.WORK.ZS::2025,Observation
IND,SL.EMP.VULN.MA.ZS,2025,68.9520045318113,observation::IND::SL.EMP.VULN.MA.ZS::2025,Observation
IND,SL.EMP.TOTL.SP.MA.ZS,2025,74.325,observation::IND::SL.EMP.TOTL.SP.MA.ZS::2025,Observation
IND,SL.EMP.MPYR.ZS,2025,3.31913685181399,observation::IND::SL.EMP.MPYR.ZS::2025,Observation
IND,SL.UEM.TOTL.MA.ZS,2025,4.249,observation::IND::SL.UEM.TOTL.MA.ZS::2025,Observation
IND,SL.TLF.ACTI.MA.ZS,2025,81.652,observation::IND::SL.TLF.ACTI.MA.ZS::2025,Observation
IND,SL.TLF.ACTI.1524.MA.ZS,2025,45.145,observation::IND::SL.TLF.ACTI.1524.MA.ZS::2025,Observation
IND,SL.SRV.EMPL.MA.ZS,2025,35.9280617451093,observation::IND::SL.SRV.EMPL.MA.ZS::2025,Observation
IND,SL.IND.EMPL.MA.ZS,2025,29.6446126290698,observation::IND::SL.IND.EMPL.MA.ZS::2025,Observation
IND,SL.FAM.WORK.MA.ZS,2025,9.3610430581915,observation::IND::SL.FAM.WORK.MA.ZS::2025,Observation
IND,SL.EMP.VULN.ZS,2025,71.583962506186,observation::IND::SL.EMP.VULN.ZS::2025,Observation
IND,SL.EMP.SELF.FE.ZS,2025,78.8466218472451,observation::IND::SL.EMP.SELF.FE.ZS::2025,Observation
IND,SL.EMP.1524.SP.ZS,2025,26.204,observation::IND::SL.EMP.1524.SP.ZS::2025,Observation
IND,SL.EMP.1524.SP.FE.ZS,2025,13.079,observation::IND::SL.EMP.1524.SP.FE.ZS::2025,Observation
IND,SL.AGR.EMPL.FE.ZS,2025,59.8301878767769,observation::IND::SL.AGR.EMPL.FE.ZS::2025,Observation
IND,SE.TER.ENRR.FE,2025,35.7317719937145,observation::IND::SE.TER.ENRR.FE::2025,Observation
IND,SE.SEC.UNER.LO.MA.ZS,2025,14.985242818613,observation::IND::SE.SEC.UNER.LO.MA.ZS::2025,Observation
IND,SE.SEC.TCHR,2025,7313857.0,observation::IND::SE.SEC.TCHR::2025,Observation
IND,SE.TER.ENRR,2025,34.4465039692543,observation::IND::SE.TER.ENRR::2025,Observation
IND,SE.SEC.UNER.LO.FE.ZS,2025,12.9312527207277,observation::IND::SE.SEC.UNER.LO.FE.ZS::2025,Observation
IND,SE.SEC.TCAQ.ZS,2025,92.1641344642095,observation::IND::SE.SEC.TCAQ.ZS::2025,Observation
IND,SG.GEN.PARL.ZS,2025,13.7867647058824,observation::IND::SG.GEN.PARL.ZS::2025,Observation
IND,SE.TER.ENRR.MA,2025,33.2708567182883,observation::IND::SE.TER.ENRR.MA::2025,Observation
IND,CM.MKT.LDOM.NO,2025,8510.0,observation::IND::CM.MKT.LDOM.NO::2025,Observation
IND,SE.SEC.TCHR.FE.ZS,2025,49.3242758232763,observation::IND::SE.SEC.TCHR.FE.ZS::2025,Observation
IND,SE.SEC.TCAQ.UP.ZS,2025,92.6622714572681,observation::IND::SE.SEC.TCAQ.UP.ZS::2025,Observation
IND,SE.SEC.TCAQ.LO.ZS,2025,91.6658507434929,observation::IND::SE.SEC.TCAQ.LO.ZS::2025,Observation
IND,CM.MKT.TRAD.CD,2025,2874364660000.0,observation::IND::CM.MKT.TRAD.CD::2025,Observation
IND,SE.SEC.TCAQ.UP.FE.ZS,2025,93.4538716141299,observation::IND::SE.SEC.TCAQ.UP.FE.ZS::2025,Observation
IND,SE.SEC.TCAQ.LO.FE.ZS,2025,91.3254306958385,observation::IND::SE.SEC.TCAQ.LO.FE.ZS::2025,Observation
IND,SE.SEC.ENRL,2025,133156037.630773,observation::IND::SE.SEC.ENRL::2025,Observation
IND,SE.SEC.CMPT.LO.MA.ZS,2025,86.9256563923696,observation::IND::SE.SEC.CMPT.LO.MA.ZS::2025,Observation
IND,SE.PRM.UNER,2025,134967.051573232,observation::IND::SE.PRM.UNER::2025,Observation
IND,SE.PRM.TCHR.FE.ZS,2025,58.5982555539994,observation::IND::SE.PRM.TCHR.FE.ZS::2025,Observation
IND,SE.PRM.TCAQ.FE.ZS,2025,90.3388389025156,observation::IND::SE.PRM.TCAQ.FE.ZS::2025,Observation
IND,SE.PRM.ENRR.FE,2025,110.613114969319,observation::IND::SE.PRM.ENRR.FE::2025,Observation
IND,SE.PRM.ENRL,2025,126117112.465694,observation::IND::SE.PRM.ENRL::2025,Observation
IND,SE.PRM.AGES,2025,6.0,observation::IND::SE.PRM.AGES::2025,Observation
IND,SE.PRE.DURS,2025,3.0,observation::IND::SE.PRE.DURS::2025,Observation
IND,SE.SEC.TCAQ.MA.ZS,2025,92.0052072793989,observation::IND::SE.SEC.TCAQ.MA.ZS::2025,Observation
IND,SE.SEC.TCAQ.FE.ZS,2025,92.3274161352979,observation::IND::SE.SEC.TCAQ.FE.ZS::2025,Observation
IND,SE.SEC.ENRR.MA,2025,78.2940869632034,observation::IND::SE.SEC.ENRR.MA::2025,Observation
IND,SE.SEC.DURS,2025,7.0,observation::IND::SE.SEC.DURS::2025,Observation
IND,SE.SEC.CMPT.LO.FE.ZS,2025,89.1495140872864,observation::IND::SE.SEC.CMPT.LO.FE.ZS::2025,Observation
IND,SE.PRM.TCHR,2025,5190989.0,observation::IND::SE.PRM.TCHR::2025,Observation
IND,SE.PRM.ENRR,2025,111.033783181676,observation::IND::SE.PRM.ENRR::2025,Observation
IND,SE.PRM.DURS,2025,5.0,observation::IND::SE.PRM.DURS::2025,Observation
IND,SE.PRM.CMPT.ZS,2025,90.2563989745259,observation::IND::SE.PRM.CMPT.ZS::2025,Observation
IND,SE.PRE.TCAQ.ZS,2025,91.0663416420118,observation::IND::SE.PRE.TCAQ.ZS::2025,Observation
IND,SE.SEC.UNER.LO.ZS,2025,14.0038563368516,observation::IND::SE.SEC.UNER.LO.ZS::2025,Observation
IND,SE.SEC.TCHR.FE,2025,3607507.0,observation::IND::SE.SEC.TCHR.FE::2025,Observation
IND,SE.SEC.TCAQ.UP.MA.ZS,2025,91.9760963170607,observation::IND::SE.SEC.TCAQ.UP.MA.ZS::2025,Observation
IND,SE.SEC.TCAQ.LO.MA.ZS,2025,92.0378512712674,observation::IND::SE.SEC.TCAQ.LO.MA.ZS::2025,Observation
IND,SE.SEC.ENRR,2025,79.594985086469,observation::IND::SE.SEC.ENRR::2025,Observation
IND,SE.SEC.CMPT.LO.ZS,2025,87.9890735130602,observation::IND::SE.SEC.CMPT.LO.ZS::2025,Observation
IND,SE.PRM.UNER.ZS,2025,0.118825289035449,observation::IND::SE.PRM.UNER.ZS::2025,Observation
IND,SE.PRM.TCAQ.MA.ZS,2025,92.8858716894042,observation::IND::SE.PRM.TCAQ.MA.ZS::2025,Observation
IND,SE.PRM.ENRR.MA,2025,111.4224278264,observation::IND::SE.PRM.ENRR.MA::2025,Observation
IND,SE.PRM.CMPT.FE.ZS,2025,90.992252409282,observation::IND::SE.PRM.CMPT.FE.ZS::2025,Observation
IND,SE.PRE.TCAQ.FE.ZS,2025,93.1391041945258,observation::IND::SE.PRE.TCAQ.FE.ZS::2025,Observation
IND,SE.SEC.ENRR.FE,2025,81.0166742736519,observation::IND::SE.SEC.ENRR.FE::2025,Observation
IND,SE.SEC.AGES,2025,11.0,observation::IND::SE.SEC.AGES::2025,Observation
IND,SE.PRM.TCAQ.ZS,2025,91.3933549078991,observation::IND::SE.PRM.TCAQ.ZS::2025,Observation
IND,SE.PRM.CMPT.MA.ZS,2025,89.5827762748654,observation::IND::SE.PRM.CMPT.MA.ZS::2025,Observation
IND,SE.PRE.TCAQ.MA.ZS,2025,59.6608424844942,observation::IND::SE.PRE.TCAQ.MA.ZS::2025,Observation
IND,SE.ENR.TERT.FM.ZS,2025,1.06887190693647,observation::IND::SE.ENR.TERT.FM.ZS::2025,Observation
IND,SE.COM.DURS,2025,8.0,observation::IND::SE.COM.DURS::2025,Observation
IND,PA.NUS.PRVT.PP,2025,19.8004481525548,observation::IND::PA.NUS.PRVT.PP::2025,Observation
IND,IT.NET.USER.MA.ZS,2025,76.7,observation::IND::IT.NET.USER.MA.ZS::2025,Observation
IND,IT.NET.USER.FE.ZS,2025,63.1,observation::IND::IT.NET.USER.FE.ZS::2025,Observation
IND,IT.NET.USER.ZS,2025,70.0,observation::IND::IT.NET.USER.ZS::2025,Observation
IND,HD_HCIP_OVRL_TO,2025,158.761159883466,observation::IND::HD_HCIP_OVRL_TO::2025,Observation
IND,HD_HCIP_OTJL_MA,2025,44.3247991507669,observation::IND::HD_HCIP_OTJL_MA::2025,Observation
IND,HD_HCIP_HLTH_FE,2025,39.9975946855545,observation::IND::HD_HCIP_HLTH_FE::2025,Observation
IND,HD_HCIP_OVRL_MA,2025,181.32104003097,observation::IND::HD_HCIP_OVRL_MA::2025,Observation
IND,HD_HCIP_OTJL_FE,2025,0.883125415249764,observation::IND::HD_HCIP_OTJL_FE::2025,Observation
IND,HD_HCIP_EDUC_TO,2025,97.2933488487244,observation::IND::HD_HCIP_EDUC_TO::2025,Observation
IND,GD_WBL_OVL_SFR,2025,54.75,observation::IND::GD_WBL_OVL_SFR::2025,Observation
IND,HD_HCIP_OTJL_TO,2025,22.575480855527,observation::IND::HD_HCIP_OTJL_TO::2025,Observation
IND,HD_HCIP_HLTH_MA,2025,37.8958064746857,observation::IND::HD_HCIP_HLTH_MA::2025,Observation
IND,HD_HCIP_EDUC_FE,2025,95.5926017368317,observation::IND::HD_HCIP_EDUC_FE::2025,Observation
IND,GD_WBL_OVL_ENF,2025,43.17,observation::IND::GD_WBL_OVL_ENF::2025,Observation
IND,HD_HCIP_OVRL_FE,2025,136.473321837636,observation::IND::HD_HCIP_OVRL_FE::2025,Observation
IND,HD_HCIP_HLTH_TO,2025,38.8923301792145,observation::IND::HD_HCIP_HLTH_TO::2025,Observation
IND,HD_HCIP_EDUC_MA,2025,99.1004344055176,observation::IND::HD_HCIP_EDUC_MA::2025,Observation
IND,GD_WBL_OVL_LAW,2025,57.93,observation::IND::GD_WBL_OVL_LAW::2025,Observation
IND,EN.URB.MCTY.TL.ZS,2025,16.962143295232,observation::IND::EN.URB.MCTY.TL.ZS::2025,Observation
IND,ER.PTD.TOTL.ZS,2025,4.5,observation::IND::ER.PTD.TOTL.ZS::2025,Observation
IND,EN.URB.MCTY,2025,248302968.0,observation::IND::EN.URB.MCTY::2025,Observation
IND,ER.LND.PTLD.ZS,2025,7.7,observation::IND::ER.LND.PTLD.ZS::2025,Observation
IND,EN.URB.LCTY,2025,34665569.0,observation::IND::EN.URB.LCTY::2025,Observation
IND,ER.MRN.PTMR.ZS,2025,0.3,observation::IND::ER.MRN.PTMR.ZS::2025,Observation
IND,EN.URB.LCTY.UR.ZS,2025,6.63530476062258,observation::IND::EN.URB.LCTY.UR.ZS::2025,Observation
