Country Name,Country Code,Indicator Name,Indicator Code,2015,2016,2017,2018,2019,2020,2021,2022,2023,2024,2025
India,IND,Refugees under the mandate of the UNHCR by country or territory of origin,SM.POP.RHCR.EO,9882.0,7288.0,7926.0,9586.0,11787.0,12398.0,14230.0,20828.0,25319.0,39303.0,
India,IND,Net migration,SM.POP.NETM,-655085.0,81248.0,-251642.0,-589794.0,-978969.0,-73806.0,-348916.0,-1353478.0,-979179.0,-630830.0,-495753.0
India,IND,Asylum-seekers by country or territory of asylum,SM.POP.ASYS.EA,6476.0,9209.0,10508.0,11938.0,12202.0,11217.0,13368.0,15794.0,11926.0,13243.0,
India,IND,"Unemployment, total (% of total labor force) (modeled ILO estimate)",SL.UEM.TOTL.ZS,7.629,7.611,7.626,7.652,6.51,7.859,6.38,4.822,4.172,4.173,4.219
India,IND,"Unemployment, female (% of female labor force) (modeled ILO estimate)",SL.UEM.TOTL.FE.ZS,7.693,7.678,7.69,7.713,6.073,6.749,5.394,4.587,4.057,4.088,4.141
India,IND,"Share of youth not in education, employment or training, male (% of male youth population)",SL.UEM.NEET.MA.ZS,,,,15.302,16.032,17.651,13.722,11.16,10.231,10.325,
India,IND,Unemployment with intermediate education (% of total labor force with intermediate education),SL.UEM.INTM.ZS,,,,12.343,10.309,11.635,9.571,8.06,5.991,5.87,
India,IND,"Unemployment with basic education, male (% of male labor force with basic education)",SL.UEM.BASC.MA.ZS,,,,6.714,5.21,6.951,5.382,3.449,2.748,2.517,
India,IND,"Unemployment with advanced education, female (% of female labor force with advanced education)",SL.UEM.ADVN.FE.ZS,,,,25.439,22.577,26.785,23.395,21.424,20.594,20.91,
India,IND,"Unemployment, youth male (% of male labor force ages 15-24) (national estimate)",SL.UEM.1524.MA.NE.ZS,,,,26.18,22.579,24.292,20.842,17.471,15.429,14.998,
India,IND,"Labor force, female (% of total labor force)",SL.TLF.TOTL.FE.ZS,24.3590784230794,24.4337880971946,24.5196387309549,24.5975525560696,24.6620426287145,24.5059963511351,25.6511321916829,26.6147411953148,27.5277753691858,28.311817927669,28.3115461442145
India,IND,Labor force with intermediate education (% of total working-age population with intermediate education),SL.TLF.INTM.ZS,,,,41.43,42.619,42.805,44.11,45.236,47.196,47.866,
India,IND,"Labor force participation rate, total (% of total population ages 15+) (national estimate)",SL.TLF.CACT.NE.ZS,,,,47.56,49.351,50.455,51.145,52.354,55.754,55.802,
India,IND,Ratio of female to male labor force participation rate (%) (national estimate),SL.TLF.CACT.FM.NE.ZS,,,,28.0894160336867,32.2398068669528,35.2421483596401,36.0053262316911,37.1143768961034,45.9160570089911,44.3637442592497,
India,IND,"Labor force with basic education, male (% of male working-age population with basic education)",SL.TLF.BASC.MA.ZS,,,,74.009,74.541,74.603,75.862,75.812,76.663,77.759,
India,IND,"Labor force with advanced education, female (% of female working-age population with advanced education)",SL.TLF.ADVN.FE.ZS,,,,31.854,34.451,32.904,33.15,35.429,38.544,37.626,
India,IND,"Labor force participation rate for ages 15-24, total (%) (modeled ILO estimate)",SL.TLF.ACTI.1524.ZS,32.24,31.552,30.836,30.082,29.294,28.554,28.936,29.62,30.449,31.225,31.204
India,IND,"Labor force participation rate for ages 15-24, female (%) (modeled ILO estimate)",SL.TLF.ACTI.1524.FE.ZS,15.494,14.915,14.336,13.73,13.098,12.489,13.245,14.019,14.918,15.838,15.858
India,IND,GDP per person employed (constant 2021 PPP $),SL.GDP.PCAP.EM.KD,18632.336730429,19847.6386279592,20870.1837470054,21902.46573935,22173.166446182,21151.7892780893,22095.2991355999,22614.7340828269,23679.8333303511,24430.1179611995,
India,IND,"Wage and salaried workers, male (% of male employment) (modeled ILO estimate)",SL.EMP.WORK.MA.ZS,21.5898647425562,22.0750942244181,22.5675448760932,23.0568961943943,23.4988115844927,23.2722014568543,23.8778058307709,23.7478293468236,25.3864630480677,26.1896018524408,26.6560649875315
India,IND,"Vulnerable employment, female (% of female employment) (modeled ILO estimate)",SL.EMP.VULN.FE.ZS,82.6118431474104,81.771117999702,80.8680728383916,79.9286344711076,78.9990198822869,78.1852074331899,77.7184063099165,77.8761142034405,79.6019857069565,78.795475059608,78.2408543688412
India,IND,"Employment to population ratio, 15+, male (%) (national estimate)",SL.EMP.TOTL.SP.MA.NE.ZS,,,,68.219,69.6,68.137,70.046,72.406,73.183,74.253,
India,IND,"Self-employed, total (% of total employment) (modeled ILO estimate)",SL.EMP.SELF.ZS,79.5400444487755,78.9709618913313,78.3819853865813,77.7850400021394,77.2255694358724,77.2018288202716,76.6541020653197,76.8695534383889,76.1265802204357,75.3941504879158,74.903099358
India,IND,"Employers, male (% of male employment) (modeled ILO estimate)",SL.EMP.MPYR.MA.ZS,2.05782541477189,2.18085325096363,2.32609250823433,2.47134316446137,2.54829256261402,2.67700636399057,2.67643108374924,3.65947480761295,4.45271960747699,4.40735386539819,4.39193189591059
India,IND,"Employment to population ratio, ages 15-24, male (%) (modeled ILO estimate)",SL.EMP.1524.SP.MA.ZS,35.487,34.78,33.998,33.163,33.917,32.511,34.034,36.137,37.587,38.272,38.129
India,IND,Employment in agriculture (% of total employment) (modeled ILO estimate),SL.AGR.EMPL.ZS,44.2796936892031,43.2048505926307,42.2671064682124,41.2949989249141,40.6518149993227,44.6754951957099,44.0791868866382,42.8609991503088,43.5135811245793,42.3547738876441,41.6251280877573
India,IND,Average transaction cost of sending remittances to a specific country (%),SI.RMT.COST.IB.ZS,,6.1908655,3.70181210526316,2.737479,2.190416,2.322085,2.077217,1.7711667,1.75675,,
India,IND,Poverty headcount ratio at $4.20 a day (2021 PPP) (% of population),SI.POV.LMIC,,,,,,,,23.9,,,
India,IND,Income share held by lowest 20%,SI.DST.FRST.20,,,,,,,,10.4,,,
India,IND,Income share held by highest 20%,SI.DST.05TH.20,,,,,,,,36.1,,,
India,IND,"UHC service coverage sub-index on reproductive, maternal, newborn and child health",SH_UHC_SCI_RMNCH,73.0,74.0,73.0,72.0,71.0,70.0,69.0,69.0,70.0,,
India,IND,UHC service coverage index,SH_UHC_SCI,62.0,63.0,64.0,63.0,65.0,66.0,67.0,68.0,69.0,,
India,IND,Domestic private health expenditure (% of current health expenditure),SH.XPD.PVTD.CH.ZS,73.64810181,72.51978302,66.46324158,65.24591064,64.37737274,63.09274673,58.58843231,58.46108627,58.56241226,,
India,IND,"Domestic general government health expenditure per capita, PPP (current international $)",SH.XPD.GHED.PP.CD,50.0151205912864,54.5535107170908,59.4407182546561,65.8233442504417,74.0479175295666,84.3889274977912,108.842109132846,125.312034063894,135.12053013582,,
India,IND,Domestic general government health expenditure (% of current health expenditure),SH.XPD.GHED.CH.ZS,25.64012909,26.83841324,32.94804382,34.29247284,35.0661087,36.25336838,40.39885712,40.3965683,39.02440643,,
India,IND,"Current health expenditure per capita, PPP (current international $)",SH.XPD.CHEX.PP.CD,195.065786039975,203.266515244254,180.407423467841,191.946915727321,211.166615797198,232.775420308436,269.418794651553,310.204676194147,346.246240799183,,
India,IND,"Incidence of tuberculosis (per 100,000 people)",SH.TBS.INCD,237.0,225.0,217.0,208.0,202.0,197.0,196.0,196.0,192.0,187.0,
India,IND,Present value of external debt (current US$),DT.DOD.PVLX.CD,,,,,,,,,,205578556985.2,
India,IND,Short-term debt (% of total external debt),DT.DOD.DSTC.ZS,17.0337,18.4248,19.0799,19.9402,19.0331,18.3251,18.7329,20.7746,19.6266,19.4803,
India,IND,"External debt stocks, public and publicly guaranteed (PPG) (DOD, current US$)",DT.DOD.DPPG.CD,162310887267.5,153013284921.7,183017515967.3,180539953724.2,192007477543.8,192805075629.9,205281682146.0,205217150708.4,214911618610.1,238949800499.3,
India,IND,External debt stocks (% of GNI),DT.DOD.DECT.GN.ZS,23.0297689509967,20.0812235448632,19.5049373712632,19.4905310721105,19.9766366353145,21.4094740100862,19.5524130311129,18.6518069060743,18.0442974446192,18.5795533694083,
India,IND,"Net bilateral aid flows from DAC donors, Total (current US$)",DC.DAC.TOTL.CD,2374978579.03922,1963541680.74075,3032268824.75306,2645879101.93215,3058472736.69415,2251386656.43334,3603985340.48722,3971494003.53432,3995633098.3378,,
India,IND,"Net bilateral aid flows from DAC donors, Portugal (current US$)",DC.DAC.PRTL.CD,271488.010883331,295558.989048004,371713.012456894,378178.000450134,404803.991317749,358824.998140335,369433.999061584,303285.986185074,417872.01166153,,
India,IND,"Net bilateral aid flows from DAC donors, Netherlands (current US$)",DC.DAC.NLDL.CD,2133888.95988464,724175.989627838,412719.011306763,1397763.01383972,2557296.99134827,357665.985822678,489771.991968155,592175.006866455,502552.98614502,,
India,IND,"Net bilateral aid flows from DAC donors, Japan (current US$)",DC.DAC.JPNL.CD,867650024.414063,1007780029.29688,1554627075.19531,1375401489.25781,1794767456.05469,691824707.03125,2387271728.51563,2970640136.71875,2892038818.35938,,
India,IND,"Net bilateral aid flows from DAC donors, Hungary (current US$)",DC.DAC.HUNL.CD,1514229.05921936,1066041.94641113,1238574.98168945,3571305.0365448,3999213.9339447,3790059.08966064,4219161.98730469,5424180.03082275,4150468.82629395,,
India,IND,"Net bilateral aid flows from DAC donors, Finland (current US$)",DC.DAC.FINL.CD,1334236.97948456,2163979.05349731,1598346.94862366,2150774.95574951,964393.973350525,1848134.04083252,3766127.10952759,2102267.98057556,4734393.11981201,,
India,IND,"Net bilateral aid flows from DAC donors, Germany (current US$)",DC.DAC.DEUL.CD,751612487.792969,222574935.913086,525986816.40625,244281661.987305,555500488.28125,746525756.835938,710740722.65625,235171539.306641,434368957.519531,,
India,IND,"Unemployment, female (% of female labor force) (national estimate)",SL.UEM.TOTL.FE.NE.ZS,,,,7.715,6.072,6.763,5.402,4.588,4.063,4.091,
India,IND,"Share of youth not in education, employment or training, male (% of male youth population)  (modeled ILO estimate)",SL.UEM.NEET.MA.ME.ZS,11.944,13.131,14.401,15.757,15.818,17.495,13.774,11.165,10.227,10.41,10.424
India,IND,"Unemployment with intermediate education, male (% of male labor force with intermediate education)",SL.UEM.INTM.MA.ZS,,,,11.461,9.857,11.581,9.734,7.888,5.791,5.787,
India,IND,"Unemployment with basic education, female (% of female labor force with basic education)",SL.UEM.BASC.FE.ZS,,,,4.626,3.681,3.947,2.856,1.799,1.697,1.583,
India,IND,"Unemployment, youth total (% of total labor force ages 15-24) (modeled ILO estimate)",SL.UEM.1524.ZS,24.959,25.23,25.591,26.003,22.947,24.666,20.824,17.732,15.595,15.746,16.022
India,IND,"Unemployment, youth female (% of female labor force ages 15-24) (modeled ILO estimate)",SL.UEM.1524.FE.ZS,23.974,24.386,24.872,25.408,23.192,24.9,19.621,18.714,15.515,17.084,17.528
India,IND,"Part time employment, total (% of total employment)",SL.TLF.PART.ZS,,,,14.66,14.44,17.07,19.09,20.85,23.99,24.38,
India,IND,"Labor force with intermediate education, male (% of male working-age population with intermediate education)",SL.TLF.INTM.MA.ZS,,,,60.355,62.236,61.282,63.268,64.607,65.655,67.35,
India,IND,"Labor force participation rate, male (% of male population ages 15+) (modeled ILO estimate)",SL.TLF.CACT.MA.ZS,78.035,77.692,77.336,76.974,76.613,75.693,75.964,76.503,77.115,77.594,77.623
India,IND,"Labor force participation rate, female (% of female population ages 15+) (modeled ILO estimate)",SL.TLF.CACT.FE.ZS,26.582,26.575,26.578,26.568,26.539,25.998,27.724,29.348,30.984,32.415,32.425
India,IND,"Labor force with basic education, female (% of female working-age population with basic education)",SL.TLF.BASC.FE.ZS,,,,16.646,19.701,22.04,22.983,24.796,31.718,30.54,
India,IND,"Labor force participation rate, total (% of total population ages 15-64) (modeled ILO estimate)",SL.TLF.ACTI.ZS,55.422,55.326,55.23,55.13,55.026,54.374,55.481,56.666,57.925,58.991,59.11
India,IND,"Labor force participation rate for ages 15-24, total (%) (national estimate)",SL.TLF.ACTI.1524.NE.ZS,,,,26.742,28.175,28.582,28.433,28.932,31.733,32.298,
India,IND,"Labor force participation rate for ages 15-24, female (%) (national estimate)",SL.TLF.ACTI.1524.FE.NE.ZS,,,,9.968,12.055,12.29,12.184,13.051,17.455,16.901,
India,IND,Employment in services (% of total employment) (modeled ILO estimate),SL.SRV.EMPL.ZS,30.7722358188634,31.6056633714195,32.4671651415297,33.3391272966505,34.0970739669082,31.6208572724385,31.4503271149612,31.0186666923037,31.4572072768006,32.2743097449178,32.5575625031109
India,IND,Employment in industry (% of total employment) (modeled ILO estimate),SL.IND.EMPL.ZS,24.9480704919335,25.1894783758453,25.2657227336051,25.3658737784355,25.251113046721,23.7036475318516,24.4704786231875,26.1203341573875,25.0292115986201,25.3709259711612,25.8173073806381
India,IND,"Contributing family workers, total (% of total employment) (modeled ILO estimate)",SL.FAM.WORK.ZS,16.8741723131708,16.6182899124755,16.3552895243215,16.0805588684603,15.8592357120606,15.8040027153762,15.4725685231621,15.0090397984094,17.0703810854532,16.129741639013,15.6752710843624
India,IND,"Wage and salaried workers, female (% of female employment) (modeled ILO estimate)",SL.EMP.WORK.FE.ZS,16.9482024997792,17.7907638463436,18.6922364226639,19.6317751253999,20.5752756327697,21.3608647914045,21.8258345253416,21.4338283894124,19.8965203560656,20.6006681576168,21.1533775561659
India,IND,"Employment to population ratio, 15+, total (%) (modeled ILO estimate)",SL.EMP.TOTL.SP.ZS,48.985,48.83,48.655,48.466,48.88,47.496,49.171,51.003,52.415,53.317,53.31
India,IND,"Employment to population ratio, 15+, female (%) (modeled ILO estimate)",SL.EMP.TOTL.SP.FE.ZS,24.537,24.535,24.534,24.519,24.928,24.243,26.229,28.002,29.727,31.09,31.083
India,IND,"Self-employed, male (% of male employment) (modeled ILO estimate)",SL.EMP.SELF.MA.ZS,78.4101384014377,77.924902397399,77.4324576213902,76.943101067048,76.5011926971021,76.7277909547191,76.1221897152409,76.2521678836753,74.6135325531991,73.8103976689413,73.3439312384593
India,IND,"Employers, female (% of female employment) (modeled ILO estimate)",SL.EMP.MPYR.FE.ZS,0.439956129463423,0.438114668021533,0.439688173774087,0.439590403492565,0.425706109766538,0.453928597140057,0.455762159674911,0.690058099034528,0.501493294666162,0.603859808725217,0.605768074992855
India,IND,"Employment to population ratio, ages 15-24, male (%) (national estimate)",SL.EMP.1524.SP.MA.NE.ZS,,,,30.853,33.378,32.393,34.34,35.786,37.78,39.672,
India,IND,"Employment in agriculture, male (% of male employment) (modeled ILO estimate)",SL.AGR.EMPL.MA.ZS,40.6079354277137,39.6861252124515,38.9038956189591,38.0995186174218,36.7825476305687,40.2570687358702,38.7545226972869,36.9321298522409,36.6521815167953,35.1815757725133,34.4273256258209
India,IND,Poverty gap at $8.30 a day (2021 PPP) (%),SI.POV.UMIC.GP,,,,,,,,31.1,,,
India,IND,Multidimensional poverty headcount ratio (World Bank) (% of population),SI.POV.MPWB,,,,,,,,17.7,,,
India,IND,Gini index,SI.POV.GINI,,,,,,,,25.5,,,
India,IND,Income share held by lowest 10%,SI.DST.FRST.10,,,,,,,,4.5,,,
India,IND,Income share held by fourth 20%,SI.DST.04TH.20,,,,,,,,21.9,,,
India,IND,UHC service coverage sub-index on non-communicable diseases,SH_UHC_SCI_NCD,46.0,47.0,48.0,50.0,51.0,51.0,52.0,53.0,53.0,,
India,IND,Proportion of population facing financial hardship due to out-of-pocket health expenditure (%),SH_UHC_FH40,,,,,,,,30.94,,,
India,IND,"Out-of-pocket expenditure per capita, PPP (current international $)",SH.XPD.OOPC.PP.CD,126.138146433817,128.477046583073,99.4270013764884,102.17323727869,109.81553103085,115.249301202999,121.532520347693,138.169315415864,151.950519756766,,
India,IND,Domestic general government health expenditure per capita (current US$),SH.XPD.GHED.PC.CD,14.90307278,16.02965318,18.67114483,19.70634426,21.28210144,23.14088483,30.52121945,32.92679071,33.04847848,,
India,IND,"External health expenditure per capita, PPP (current international $)",SH.XPD.EHEX.PP.CD,1.38840722578964,1.30456357673492,1.06208507164266,0.886063293947787,1.17518379548348,1.52208908318297,2.72843841119216,3.54363430549619,8.35556371631137,,
India,IND,Current health expenditure per capita (current US$),SH.XPD.CHEX.PC.CD,58.12401581,59.72652817,56.66844559,57.46551132,60.6913681,63.83099747,75.54971313,81.50888824,84.68669891,,
India,IND,"Net bilateral aid flows from DAC donors, Sweden (current US$)",DC.DAC.SWEL.CD,5850815.77301025,5099155.90286255,5299987.79296875,5432396.88873291,5377735.13793945,5247488.02185059,10540937.4237061,7429292.20199585,5253877.16293335,,
India,IND,"Net bilateral aid flows from DAC donors, Poland (current US$)",DC.DAC.POLL.CD,146454.006433487,87820.0009465218,1267799.97348785,1334854.96044159,7565409.1835022,7137893.19992065,6913815.02151489,5685719.96688843,7253489.97116089,,
India,IND,"Net bilateral aid flows from DAC donors, Luxembourg (current US$)",DC.DAC.LUXL.CD,1995658.99372101,1956347.94235229,2143692.01660156,1461758.97121429,1713732.95783997,1384206.05659485,999791.026115417,831651.985645294,896436.989307404,,
India,IND,"Net bilateral aid flows from DAC donors, Italy (current US$)",DC.DAC.ITAL.CD,12130417.8237915,15128449.4400024,11447370.5291748,17885782.2418213,16689416.885376,15849438.6672974,18780878.0670166,20665317.5354004,21784027.0996094,,
India,IND,"Net bilateral aid flows from DAC donors, Greece (current US$)",DC.DAC.GRCL.CD,17374.9998211861,1990.00001884997,4982.99999162555,10843.999683857,2438.99994529784,,,,,,
India,IND,"Net bilateral aid flows from DAC donors, Estonia (current US$)",DC.DAC.ESTL.CD,4437.00002506375,,,,,,136391.997337341,,,,
India,IND,"Net bilateral aid flows from DAC donors, Czechia (current US$)",DC.DAC.CZEL.CD,18518.0008411407,1431.99996091425,5131.00018724799,139748.007059097,120150.998234749,92560.9990954399,186739.99607563,125450.000166893,4633.00012052059,,
India,IND,"Net bilateral aid flows from DAC donors, Belgium (current US$)",DC.DAC.BELL.CD,2910114.0499115,2123811.96022034,1295879.96006012,1636922.00183868,1141584.03873444,2261491.06025696,1614133.95404816,650039.01720047,851674.020290375,,
India,IND,"Stocks traded, total value (% of GDP)",CM.MKT.TRAD.GD.ZS,38.1343261773342,35.2251250429298,45.4391814566137,46.5946852849553,42.5844493468453,68.8794086650999,72.607174868836,50.4252226516079,53.4563605569178,85.6143773046544,
India,IND,Market capitalization of listed domestic companies (current US$),CM.MKT.LCAP.CD,1745169237451.33,1746297399289.67,2555988798537.81,4139820080000.0,2162702910000.0,2552463790000.0,3548018470000.0,3387366670000.0,4340130780000.0,5131397430000.0,10559581760000.0
India,IND,"Personal transfers, receipts (BoP, current US$)",BX.TRF.PWKR.CD,65229600360.5507,59083771821.7709,64523217413.1284,74079856483.6134,77978955987.5146,77378637922.6441,82977274514.7856,104570919176.187,112233605175.558,129430244556.097,
India,IND,Asylum-seekers by country or territory of origin,SM.POP.ASYS.EO,24874.0,27939.0,40356.0,51802.0,65965.0,69959.0,78360.0,100389.0,142607.0,202933.0,
India,IND,"Unemployment, male (% of male labor force) (national estimate)",SL.UEM.TOTL.MA.NE.ZS,,,,7.634,6.652,8.236,6.73,4.908,4.222,4.21,
India,IND,"Share of youth not in education, employment or training, total (% of youth population)  (modeled ILO estimate)",SL.UEM.NEET.ME.ZS,28.251,28.755,29.337,30.023,29.896,30.703,28.006,25.763,23.494,24.188,24.299
India,IND,"Share of youth not in education, employment or training, female (% of female youth population) (modeled ILO estimate)",SL.UEM.NEET.FE.ME.ZS,46.174,45.95,45.789,45.746,45.42,45.269,43.697,41.853,38.112,39.361,39.573
India,IND,Unemployment with basic education (% of total labor force with basic education),SL.UEM.BASC.ZS,,,,6.394,4.937,6.368,4.877,3.095,2.473,2.281,
India,IND,"Unemployment with advanced education, male (% of male labor force with advanced education)",SL.UEM.ADVN.MA.ZS,,,,14.039,13.56,15.269,13.5,12.052,10.839,10.964,
India,IND,"Unemployment, youth male (% of male labor force ages 15-24) (modeled ILO estimate)",SL.UEM.1524.MA.ZS,25.251,25.475,25.795,26.168,22.881,24.605,21.158,17.447,15.619,15.32,15.541
India,IND,"Labor force, total",SL.TLF.TOTL.IN,500640619.0,508681288.0,516713963.0,524292869.0,531373378.0,532528354.0,550352877.0,569155867.0,589486854.0,608500805.0,617625336.0
India,IND,"Part time employment, female (% of total female employment)",SL.TLF.PART.FE.ZS,,,,28.8,28.1,31.68,36.44,40.69,45.94,46.73,
India,IND,"Labor force participation rate, total (% of total population ages 15+) (modeled ILO estimate)",SL.TLF.CACT.ZS,53.031,52.852,52.671,52.482,52.284,51.547,52.522,53.587,54.697,55.639,55.658
India,IND,Ratio of female to male labor force participation rate (%) (modeled ILO estimate),SL.TLF.CACT.FM.ZS,34.0642019606587,34.205581012202,34.3669183821248,34.515550705433,34.6403351911556,34.3466370734414,36.496235058712,38.3618943047985,40.1789535109901,41.7751372528804,41.7724128157891
India,IND,Labor force with basic education (% of total working-age population with basic education),SL.TLF.BASC.ZS,,,,48.506,49.772,51.021,51.975,52.593,55.945,55.947,
India,IND,"Labor force with advanced education, male (% of male working-age population with advanced education)",SL.TLF.ADVN.MA.ZS,,,,80.842,81.809,81.93,83.573,84.531,85.445,86.829,
India,IND,"Labor force participation rate, female (% of female population ages 15-64) (modeled ILO estimate)",SL.TLF.ACTI.FE.ZS,28.109,28.148,28.201,28.243,28.268,27.781,29.66,31.427,33.229,34.806,34.875
India,IND,"Labor force participation rate for ages 15-24, male (%) (national estimate)",SL.TLF.ACTI.1524.MA.NE.ZS,,,,41.795,43.112,42.786,43.382,43.362,44.672,46.672,
India,IND,"Employment in services, female (% of female employment) (modeled ILO estimate)",SL.SRV.EMPL.FE.ZS,24.4326951619536,26.1391527987101,27.8819306789207,29.7186037766973,28.2372163599909,25.3883576836412,24.4222491970828,24.6465328763491,22.4643142625233,23.5715704063596,24.0327182741918
India,IND,"Employment in industry, female (% of female employment) (modeled ILO estimate)",SL.IND.EMPL.FE.ZS,19.8757037588931,19.7631015698568,19.4878628748831,19.182179123674,19.3641785605013,16.5392155083126,16.2819035310729,16.1995768098237,15.9876380407616,15.9333222918428,16.1370944456203
India,IND,"Contributing family workers, female (% of female employment) (modeled ILO estimate)",SL.FAM.WORK.FE.ZS,35.6922609280681,35.8165623646478,35.8982164985403,35.938869392821,35.9547388280753,35.5708160963225,34.116912868625,32.8417855849373,35.333717114639,32.5115623519497,31.6455517527915
India,IND,"Wage and salaried workers, total (% of total employment) (modeled ILO estimate)",SL.EMP.WORK.ZS,20.4599609572764,21.0290355553004,21.6180190130378,22.2149620632483,22.7744331809652,22.7981662885246,23.3458977405958,23.1304436080318,23.8734130526665,24.605844538728,25.0968991206297
India,IND,"Vulnerable employment, male (% of male employment) (modeled ILO estimate)",SL.EMP.VULN.MA.ZS,76.3523129866658,75.7440488649201,75.106365390654,74.4717579025866,73.9528913036989,74.0507935342313,73.445767539468,72.5926933278351,70.1608180775776,69.4030438035431,68.9520045318113
India,IND,"Employment to population ratio, 15+, male (%) (modeled ILO estimate)",SL.EMP.TOTL.SP.MA.ZS,72.097,71.795,71.454,71.099,71.516,69.472,70.859,72.749,73.864,74.33,74.325
India,IND,Female share of employment in senior and middle management (%),SL.EMP.SMGT.FE.ZS,,,,14.356,17.001,17.328,16.956,16.209,12.726,11.885,
India,IND,"Employers, total (% of total employment) (modeled ILO estimate)",SL.EMP.MPYR.ZS,1.66399317574598,1.75534750965968,1.86388649007804,1.97191422220255,2.0223691337621,2.12565621892704,2.10079560290392,2.86722081227785,3.36374595703262,3.32954316711339,3.31913685181399
India,IND,"Employment to population ratio, ages 15-24, total (%) (national estimate)",SL.EMP.1524.SP.NE.ZS,,,,19.744,21.782,21.568,22.552,23.766,26.824,27.272,
India,IND,"Employment to population ratio, ages 15-24, female (%) (national estimate)",SL.EMP.1524.SP.FE.NE.ZS,,,,7.361,9.269,9.151,9.738,10.537,14.735,13.989,
India,IND,Average transaction cost of sending remittances from a specific country (%),SI.RMT.COST.OB.ZS,,,,,,,0.75,0.41,0.5375,,
India,IND,Poverty headcount ratio at societal poverty line (% of population),SI.POV.SOPO,,,,,,,,21.3,,,
India,IND,Poverty gap at $4.20 a day (2021 PPP) (%),SI.POV.LMIC.GP,,,,,,,,4.4,,,
India,IND,Poverty headcount ratio at $3.00 a day (2021 PPP) (% of population),SI.POV.DDAY,,,,,,,,5.3,,,
India,IND,Income share held by highest 10%,SI.DST.10TH.10,,,,,,,,22.1,,,
India,IND,Income share held by second 20%,SI.DST.02ND.20,,,,,,,,14.2,,,
India,IND,UHC service coverage sub-index on service capacity and access,SH_UHC_SCI_CAPACITY,74.0,76.0,75.0,66.0,70.0,73.0,75.0,76.0,77.0,,
India,IND,"Proportion of population facing impoverishing out-of-pocket health expenditure, based on the societal poverty line (%)",SH_UHC_FH40_IMPOV,,,,,,,,22.27,,,
India,IND,Domestic private health expenditure per capita (current US$),SH.XPD.PVTD.PC.CD,42.80723757,43.31354999,37.66368481,37.49389408,39.07150655,40.27272716,44.26339243,47.65097898,49.59456993,,
India,IND,Out-of-pocket expenditure (% of current health expenditure),SH.XPD.OOPC.CH.ZS,64.66441345,63.20619965,55.11247635,53.22994614,52.00421143,49.51094055,45.10914612,44.54133987,43.88510513,,
India,IND,Domestic general government health expenditure (% of GDP),SH.XPD.GHED.GD.ZS,0.92193186,0.94049966,0.96734685,0.98024821,1.03550148,1.21139216,1.35207272,1.37196231,1.30319667,,
India,IND,"Net official flows from UN agencies, IFAD (current US$)",DT.NFL.IFAD.CD,16933227.5390625,21363336.5631104,25005992.8894043,26532979.96521,44426841.7358398,8900073.05145264,8236000.06103516,-4699200.15335083,12730299.949646,,
India,IND,"Net official flows from UN agencies, CERF (current US$)",DT.NFL.CERF.CD,,,,4979179.85916138,,,,,,,
India,IND,"Present value of external debt (% of exports of goods, services and primary income)",DT.DOD.PVLX.EX.ZS,,,,,,,,,,23.5460341903898,
India,IND,"PPG, IBRD (DOD, current US$)",DT.DOD.MIBR.CD,12387674000.0,12828396000.0,12854611000.0,13394927000.0,14790918000.0,17419625000.0,18581956000.0,19446125000.0,22171979000.0,24051551000.0,
India,IND,"External debt stocks, short-term (DOD, current US$)",DT.DOD.DSTC.CD,81562824000.0,83932884000.0,97608593000.0,103923910000.0,106779537000.0,103533102000.0,114643545000.0,127870886000.0,127093537000.0,139568064000.0,
India,IND,"Use of IMF credit (DOD, current US$)",DT.DOD.DIMF.CD,5512793757.6,5348098577.2,5665573406.3,5532927685.8,5501236937.5,5729759547.2,23160228301.7,22022564456.1,22201707945.4,21580586391.1,
India,IND,"Net bilateral aid flows from DAC donors, United States (current US$)",DC.DAC.USAL.CD,60454208.3740234,91074348.449707,109887222.290039,117840927.124023,72198707.5805664,68011726.3793945,132343399.047852,194585723.876953,180197463.989258,,
India,IND,"Net bilateral aid flows from DAC donors, Slovak Republic (current US$)",DC.DAC.SVKL.CD,19999.9995529652,19999.9995529652,24960.0000679493,,,,,,,,
India,IND,"Net bilateral aid flows from DAC donors, Norway (current US$)",DC.DAC.NORL.CD,17076494.2169189,17651767.7307129,18182825.088501,10254715.9194946,13702917.098999,9372240.06652832,10615788.4597778,11118197.4411011,6941490.17333984,,
India,IND,"Net bilateral aid flows from DAC donors, Korea, Rep. (current US$)",DC.DAC.KORL.CD,233748.003840446,598480.999469757,717414.021492004,687741.994857788,3170634.03129578,3746635.91384888,7511013.03100586,3141474.00856018,101568283.081055,,
India,IND,"Net bilateral aid flows from DAC donors, Ireland (current US$)",DC.DAC.IRLL.CD,1850000.02384186,1201092.95845032,1917554.97455597,1632241.96434021,1034651.04103088,726018.011569977,1548990.96488953,1107568.02558899,1483402.967453,,
India,IND,"Unemployment, male (% of male labor force) (modeled ILO estimate)",SL.UEM.TOTL.MA.ZS,7.609,7.59,7.605,7.632,6.653,8.219,6.72,4.907,4.216,4.207,4.249
India,IND,"Share of youth not in education, employment or training, total (% of youth population)",SL.UEM.NEET.ZS,,,,30.805,31.195,30.703,28.006,25.763,23.494,24.188,
India,IND,"Share of youth not in education, employment or training, female (% of female youth population)",SL.UEM.NEET.FE.ZS,,,,48.076,47.568,45.673,43.53,41.835,38.127,39.04,
India,IND,"Unemployment with intermediate education, female (% of female labor force with intermediate education)",SL.UEM.INTM.FE.ZS,,,,17.789,12.778,11.979,8.773,8.874,6.798,6.204,
India,IND,Unemployment with advanced education (% of total labor force with advanced education),SL.UEM.ADVN.ZS,,,,16.507,15.73,17.905,15.78,14.3,13.316,13.47,
India,IND,"Unemployment, youth total (% of total labor force ages 15-24) (national estimate)",SL.UEM.1524.NE.ZS,,,,26.171,22.689,24.541,20.684,17.856,15.469,15.562,
India,IND,"Unemployment, youth female (% of female labor force ages 15-24) (national estimate)",SL.UEM.1524.FE.NE.ZS,,,,26.153,23.112,25.537,20.08,19.262,15.582,17.231,
India,IND,"Part time employment, male (% of total male employment)",SL.TLF.PART.MA.ZS,,,,10.77,10.03,11.95,12.79,13.55,13.89,14.32,
India,IND,"Labor force with intermediate education, female (% of female working-age population with intermediate education)",SL.TLF.INTM.FE.ZS,,,,14.113,15.68,16.35,17.619,18.682,22.103,22.118,
India,IND,"Labor force participation rate, male (% of male population ages 15+) (national estimate)",SL.TLF.CACT.MA.NE.ZS,,,,73.857,74.56,74.252,75.1,76.143,76.409,77.516,
India,IND,"Labor force participation rate, female (% of female population ages 15+) (national estimate)",SL.TLF.CACT.FE.NE.ZS,,,,20.746,24.038,26.168,27.04,28.26,35.084,34.389,
India,IND,Labor force with advanced education (% of total working-age population with advanced education),SL.TLF.ADVN.ZS,,,,60.646,61.446,61.103,61.889,63.462,65.269,65.309,
India,IND,"Labor force participation rate, male (% of male population ages 15-64) (modeled ILO estimate)",SL.TLF.ACTI.MA.ZS,80.853,80.628,80.393,80.158,79.928,79.12,79.511,80.154,80.903,81.489,81.652
India,IND,"Labor force participation rate for ages 15-24, male (%) (modeled ILO estimate)",SL.TLF.ACTI.1524.MA.ZS,47.475,46.669,45.816,44.917,43.981,43.12,43.168,43.775,44.545,45.197,45.145
India,IND,"Employment in services, male (% of male employment) (modeled ILO estimate)",SL.SRV.EMPL.MA.ZS,32.8119715723149,33.3715122412943,33.9552452645218,34.5191619566487,36.0272491401855,33.6763917339616,33.9096207764601,33.3374379854924,34.8786409733252,35.7156104431582,35.9280617451093
India,IND,"Employment in industry, male (% of male employment) (modeled ILO estimate)",SL.IND.EMPL.MA.ZS,26.5800987163241,26.9423608571629,27.1408591165191,27.3813194259295,27.1902032292458,26.0665398011834,27.3358544302587,29.7304225948999,28.4691679792913,29.1028137843285,29.6446126290698
India,IND,"Contributing family workers, male (% of male employment) (modeled ILO estimate)",SL.FAM.WORK.MA.ZS,10.8194836761283,10.4166717222112,10.0128747212673,9.60815613452675,9.23999305396876,9.2847336674214,8.94847588521082,8.51983250600865,10.1219081542451,9.65191453273302,9.3610430581915
India,IND,"Vulnerable employment, total (% of total employment) (modeled ILO estimate)",SL.EMP.VULN.ZS,77.8760454344934,77.2156141688909,76.5180932398501,75.8131257799368,75.2031954710256,75.0761774925483,74.5533066565003,74.0023374256774,72.7628402822064,72.0646133231289,71.583962506186
India,IND,"Employment to population ratio, 15+, total (%) (national estimate)",SL.EMP.TOTL.SP.NE.ZS,,,,43.921,46.138,46.489,47.882,49.829,53.428,53.473,
India,IND,"Employment to population ratio, 15+, female (%) (national estimate)",SL.EMP.TOTL.SP.FE.NE.ZS,,,,19.145,22.578,24.398,25.579,26.963,33.659,32.982,
India,IND,"Self-employed, female (% of female employment) (modeled ILO estimate)",SL.EMP.SELF.FE.ZS,83.0517992768738,82.2092326677235,81.307768707677,80.3682248746001,79.4247186803492,78.6391368520645,78.1741684695914,78.5661716105876,80.1034790016226,79.3993276060531,78.8466218472451
India,IND,"Employment to population ratio, ages 15-24, total (%) (modeled ILO estimate)",SL.EMP.1524.SP.ZS,24.193,23.592,22.945,22.259,22.572,21.511,22.911,24.368,25.7,26.308,26.204
India,IND,"Employment to population ratio, ages 15-24, female (%) (modeled ILO estimate)",SL.EMP.1524.SP.FE.ZS,11.779,11.278,10.77,10.242,10.06,9.379,10.646,11.395,12.604,13.132,13.079
India,IND,"Employment in agriculture, female (% of female employment) (modeled ILO estimate)",SL.AGR.EMPL.FE.ZS,55.6916010791532,54.0977447599498,52.6302055911395,51.0992095375496,52.3986107663891,58.0724268080462,59.2958420307118,59.1538868543901,61.5480521928979,60.4951115381278,59.8301878767769
India,IND,Prosperity gap (average shortfall from a prosperity standard of $28/day),SI.SPR.PGAP,,,,,,,,5.4,,,
India,IND,Poverty headcount ratio at $8.30 a day (2021 PPP) (% of population),SI.POV.UMIC,,,,,,,,82.1,,,
India,IND,Multidimensional poverty headcount ratio (UNDP) (% of population),SI.POV.MPUN,,,,,16.4,,,,,,
India,IND,Poverty gap at $3.00 a day (2021 PPP) (%),SI.POV.GAPS,,,,,,,,0.8,,,
India,IND,Proportion of people living below 50 percent of median income (%),SI.DST.50MD,,,,,,,,3.4,,,
India,IND,Income share held by third 20%,SI.DST.03RD.20,,,,,,,,17.5,,,
India,IND,UHC service coverage sub-index on infectious diseases,SH_UHC_SCI_ID,57.0,60.0,63.0,66.0,69.0,72.0,75.0,78.0,81.0,,
India,IND,Proportion of population facing large (but non-impoverishing) out-of-pocket health expenditure (%),SH_UHC_FH40_LARGE,,,,,,,,8.67,,,
India,IND,"Domestic private health expenditure per capita, PPP (current international $)",SH.XPD.PVTD.PP.CD,143.662262186857,147.408442834721,119.904617420831,125.237510571228,135.943515894963,146.864403727461,157.848247107515,181.349016207177,202.770139156058,,
India,IND,Out-of-pocket expenditure per capita (current US$),SH.XPD.OOPC.PC.CD,37.58555322,37.75087012,31.23138477,30.58885887,31.56206614,31.60332623,34.07983135,36.3051495,37.16484444,,
India,IND,Domestic general government health expenditure (% of general government expenditure),SH.XPD.GHED.GE.ZS,3.37624002,3.39333463,3.66080451,3.67532182,3.84729862,3.68660474,4.45562935,4.71439028,4.58670855,,
India,IND,External health expenditure per capita (current US$),SH.XPD.EHEX.PC.CD,0.41370557,0.38332458,0.33361549,0.26527167,0.33775941,0.41738282,0.76510156,0.93111971,2.04364701,,
India,IND,Current health expenditure (% of GDP),SH.XPD.CHEX.GD.ZS,3.59565973,3.50430417,2.93597651,2.8584938,2.95299792,3.34146094,3.34680939,3.39623499,3.33944035,,
India,IND,Tuberculosis treatment success rate (% of new cases),SH.TBS.CURE.ZS,72.0,69.0,81.0,82.0,84.0,85.0,87.0,89.0,90.0,,
India,IND,"Prevalence of wasting, weight for height (% of children under 5)",SH.STA.WAST.ZS,20.8,,16.9,,,18.7,,,,,
India,IND,"Mortality caused by road traffic injury (per 100,000 population)",SH.STA.TRAF.P5,15.6,15.3,15.2,15.5,15.6,,,,,,
India,IND,Present value of external debt (% of GNI),DT.DOD.PVLX.GN.ZS,,,,,,,,,,5.33118243653259,
India,IND,"PPG, IDA (DOD, current US$)",DT.DOD.MIDA.CD,24120935000.0,23519621000.0,24379153000.0,23069523000.0,22017976000.0,22157227000.0,21159628000.0,18811299000.0,17111892000.0,14688140000.0,
India,IND,Short-term debt (% of total reserves),DT.DOD.DSTC.IR.ZS,23.0847505838207,23.2054745958907,23.6561634360702,26.0351854098756,23.0391523816499,17.5412237773038,17.9555642677056,22.5403317668255,20.2445053681087,21.7043276053502,
India,IND,"External debt stocks, long-term (DOD, current US$)",DT.DOD.DLXF.CD,391755392267.5,366260913921.7,408301540967.3,411718847724.2,448736621543.8,455716459629.9,474183401146.0,465621453708.4,498261170610.1,555307373499.3,
India,IND,"Net bilateral aid flows from DAC donors, Slovenia (current US$)",DC.DAC.SVNL.CD,,387.000007322058,528.000004123896,169.999999343418,,,102649.003267288,114285.998046398,12725.9995788336,,
India,IND,"Net bilateral aid flows from DAC donors, New Zealand (current US$)",DC.DAC.NZLL.CD,670000.016689301,879999.995231628,209999.993443489,183161.005377769,143077.000975609,125020.995736122,940204.977989197,42883.99964571,,,
India,IND,"Net bilateral aid flows from DAC donors, Lithuania (current US$)",DC.DAC.LTUL.CD,21539.9991720915,9220.00035643578,64614.9963140488,25591.9992923737,119943.998754025,91760.0020766258,176590.994000435,163749.992847443,71569.0031647682,,
India,IND,"Net bilateral aid flows from DAC donors, Iceland (current US$)",DC.DAC.ISLL.CD,,,,,48937.0003342628,,82960.0021243095,128682.002425194,86768.9996957779,,
India,IND,"Net bilateral aid flows from DAC donors, United Kingdom (current US$)",DC.DAC.GBRL.CD,283544403.076172,124993774.414063,116067077.636719,126270133.972168,137204681.396484,121688751.220703,124730545.043945,56172355.6518555,31728857.0404053,,
India,IND,"Net bilateral aid flows from DAC donors, Spain (current US$)",DC.DAC.ESPL.CD,2170166.96929932,3445380.9261322,5013000.01144409,5083900.92849731,6055218.21975708,5697457.79037476,7634490.01312256,5991263.86642456,7900152.2064209,,
India,IND,"Net bilateral aid flows from DAC donors, Switzerland (current US$)",DC.DAC.CHEL.CD,23065013.885498,13337759.0179443,12161789.894104,12014925.9567261,11813774.1088867,10319064.1403198,13121657.371521,8489404.67834473,7853806.01882935,,
India,IND,"Prevalence of severe wasting, weight for height, male (% of children under 5)",SH.SVR.WAST.MA.ZS,8.2,,5.0,,,8.0,,,,,
India,IND,"Prevalence of wasting, weight for height, female (% of children under 5)",SH.STA.WAST.FE.ZS,19.8,,16.0,,,17.9,,,,,
India,IND,"Suicide mortality rate, male (per 100,000 male population)",SH.STA.SUIC.MA.P5,16.53,16.46,16.84,16.66,16.47,15.09,13.8,,,,
India,IND,"Prevalence of stunting, height for age, male (modeled estimate, % of children under 5)",SH.STA.STNT.ME.MA.ZS,39.6,38.6,37.6,36.6,35.6,34.9,34.3,34.1,33.9,34.0,
India,IND,People using safely managed sanitation services (% of population),SH.STA.SMSS.ZS,42.4769302561278,44.8599379840837,47.2396698437666,49.5806533887087,51.9223137988177,54.1679248186604,56.376874632274,58.579834910144,60.7767067943276,62.7850105515952,
India,IND,"Mortality rate attributed to unintentional poisoning, female (per 100,000 female population)",SH.STA.POIS.P5.FE,0.095,0.088,0.086,0.079,0.09,0.075,0.074,,,,
India,IND,"Prevalence of overweight, weight for height, male (modeled estimate, % of children under 5)",SH.STA.OWGH.ME.MA.ZS,2.4,2.4,2.5,2.6,2.7,2.9,3.1,3.3,3.6,3.9,
India,IND,Diarrhea treatment (% of children under 5 who received ORS packet),SH.STA.ORTH,,50.6,,,,,60.6,,,,
India,IND,"People practicing open defecation, rural (% of rural population)",SH.STA.ODFC.RU.ZS,41.0474162990522,37.6899803948054,34.3325444905586,30.9751085863118,27.6176726820649,24.2002266988378,20.7834898815987,17.388837746013,14.0160568595016,10.6649365308844,
India,IND,"Prevalence of underweight, weight for age, male (% of children under 5)",SH.STA.MALN.MA.ZS,36.9,,33.0,,,32.3,,,,,
India,IND,"People with basic handwashing facilities including soap and water, rural (% of rural population)",SH.STA.HYGN.RU.ZS,49.3362608679308,53.9093676541215,58.4824744403122,63.0555812265029,67.6286880126936,72.2017947988843,76.774901585075,81.3480083712657,85.9211151574564,85.9211151574564,
India,IND,Births attended by skilled health staff (% of total),SH.STA.BRTC.ZS,,81.4,,,,,89.4,,,,
India,IND,"People using at least basic sanitation services, rural (% of rural population)",SH.STA.BASS.RU.ZS,50.1570463621293,53.611095028872,57.094589913836,60.6075310170212,64.1499183384276,67.5542354718427,70.9159272623599,74.2850736845519,77.66160269476,81.0454431746786,
India,IND,"Mortality rate attributed to household and ambient air pollution, age-standardized, male (per 100,000 male population)",SH.STA.AIRP.MA.P5,,,,,159.7,,,,,,
India,IND,Risk of catastrophic expenditure for surgical care (% of people at risk),SH.SGR.CRSK.ZS,42.5,37.9,30.1,25.0,23.8,24.1,22.8,20.4,,,
India,IND,Prevalence of anemia among pregnant women (%),SH.PRG.ANEM,48.5,48.1,47.8,47.5,47.2,46.9,46.6,46.6,46.6,,
India,IND,Children with fever receiving antimalarial drugs (% of children under age 5 with fever),SH.MLR.TRET.ZS,,20.1,,,,,25.2,,,,
India,IND,"Physicians (per 1,000 people)",SH.MED.PHYS.ZS,0.723,0.748,0.766,0.84,0.889,0.723,,,,,
India,IND,"Immunization, measles (% of children ages 12-23 months)",SH.IMM.MEAS,87.0,88.0,90.0,93.0,95.0,89.0,89.0,95.0,93.0,97.0,
India,IND,Adults (ages 15+) and children (ages 0-14) newly infected with HIV,SH.HIV.INCD.TL,,,,,,,,,,64000.0,
India,IND,"People using safely managed drinking water services, urban (% of urban population)",SH.H2O.SMDW.UR.ZS,77.0236068877999,77.6776910648963,78.3335616815052,78.9912187376263,79.6506622332597,80.3118921684054,80.9749085430635,81.6397113572341,82.3063006109169,82.9746763041121,
India,IND,"People using at least basic drinking water services, rural (% of rural population)",SH.H2O.BASW.RU.ZS,87.2015751754967,88.0485222949581,88.8978899356979,89.7496780977159,90.6038867810118,91.4605159855862,92.3195657114388,93.1810359585693,94.0449267269783,94.9112380166652,
India,IND,"Mortality from CVD, cancer, diabetes or CRD between exact ages 30 and 70, male (%)",SH.DYN.NCOM.MA.ZS,25.4,25.5,25.6,26.5,26.7,26.4,24.1,,,,
India,IND,"Mortality rate, under-5 (per 1,000 live births)",SH.DYN.MORT,43.7,41.3,39.0,36.9,34.9,33.0,31.2,29.5,28.0,26.6,
India,IND,"Probability of dying among adolescents ages 15-19 years (per 1,000)",SH.DYN.1519,4.7,4.5,4.3,4.2,4.0,3.9,3.8,3.7,3.6,3.5,
India,IND,Number of neonatal deaths,SH.DTH.NMRT,654101.0,629356.0,586817.0,565729.0,525925.0,484566.0,455422.0,430573.0,407112.0,386212.0,
India,IND,Number of infant deaths,SH.DTH.IMRT,906137.0,864666.0,811465.0,763495.0,721385.0,670895.0,627983.0,595743.0,566617.0,539573.0,
India,IND,Number of deaths ages 10-14 years,SH.DTH.1014,83953.0,79733.0,75588.0,71688.0,68134.0,64878.0,61919.0,59198.0,56743.0,54351.0,
India,IND,Prevalence of anemia among non-pregnant women (% of women ages 15-49),SH.ANM.NPRG.ZS,50.9,51.2,51.6,51.9,52.2,52.6,52.9,53.4,54.0,,
India,IND,"Total alcohol consumption per capita (liters of pure alcohol, projected estimates, 15+ years of age)",SH.ALC.PCAP.LI,4.96,4.87,4.87,4.92,4.92,4.1,,,,,
India,IND,Women who believe a husband is justified in beating his wife when she neglects the children (%),SG.VAW.NEGL.ZS,,32.7,,,,,35.9,,,,
India,IND,Proportion of women subjected to physical and/or sexual violence in the last 12 months (% of ever-partnered women ages 15-49),SG.VAW.1549.ZS,,22.0,,,,,,,,,
India,IND,"Women making their own informed decisions regarding sexual relations, contraceptive use and reproductive health care (% of women age 15-49)",SG.DMK.SRCR.FN.ZS,,,,,,,65.6,,,,
India,IND,"School enrollment, tertiary, female (% gross)",SE.TER.ENRR.FE,26.8824848217933,27.0964508083747,28.1063681820981,29.1416522206199,30.2734834550521,31.2567152517231,32.3862536999882,33.2538563262393,35.2437991377201,35.4110375372816,35.7317719937145
India,IND,"Educational attainment, at least completed short-cycle tertiary, population 25+, male (%) (cumulative)",SE.TER.CUAT.ST.MA.ZS,,,,,14.3459350512619,,14.9111667976283,,,,
India,IND,"Educational attainment, at least Master's or equivalent, population 25+, female (%) (cumulative)",SE.TER.CUAT.MS.FE.ZS,,,,1.95743000507355,,3.11032009124756,,2.82770991325378,2.82763004302979,,
India,IND,"Educational attainment, at least Bachelor's or equivalent, population 25+, total (%) (cumulative)",SE.TER.CUAT.BA.ZS,,10.1431703567505,,10.782509803772,12.0160398483276,12.2234497070312,,12.1410703659058,14.8793001174927,,
India,IND,"Adolescents out of school, male (% of male lower secondary school age)",SE.SEC.UNER.LO.MA.ZS,,,,,,11.9500308456438,10.8312169176459,11.4714893976068,15.2037406731832,15.6142664890329,14.985242818613
India,IND,"Secondary education, teachers",SE.SEC.TCHR,4092933.0,4638710.0,4731207.0,,6103309.0,6583889.0,6632380.0,6678915.0,6730253.0,6988068.0,7313857.0
India,IND,"Net bilateral aid flows from DAC donors, Canada (current US$)",DC.DAC.CANL.CD,9659869.19403076,5873415.94696045,5467989.92156982,4386373.99673462,8000822.06726074,6186720.8480835,12956855.7739258,2111984.01451111,63939800.2624512,,
India,IND,"Stocks traded, turnover ratio of domestic shares (%)",CM.MKT.TRNR,45.9662724641824,46.2890841379545,47.1366776809853,30.422133,55.8341742,72.182099,64.815495,49.8110247,44.814406,65.2342629,
India,IND,Market capitalization of listed domestic companies (% of GDP),CM.MKT.LCAP.GD.ZS,82.9615370858036,76.0981248580096,96.3987783868431,153.160482470967,76.2695069175453,95.4245016969537,112.02132346833,101.233056167098,119.283874857038,131.241426662713,
India,IND,"Personal remittances, received (current US$)",BX.TRF.PWKR.CD.DT,68909693352.835,62744364089.9511,68967175499.8664,78790170928.6742,83332078002.3031,83149172934.1043,89375152217.5657,111221774722.087,119526055008.101,137674533895.686,
India,IND,"Foreign direct investment, net inflows (% of GDP)",BX.KLT.DINV.WD.GD.ZS,2.09211521443253,1.9373641224439,1.50731583255894,1.55821483801456,1.78482633957161,2.40620322673636,1.41217101040888,1.49248825904,0.771919134264091,0.694133152879562,
India,IND,"Exports of goods, services and primary income (BoP, current US$)",BX.GSR.TOTL.CD,443164297038.465,445918512250.488,507948171892.782,558423279580.479,569380732947.818,507289199021.317,666791748668.23,794821399183.284,811089762317.846,873222361055.192,
India,IND,"Insurance and financial services (% of service exports, BoP)",BX.GSR.INSF.ZS,4.68990275996278,4.45499468203815,3.74785906169842,3.90949878823958,3.42157314445289,3.17824437467333,3.39699223006915,3.4567762652987,3.48591637470208,3.1200463256544,
India,IND,"ICT service exports (% of service exports, BoP)",BX.GSR.CCIS.ZS,48.8670014249962,47.300749949433,42.3751022077091,41.3042841946734,43.95814821332,48.9656874345531,49.6661074598785,46.8040630285381,48.1688192762241,47.4135569645014,
India,IND,"Net capital account (BoP, current US$)",BN.TRF.KOGT.CD,37069432.5800826,136835869.879331,37311530.9812796,-123100671.224462,-1155591043.10925,-1056330061.82928,-307606463.21172,-59588296.1308394,-122453077.962332,-68515184.4773385,
India,IND,"Foreign direct investment, net (BoP, current US$)",BN.KLT.DINV.CD,-36495216490.7241,-39411278940.2537,-28875941053.3143,-30699661201.0258,-37469945322.0152,-53239697390.8242,-27488543123.438,-35408008686.0269,-14207626753.5791,-2891247183.62523,
India,IND,"Net primary income (BoP, current US$)",BN.GSR.FCTY.CD,-23360376799.6178,-27361150830.0874,-26423108357.8149,-29756615341.2688,-29377866496.2086,-32044833069.0405,-37620114037.4453,-41709031599.7155,-47525680473.0115,-51278272225.5678,
India,IND,"Personal remittances, paid (current US$)",BM.TRF.PWKR.CD.DT,4882832496.02911,5622636934.73719,6958929627.68116,6781570846.83789,7531590149.75826,7010825358.5011,8181397793.02489,10088812317.3667,12359065329.9615,12072300699.6765,
India,IND,"Travel services (% of service imports, BoP)",BM.GSR.TRVL.ZS,17.9537833385457,17.0726286196316,16.8630162724458,17.1674987721025,17.5546191383322,10.8363499447897,10.3500164525843,14.6351379060912,18.6861295194823,17.7815471467912,
India,IND,"Service imports (BoP, current US$)",BM.GSR.NFSV.CD,82643096048.2118,95922439916.7263,109371141905.165,124181614506.58,130535200230.311,116037457855.902,137974001271.287,176844444022.799,178397594815.944,196677420819.549,
India,IND,"Primary income payments (BoP, current US$)",BM.GSR.FCTY.CD,37893770662.1341,42846175152.8797,44970367090.4048,51137462774.5212,52725478976.0263,54643402539.9947,61332047066.447,68887375080.9248,85438218672.9917,102359441420.272,
India,IND,Surface area (sq. km),AG.SRF.TOTL.K2,3287260.0,3287260.0,3287260.0,3287260.0,3287260.0,3287260.0,3287260.0,3287260.0,3287260.0,,
India,IND,Cereal production (metric tons),AG.PRD.CREL.MT,284850922.0,299053838.96,309663380.51,320692531.88,323957437.96,341446939.74,355529808.53,353766052.45,373583926.89,391123857.84,
India,IND,Average precipitation in depth (mm per year),AG.LND.PRCP.MM,1083.0,1083.0,1083.0,1083.0,1083.0,1083.0,1083.0,1083.0,,,
India,IND,Land area where elevation is below 5 meters (% of total land area),AG.LND.EL5M.ZS,1.25039652141578,,,,,,,,,,
India,IND,Rural land area where elevation is below 5 meters (sq. km),AG.LND.EL5M.RU.K2,32106.8378294,,,,,,,,,,
India,IND,Arable land (hectares per person),AG.LND.ARBL.HA.PC,0.117778700796226,0.116312112388325,0.11465756005888,0.113102953358914,0.11185429047714,0.110096001605056,0.10901113137649,0.108057404989137,0.106996699205648,,
India,IND,Fertilizer consumption (kilograms per hectare of arable land),AG.CON.FERT.ZS,171.038212936265,166.003057888777,170.569293434684,176.071212647449,186.456757783084,210.69195830144,193.601012213706,193.754969391567,199.141215854816,,
India,IND,"Tuberculosis case detection rate (%, all forms)",SH.TBS.DTEC.ZS,53.0,58.0,56.0,67.0,77.0,59.0,71.0,81.0,86.0,92.0,
India,IND,"Prevalence of severe wasting, weight for height, female (% of children under 5)",SH.SVR.WAST.FE.ZS,7.1,,4.7,,,7.1,,,,,
India,IND,"Mortality rate attributed to unsafe water, unsafe sanitation and lack of hygiene (per 100,000 population)",SH.STA.WASH.P5,,,,,36.4,,,,,,
India,IND,"Suicide mortality rate, female (per 100,000 female population)",SH.STA.SUIC.FE.P5,12.6,12.67,12.77,11.8,11.32,10.79,11.23,,,,
India,IND,"Prevalence of stunting, height for age, female (modeled estimate, % of children under 5)",SH.STA.STNT.ME.FE.ZS,37.6,36.6,35.6,34.5,33.5,32.7,32.1,31.9,31.7,31.8,
India,IND,"People using safely managed sanitation services, urban (% of urban population)",SH.STA.SMSS.UR.ZS,44.4901967716344,45.7312871031218,46.9646656884271,48.2138677059993,49.490062493638,50.7935666523453,52.1246967831255,53.4837694869811,54.8711013649158,55.7915056958372,
India,IND,"Mortality rate attributed to unintentional poisoning (per 100,000 population)",SH.STA.POIS.P5,0.17,0.16,0.16,0.15,0.16,0.13,0.12,,,,
India,IND,"Prevalence of overweight, weight for height, female (modeled estimate, % of children under 5)",SH.STA.OWGH.ME.FE.ZS,2.0,2.1,2.2,2.2,2.4,2.5,2.7,2.9,3.1,3.4,
India,IND,Diarrhea treatment (% of children under 5 receiving oral rehydration and continued feeding),SH.STA.ORCF.ZS,,40.1,,,,,45.8,,,,
India,IND,"Maternal mortality ratio (national estimate, per 100,000 live births)",SH.STA.MMRT.NE,130.0,,,,,,,,,,
India,IND,"Prevalence of underweight, weight for age, female (% of children under 5)",SH.STA.MALN.FE.ZS,35.6,,34.7,,,30.6,,,,,
India,IND,Exclusive breastfeeding (% of children under 6 months),SH.STA.BFED.ZS,,54.87259,,58.0,,,,,,,
India,IND,ARI treatment (% of children under 5 taken to a health provider),SH.STA.ARIC.ZS,,78.1,,,,,69.0,,,,
India,IND,"Mortality rate attributed to household and ambient air pollution, age-standardized, female (per 100,000 female population)",SH.STA.AIRP.FE.P5,,,,,119.9,,,,,,
India,IND,"Prevalence of current tobacco use, males (% of male adults)",SH.PRV.SMOK.MA,46.4,,,,,40.0,38.8,37.8,,,
India,IND,Lifetime risk of maternal death (%),SH.MMR.RISK.ZS,0.29587173391399,0.274618372126596,0.245857820138793,0.231104360820657,0.21120860015659,0.202170838563706,0.304152105923377,0.174890497574788,0.155073471105069,,
India,IND,Use of insecticide-treated bed nets (% of under-5 population),SH.MLR.NETS.ZS,,5.0,,,,,4.4,,,,
India,IND,"Nurses and midwives (per 1,000 people)",SH.MED.NUMW.P3,1.431,1.474,2.126,1.7,,1.72,,,,,
India,IND,"Immunization, DPT (% of children ages 12-23 months)",SH.IMM.IDPT,87.0,88.0,89.0,90.0,91.0,85.0,85.0,93.0,91.0,94.0,
India,IND,"People using safely managed drinking water services, rural (% of rural population)",SH.H2O.SMDW.RU.ZS,53.5357982529703,55.5564218439551,57.6022145697101,59.6731764302351,61.7693074255304,63.8906075555954,66.0370768204305,68.2087152200354,70.4055227544104,72.6274994235553,
India,IND,Demand for family planning satisfied by modern methods (% of married women with demand for family planning),SH.FPL.SATM.ZS,,71.9,,,,,74.1,,,,
India,IND,"Mortality from CVD, cancer, diabetes or CRD between exact ages 30 and 70, female (%)",SH.DYN.NCOM.FE.ZS,19.7,20.0,20.2,20.7,20.6,20.1,23.0,,,,
India,IND,"Prevalence of HIV, total (% of population ages 15-49)",SH.DYN.AIDS.ZS,,,,,,,,,,0.2,
India,IND,"Probability of dying among adolescents ages 10-14 years (per 1,000)",SH.DYN.1014,3.2,3.0,2.9,2.8,2.7,2.5,2.4,2.3,2.3,2.2,
India,IND,"Cause of death, by non-communicable diseases (% of total)",SH.DTH.NCOM.ZS,62.1381229342582,,,,67.8171315530812,63.1604523918734,49.0788120326803,,,,
India,IND,"Cause of death, by communicable diseases and maternal, prenatal and nutrition conditions (% of total)",SH.DTH.COMM.ZS,27.2977388024525,,,,21.7558305034359,25.394137445736,38.3772760853965,,,,
India,IND,Number of deaths ages 5-9 years,SH.DTH.0509,89162.0,82445.0,76385.0,70719.0,65248.0,60038.0,55497.0,51420.0,48001.0,45212.0,
India,IND,Prevalence of anemia among children (% of children ages 6-59 months),SH.ANM.CHLD.ZS,55.7,55.0,54.5,53.9,53.4,,,,,,
India,IND,"Total alcohol consumption per capita, female (liters of pure alcohol, projected estimates, female 15+ years of age)",SH.ALC.PCAP.FE.LI,1.58,1.55,1.55,1.56,1.56,1.28,,,,,
India,IND,Women who believe a husband is justified in beating his wife when she goes out without telling him (%),SG.VAW.GOES.ZS,,26.1,,,,,20.9,,,,
India,IND,"Proportion of time spent on unpaid domestic and care work, male (% of 24 hour day)",SG.TIM.UWRK.MA,,,,,2.84722,,,,,,
India,IND,"Women participating in the three decisions (own health care, major household purchases, and visiting family) (% of women age 15-49)",SG.DMK.ALLD.FN.ZS,,63.0,,,,,73.3,,,,
India,IND,"School enrollment, tertiary (% gross)",SE.TER.ENRR,27.2845677075978,27.3043573857643,27.9090519049334,28.5316865291946,29.0233593907143,29.8196397708424,31.5741765984501,32.6703053423023,34.2394344991225,34.4184659748952,34.4465039692543
India,IND,"Educational attainment, at least completed short-cycle tertiary, population 25+, female (%) (cumulative)",SE.TER.CUAT.ST.FE.ZS,,,,,9.44995251780344,,9.88189552949363,,,,
India,IND,"Educational attainment, Doctoral or equivalent, population 25+, total (%) (cumulative)",SE.TER.CUAT.DO.ZS,,,,,,,,,0.0769900009036064,,
India,IND,"Educational attainment, at least Bachelor's or equivalent, population 25+, male (%) (cumulative)",SE.TER.CUAT.BA.MA.ZS,,13.0686302185059,,13.7286596298218,14.9449796676636,14.6189098358154,,14.5490703582764,18.0319805145264,,
India,IND,"Adolescents out of school, female (% of female lower secondary school age)",SE.SEC.UNER.LO.FE.ZS,,,,,,10.0034255987473,9.13931758934685,9.87577474580251,13.9837823634646,14.4571714057652,12.9312527207277
India,IND,Trained teachers in secondary education (% of total teachers),SE.SEC.TCAQ.ZS,,,76.4794691925337,,75.5670735333898,80.219608805677,89.7171754332532,90.2934383803357,92.0037329948815,92.3228423077738,92.1641344642095
India,IND,"Foreign direct investment, net inflows (BoP, current US$)",BX.KLT.DINV.CD.WD,44009492129.5319,44458571545.798,39966091358.7384,42117450737.2644,50610647353.5911,64362364994.3754,44727277562.881,49940258404.2659,28086193530.3979,27139853378.1402,
India,IND,"Charges for the use of intellectual property, receipts (BoP, current US$)",BX.GSR.ROYL.CD,466556838.054459,524879155.063453,659628260.998322,784900902.149806,871605164.428632,1253654725.41466,870139762.196607,1167577791.24639,1526339965.47209,1728889909.66742,
India,IND,"Exports of goods and services (BoP, current US$)",BX.GSR.GNFS.CD,428630903175.949,430433487927.696,489400913160.192,537042432147.227,546033120468.0,484690629550.363,643079815639.228,767643055702.075,773177224117.866,822141191860.488,
India,IND,"ICT service exports (BoP, current US$)",BX.GSR.CCIS.CD,76368457308.317,76541497883.8453,78518527934.617,84655434762.6557,94405195913.7423,99471420011.2151,119524198143.803,144798242741.809,162588882964.279,177745449130.557,
India,IND,"Net secondary income (BoP, current US$)",BN.TRF.CURR.CD,64152710184.8464,56826569387.7324,60467061759.6437,70074861229.2123,73066673168.4713,73117049921.2454,78237129107.4086,97319054871.2442,101907122881.076,120708302440.24,
India,IND,"Net errors and omissions (BoP, current US$)",BN.KAC.EOMS.CD,-460012929.107876,150321039.016776,-850009103.636688,1224818384.07127,-343153901.386428,1250275990.74963,641246906.927279,-2311511518.41548,153546580.657716,1265929651.74918,
India,IND,"Net financial account (BoP, current US$)",BN.FIN.TOTL.CD,-22879781506.1486,-11826630798.4727,-38980356796.1663,-64497721339.8207,-31261609594.8237,32923994517.1283,-33088718914.2242,-81422041765.8702,-31924404427.509,-30818003961.0455,
India,IND,"Secondary income, other sectors, payments (BoP, current US$)",BM.TRF.PRVT.CD,2801029500.36722,3932777976.64613,5845379246.01509,5876083841.46226,6684157319.78979,5824768109.79407,7345606664.92864,9494704335.39371,12531637945.7808,11128631503.2156,
India,IND,"Transport services (% of service imports, BoP)",BM.GSR.TRAN.ZS,18.6652622502564,14.7036626028538,14.9580464247137,16.1337181205347,18.3547107305622,17.1353202611738,22.0818886545431,24.6138771190999,16.5463525391385,17.5276009941552,
India,IND,"Goods imports (BoP, current US$)",BM.GSR.MRCH.CD,409236978522.587,376090254275.983,452241383880.367,518778502581.258,488949591560.279,376995339958.456,579145188795.842,725459576902.128,681116569640.193,726909219683.928,
India,IND,"Communications, computer, etc. (% of service imports, BoP)",BM.GSR.CMCP.ZS,50.3543373707942,48.329617530437,47.5362505440048,48.4381452162839,53.8844036123138,62.7496496515862,58.7317505057131,53.4178906783833,59.8185080098676,60.4944021883195,
India,IND,Livestock production index (2014-2016 = 100),AG.PRD.LVSK.XD,99.84,105.22,111.37,117.75,124.44,128.12,135.29,132.52,,,
India,IND,Urban land area (sq. km),AG.LND.TOTL.UR.K2,171839.18292269,,,,,,,,,,
India,IND,Agricultural irrigated land (% of total agricultural land),AG.LND.IRIG.AG.ZS,38.0592736886044,37.4767510496831,38.3008993728938,38.7893878827129,39.9642547962803,42.2656390034056,42.9821498809773,43.6985457569589,44.4148265955838,,
India,IND,Urban land area where elevation is below 5 meters (% of total land area),AG.LND.EL5M.UR.ZS,0.224064948861236,,,,,,,,,,
India,IND,Permanent cropland (% of land area),AG.LND.CROP.ZS,4.37240808693693,4.37240808693693,4.37240808693693,4.47330981202009,4.47330981202009,4.58275454982695,4.70057413081572,4.77729307578729,4.86154601623172,,
India,IND,Arable land (hectares),AG.LND.ARBL.HA,156413000.0,156317000.0,155895000.0,155478000.0,155369000.0,154422600.0,154163966.7,154027533.3,153868700.0,,
India,IND,Fertilizer consumption (% of fertilizer production),AG.CON.FERT.PT.ZS,149.441673137188,144.728520036811,146.530556014768,152.701187574258,156.483317038389,176.042247195875,160.62028102616,143.843295272156,139.367421382504,,
India,IND,External health expenditure (% of current health expenditure),SH.XPD.EHEX.CH.ZS,0.71176356,0.64179951,0.58871472,0.46161893,0.55651969,0.65388739,1.01271272,1.14235365,2.41318536,,
India,IND,Newborns protected against tetanus (%),SH.VAC.TTNS.ZS,87.0,87.0,90.0,90.0,90.0,90.0,90.0,93.0,93.0,93.0,
India,IND,"Prevalence of severe wasting, weight for height (% of children under 5)",SH.SVR.WAST.ZS,7.7,,4.8,,,7.5,,,,,
India,IND,"Prevalence of wasting, weight for height, male (% of children under 5)",SH.STA.WAST.MA.ZS,21.7,,17.7,,,19.5,,,,,
India,IND,"Suicide mortality rate (per 100,000 population)",SH.STA.SUIC.P5,14.63,14.62,14.87,14.31,13.98,13.01,12.56,,,,
India,IND,"Prevalence of stunting, height for age (modeled estimate, % of children under 5)",SH.STA.STNT.ME.ZS,38.7,37.7,36.6,35.6,34.6,33.8,33.3,33.0,32.8,32.9,
India,IND,"Prevalence of stunting, height for age, female (% of children under 5)",SH.STA.STNT.FE.ZS,37.5,,35.8,,,34.6,,,,,
India,IND,"Mortality rate attributed to unintentional poisoning, male (per 100,000 male population)",SH.STA.POIS.P5.MA,0.24,0.22,0.22,0.21,0.23,0.19,0.17,,,,
India,IND,"Prevalence of overweight, weight for height (modeled estimate, % of children under 5)",SH.STA.OWGH.ME.ZS,2.2,2.3,2.3,2.4,2.5,2.7,2.9,3.1,3.4,3.7,
India,IND,"Prevalence of overweight, weight for height, female (% of children under 5)",SH.STA.OWGH.FE.ZS,2.4,,1.6,,,3.4,,,,,
India,IND,"People practicing open defecation, urban (% of urban population)",SH.STA.ODFC.UR.ZS,9.05398851297468,7.9631724652877,6.87235641760071,5.78154036991373,4.69072432222674,3.59990827453976,2.50909222685277,1.41827617916579,0.327460131478801,0.0,
India,IND,"Prevalence of underweight, weight for age (% of children under 5)",SH.STA.MALN.ZS,36.3,,33.8,,,31.5,,,,,
India,IND,"People with basic handwashing facilities including soap and water, urban (% of urban population)",SH.STA.HYGN.UR.ZS,77.5903571395984,79.9102001849351,82.2300432302718,84.5498862756085,86.8697293209443,89.189572366281,91.5094154116177,93.8292584569544,96.1491015022912,96.1491015022912,
India,IND,Low-birthweight babies (% of births),SH.STA.BRTW.ZS,28.66160295,28.36879643,28.08633456,27.8332971,27.62056764,27.43525934,,,,,
India,IND,"People using at least basic sanitation services, urban (% of urban population)",SH.STA.BASS.UR.ZS,71.4908828327006,73.2384001554442,75.0052138951575,76.7913240518409,78.5967306254945,80.4214336161174,82.2654330237108,84.1287288482735,86.0113210898067,87.3801818139873,
India,IND,"Mortality rate attributed to household and ambient air pollution, age-standardized (per 100,000 population)",SH.STA.AIRP.P5,,,,,139.3,,,,,,
India,IND,Risk of impoverishing expenditure for surgical care (% of people at risk),SH.SGR.IRSK.ZS,59.4,55.4,52.4,48.4,46.3,49.6,43.9,40.2,,,
India,IND,Prevalence of current tobacco use (% of adults),SH.PRV.SMOK,31.5,,,,,26.1,25.2,24.3,,,
India,IND,Number of maternal deaths,SH.MMR.DTHS,32000.0,30000.0,28000.0,26000.0,24000.0,24000.0,36000.0,21000.0,19000.0,,
India,IND,"Hospital beds (per 1,000 people)",SH.MED.BEDS.ZS,1.7,1.68,1.66,1.64,1.62,1.61,1.59,,,,
India,IND,"Incidence of HIV, all (per 1,000 uninfected population)",SH.HIV.INCD.TL.P3,,,,,,,,,,0.1,
India,IND,Antiretroviral therapy coverage (% of people living with HIV),SH.HIV.ARTC.ZS,,,,,,,,65.0,69.0,72.0,
India,IND,People using safely managed drinking water services (% of population),SH.H2O.SMDW.ZS,61.2343987010564,62.8967025513523,64.567945966321,66.2471046550041,67.9333667144175,69.6259050057647,71.3240226487586,73.0266809621397,74.7331217386926,76.4421942140842,
India,IND,"People using at least basic drinking water services, urban (% of urban population)",SH.H2O.BASW.UR.ZS,94.9421532971033,95.1828262075497,95.4237658766528,95.6649723044127,95.9064454908293,96.1481854359028,96.3901921396332,96.6324656020203,96.8750058230642,97.117812802765,
India,IND,"Mortality from CVD, cancer, diabetes or CRD between exact ages 30 and 70 (%)",SH.DYN.NCOM.ZS,22.6,22.8,23.0,23.6,23.7,23.3,23.6,,,,
India,IND,"Mortality rate, under-5, female (per 1,000 live births)",SH.DYN.MORT.FE,45.2,42.5,40.0,37.7,35.5,33.5,31.5,29.8,28.1,26.7,
India,IND,"Probability of dying among youth ages 20-24 years (per 1,000)",SH.DYN.2024,6.7,6.4,6.1,5.9,5.7,5.6,5.4,5.3,5.2,5.2,
India,IND,"Cause of death, by other COVID-19 pandemic-related outcomes (% of total)",SH.DTH.OCVD.ZS,0.0,,,,0.0,2.31376347953946,5.49911133650512,,,,
India,IND,"Cause of death, by injury (% of total)",SH.DTH.INJR.ZS,10.5641382632894,,,,10.4270379434828,9.13164668285109,7.04480054541833,,,,
India,IND,Number of deaths ages 15-19 years,SH.DTH.1519,121498.0,116686.0,112589.0,109028.0,105869.0,102903.0,99669.0,96242.0,92875.0,89863.0,
India,IND,"Total alcohol consumption per capita, male (liters of pure alcohol, projected estimates, male 15+ years of age)",SH.ALC.PCAP.MA.LI,8.16,8.01,8.02,8.1,8.1,6.77,,,,,
India,IND,Women who believe a husband is justified in beating his wife (any of five reasons) (%),SG.VAW.REAS.ZS,,44.6,,,,,44.4,,,,
India,IND,Women who believe a husband is justified in beating his wife when she argues with him (%),SG.VAW.ARGU.ZS,,29.1,,,,,20.6,,,,
India,IND,Proportion of seats held by women in national parliaments (%),SG.GEN.PARL.ZS,11.9705340699816,11.9705340699816,11.8081180811808,11.8081180811808,14.3911439114391,14.3646408839779,14.4444444444444,14.9446494464945,15.2416356877323,13.6531365313653,13.7867647058824
India,IND,"Government expenditure on education, total (% of government expenditure)",SE.XPD.TOTL.GB.ZS,15.6922197341919,15.7215003967285,15.8097696304321,16.6353797912598,14.8238201141357,15.9926099777222,14.924599647522,14.1554744728238,,,
India,IND,"School enrollment, tertiary, male (% gross)",SE.TER.ENRR.MA,27.6542491668623,27.4949338283584,27.7286239351783,27.9747022037005,27.8825101196224,28.508287881554,30.8329044261743,32.1374454998472,33.3219617098099,33.510930522044,33.2708567182883
India,IND,"Educational attainment, at least completed short-cycle tertiary, population 25+, total (%) (cumulative)",SE.TER.CUAT.ST.ZS,,,,,11.8733481311439,,12.3699246623116,,,,
India,IND,"Net bilateral aid flows from DAC donors, France (current US$)",DC.DAC.FRAL.CD,54924900.0549316,138538894.65332,180873306.274414,302666809.082031,214728836.05957,343074951.171875,-12958966.255188,16196575.1647949,106709732.055664,,
India,IND,"Net bilateral aid flows from DAC donors, Denmark (current US$)",DC.DAC.DNKL.CD,1445091.96281433,-2264820.09887695,3410361.05155945,803321.003913879,1755028.96308899,3082703.11355591,6523890.97213745,20175878.5247803,5071766.85333252,,
India,IND,"Net bilateral aid flows from DAC donors, European Union institutions (current US$)",DC.DAC.CECL.CD,264696014.404297,300843536.376953,462365631.103516,397213073.730469,186399871.826172,190549118.041992,120502349.853516,383487274.169922,90378845.2148438,,
India,IND,"Net bilateral aid flows from DAC donors, Australia (current US$)",DC.DAC.AUSL.CD,4171267.98629761,4663516.99829102,6198443.88961792,6596218.10913086,6702497.00546265,2286463.02223206,20394424.4384766,6799255.84793091,6508563.04168701,,
India,IND,"Listed domestic companies, total",CM.MKT.LDOM.NO,5835.0,5820.0,5615.0,6988.0,1955.0,1962.0,2053.0,2168.0,2370.0,2673.0,8510.0
India,IND,"Personal remittances, received (% of GDP)",BX.TRF.PWKR.DT.GD.ZS,3.27581644116736,2.73420120455754,2.60108787283474,2.91499156006937,2.93877465566923,3.10855277353444,2.82183503869842,3.32391537862222,3.28504639847322,3.52118550357421,
India,IND,"Portfolio equity, net inflows (BoP, current US$)",BX.PEF.TOTL.CD.WD,1932581388.28164,2336743636.48133,5928064111.04438,-4361005877.37179,13768516396.8703,24854054527.0627,5223337684.68153,-16572089325.951,21427093556.532,-827440000.00004,
India,IND,"Transport services (% of service exports, BoP)",BX.GSR.TRAN.ZS,9.16252708297244,9.37809579204235,9.16335489442505,9.2698207397719,9.83668731813328,10.2345525851482,12.192285718904,12.1320487760283,8.70091476526556,8.90214604889514,
India,IND,"Goods exports (BoP, current US$)",BX.GSR.MRCH.CD,272352729599.999,268614704999.999,304106898883.26,332086853293.32,331271580797.1,281545477868.04,402424358111.46,458271959749.314,435637534735.17,447258013904.37,
India,IND,"Communications, computer, etc. (% of service exports, BoP)",BX.GSR.CMCP.ZS,58.5800504118325,58.2861632072611,52.6112568869802,50.5607526168408,53.2413032737509,58.7476040902528,58.7778997079029,55.228888679462,56.5689933809751,55.7895034642859,
India,IND,"Grants, excluding technical cooperation (BoP, current US$)",BX.GRT.EXTA.CD.WD,912220447.0,692177393.0,593527522.0,697425961.0,675487759.0,617271423.0,785092218.0,677551790.0,645378387.0,,
India,IND,"Portfolio investment, net (BoP, current US$)",BN.KLT.PTXL.CD,-9486642829.08657,4725209437.40442,-30637784957.5154,9597939591.47163,-24584119878.3926,-15111706746.6555,-5718199364.63132,18702836367.7626,-31025324772.4475,-20814571002.0463,
India,IND,"Net trade in goods and services (BoP, current US$)",BN.GSR.GNFS.CD,-63249171394.8497,-41579206265.0142,-72211612625.3398,-105917684940.611,-73451671322.5905,-8342168263.9966,-74039374427.9021,-134660965222.852,-86336940338.2707,-101445448642.989,
India,IND,"Current account balance (BoP, current US$)",BN.CAB.XOKA.CD,-22456838009.6208,-12113787707.3688,-38167659223.511,-65599439052.6676,-29762864650.3281,32730048588.2079,-33422359357.9397,-79050941951.3239,-31955497930.2044,-32015418428.3173,
India,IND,"Foreign direct investment, net outflows (BoP, current US$)",BM.KLT.DINV.CD.WD,7514275638.80774,5047292605.54427,11090150305.4241,11417789536.2385,13140702031.5758,11122667603.5511,17238734439.4429,14532249718.239,13878566776.8187,24248606194.515,
India,IND,"Charges for the use of intellectual property, payments (BoP, current US$)",BM.GSR.ROYL.CD,5009034406.59605,5466041709.75269,6515405393.63594,7905957776.50493,7889685402.17331,7241107556.78617,8631569309.27649,10427794881.2932,14349449523.6213,16263058709.4908,
India,IND,"Imports of goods and services (BoP, current US$)",BM.GSR.GNFS.CD,491880074570.798,472012694192.71,561612525785.532,642960117087.838,619484791790.59,493032797814.359,717119190067.13,902304020924.927,859514164456.137,923586640503.477,
India,IND,Cereal yield (kg per hectare),AG.YLD.CREL.KG,2852.4,3012.9,3127.6,3301.1,3394.1,3391.0,3527.9,3564.0,3602.0,3632.5,
India,IND,Crop production index (2014-2016 = 100),AG.PRD.CROP.XD,97.64,101.03,107.28,110.84,112.25,115.74,120.63,123.29,,,
India,IND,Land area (sq. km),AG.LND.TOTL.K2,2973190.0,2973190.0,2973190.0,2973190.0,2973190.0,2973190.0,2973190.0,2973190.0,2973190.0,,
India,IND,Forest area (sq. km),AG.LND.FRST.K2,708280.0,710940.0,713610.0,716270.0,718940.0,721600.0,724260.0,726930.0,729592.0,,
India,IND,Rural land area where elevation is below 5 meters (% of total land area),AG.LND.EL5M.RU.ZS,1.02633157255454,,,,,,,,,,
India,IND,Arable land (% of land area),AG.LND.ARBL.ZS,52.6078050847743,52.5755165327477,52.433581439464,52.2933280415984,52.2566670814849,51.9383557727559,51.8513672856427,51.8054794009128,51.752057554344,,
India,IND,Agricultural land (sq. km),AG.LND.AGRI.K2,1796750.0,1795780.0,1792360.0,1791160.0,1790450.0,1785280.0,1785423.333,1785566.667,1785710.0,,
India,IND,"Prevalence of stunting, height for age (% of children under 5)",SH.STA.STNT.ZS,37.9,,36.1,,,35.5,,,,,
India,IND,"Prevalence of stunting, height for age, male (% of children under 5)",SH.STA.STNT.MA.ZS,38.3,,36.4,,,36.2,,,,,
India,IND,"People using safely managed sanitation services, rural (% of rural population)",SH.STA.SMSS.RU.ZS,41.4952879405142,44.4272227906105,47.3788298797235,50.2856986360429,53.201838358235,55.9789839355697,58.7063036259541,61.4304799212172,64.1513919438365,66.8689198526858,
India,IND,"Prevalence of overweight, weight for height (% of children under 5)",SH.STA.OWGH.ZS,2.4,,1.6,,,3.5,,,,,
India,IND,"Prevalence of overweight, weight for height, male (% of children under 5)",SH.STA.OWGH.MA.ZS,2.4,,1.7,,,3.6,,,,,
India,IND,People practicing open defecation (% of population),SH.STA.ODFC.ZS,30.5609314039809,27.826030815518,25.1059208970117,22.4017367809533,19.7142943974501,17.0053594469744,14.3156319775818,11.6598776255017,9.03833525343739,6.73309452387536,
India,IND,"Maternal mortality ratio (modeled estimate, per 100,000 live births)",SH.STA.MMRT,129.0,121.0,113.0,107.0,101.0,101.0,155.0,90.0,80.0,,
India,IND,People with basic handwashing facilities including soap and water (% of population),SH.STA.HYGN.ZS,58.5971073241002,62.5369651216312,66.4616562793116,70.3700915647089,74.26145830438,78.1349455314452,81.9898869506181,85.8252809853407,89.640420179169,89.691868170007,
India,IND,Diabetes prevalence (% of population ages 20 to 79),SH.STA.DIAB.ZS,,,,,,,,,,10.5,
India,IND,People using at least basic sanitation services (% of population),SH.STA.BASS.ZS,57.1496392627885,60.1238284933312,63.1125583715917,66.1148742165368,69.1300220717047,72.0482326780192,74.9328568041953,77.8161883735175,80.6978943350927,83.380872478201,
India,IND,Pregnant women receiving prenatal care (%),SH.STA.ANVC.ZS,,79.3,,,,,85.1,,,,
India,IND,"Prevalence of current tobacco use, females (% of female adults)",SH.PRV.SMOK.FE,16.6,,,,,12.2,11.5,10.8,,,
India,IND,Lifetime risk of maternal death (1 in: rate varies by country),SH.MMR.RISK,338.0,364.0,407.0,433.0,473.0,495.0,329.0,572.0,645.0,,
India,IND,"Incidence of malaria (per 1,000 population at risk)",SH.MLR.INCD.P3,6.44,6.29,4.61,3.43,2.84,2.53,2.5,1.4,1.34,1.48,
India,IND,"Community health workers (per 1,000 people)",SH.MED.CMHW.P3,,0.581,,,,,,,,,
India,IND,"Immunization, HepB3 (% of one-year-old children)",SH.IMM.HEPB,87.0,88.0,89.0,90.0,91.0,85.0,85.0,93.0,91.0,94.0,
India,IND,Young people (ages 15-24) newly infected with HIV,SH.HIV.INCD.YG,,,,,,,,,,15000.0,
India,IND,People using at least basic drinking water services (% of population),SH.H2O.BASW.ZS,89.7387066732488,90.4158282525921,91.0905825625786,91.7626505318817,92.4317828217009,93.0977309081783,93.760281159736,94.4191311935781,95.0740565981493,95.7247373523918,
India,IND,"Mortality rate, neonatal (per 1,000 live births)",SH.DYN.NMRT,26.0,25.0,24.0,23.0,21.8,20.6,19.5,18.5,17.5,16.7,
India,IND,"Mortality rate, under-5, male (per 1,000 live births)",SH.DYN.MORT.MA,42.3,40.1,38.1,36.1,34.3,32.5,30.9,29.3,27.9,26.5,
India,IND,Women's share of population ages 15+ living with HIV (%),SH.DYN.AIDS.FE.ZS,42.8701164876598,43.319299957935,43.7816712252342,44.184509610865,44.4811267917371,44.7468941389938,45.0106794700269,45.1846533058033,45.3137292581571,45.4142013449056,
India,IND,"Probability of dying among children ages 5-9 years (per 1,000)",SH.DYN.0509,3.5,3.2,3.0,2.8,2.6,2.4,2.3,2.1,2.0,1.9,
India,IND,Number of under-five deaths,SH.DTH.MORT,1099727.0,1038204.0,967313.0,903511.0,847867.0,785261.0,730705.0,687978.0,649811.0,615030.0,
India,IND,Number of deaths ages 20-24 years,SH.DTH.2024,164201.0,158157.0,152902.0,148438.0,144749.0,141835.0,139460.0,137407.0,135686.0,134327.0,
India,IND,Prevalence of anemia among women of reproductive age (% of women ages 15-49),SH.ANM.ALLW.ZS,50.8,51.1,51.4,51.7,52.0,52.3,52.7,53.2,53.7,,
India,IND,Women who believe a husband is justified in beating his wife when she refuses sex with him (%),SG.VAW.REFU.ZS,,13.3,,,,,8.4,,,,
India,IND,Women who believe a husband is justified in beating his wife when she burns the food (%),SG.VAW.BURN.ZS,,19.1,,,,,13.4,,,,
India,IND,"Proportion of time spent on unpaid domestic and care work, female (% of 24 hour day)",SG.TIM.UWRK.FE,,,,,20.34722,,,,,,
India,IND,"Government expenditure on education, total (% of GDP)",SE.XPD.TOTL.GD.ZS,4.1145601272583,4.25406980514526,4.30543994903565,4.36374998092651,3.89732003211975,4.29335021972656,4.62949991226196,4.09865814174589,,,
India,IND,"Tertiary education, academic staff (% female)",SE.TER.TCHR.FE.ZS,38.6143662291485,39.0872124263908,40.5884230765288,41.5650391868265,42.1532458894626,42.4985164547126,42.8637005422064,43.4554810190197,44.2729477481895,,
India,IND,"Pupil-teacher ratio, tertiary",SE.TER.ENRL.TC.ZS,24.28976,23.74541,24.43582,24.72586,,,,,,,
India,IND,"Educational attainment, at least Master's or equivalent, population 25+, total (%) (cumulative)",SE.TER.CUAT.MS.ZS,,,,2.38909006118774,,3.47333002090454,,3.16128993034363,3.11038994789123,,
India,IND,"Educational attainment, Doctoral or equivalent, population 25+, male (%) (cumulative)",SE.TER.CUAT.DO.MA.ZS,,,,,,,,,0.100189998745918,,
India,IND,"Educational attainment, at least Bachelor's or equivalent, population 25+, female (%) (cumulative)",SE.TER.CUAT.BA.FE.ZS,,7.28427982330322,,7.78669023513794,9.24438953399658,9.88014030456543,,9.7648401260376,11.6815004348755,,
India,IND,"Secondary education, teachers (% female)",SE.SEC.TCHR.FE.ZS,43.1528441828879,43.2857626365951,43.9838502098936,,46.046136612123,46.5109147496259,46.8445867094467,47.2424038934468,48.0338554880478,48.7660251731952,49.3242758232763
India,IND,Trained teachers in upper secondary education (% of total teachers),SE.SEC.TCAQ.UP.ZS,,,76.3615193746282,,76.2218964812314,81.6831980665815,91.2840243412772,92.0773121966315,92.3838096502604,92.6848902632661,92.6622714572681
India,IND,Trained teachers in lower secondary education (% of total teachers),SE.SEC.TCAQ.LO.ZS,,76.9933384028456,76.5798696499204,,75.0329760947855,78.9342683468154,88.3079873225557,88.608305520058,91.638337599329,91.9658369373407,91.6658507434929
India,IND,Progression to secondary school (%),SE.SEC.PROG.ZS,90.84067,90.34762,91.25519,,,,,,,,
India,IND,"Net bilateral aid flows from DAC donors, Austria (current US$)",DC.DAC.AUTL.CD,3385715.00778198,3671196.93756104,4006015.77758789,5136315.82260132,4589017.86804199,9749799.72839355,11669733.0474854,12046390.5334473,12922670.3643799,,
India,IND,"Stocks traded, total value (current US$)",CM.MKT.TRAD.CD,802189246647.972,808345072456.108,1204808201528.86,1259421560000.0,1207527310000.0,1842421950000.0,2299665720000.0,1687282050000.0,1945003850000.0,3347429290000.0,2874364660000.0
India,IND,S&P Global Equity Indices (annual % change),CM.MKT.INDX.ZG,-3.910217675178,-0.150059361517285,44.4235258464243,-11.3673922389622,6.0901249734267,15.7707198802765,30.1095371028989,-8.75231133737916,,,
India,IND,"Secondary income receipts (BoP, current US$)",BX.TRF.CURR.CD,67805662176.5418,61544776814.8191,67068092782.4906,76763040730.99,80741909305.6515,79972975311.1433,86512406377.4077,107690220537.537,115444445214.68,132961766118.037,
India,IND,"Travel services (% of service exports, BoP)",BX.GSR.TRVL.ZS,13.4456744833139,13.8595573607843,14.7684749816753,13.9388381206996,14.3044391469114,6.4171238358441,3.59445443988719,6.90442883672712,9.53623985631553,9.34072376926785,
India,IND,"Service exports (BoP, current US$)",BX.GSR.NFSV.CD,156278173575.949,161818782927.696,185294014276.932,204955578853.907,214761539670.9,203145151682.323,240655457527.767,309371095952.76,337539689382.696,374883177956.118,
India,IND,"Primary income receipts (BoP, current US$)",BX.GSR.FCTY.CD,14533393862.5163,15485024322.7923,18547258732.5898,21380847433.2524,23347612479.8177,22598569470.9542,23711933029.0016,27178343481.2093,37912538199.9802,51081169194.7043,
India,IND,"Technical cooperation grants (BoP, current US$)",BX.GRT.TECH.CD.WD,389257964.0,352550999.0,495322675.0,409607301.0,490531596.0,534982731.0,514491890.0,490471513.0,563913213.0,,
India,IND,"Reserves and related items (BoP, current US$)",BN.RES.INCL.CD,44065483120.2165,15739272990.1289,37070503126.3043,-3778497770.69473,55767715348.2953,103853279988.191,67063830652.799,-30610446869.2856,38216555008.8099,16389914106.5902,
India,IND,"Net trade in goods (BoP, current US$)",BN.GSR.MRCH.CD,-136884248922.587,-107475549275.983,-148134484997.107,-186691649287.938,-157678010763.179,-95449862090.4168,-176720830684.383,-267187617152.813,-245479034905.021,-279651205779.558,
India,IND,Current account balance (% of GDP),BN.CAB.XOKA.GD.ZS,-1.06754907167964,-0.527880606037518,-1.43948820320988,-2.42697545810527,-1.04961203910072,1.22362111042791,-1.05524166809383,-2.36247481487452,-0.878262847208682,-0.818831370412112,
India,IND,"Foreign direct investment, net outflows (% of GDP)",BM.KLT.DINV.WD.GD.ZS,0.357212265552145,0.219945069521291,0.418263547235003,0.422422743097147,0.463417725968969,0.415823729906748,0.54427728129202,0.43430316091549,0.381437635526984,0.620186160780468,
India,IND,"Imports of goods, services and primary income (BoP, current US$)",BM.GSR.TOTL.CD,529773845232.932,514858869345.59,606582892875.937,694097579862.359,672210270766.616,547676200354.354,778451237133.577,971191396005.852,944952383129.129,1025946081923.75,
India,IND,"Insurance and financial services (% of service imports, BoP)",BM.GSR.INSF.ZS,5.15233811682675,6.59151565625745,6.91676362830694,4.50727758648185,3.21489062270972,5.63156839756421,5.60384865911981,4.65358720497817,4.10094504336553,3.79553352037662,
India,IND,Trade in services (% of GDP),BG.GSR.NFSV.GD.ZS,11.3577957628106,11.2315483977981,11.1132572667659,12.1770536786788,12.1771751315123,11.9327222524549,11.9544397633216,14.5307815370521,14.1799870930227,14.6183236498042,
India,IND,Food production index (2014-2016 = 100),AG.PRD.FOOD.XD,98.45,102.31,108.94,114.2,116.26,120.12,126.11,127.82,,,
India,IND,Rural land area (sq. km),AG.LND.TOTL.RU.K2,2956471.2664466,,,,,,,,,,
India,IND,Forest area (% of land area),AG.LND.FRST.ZS,23.8222246139668,23.9116908102072,24.0014933455312,24.0909595417716,24.1807620770956,24.270228273336,24.3596944695764,24.4494970049005,24.5390304689576,,
India,IND,Urban land area where elevation is below 5 meters (sq. km),AG.LND.EL5M.UR.K2,7009.4472086,,,,,,,,,,
India,IND,Land under cereal production (hectares),AG.LND.CREL.HA,99865257.0,99258511.0,99009594.0,97146491.0,95448166.0,100691880.0,100777969.0,99261351.0,103715108.0,107673781.0,
India,IND,Agricultural land (% of land area),AG.LND.AGRI.ZS,60.4317248477225,60.3990999566123,60.2840719900175,60.2437112999842,60.2198312250478,60.0459439188212,60.0507647678083,60.0555856504293,60.0604064994165,,
India,IND,"Trained teachers in upper secondary education, female (% of female teachers)",SE.SEC.TCAQ.UP.FE.ZS,,,78.6989631615603,,77.4248064455586,83.1991365659402,92.5676229642007,93.0500020782244,93.3196555064986,93.5837163460245,93.4538716141299
India,IND,"Trained teachers in lower secondary education, female (% of female teachers)",SE.SEC.TCAQ.LO.FE.ZS,,78.6363725941599,78.3673973936251,,75.9090749372292,79.4996787748601,88.4591622103799,88.9236683141131,91.6774199105858,91.8506244431524,91.3254306958385
India,IND,"Progression to secondary school, female (%)",SE.SEC.PROG.FE.ZS,91.14747,90.36919,91.5643,,,,,,,,
India,IND,"Secondary education, vocational pupils (% female)",SE.SEC.ENRL.VO.FE.ZS,16.47588,16.58686,16.58685,,,,,,,,
India,IND,"Pupil-teacher ratio, lower secondary",SE.SEC.ENRL.LO.TC.ZS,30.45146,26.9604,25.85525,24.92784,,,,,,,
India,IND,"Secondary education, pupils",SE.SEC.ENRL,129542056.0,132161360.0,129829192.0,131759760.0,130932816.0,133962311.3609,138511516.0465,139098028.321715,134342140.812524,131511169.35858,133156037.630773
India,IND,"Educational attainment, at least completed upper secondary, population 25+, female (%) (cumulative)",SE.SEC.CUAT.UP.FE.ZS,,,,24.9580097198486,,24.9227199554443,,25.527250289917,33.1852798461914,,
India,IND,"Educational attainment, at least completed lower secondary, population 25+, total (%) (cumulative)",SE.SEC.CUAT.LO.ZS,,42.0984115600586,,46.1414794921875,46.0779113769531,49.3152313232422,,49.7525482177734,52.6926498413086,,
India,IND,"Lower secondary completion rate, male (% of relevant age group)",SE.SEC.CMPT.LO.MA.ZS,84.5180682175104,84.6118176178778,84.5285491440158,,85.7362213134766,87.4924774169922,89.0353215628998,88.9006891935456,84.5107479979205,86.3499282022427,86.9256563923696
India,IND,"Children out of school, male (% of male primary school age)",SE.PRM.UNER.MA.ZS,,5.17290264653804,6.90627899740571,7.04922894208757,7.95817414397382,4.5771836946434,2.61823574624201,,1.3356615716603,,
India,IND,"Children out of school, primary",SE.PRM.UNER,,5010197.0,7328295.0,7721150.0,8894878.0,4873048.0,2758325.0,180672.097974539,1722439.06792694,119748.74500455,134967.051573232
India,IND,"Primary education, teachers (% female)",SE.PRM.TCHR.FE.ZS,49.4901547996062,,51.210552298123,,54.3659592707731,55.3611229162432,55.5214602496255,55.7190920620398,56.6711767673439,57.638992056914,58.5982555539994
India,IND,"Trained teachers in primary education, female (% of female teachers)",SE.PRM.TCAQ.FE.ZS,,,70.5142452998257,,72.6572398290741,77.0960335775314,88.9542032089955,88.3112863324527,91.1814628547938,90.9046904513554,90.3388389025156
India,IND,"Persistence to last grade of primary, total (% of cohort)",SE.PRM.PRSL.ZS,90.1634521484375,87.7373733520508,,,98.492919921875,99.6244201660156,,,74.1899566650391,,
India,IND,"Persistence to grade 5, male (% of cohort)",SE.PRM.PRS5.MA.ZS,89.4412078857422,88.2896728515625,,,97.655891418457,99.3847579956055,,,72.5385208129883,,
India,IND,"Net intake rate in grade 1, female (% of official school-age population)",SE.PRM.NINT.FE.ZS,60.47282,,,,,,,,,,
India,IND,"Gross intake ratio in first grade of primary education, total (% of relevant age group)",SE.PRM.GINT.ZS,101.70777,104.07735,100.26909,101.34015,,,,,,,
India,IND,"School enrollment, primary, female (% gross)",SE.PRM.ENRR.FE,105.304967484624,104.836573961145,102.547235057217,101.596803531295,99.9104830435023,101.668138132836,102.460904694555,110.846127714644,111.433085684089,119.862205572071,110.613114969319
India,IND,"Primary education, pupils",SE.PRM.ENRL,127827861.0,126563421.0,123807892.0,122378527.0,120044806.0,121700126.0,122027751.0,131348083.2,131298001.0,138368073.269375,126117112.465694
India,IND,"Educational attainment, at least completed primary, population 25+ years, female (%) (cumulative)",SE.PRM.CUAT.FE.ZS,,45.1310691833496,,49.3155403137207,50.131950378418,51.8468208312988,53.5735413229795,53.9429817199707,59.0563888549805,,
India,IND,Primary school starting age (years),SE.PRM.AGES,6.0,6.0,6.0,6.0,6.0,6.0,6.0,6.0,6.0,6.0,6.0
India,IND,"School enrollment, preprimary, male (% gross)",SE.PRE.ENRR.MA,,,59.123218536377,59.1125831604004,61.5468063354492,60.860408782959,51.1557083129883,,,,
India,IND,"Preprimary education, duration (years)",SE.PRE.DURS,3.0,3.0,3.0,3.0,3.0,3.0,3.0,3.0,3.0,3.0,3.0
India,IND,Learning poverty: Share of Male Children at the End-of-Primary age below minimum reading proficiency adjusted by Out-of-School Children (%),SE.LPV.PRIM.MA,,,57.4794998168945,,,,,,,,
India,IND,Learning poverty: Share of Female Children at the End-of-Primary age below minimum reading proficiency adjusted by Out-of-School Children (%),SE.LPV.PRIM.FE,,,55.2042999267578,,,,,,,,
India,IND,"School enrollment, primary and secondary (gross), gender parity index (GPI)",SE.ENR.PRSC.FM.ZS,1.03027153015137,1.03045177459717,1.08402001857758,1.01533448696136,1.01977431774139,1.00732743740082,0.991640269756317,,,,
India,IND,"Literacy rate, adult male (% of males ages 15 and above)",SE.ADT.LITR.MA.ZS,,,,81.9915266673935,82.7755272824041,83.3278967147349,83.8821930381623,83.4499969482422,88.3099975585938,85.6937156128627,
India,IND,"Literacy rate, youth (ages 15-24), gender parity index (GPI)",SE.ADT.1524.LT.FM.ZS,,0.930000007152557,,0.962729381380768,0.968104062661511,0.980843975726238,0.974548660799376,0.980000019073486,0.980000019073486,0.986227278251213,
India,IND,"PPP conversion factor, GDP (LCU per international $)",PA.NUS.PPP,19.1154412106207,19.7442391048838,20.4555778503418,20.4745960235596,20.2395000457764,20.3193664550781,20.7278957366943,20.4894572228217,20.2904054217658,20.4219876045922,
India,IND,Terms of trade adjustment (constant LCU),NY.TTF.GNFS.KN,-1196153232092.72,-880933721647.98,332623788331.027,-945037547576.98,1048833540186.16,2244902957893.55,-2365392102635.13,-3974703935565.55,1743520684471.42,-2574801994681.0,
India,IND,Taxes less subsidies on products (constant LCU),NY.TAX.NIND.KN,8776227893800.0,9799085989000.0,11104116310000.0,12591161669000.0,12985403643000.0,10075246697000.0,11450062240000.0,12868851161800.0,14991144432300.0,16095092330000.0,
India,IND,Net primary income (Net income from abroad) (current LCU),NY.GSR.NFCY.CN,-1597790695600.0,-1764001353000.0,-1848126425500.0,-2023244672000.0,-1931136922400.0,-2666873836400.0,-2778084266000.0,-3703067373300.0,-4121699008000.0,-4782970320400.0,
India,IND,Gross savings (current LCU),NY.GNS.ICTR.CN,44695134973340.6,48832247471224.2,54186975481965.7,59364788884993.8,59712094739091.7,56940916211052.3,70476304443271.3,80167654431092.5,93197431546158.1,100092141644231.0,
India,IND,GNI per capita (constant LCU),NY.GNP.PCAP.KN,84596.1129912078,90506.8654218984,95602.7197295436,100682.955569556,103618.329561623,96205.6615112074,104849.942856331,111822.058314636,121027.786343798,127663.354763436,
India,IND,"Trained teachers in secondary education, male (% of male teachers)",SE.SEC.TCAQ.MA.ZS,,,74.882463475006,,74.7282924750932,79.4372373044318,89.2196470880896,89.8295652075201,91.605033720253,91.9985252488293,92.0052072793989
India,IND,"Trained teachers in secondary education, female (% of female teachers)",SE.SEC.TCAQ.FE.ZS,,,78.5133546086987,,76.5499025384135,81.1193618239275,90.2817299884033,90.8114652265409,92.4350717644147,92.66357239547,92.3274161352979
India,IND,"School enrollment, secondary, private (% of total secondary)",SE.SEC.PRIV.ZS,50.1724510192871,50.5127716064453,,51.1315612792969,51.8880386352539,51.4446716308594,,,,,
India,IND,"School enrollment, secondary, male (% gross)",SE.SEC.ENRR.MA,74.8113708496094,76.0413970947266,75.0866012573242,76.4107971191406,76.0821914672852,78.6095664050448,82.6116113019876,81.8421926159795,78.9679674584088,77.5453575412386,78.2940869632034
India,IND,"Secondary education, vocational pupils",SE.SEC.ENRL.VO,1754880.0,1762522.0,2300769.0,,,,,,,,
India,IND,"Secondary education, general pupils (% female)",SE.SEC.ENRL.GC.FE.ZS,48.02727,48.10071,48.03725,,,,,,,,
India,IND,"Secondary education, duration (years)",SE.SEC.DURS,7.0,7.0,7.0,7.0,7.0,7.0,7.0,7.0,7.0,7.0,7.0
India,IND,"Educational attainment, at least completed post-secondary, population 25+, total (%) (cumulative)",SE.SEC.CUAT.PO.ZS,,,,11.0651903152466,,13.3772897720337,,13.2356395721435,16.0934505462646,,
India,IND,"Educational attainment, at least completed lower secondary, population 25+, male (%) (cumulative)",SE.SEC.CUAT.LO.MA.ZS,,52.9692192077637,,55.698429107666,56.5702209472656,58.7624015808105,,58.6634292602539,62.0398902893066,,
India,IND,"Lower secondary completion rate, female (% of relevant age group)",SE.SEC.CMPT.LO.FE.ZS,87.8770252369856,88.0608680483839,87.552296340435,,87.8626098632812,90.1567611694336,91.5430022575114,91.2787858002116,86.5327894190259,88.2996038502492,89.1495140872864
India,IND,"Children out of school, primary, male",SE.PRM.UNER.MA,,3294559.0,4380744.0,4453745.0,5009873.0,2868354.0,1627908.0,,815164.942476854,,
India,IND,"Primary education, teachers",SE.PRM.TCHR,4398590.0,,4373417.0,,4339390.0,4600165.0,4648082.0,4656045.0,4824726.0,5021474.0,5190989.0
India,IND,"Repeaters, primary, total (% of total enrollment)",SE.PRM.REPT.ZS,0.75315,0.52569,0.56638,0.59637,,,,,,,
India,IND,"Persistence to last grade of primary, male (% of cohort)",SE.PRM.PRSL.MA.ZS,89.4412078857422,88.2896728515625,,,97.655891418457,99.3847579956055,,,72.5385208129883,,
India,IND,"Persistence to grade 5, female (% of cohort)",SE.PRM.PRS5.FE.ZS,90.9444885253906,87.1502838134766,,,99.4098434448242,99.8849563598633,,,76.0357971191406,,
India,IND,"Gross intake ratio in first grade of primary education, male (% of relevant age group)",SE.PRM.GINT.MA.ZS,100.47492,102.89682,99.94738,101.22126,,,,,,,
India,IND,"School enrollment, primary (% gross)",SE.PRM.ENRR,104.221831829753,103.742722477923,101.886981326278,101.097955349788,99.5039235046054,101.291254076896,102.316124063995,111.084455602236,112.031231642927,120.520368565055,111.033783181676
India,IND,"Primary education, duration (years)",SE.PRM.DURS,5.0,5.0,5.0,5.0,5.0,5.0,5.0,5.0,5.0,5.0,5.0
India,IND,"Primary completion rate, total (% of relevant age group)",SE.PRM.CMPT.ZS,99.9040031261847,99.3136774343373,98.5887118701809,,96.2056732177734,98.1474685668945,99.085491664945,,93.4889604461665,94.4876304742988,90.2563989745259
India,IND,Trained teachers in preprimary education (% of total teachers),SE.PRE.TCAQ.ZS,,,,,,83.7672271728516,83.6218719482422,94.7731019493584,92.9594252289833,92.2690162968716,91.0663416420118
India,IND,"School enrollment, preprimary, female (% gross)",SE.PRE.ENRR.FE,,,62.0241241455078,62.3445854187012,64.2042617797852,61.3407287597656,52.2723045349121,,,,
India,IND,Male primary school age children out-of-school (%),SE.LPV.PRIM.SD.MA,,,5.51000213623046,,,,,,,,
India,IND,Male pupils below minimum reading proficiency at end of primary (%). Low GAML threshold,SE.LPV.PRIM.LD.MA,,,55.0,,,,,,,,
India,IND,Learning poverty: Share of Children at the End-of-Primary age below minimum reading proficiency adjusted by Out-of-School Children (%),SE.LPV.PRIM,,,56.0705604553222,,,,,,,,
India,IND,"School enrollment, primary (gross), gender parity index (GPI)",SE.ENR.PRIM.FM.ZS,1.03849303722382,1.03597581386566,1.02605366706848,1.02145993709564,1.0192049741745,1.01903808116913,1.01563942432404,,,,
India,IND,"Literacy rate, adult female (% of females ages 15 and above)",SE.ADT.LITR.FE.ZS,,,,65.2235287519263,66.9856882300986,67.5732651200292,68.2001669604087,69.0999984741211,74.8600006103516,70.7386770919019,
India,IND,"Literacy rate, youth female (% of females ages 15-24)",SE.ADT.1524.LT.FE.ZS,,86.7399978637695,,92.7181813513948,93.1731333168295,94.6875843427577,94.6040226120141,95.5400009155273,96.0699996948242,96.6405210691873,
India,IND,Price level index (GDP),PA.NUS.GDP.PLI,29.197929041094,29.4373653460861,31.7362807264485,29.2816737262415,28.547759283038,27.3753533882705,27.8212257889918,25.4959900586917,24.5083580549147,24.1464271880755,
India,IND,Taxes less subsidies on products (current LCU),NY.TAX.NIND.CN,11973752327000.0,14264688252000.0,15843771496000.0,17245401438000.0,17224755414000.0,16430988621000.0,19618148938000.0,22437748720300.0,27100678494600.0,30461125816200.0,
India,IND,Net primary income (Net income from abroad) (current US$),NY.GSR.NFCY.CD,-24405494405.6058,-26300103044.4403,-28673186104.4227,-28935364724.9938,-27238633305.4539,-35929571856.8713,-37287774218.3962,-46078999511.5939,-49785143757.7928,-56552597533.7948,
India,IND,"Educational attainment, at least Master's or equivalent, population 25+, male (%) (cumulative)",SE.TER.CUAT.MS.MA.ZS,,,,2.81360006332398,,3.84440994262695,,3.4993200302124,3.3891499042511,,
India,IND,"Educational attainment, Doctoral or equivalent, population 25+, female (%) (cumulative)",SE.TER.CUAT.DO.FE.ZS,,,,,,,,,0.0534599982202053,,
India,IND,Adolescents out of school (% of lower secondary school age),SE.SEC.UNER.LO.ZS,,,,,,11.0194282173016,10.0224129592238,10.7089148291058,14.6207118349352,15.0613747502206,14.0038563368516
India,IND,"Secondary education, teachers, female",SE.SEC.TCHR.FE,1766217.0,2007901.0,2080967.0,,2810338.0,3062227.0,3106911.0,3155280.0,3232800.0,3407803.0,3607507.0
India,IND,"Trained teachers in upper secondary education, male (% of male teachers)",SE.SEC.TCAQ.UP.MA.ZS,,,74.6613520509441,,75.301940762711,80.5136633152874,90.2801090883091,91.2976215860831,91.6115457159471,91.9169757672286,91.9760963170607
India,IND,"Trained teachers in lower secondary education, male (% of male teachers)",SE.SEC.TCAQ.LO.MA.ZS,,75.6484631628343,75.0826850347277,,74.2159018716708,78.3886157623594,88.15977749887,88.2949620117822,91.5980696589005,92.0877931484369,92.0378512712674
India,IND,"Progression to secondary school, male (%)",SE.SEC.PROG.MA.ZS,90.55221,90.32743,90.96657,,,,,,,,
India,IND,"School enrollment, secondary (% gross)",SE.SEC.ENRR,74.6113662719727,75.9372863769531,74.6743774414062,76.0025787353516,75.8716506958008,77.6271548412386,80.6246396728944,81.1778608399708,78.8639591218839,78.1058073224606,79.594985086469
India,IND,"Pupil-teacher ratio, secondary",SE.SEC.ENRL.TC.ZS,31.65018,28.49097,27.44103,28.52287,,,,,,,
India,IND,"Secondary education, pupils (% female)",SE.SEC.ENRL.FE.ZS,47.59985,47.68043,47.4799,48.05586,,,,,,,
India,IND,"Educational attainment, at least completed upper secondary, population 25+, male (%) (cumulative)",SE.SEC.CUAT.UP.MA.ZS,,,,39.6062507629395,,38.6472282409668,,37.7818717956543,49.3756790161133,,
India,IND,"Educational attainment, at least completed post-secondary, population 25+, female (%) (cumulative)",SE.SEC.CUAT.PO.FE.ZS,,,,7.94149017333984,,10.4940004348755,,10.3313503265381,12.1784896850586,,
India,IND,"Lower secondary completion rate, total (% of relevant age group)",SE.SEC.CMPT.LO.ZS,86.1211897637251,86.2597112438317,85.9737227202048,,86.7525787353516,88.7661819458008,90.2341568239864,90.0373294435214,85.477406853637,87.2821389864812,87.9890735130602
India,IND,Children out of school (% of primary school age),SE.PRM.UNER.ZS,,4.10680647555128,6.03077755187412,6.37850852665528,7.37287425908954,4.055847428596,2.31276181521054,0.152799044775215,1.46968703818843,0.104302694560577,0.118825289035449
India,IND,"Children out of school, primary, female",SE.PRM.UNER.FE,,1715638.0,2947551.0,3267405.0,3885005.0,2004694.0,1130417.0,,907274.125450104,,
India,IND,"Trained teachers in primary education, male (% of male teachers)",SE.PRM.TCAQ.MA.ZS,,,69.1139515766959,,73.7007502629733,78.559427931951,90.1999081938223,89.1417875880507,92.6596402673623,92.8424786815392,92.8858716894042
India,IND,"Repeaters, primary, female (% of female enrollment)",SE.PRM.REPT.FE.ZS,0.73716,0.5095,0.55693,0.58136,,,,,,,
India,IND,"Persistence to grade 5, total (% of cohort)",SE.PRM.PRS5.ZS,90.1634521484375,87.7373733520508,,,98.492919921875,99.6244201660156,,,74.1899566650391,,
India,IND,"Net intake rate in grade 1, male (% of official school-age population)",SE.PRM.NINT.MA.ZS,58.11016,,,,,,,,,,
India,IND,"School enrollment, primary, male (% gross)",SE.PRM.ENRR.MA,103.230424436734,102.741275277526,101.282391706772,100.641046480757,99.1313456550913,100.945547316135,102.183186788819,111.303518695865,112.581707640262,121.127632650359,111.4224278264
India,IND,"Primary education, pupils (% female)",SE.PRM.ENRL.FE.ZS,50.05158,51.11492,50.88245,,,,,,,,
India,IND,"Educational attainment, at least completed primary, population 25+ years, male (%) (cumulative)",SE.PRM.CUAT.MA.ZS,,68.5063323974609,,69.6419677734375,71.8737182617188,71.1470794677734,73.2438988056476,71.8214721679688,77.0809631347656,,
India,IND,"Primary completion rate, female (% of relevant age group)",SE.PRM.CMPT.FE.ZS,101.343051661322,100.53193195489,99.6020834131864,,97.1966018676758,99.1260299682617,99.6446990760535,,93.6491349800247,95.1962200407252,90.992252409282
India,IND,"Trained teachers in preprimary education, female (% of female teachers)",SE.PRE.TCAQ.FE.ZS,,,,,,89.7457580566406,89.4844114597763,96.0137477054509,94.5851034381169,94.0293244004304,93.1391041945258
India,IND,"Pupil-teacher ratio, preprimary",SE.PRE.ENRL.TC.ZS,20.1015,,,,,,,,,,
India,IND,Primary school age children out-of-school (%),SE.LPV.PRIM.SD,,,5.12000274658203,,,,,,,,
India,IND,Pupils below minimum reading proficiency at end of primary (%). Low GAML threshold,SE.LPV.PRIM.LD,,,53.7000007629394,,,,,,,,
India,IND,"School enrollment, secondary (gross), gender parity index (GPI)",SE.ENR.SECO.FM.ZS,1.02073764801025,1.02354049682617,1.01506996154785,1.00771474838257,1.01854634284973,0.994997441768646,0.969559252262115,,,,
India,IND,"Literacy rate, adult total (% of people ages 15 and above)",SE.ADT.LITR.ZS,,,,73.6883524760717,74.8938629973395,75.5270629470344,76.0596617430205,76.3199996948242,81.6999969482422,78.1625330351403,
India,IND,"Literacy rate, youth male (% of males ages 15-24)",SE.ADT.1524.LT.MA.ZS,,93.5500030517578,,96.3076261559778,96.2428905222007,96.5368465179683,97.0747038269129,97.4400024414062,97.9300003051758,97.9901116105317,
India,IND,Price level index (Households and NPISHs Final consumption expenditure),PA.NUS.PRVT.PLI,28.7922299513819,28.9754657431188,31.2623470467818,28.3471498737993,27.5443704992187,26.641613640549,26.1314543580098,23.9336776321772,23.5742885342269,23.5255957647539,
India,IND,DEC alternative conversion factor (LCU per US$),PA.NUS.ATLS,65.468483,67.072032,64.454868,69.922902,70.896983,74.225038,74.503891,80.36345,82.789738,84.575608,
India,IND,Net secondary income (Net current transfers from abroad) (current US$),NY.TRF.NCTR.CD,63096433271.5637,56571730333.1439,62949506006.2802,70611988858.8148,76218198664.3917,74393799576.0945,81263394592.371,101938348907.37,106681688770.413,113344833070.547,
India,IND,"School enrollment, secondary, female (% gross)",SE.SEC.ENRR.FE,74.3924407958984,75.823371887207,74.2236328125,75.5565032958984,75.6416931152344,76.5541213427966,78.4542146302356,80.4518698611689,78.7503140925354,78.7182686071249,81.0166742736519
India,IND,"Pupil-teacher ratio, upper secondary",SE.SEC.ENRL.UP.TC.ZS,33.01958,30.24963,29.30399,33.14411,,,,,,,
India,IND,"Secondary education, general pupils",SE.SEC.ENRL.GC,127787178.0,130398837.0,127528425.0,,,,,,,,
India,IND,"Educational attainment, at least completed upper secondary, population 25+, total (%) (cumulative)",SE.SEC.CUAT.UP.ZS,,,,32.3433494567871,,31.7094497680664,,31.6138706207275,41.3380012512207,,
India,IND,"Educational attainment, at least completed post-secondary, population 25+, male (%) (cumulative)",SE.SEC.CUAT.PO.MA.ZS,,,,14.1371002197266,,16.3247604370117,,16.1787490844727,19.9531593322754,,
India,IND,"Educational attainment, at least completed lower secondary, population 25+, female (%) (cumulative)",SE.SEC.CUAT.LO.FE.ZS,,31.4749908447266,,36.4234390258789,36.1479682922363,40.0737380981445,,40.9592399597168,43.2116088867188,,
India,IND,Lower secondary school starting age (years),SE.SEC.AGES,11.0,11.0,11.0,11.0,11.0,11.0,11.0,11.0,11.0,11.0,11.0
India,IND,"Children out of school, female (% of female primary school age)",SE.PRM.UNER.FE.ZS,,2.9423408128292,5.07466934689507,5.64622320190859,6.7341909567264,3.48749485711701,1.98007327246942,,1.61531880337606,,
India,IND,Trained teachers in primary education (% of total teachers),SE.PRM.TCAQ.ZS,,,69.8310497261066,,73.1334358054934,77.7492763846514,89.5082745958441,88.6790398288676,91.8219397329506,91.7255570774637,91.3933549078991
India,IND,"Repeaters, primary, male (% of male enrollment)",SE.PRM.REPT.MA.ZS,0.76807,0.54082,0.57514,0.61025,,,,,,,
India,IND,"Persistence to last grade of primary, female (% of cohort)",SE.PRM.PRSL.FE.ZS,90.9444885253906,87.1502838134766,,,99.4098434448242,99.8849563598633,,,76.0357971191406,,
India,IND,"School enrollment, primary, private (% of total primary)",SE.PRM.PRIV.ZS,34.7806282043457,33.4191017150879,35.2080917358398,43.3287887573242,43.7742881774902,45.1203918457031,,,,,
India,IND,Net intake rate in grade 1 (% of official school-age population),SE.PRM.NINT.ZS,59.23146,,,,,,,,,,
India,IND,"Gross intake ratio in first grade of primary education, female (% of relevant age group)",SE.PRM.GINT.FE.ZS,103.07265,105.38116,100.62381,101.47116,,,,,,,
India,IND,"Pupil-teacher ratio, primary",SE.PRM.ENRL.TC.ZS,31.49146,35.21588,32.74955,,,,,,,,
India,IND,"Educational attainment, at least completed primary, population 25+ years, total (%) (cumulative)",SE.PRM.CUAT.ZS,,56.6841812133789,,59.5637016296387,60.7040100097656,61.390739440918,63.3065096934294,62.8228607177734,68.1327209472656,,
India,IND,"Primary completion rate, male (% of relevant age group)",SE.PRM.CMPT.MA.ZS,98.58769727713,98.1993764970523,97.6611329753984,,95.2980728149414,97.2517471313477,98.5736214326403,,93.342321629061,93.8389276301347,89.5827762748654
India,IND,"Trained teachers in preprimary education, male (% of male teachers)",SE.PRE.TCAQ.MA.ZS,,,,,,0.0,0.0,76.6182944725257,70.7060809279986,65.6727869481357,59.6608424844942
India,IND,"School enrollment, preprimary (% gross)",SE.PRE.ENRR,,,60.5040664672852,60.650562286377,62.8108367919922,61.0889358520508,51.6870307922363,,,,
India,IND,Female primary school age children out-of-school (%),SE.LPV.PRIM.SD.FE,,,4.69000244140625,,,,,,,,
India,IND,Female pupils below minimum reading proficiency at end of primary (%). Low GAML threshold,SE.LPV.PRIM.LD.FE,,,53.0,,,,,,,,
India,IND,"School enrollment, tertiary (gross), gender parity index (GPI)",SE.ENR.TERT.FM.ZS,0.972092377543421,0.985507038406737,1.01343980995597,1.04004405817779,1.07897912835104,1.08793078057099,1.04796322810917,1.03357237174057,1.05452980311232,1.05365860893619,1.06887190693647
India,IND,"Compulsory education, duration (years)",SE.COM.DURS,8.0,8.0,8.0,8.0,8.0,8.0,8.0,8.0,8.0,8.0,8.0
India,IND,"Literacy rate, youth total (% of people ages 15-24)",SE.ADT.1524.LT.ZS,,90.2900009155273,,94.6062793409244,94.7674702180886,95.675096052413,95.8899228556846,96.5400009155273,97.0400009155273,97.3386000977043,
India,IND,"PPP conversion factor, households and NPISHs Final consumption expenditure (LCU per international $)",PA.NUS.PRVT.PP,18.8498361710414,19.4344336553737,20.1501045227051,19.8211498260498,19.5281276702881,19.7747478485107,19.4689502716064,19.2339290570959,19.5170917128505,19.8969156536629,19.8004481525548
India,IND,"Official exchange rate (LCU per US$, period average)",PA.NUS.FCRF,64.1519444632786,67.1953128073894,65.1215686450659,68.3894670935422,70.4203405359551,74.0995668836052,73.9180128154351,78.6044905829916,82.5992764460784,83.669281580941,
India,IND,Net secondary income (Net current transfers from abroad) (current LCU),NY.TRF.NCTR.CN,4130827769000.0,3794380907200.0,4057402100300.0,4937395177000.0,5403640335000.0,5521882600500.0,6054439093000.0,8192117405500.0,8832149062700.0,9586208170600.0,
India,IND,Taxes less subsidies on products (current US$),NY.TAX.NIND.CD,182893382866.379,212677144655.465,245811867863.883,246634520947.085,242954702515.338,221367197157.919,263317105652.911,279203403043.299,327343450399.614,360164431997.935,
India,IND,Gross savings (% of GDP),NY.GNS.ICTR.ZS,32.4539241111902,31.7264147403683,31.7067531706123,31.4104922311412,29.7022005792949,28.6796821131572,29.8661330649563,29.8126610526337,30.9390060732482,30.268447331199,
India,IND,"GNI per capita, Atlas method (current US$)",NY.GNP.PCAP.CD,1580.0,1670.0,1790.0,1970.0,2070.0,1900.0,2170.0,2390.0,2580.0,2650.0,
India,IND,GNI growth (annual %),NY.GNP.MKTP.KD.ZG,8.51352759701483,8.67441744856141,8.09470773200715,5.2975532382258,5.66207307904598,-5.45160392673795,6.21214035520133,6.13146976201575,13.6914322653861,3.68360527249483,
India,IND,GNI (current US$),NY.GNP.MKTP.CD,2079182865637.81,2268496715258.31,2622801076651.03,2673994276922.32,2808367623254.15,2638922006729.05,3129982849042.07,3300028288219.33,3588703952276.07,3853338936324.29,
India,IND,Gross domestic savings (current LCU),NY.GDS.TOTL.CN,42092945052900.0,46784779861800.0,52137705423400.0,56488195902700.0,56463024975900.0,54180674238700.0,67425418170100.0,76049826804200.0,88882266550500.0,94666133895100.0,
India,IND,"GDP per capita, PPP (constant 2021 international $)",NY.GDP.PCAP.PP.KD,6488.14602910787,6940.62588857522,7326.60693679859,7714.33974724531,7930.0911303899,7399.53068079041,8050.01857452664,8594.39190499879,9301.75603225735,9818.04270686639,
India,IND,GDP per capita (constant 2015 US$),NY.GDP.PCAP.KD,1583.99815907985,1694.46534973825,1788.69770318446,1883.35772705062,1936.03067741067,1806.50110583878,1965.30943437506,2098.2112447615,2270.9051808027,2396.94999213544,
India,IND,"GDP, PPP (constant 2021 international $)",NY.GDP.MKTP.PP.KD,8616416873256.67,9327814573620.6,9961675338509.53,10604587056326.2,11015136957033.9,10378712667572.0,11384367630967.9,12250645714410.2,13376572539398.9,14245349560959.0,
India,IND,GDP (constant 2015 US$),NY.GDP.MKTP.KD,2103588360044.94,2277267041550.36,2432016068497.75,2588974770244.57,2689205295885.31,2533830417086.54,2779348258938.77,2990839011962.46,3265719695911.24,3477820532826.48,
India,IND,Mineral rents (% of GDP),NY.GDP.MINR.RT.ZS,0.285905510479196,0.356697463670271,0.457790108813118,0.432284884211342,0.649451614747357,0.686623320605056,1.31522382631184,,,,
India,IND,Gross value added at basic prices (GVA) (current LCU),NY.GDP.FCST.CN,125744986462400.0,139652001896700.0,155056652114900.0,171751283008200.0,183811173152500.0,182109971445100.0,216355836343800.0,246466976991900.0,274128880481900.0,300220327873900.0,
India,IND,GDP deflator: linked series (base year varies by country),NY.GDP.DEFL.ZS.AD,121.130060189769,125.052221196612,130.015866407506,135.065995050452,138.315030740154,144.974702950823,157.087205592193,166.350860948164,170.662591331842,175.922879998853,
India,IND,Coal rents (% of GDP),NY.GDP.COAL.RT.ZS,0.767869514330021,0.81269479010056,0.944480460585748,1.16154280861105,0.831651347921673,0.699928572284321,1.28029169863481,,,,
India,IND,"Adjusted net savings, including particulate emission damage (% of GNI)",NY.ADJ.SVNG.GN.ZS,19.4759302456778,18.4271504168552,19.3623423020035,18.4845576828816,16.767152591464,14.4411360277761,15.409176052498,,,,
India,IND,Adjusted net national income per capita (current US$),NY.ADJ.NNTY.PC.CD,1384.91262482343,1481.89005549439,1710.8931713233,1719.18186680299,1784.9487427604,1637.8225185659,1907.12903981633,,,,
India,IND,Adjusted savings: net national savings (% of GNI),NY.ADJ.NNAT.GN.ZS,22.1848044805309,20.918800874011,21.6139384470424,21.1535872824902,19.2515401537264,17.119067244678,18.5670034158039,,,,
India,IND,Adjusted savings: particulate emission damage (% of GNI),NY.ADJ.DPEM.GN.ZS,1.28755681497109,1.21477416196932,1.15329309752058,1.13379327331275,1.13916223620373,1.25543730174147,1.17605743858073,,,,
India,IND,Adjusted savings: mineral depletion (% of GNI),NY.ADJ.DMIN.GN.ZS,0.147027313258465,0.194207934460027,0.213918469176233,0.286958595378191,0.285113566203118,0.446966146439627,0.945670721584536,,,,
India,IND,Adjusted savings: net forest depletion (% of GNI),NY.ADJ.DFOR.GN.ZS,0.298467427444103,0.304148825578988,0.209054526568512,0.150445691462497,0.157402581566519,0.188802020779511,0.16326686195924,,,,
India,IND,Adjusted savings: education expenditure (% of GNI),NY.ADJ.AEDU.GN.ZS,3.08,3.08,3.08,3.08,3.08,3.08,3.08,,,,
India,IND,"Services, value added (annual % growth)",NV.SRV.TOTL.KD.ZG,9.43824094752827,8.46306384864708,6.34306289886734,7.17191387865334,6.42950757939633,-8.35157298546558,9.17549916627736,10.3270810085471,8.98740544293534,7.18515908587793,
India,IND,"Services, value added per worker (constant 2015 US$)",NV.SRV.EMPL.KD,7063.54215525465,7339.84467096915,7481.37671450743,7697.64735807578,7807.20795811939,7811.42094046725,8165.65547459375,8687.93878401729,8953.59230906772,9061.78668364177,
India,IND,Machinery and transport equipment (% of value added in manufacturing),NV.MNF.MTRN.ZS.UN,19.8357915514764,19.4178572346925,19.6445398115139,21.288815234024,20.735675159215,19.1522515950971,17.904892901295,20.9145420144368,,,
India,IND,"Industry (including construction), value added (constant LCU)",NV.IND.TOTL.KN,33113163283100.0,35669527296900.0,37759955038600.0,39767429627300.0,39210672591900.0,39038190466200.0,43818074864800.0,44906734976300.0,49765067215200.0,52701118975600.0,
India,IND,"Industry (including construction), value added (current US$)",NV.IND.TOTL.CD,575276543905.867,610851981617.316,702641121007.338,713900260981.731,697317412399.622,672000442587.85,838266427187.004,849393259051.223,920644585392.938,962947797886.36,
India,IND,"Manufacturing, value added (constant 2015 US$)",NV.IND.MANF.KD,327820151125.237,353805869086.678,380437061888.771,401024629897.867,389094295765.501,401053540822.747,440979301809.746,433287755980.865,486592295246.756,508582665474.193,
India,IND,"Agriculture, forestry, and fishing, value added (annual % growth)",NV.AGR.TOTL.KD.ZG,0.649599313635377,6.79755863179108,6.60592151667778,2.09646600608416,6.16030915200452,4.00569391981385,4.62315562517132,6.2610361131763,2.65869419414327,4.62632953487277,
India,IND,"Agriculture, forestry, and fishing, value added per worker (constant 2015 US$)",NV.AGR.EMPL.KD,1661.60524665808,1789.57373878368,1920.10892336577,1978.09430633612,2079.05153159652,1992.04315223679,2011.6374343107,2090.9159236969,2027.54759237308,2111.31565122881,
India,IND,External balance on goods and services (current LCU),NE.RSB.GNFS.CN,-3162759799500.0,-2718193208600.0,-5398688456300.0,-7108755226200.0,-5180442043400.0,-780566702900.0,-6193779383100.0,-9605781646400.0,-6312104916400.0,-7690332525799.99,
India,IND,Imports of goods and services (annual % growth),NE.IMP.GNFS.KD.ZG,-5.85004368143312,4.38189390370411,17.4199833755138,8.82269675205076,-0.838956281129839,-12.62264989846,22.0944224617309,8.92059786049835,13.7503568461346,-3.67203539638427,
India,IND,Gross capital formation (% of GDP),NE.GDI.TOTL.ZS,32.1167301358276,30.172690580036,30.9821728344733,32.3432182154485,30.0961975685688,28.9223840080659,32.1158221755014,33.6192585388984,33.3623103638844,32.9141372549127,
India,IND,Gross savings (current US$),NY.GNS.ICTR.CD,682696969980.816,728056777394.551,840696399874.183,849003505103.29,842237457961.951,767138929737.595,945941258870.242,997563624148.696,1125712362396.39,1183463459632.84,
India,IND,GNI per capita growth (annual %),NY.GNP.PCAP.KD.ZG,6.71314742205269,6.98702602483041,5.63035111633891,5.313903050441,2.91546267733341,-7.15381929218147,8.98521065115912,6.64961302636007,8.23247950172723,5.48268180398577,
India,IND,"GNI, PPP (constant 2021 international $)",NY.GNP.MKTP.PP.KD,8523971021446.37,9228864334351.47,9862458926433.5,10501139440487.1,10920280135950.4,10238242529403.9,11250341278206.9,12093632808318.7,13205366644297.7,14053998925797.1,
India,IND,GNI (constant 2015 US$),NY.GNP.MKTP.KD,2079182865637.81,2251121753581.88,2405669324931.34,2561457463827.61,2663695041842.15,2497331160303.35,2744204169555.75,2949901408053.46,3221077593085.24,3428077557594.89,
India,IND,"GNI, Atlas method (current US$)",NY.GNP.ATLS.CD,2097598211573.26,2246783906989.46,2439593980808.9,2713329693634.35,2878536458775.62,2661734078595.43,3064476293210.88,3404829101289.65,3704749866028.23,3837862837662.49,
India,IND,Gross domestic savings (current US$),NY.GDS.TOTL.CD,642949754203.103,697530378411.675,808902524218.962,807864008600.501,796409418097.523,729951451674.568,904991903981.23,946323568789.045,1073590383273.11,1119307754726.4,
India,IND,"GDP per capita, PPP (current international $)",NY.GDP.PCAP.PP.CD,5425.03599091046,5800.48149366552,6144.71714444938,6714.96639877754,7150.92423452926,6966.27542785911,8050.01857452664,9207.12743040145,10323.4998734428,11159.9856476091,
India,IND,GDP per capita (current LCU),NY.GDP.PCAP.CN,103701.95654975,114526.093534386,125693.739916614,137486.224326747,144731.131372099,141550.303245675,166859.94569124,188649.043630279,209467.997803703,227909.0885629,
India,IND,"GDP, PPP (current international $)",NY.GDP.MKTP.PP.CD,7204580698460.8,7795524017465.34,8354710136357.47,9230789424534.98,9932850520576.54,9771021183358.88,11384367630967.9,13124053155136.1,14845911292307.9,16192422603162.4,
India,IND,GDP: linked series (current LCU),NY.GDP.MKTP.CN.AD,137718738788600.0,153916690148700.0,170900423611300.0,188996684445900.0,201035928565899.0,198540960065000.0,235973985282901.0,268904725712200.0,301229558976499.0,330681453690101.0,
India,IND,Forest rents (% of GDP),NY.GDP.FRST.RT.ZS,0.295004656271969,0.297938360808894,0.206793799609741,0.14883514234316,0.15588841907343,0.186259152435169,0.160725947336095,,,,
India,IND,Gross value added at basic prices (GVA) (current US$),NY.GDP.FCST.CD,1920694977190.78,2082119741007.7,2405662394885.36,2456295120705.95,2592651554051.32,2453484381444.17,2903953517592.79,3066903884687.63,3311145645634.24,3549727101860.15,
India,IND,GDP deflator (base year varies by country),NY.GDP.DEFL.ZS,121.130060189769,125.052221196612,130.015866407506,135.065995050452,138.315030740154,144.974702950823,157.087205592193,166.350860948164,170.662591331842,175.922879998853,
India,IND,Exports as a capacity to import (constant LCU),NY.EXP.CAPM.KN,22506663130907.3,24003292072352.0,26352741768931.0,28179767278623.0,29187770083186.2,28426428025893.6,31565679675364.9,33458396578234.4,39998464039671.4,38106179785119.0,
India,IND,"Adjusted net savings, including particulate emission damage (current US$)",NY.ADJ.SVNG.CD,404940099442.15,414231307938.761,507835470236.008,494276028692.401,470203539741.892,380055804913.128,481823752516.482,,,,
India,IND,Adjusted net national income (annual % growth),NY.ADJ.NNTY.KD.ZG,9.0774568238154,7.49438183641379,8.75634435946382,5.9134198760822,2.78076800258005,-6.86231206889431,10.4701344599399,,,,
India,IND,Adjusted savings: net national savings (current US$),NY.ADJ.NNAT.CD,461262533759.819,470242118316.137,566890328850.871,565645729476.682,539873557921.438,450532483630.376,580564673173.339,,,,
India,IND,Adjusted savings: particulate emission damage (current US$),NY.ADJ.DPEM.CD,26770653730.7772,27307395803.4496,30248568761.1619,30317568107.6846,31945681467.4647,33040076162.5398,36773699404.9093,,,,
India,IND,Adjusted savings: mineral depletion (current US$),NY.ADJ.DMIN.CD,3056965911.28467,4365678082.80751,5610653127.18072,7673256637.02716,7995478500.35013,11763068932.2017,29569823471.8373,,,,
India,IND,Adjusted savings: net forest depletion (current US$),NY.ADJ.DFOR.CD,6205681999.51733,6837083487.00414,5483081651.43331,4022909294.65037,4414061994.92499,4968812968.63129,5105130334.21007,,,,
India,IND,Adjusted savings: education expenditure (current US$),NY.ADJ.AEDU.CD,64038815632.8816,69236555820.6106,80782233054.7817,82359026084.9171,86372858748.975,81058157535.5952,96307365993.7959,,,,
India,IND,"Services, value added (constant 2015 US$)",NV.SRV.TOTL.KD,1005173363454.9,1090241826993.68,1159396551829.65,1242547474038.95,1322437158059.88,1211992853617.59,1323199247796.62,1459847106021.06,1591049484286.13,1705368920867.13,
India,IND,Textiles and clothing (% of value added in manufacturing),NV.MNF.TXTL.ZS.UN,8.70013770209072,8.43202853147108,8.57915376007985,9.23592144433515,9.265872175708,7.63703951426647,8.03897410930784,7.75977069042954,,,
India,IND,"Food, beverages and tobacco (% of value added in manufacturing)",NV.MNF.FBTO.ZS.UN,10.2782516060928,10.6901766931468,10.6798568131121,10.7049499760967,11.2617380141958,11.2001451418901,9.31490204567416,10.0311121358543,,,
India,IND,"Industry (including construction), value added (annual % growth)",NV.IND.TOTL.KD.ZG,9.57734616558422,7.72008397972867,5.86054231753634,5.31641149108326,-1.40003274191449,-0.439885659435575,12.2441238733607,2.48450009467336,10.8187162604096,5.89982476604236,
India,IND,"Manufacturing, value added (% of GDP)",NV.IND.MANF.ZS,15.5838545863713,15.1622371332529,15.0182387501718,14.8815306673017,13.4558075633394,14.1204853576923,14.3770288531286,13.1454235512516,13.0186290013323,12.6085653310554,
India,IND,"Manufacturing, value added (current LCU)",NV.IND.MANF.CN,21461887991000.0,23337213548000.0,25666233643000.0,28125599556000.0,27051007681000.0,28034947195000.0,33926047950000.0,35348665144200.0,39215958725500.0,41694187126200.0,
India,IND,"Agriculture, forestry, and fishing, value added (constant 2015 US$)",NV.AGR.TOTL.KD,340245069830.013,363373427943.486,387377591405.895,395498830924.907,419862781602.445,436681199516.655,456869650956.175,485474424792.684,498381705138.697,521438485159.931,
India,IND,Trade (% of GDP),NE.TRD.GNFS.ZS,41.9229138658647,40.082485713276,40.7424969545225,43.6169693323889,39.9054035306442,37.7581053292768,45.4230887840446,50.0752701498882,44.9928422877561,44.6492935069676,
India,IND,External balance on goods and services (current US$),NE.RSB.GNFS.CD,-48309654578.3717,-40526477691.9238,-83759204290.0468,-101665620603.104,-73069992885.3108,-10516218299.5447,-83133636377.4612,-119529234327.297,-76242600458.5254,-90928492359.168,
India,IND,Gross savings (% of GNI),NY.GNS.ICTR.GN.ZS,32.8348689893322,32.0942398768979,32.0533801575086,31.7503860210376,29.9902851388816,29.0701630355672,30.2219310613714,30.228941603618,31.3682147473443,30.7126748824684,
India,IND,"GNI per capita, PPP (current international $)",NY.GNP.PCAP.PP.CD,5360.0,5730.0,6080.0,6640.0,7080.0,6870.0,7960.0,9080.0,10180.0,11000.0,
India,IND,GNI per capita (current LCU),NY.GNP.PCAP.CN,102498.823099949,113213.534765209,124334.481013967,136014.408714363,143340.8543525,139648.948481646,164895.530040952,186051.171403893,206601.864607184,224612.615796794,
India,IND,GNI (constant LCU),NY.GNP.MKTP.KN,112345710487900.0,121636185532600.0,129986945340400.0,138404737464000.0,143929000639900.0,134939763194800.0,148279197682800.0,159393757535300.0,174046379812200.0,185231330625400.0,
India,IND,GNI (current LCU),NY.GNP.MKTP.CN,136120948092900.0,152152684277700.0,169052297185800.0,186973439773800.0,199104791643600.0,195874086228500.0,233195901016900.0,265201658338900.0,297107859968500.0,325898483369700.0,
India,IND,Gross domestic savings (% of GDP),NY.GDS.TOTL.ZS,30.5644282130068,30.3961706924706,30.5076513689534,29.8884586617548,28.0860368485782,27.2894188790877,28.5732421263582,28.2813277463906,29.506488955632,28.6275909455197,
India,IND,Oil rents (% of GDP),NY.GDP.PETR.RT.ZS,0.359940708852176,0.220297977730946,0.313225226270499,0.446629594682818,0.30502831579148,0.144343868543637,0.325610194100608,,,,
India,IND,GDP per capita growth (annual %),NY.GDP.PCAP.KD.ZG,6.71566734640226,6.97394690929247,5.561185034605,5.29211971914722,2.79675759965889,-6.69047102833747,8.79093447676263,6.76238601727897,8.23053143349361,5.55042158511394,
India,IND,Natural gas rents (% of GDP),NY.GDP.NGAS.RT.ZS,0.0689196343932162,0.0607616430187198,0.0616444207974507,0.0660238912587392,0.0702256864350301,0.0675142930826255,0.0774937091732812,,,,
India,IND,GDP growth (annual %),NY.GDP.MKTP.KD.ZG,7.99625378571471,8.25630550179086,6.79538341897911,6.45385134497769,3.87143694070356,-5.77772470686801,9.68959249192875,7.60936497768895,9.19075493028345,6.49476552383821,
India,IND,GDP (current US$),NY.GDP.MKTP.CD,2103588360044.94,2294796885663.16,2651474262755.45,2702929641648.74,2835606256558.19,2674851578587.27,3167270623260.47,3346107287730.93,3638489096033.86,3909891533858.08,
India,IND,Gross value added at basic prices (GVA) (constant 2015 US$),NY.GDP.FCST.KD,1920694977190.78,2073813215325.09,2203036264922.3,2331113577297.12,2423067645474.17,2322609619962.05,2540364690780.46,2723647281533.05,2956771173549.6,3146421040055.37,
India,IND,Discrepancy in expenditure estimate of GDP (current LCU),NY.GDP.DISC.CN,1024949169200.0,3062166400800.0,4587729261600.0,2469341058600.0,1139296774300.0,-2461537941700.0,-2165787940700.0,-4748166509900.0,-5302768906600.0,-6484481123200.0,
India,IND,"Inflation, GDP deflator (annual %)",NY.GDP.DEFL.KD.ZG,2.27958810849833,3.23797495080767,3.96925793352338,3.88424027196663,2.40551716106513,4.81485791893405,8.35490771481598,5.89714185891133,2.59194954513768,3.08227399218495,
India,IND,"Adjusted net savings, excluding particulate emission damage (current US$)",NY.ADJ.SVNX.CD,431710753172.928,441538703742.211,538084038997.17,524593596800.086,502149221209.357,413095881075.668,518597451921.391,,,,
India,IND,Adjusted net national income per capita (constant 2015 US$),NY.ADJ.NNTY.PC.KD,1384.91262482343,1471.06871326035,1581.39127321571,1656.62732276122,1685.07779294141,1554.23905452974,1702.90328943451,,,,
India,IND,Adjusted net national income (current US$),NY.ADJ.NNTY.CD,1839197893355.0,1991577687380.81,2326228560999.19,2363288935865.17,2479347909060.48,2297238845810.0,2697069318282.99,,,,
India,IND,Adjusted savings: natural resources depletion (% of GNI),NY.ADJ.DRES.GN.ZS,0.892185189951202,0.849895006070074,0.867985809136638,1.02272540703528,0.853397080978412,0.901817540229968,1.62081061089854,,,,
India,IND,Adjusted savings: energy depletion (current US$),NY.ADJ.DNGY.CD,9287508871.55921,7902369283.89902,11671795066.1649,15651453703.2984,11522389872.3015,7001776620.05137,16005565905.1323,,,,
India,IND,Adjusted savings: consumption of fixed capital (current US$),NY.ADJ.DKAP.CD,221434275605.55,237257305811.278,273805683661.935,283357797906.251,301033756317.883,310785857214.413,379112694271.928,,,,
India,IND,Adjusted savings: carbon dioxide damage (current US$),NY.ADJ.DCO2.CD,75040439437.4122,78834839540.8265,86822993063.7043,96063539126.5367,100165265093.48,94761101569.4184,107594067534.564,,,,
India,IND,"Services, value added (constant LCU)",NV.SRV.TOTL.KN,55644080860300.0,60353274951500.0,64181521143200.0,68784564565600.0,73207073357800.0,67093131195800.0,73249260889300.0,80813771399500.0,88076832688900.0,94405293235400.0,
India,IND,"Services, value added (current US$)",NV.SRV.TOTL.CD,1005173363454.9,1095751773725.9,1263981378334.37,1309071161860.53,1420212198521.9,1282128264548.68,1515451052683.95,1663859377501.84,1801313631180.96,1950036515936.13,
India,IND,Other manufacturing (% of value added in manufacturing),NV.MNF.OTHR.ZS.UN,42.2224896932249,43.4157141002785,43.2891013378129,39.4826916335169,37.9418122718447,40.2134221615866,44.4347321997376,43.2006774307114,,,
India,IND,"Industry (including construction), value added (% of GDP)",NV.IND.TOTL.ZS,27.34739147794,26.6189999399789,26.5000166464804,26.4120919013735,24.5914753075066,25.1229058078344,26.466523606501,25.3845195629461,25.302936496264,24.6285041297852,
India,IND,"Industry (including construction), value added (current LCU)",NV.IND.TOTL.CN,37662482635000.0,40971083658300.0,45288640705900.0,49917977986400.0,49437700732500.0,49879258387100.0,62454110520100.0,68260172704100.0,76219924015800.0,81441895478500.0,
India,IND,"Manufacturing, value added (annual % growth)",NV.IND.MANF.KD.ZG,13.059393582526,7.92682142090599,7.52706360435427,5.41155688325516,-2.97496294314989,3.07361099543158,9.95521967094299,-1.7441965637199,12.3023414647899,4.51925984900458,
India,IND,"Industry (including construction), value added per worker (constant 2015 US$)",NV.IND.EMPL.KD,4986.32206413733,5234.59535590151,5439.6333510982,5625.39390236212,5430.47198407095,5831.14869911316,6037.78715192247,5513.67613275612,6114.86978673171,6188.87865558826,
India,IND,"Agriculture, forestry, and fishing, value added (constant LCU)",NV.AGR.TOTL.KN,16161459322500.0,17260043995700.0,18400228955800.0,18785983500900.0,19943258161800.0,20742124041400.0,21701064715800.0,23059776214600.0,23672865146000.0,24768049898000.0,
India,IND,"Agriculture, forestry, and fishing, value added (current US$)",NV.AGR.TOTL.CD,340245069830.013,375515985664.487,439039895543.654,433323697863.684,475121943129.794,499355674307.637,550236037721.842,553651248134.569,589187429060.35,636742788037.657,
India,IND,External balance on goods and services (constant LCU),NE.RSB.GNFS.KN,-1412581366500.0,-1331702017500.0,-4762620097400.0,-4373800884400.0,-5078630510900.0,-2843104791900.0,-1506382421100.0,-1165586466400.0,-5651200822700.0,-1612913242700.0,
India,IND,Imports of goods and services (constant LCU),NE.IMP.GNFS.KN,25115397729500.0,26215927811500.0,30782738078000.0,33498605710600.0,33217567053900.0,29024629859900.0,35437454199100.0,38598686980200.0,43906144177900.0,42293895022500.0,
India,IND,"GNI per capita, PPP (constant 2021 international $)",NY.GNP.PCAP.PP.KD,6418.53447303377,6866.99914707735,7253.63531021381,7639.08645823112,7861.80117281008,7299.38212379665,7955.24698385282,8484.24012357022,9182.70345262046,9686.16186393125,
India,IND,GNI per capita (constant 2015 US$),NY.GNP.PCAP.KD,1565.6208667604,1675.01120417113,1769.32021620398,1863.34017714491,1917.66516456133,1780.4788640595,1940.4586405946,2069.49163113071,2239.86210545351,2362.66661754358,
India,IND,"GNI, PPP (current international $)",NY.GNP.MKTP.PP.CD,7120994309944.05,7706181204018.37,8264361849009.08,9131972106245.93,9837436260445.05,9639773300094.61,11250341278206.9,12943322775945.1,14642775922544.5,15958215707486.7,
India,IND,GNI: linked series (current LCU),NY.GNP.MKTP.CN.AD,136120948092900.0,152152684277700.0,169052297185800.0,186973439773800.0,199104791643600.0,195874086228500.0,233195901016901.0,265201658338900.0,297107859968499.0,325898483369701.0,
India,IND,Gross domestic income (constant LCU),NY.GDY.TOTL.KN,112498778127507.0,122200998511052.0,131778445235731.0,138984101815223.0,146395241295086.0,139193595401394.0,147853070561665.0,157674429816734.0,178249430166871.0,185394752444319.0,
India,IND,Total natural resources rents (% of GDP),NY.GDP.TOTL.RT.ZS,1.77764002432658,1.74839023532939,1.98393401607656,2.25531632110711,2.01224538396897,1.78466920695081,3.15934537555664,,,,
India,IND,GDP per capita (constant LCU),NY.GDP.PCAP.KN,85612.0738215478,91582.6143978069,96675.6930439977,101791.886459201,104638.758779585,97637.9329390251,106221.21964816,113404.308553031,122738.085815424,129550.567023679,
India,IND,GDP per capita (current US$),NY.GDP.PCAP.CD,1583.99815907985,1707.50892912243,1950.10468280866,1966.25455171679,2041.42863698585,1907.04251637669,2239.61384367482,2347.44829434623,2530.12031278204,2694.73780859961,
India,IND,GDP (constant LCU),NY.GDP.MKTP.KN,113694931359600.0,123081932232700.0,131445821447400.0,139929139362800.0,145346407754900.0,136948692443500.0,150218462664300.0,161649133752300.0,176505909482400.0,187969554439000.0,
India,IND,GDP (current LCU),NY.GDP.MKTP.CN,137718738788600.0,153916690148700.0,170900423611300.0,188996684445900.0,201035928565900.0,198540960065000.0,235973985282900.0,268904725712200.0,301229558976500.0,330681453690100.0,
India,IND,Gross value added at basic prices (GVA) (constant LCU),NY.GDP.FCST.KN,104918703465800.0,113282846243700.0,120341705137300.0,127337977693500.0,132361004111600.0,126873445746200.0,138768400423900.0,148780282590500.0,161514765050100.0,171874462109000.0,
India,IND,Discrepancy in expenditure estimate of GDP (constant LCU),NY.GDP.DISC.KN,788037523800.0,2778435202100.0,4434511630500.0,1499204586000.0,4290371158700.0,1735902228400.0,-4980478739500.0,-5195101412400.0,1492568814900.0,-2921309829500.0,
India,IND,"Inflation, GDP deflator: linked series (annual %)",NY.GDP.DEFL.KD.ZG.AD,2.27958810849833,3.23797495080767,3.96925793352338,3.88424027196663,2.40551716106513,4.81485791893405,8.35490771481598,5.89714185891133,2.59194954513768,3.08227399218495,
India,IND,"Adjusted net savings, excluding particulate emission damage (% of GNI)",NY.ADJ.SVNX.GN.ZS,20.7634870606489,19.6419245788245,20.5156353995241,19.6183509561943,17.9063148276677,15.6965733295176,16.5852334910788,,,,
India,IND,Adjusted net national income per capita (annual % growth),NY.ADJ.NNTY.PC.KD.ZG,7.78404981063856,6.22104867069856,7.49948380798955,4.75758598265952,1.71737298964565,-7.764551818304,9.56508166948294,,,,
India,IND,Adjusted net national income (constant 2015 US$),NY.ADJ.NNTY.KD,1839197893355.0,1977034406210.3,2150150346923.16,2277297764903.76,2340624132473.68,2180003200143.48,2408252466429.5,,,,
India,IND,Adjusted savings: gross savings (% of GNI),NY.ADJ.ICTR.GN.ZS,32.8348697905285,31.4732326079073,32.0533813020929,31.7503859460806,29.9862082298838,28.9281247081424,30.6913833768628,,,,
India,IND,Adjusted savings: energy depletion (% of GNI),NY.ADJ.DNGY.GN.ZS,0.446690449248634,0.351538246031059,0.445012813391893,0.585321120194591,0.410880933208775,0.26604937301083,0.511873027354764,,,,
India,IND,Adjusted savings: consumption of fixed capital (% of GNI),NY.ADJ.DKAP.GN.ZS,10.6500653099977,10.5544317338963,10.4394428550504,10.5967986635904,10.7346680761575,11.8090574634644,12.1243799610588,,,,
India,IND,Adjusted savings: carbon dioxide damage (% of GNI),NY.ADJ.DCO2.GN.ZS,3.6091322299308,3.50698128911641,3.31031723838167,3.5925109192606,3.57182824508028,3.60067637493045,3.44095931382658,,,,
India,IND,"Services, value added (% of GDP)",NV.SRV.TOTL.ZS,47.7837481204463,47.7494012900074,47.6708899682407,48.4315663156522,50.0849578546822,47.9326881092162,47.8472234596709,49.7252249980944,49.5071878364149,49.874440225505,
India,IND,"Services, value added (current LCU)",NV.SRV.TOTL.CN,65807175257400.0,73494298031400.0,81469752895000.0,91534054561800.0,100688760095000.0,95166019157000.0,112907000045000.0,133713479890900.0,149130283581300.0,164925523957500.0,
India,IND,Medium and high-tech manufacturing value added (% manufacturing value added),NV.MNF.TECH.ZS.UN,42.8636137886518,41.392282940074,41.1977535693425,44.4484380908462,45.2357557721183,44.3669829789739,41.4349504178759,41.5552286346714,,,
India,IND,Chemicals (% of value added in manufacturing),NV.MNF.CHEM.ZS.UN,18.9633294471152,18.044223440411,17.8073482774812,19.2876217120273,20.7949023790365,21.7971415871598,20.3064987439854,18.0938977285679,,,
India,IND,"Industry (including construction), value added (constant 2015 US$)",NV.IND.TOTL.KD,575276543905.867,619688376211.08,656005475735.785,690881426229.937,681208860054.912,678212319968.726,761253476550.091,780166819895.682,864570854498.056,915579019891.717,
India,IND,"Manufacturing, value added (constant LCU)",NV.IND.MANF.KN,19038495872000.0,20547643441000.0,22094277632000.0,23289922034000.0,22597055484000.0,23291601066000.0,25610331117000.0,25163636601700.0,28259353101400.0,29536466699700.0,
India,IND,"Manufacturing, value added (current US$)",NV.IND.MANF.CD,327820151125.237,347942545530.751,398204735179.971,402237303537.545,381553721136.483,377702025494.416,455359411362.824,439859975451.527,473681396666.577,492981228419.901,
India,IND,"Agriculture, forestry, and fishing, value added (% of GDP)",NV.AGR.TOTL.ZS,16.1745081068401,16.3638005616331,16.5583314049368,16.031630686449,16.7555683032837,18.6685376603727,17.3725615260314,16.5461295925754,16.1931893571591,16.2854335605917,
India,IND,Gross capital formation (current LCU),NE.GDI.TOTL.CN,44230755683200.0,46440806669600.0,52948664618100.0,61127610070300.0,60504170245000.0,57422778883300.0,75784985493900.0,90403774960500.0,100497140373500.0,108840947544100.0,
India,IND,Changes in inventories (current US$),NE.GDI.STKB.CD,40092151200.4486,20587312274.9584,36860024612.8811,45512196104.2178,19074266074.1995,5181538734.94817,28701481765.5631,37311829789.5374,55510623792.5285,58785402533.5532,
India,IND,Gross fixed capital formation (constant 2015 US$),NE.GDI.FTOT.KD,604427075366.936,655552238038.235,706699366106.559,785871380742.197,794883608963.253,738477753552.411,867868706482.43,941161452971.761,1023818130006.04,1096130275102.13,
India,IND,"Gross fixed capital formation, private sector (current LCU)",NE.GDI.FPRV.CN,34595207778200.0,37685382891700.0,42026838669700.0,49020962990100.0,50136160929500.0,46566605639700.0,61041153754600.0,74385309842300.0,79552906538800.0,,
India,IND,Exports of goods and services (constant 2015 US$),NE.EXP.GNFS.KD,416787940847.812,437561725553.553,457535139608.144,512127641087.202,494792232272.935,460373305611.94,596640556148.747,658219877493.124,672671079422.964,715330295269.782,
India,IND,Gross national expenditure (constant LCU),NE.DAB.TOTL.KN,114319475202300.0,121635199048100.0,131773929914300.0,142803735661200.0,146134667107100.0,138055895007000.0,156705323824900.0,168009821631100.0,180664541490200.0,192503777511200.0,
India,IND,Gross national expenditure deflator (base year varies by country),NE.DAB.DEFL.ZS,122.338341014433,126.256805725924,130.307552425335,135.595961630093,140.33430800147,146.16041183853,155.919114068973,168.596496989594,173.163162078747,179.142597510345,
India,IND,Final consumption expenditure (constant 2015 US$),NE.CON.TOTL.KD,1460638605841.84,1574860693605.71,1686385553862.93,1804923943364.57,1894813489203.35,1807692695769.56,1985229583338.47,2124401575119.05,2250267716548.46,2396222023539.65,
India,IND,"Households and NPISHs Final consumption expenditure, PPP (constant 2021 international $)",NE.CON.PRVT.PP.KD,5398498728354.19,5837403398517.9,6201587792479.77,6641252250459.15,6984525355798.97,6615081800559.51,7387508718236.24,7939394727265.25,8380849440676.38,8983861417985.14,
India,IND,Households and NPISHs Final consumption expenditure (constant LCU),NE.CON.PRVT.KN,63814187159400.0,69002360052700.0,73307284856100.0,78504438994800.0,82562177135200.0,78195085214800.0,87325734006600.0,93849428619300.0,99067744881200.0,106195785678400.0,
India,IND,Households and NPISHs Final consumption expenditure (current LCU),NE.CON.PRVT.CN,81264083293800.0,91265334287900.0,100361529563100.0,112052964379000.0,122453572704600.0,121304811323200.0,143827039866400.0,165278617342300.0,181304314451600.0,202984130750700.0,
India,IND,General government final consumption expenditure (% of GDP),NE.CON.GOVT.ZS,10.4282907091862,10.3085480747222,10.7671989547856,10.8232185258548,11.0026755133718,11.6124524106018,10.4763782400684,10.255037910793,10.3054222433801,9.98882419189295,
India,IND,General government final consumption expenditure (current LCU),NE.CON.GOVT.CN,14361710441900.0,15866575999000.0,18401188624800.0,20455524164200.0,22119330885400.0,23055474503100.0,24721527246400.0,27576281565700.0,31042977974400.0,33031189044300.0,
India,IND,Military expenditure (% of GDP),MS.MIL.XPND.GD.ZS,2.45745006060163,2.54315152114541,2.53151136056791,2.42428452604417,2.5459982314359,2.80361581112679,2.46874153034185,2.38309809835882,2.35679426678262,2.2712033218142,
India,IND,"Armed forces personnel, total",MS.MIL.TOTL.P1,2798800.0,2981050.0,3031000.0,3026500.0,3045000.0,3068000.0,,,,,
India,IND,Logistics performance index: Overall (1=low to 5=high),LP.LPI.OVRL.XQ,,3.420043,,3.18,,,,3.4,,,
India,IND,Logistics performance index: Efficiency of customs clearance process (1=low to 5=high),LP.LPI.CUST.XQ,,3.17442,,2.96,,,,3.0,,,
India,IND,"Individuals using the Internet, male (% of male population)",IT.NET.USER.MA.ZS,,,,25.0,,,,,,,76.7
India,IND,Fixed broadband subscriptions (per 100 people),IT.NET.BBND.P2,1.27578595315943,1.38795276378032,1.31327377028949,1.3217822859385,1.37913181839908,1.63622632751685,1.9487996093033,2.35231555917724,2.74534696441771,3.15046250037677,
India,IND,Mobile cellular subscriptions (per 100 people),IT.CEL.SETS.P2,75.379332347226,83.917838213735,85.9703537817688,85.5500756367908,82.898144918237,82.2540479927426,81.603974311212,80.1818007717416,80.5631998772888,79.3526921826412,
India,IND,Rail lines (total route-km),IS.RRS.TOTL.KM,66030.0,66687.0,67368.0,69249.0,67414.07,67955.63,68102.73,,,,
India,IND,"Air transport, freight (million ton-km)",IS.AIR.GOOD.MT.K1,1833.847614,1893.8815,2407.098107,2703.96417383,1938.232596,875.122843,907.929041,1462.126148332,1806.986382,,
India,IND,Statistical performance indicators (SPI): Pillar 3 data products score  (scale 0-100),IQ.SPI.PIL3,59.8125,63.84375,60.2125,60.21875,59.99375,74.91875,86.28125,79.1375,84.275,79.275,
India,IND,Imports of goods and services (constant 2015 US$),NE.IMP.GNFS.KD,465097595426.184,485477678606.438,570047809511.51,620341399086.419,615137005954.334,537490415296.85,656245818343.847,714786868774.639,813072613920.463,783216299738.997,
India,IND,Gross capital formation (constant LCU),NE.GDI.TOTL.KN,39177263063100.0,40616858265300.0,45018218727400.0,49949844695300.0,48656429437300.0,45059566219900.0,54575651297000.0,58720478471200.0,64900044063800.0,69230694829900.0,
India,IND,Gross capital formation (current US$),NE.GDI.TOTL.CD,675603796764.315,692401963751.449,821484338748.471,874214432208.492,853409661240.451,773630845204.822,1017195001183.23,1124936460051.18,1213884024774.91,1286907065972.26,
India,IND,Gross fixed capital formation (% of GDP),NE.GDI.FTOT.ZS,28.7331441287317,28.1884378846659,28.1778136155632,29.4630681512508,28.4545443348195,27.3243213738562,29.5780345158487,31.2230944361164,30.4260455714275,29.8962309444631,
India,IND,Gross fixed capital formation (current LCU),NE.GDI.FTOT.CN,39570923708400.0,43386710596700.0,48156002833400.0,55684221941900.0,57203857422700.0,54249969986900.0,69796466815400.0,83960376452300.0,91652242888800.0,98861291085700.0,
India,IND,Exports of goods and services (% of GDP),NE.EXP.GNFS.ZS,19.8131891564045,19.1582349105946,18.7917648392982,19.9278285988562,18.664264897257,18.6824769296756,21.3991583305515,23.2515412045298,21.4486977833541,21.1618460520863,
India,IND,Exports of goods and services (current LCU),NE.EXP.GNFS.CN,27286474220000.0,29487721065300.0,32115205714400.0,37662935333900.0,37521878246200.0,37092369060100.0,50496446729600.0,62524493099900.0,64609817739000.0,69978300152700.0,
India,IND,Gross national expenditure (constant 2015 US$),NE.DAB.TOTL.KD,2136242402606.15,2275290011817.08,2462715422715.98,2666298681808.65,2733883549097.26,2584735593577.05,2926375399669.55,3137024078612.05,3369455550294.12,3590091033847.46,
India,IND,Final consumption expenditure (% of GDP),NE.CON.TOTL.ZS,69.4355717869932,69.6038293075294,69.4923486310466,70.1115413382452,71.9139631514218,72.7105811209123,71.4267578736418,71.7186722536094,70.493511044368,71.3724090544803,
India,IND,Final consumption expenditure (current LCU),NE.CON.TOTL.CN,95625793735700.0,107131910286900.0,118762718187900.0,132508488543200.0,144572903590000.0,144360285826300.0,168548567112800.0,192854898908000.0,212347292426000.0,236015319795000.0,
India,IND,"Households and NPISHs Final consumption expenditure, PPP (current international $)",NE.CON.PRVT.PP.CD,4311129420776.84,4696063487430.97,4980695234112.2,5653202027247.44,6270625365221.89,6134329107631.88,7387508718236.24,8593076165128.33,9289514909243.63,10201788773896.3,
India,IND,Households and NPISHs Final consumption expenditure (annual % growth),NE.CON.PRVT.KD.ZG,7.92811112124636,8.13012454478277,6.2388080641186,7.08954662405223,5.16880088865901,-5.28945828699338,11.6767553443011,7.47052937706421,5.56030690721421,7.19511764979389,
India,IND,Households and NPISHs Final consumption expenditure (current US$),NE.CON.PRVT.CD,1241270296331.75,1360706267075.67,1557082229430.68,1602521651332.49,1727204283214.7,1634284260295.02,1930463468899.9,2056639148049.27,2189937048135.12,2400031587720.89,
India,IND,General government final consumption expenditure (constant LCU),NE.CON.GOVT.KN,11328024979800.0,12015980730100.0,13448426330800.0,14349451971100.0,14916060534600.0,14801243572300.0,14803938521300.0,15439914540700.0,16696752545100.0,17077297002900.0,
India,IND,General government final consumption expenditure (current US$),NE.CON.GOVT.CD,219368309510.089,236560240175.816,285489509105.813,292543981715.747,311992555245.969,310615866617.677,331815250379.339,343144570892.613,374961664625.633,390552191410.791,
India,IND,Military expenditure (current LCU),MS.MIL.XPND.CN,3290705025000.0,3805752500000.0,4209430000000.0,4529307750000.0,5029909750000.0,5395592250000.0,5636507225000.0,6279477825000.0,6794795850000.0,7206582450000.0,
India,IND,Arms imports (SIPRI trend indicator values),MS.MIL.MPRT.KD,2724000000.0,2558000000.0,2659000000.0,2011000000.0,3147000000.0,2646000000.0,3943000000.0,2629000000.0,1491000000.0,1168000000.0,
India,IND,Logistics performance index: Competence and quality of logistics services (1=low to 5=high),LP.LPI.LOGS.XQ,,3.387064,,3.13,,,,3.5,,,
India,IND,"Lead time to import, median case (days)",LP.IMP.DURS.MD,,5.0,,3.0,,,,,,,
India,IND,"Individuals using the Internet, female (% of female population)",IT.NET.USER.FE.ZS,,,,14.9,,,,,,,63.1
India,IND,Fixed broadband subscriptions,IT.NET.BBND,16942750.0,18653312.0,17856024.0,18170000.0,19156559.0,22950000.0,27560000.0,33530452.0,39480000.0,45711188.0,
India,IND,Mobile cellular subscriptions,IT.CEL.SETS,1001056000.0,1127809000.0,1168902277.0,1176021869.0,1151480361.0,1153709832.0,1154046584.0,1142930000.0,1158554883.0,1151356612.0,
India,IND,"Railways, passengers carried (million passenger-km)",IS.RRS.PASG.KM,1147190.0,1143039.0,1149835.0,1177699.0,1157174.0,1050738.0,231126.0,,,,
India,IND,"Air transport, registered carrier departures worldwide",IS.AIR.DPRT,787998.0,917625.0,1029426.0,1200111.363,1209803.0,583142.0,739481.0,1055351.999,1234696.0,,
India,IND,Statistical performance indicators (SPI): Pillar 2 data services score (scale 0-100),IQ.SPI.PIL2,,85.7333333333333,86.3,87.9666666666667,87.9666666666667,88.3333333333333,88.3333333333333,87.7333333333333,87.7333333333333,85.1333333333333,
India,IND,Imports of goods and services (current US$),NE.IMP.GNFS.CD,465097595426.184,480169055768.282,582018012521.568,640300806738.542,602315056052.526,510244747372.174,760902891806.013,897550749081.828,856651130547.122,918333719557.771,
India,IND,Gross capital formation (constant 2015 US$),NE.GDI.TOTL.KD,675603796764.315,700429318211.373,776329868853.049,861374738444.077,839070059893.912,777042897807.489,941145816331.075,1012622503492.99,1119187833745.66,1193869010307.81,
India,IND,Changes in inventories (current LCU),NE.GDI.STKB.CN,2624772319300.0,1380832867700.0,2375808020900.0,3182344828000.0,1352307917600.0,384599909500.0,2138372069000.0,2998507367700.0,4595710000000.0,4971811160800.0,
India,IND,Gross fixed capital formation (annual % growth),NE.GDI.FTOT.KD.ZG,6.53083243430666,8.45845011828128,7.80214376529071,11.2030685794757,1.14678157799118,-7.09611505065642,17.5213068108809,8.44514221354919,8.78241206896915,7.06298735847362,
India,IND,"Gross fixed capital formation, private sector (% of GDP)",NE.GDI.FPRV.ZS,25.1201892222554,24.484273183949,24.5914186645241,25.9374724661544,24.9389058399406,23.4544074051292,25.8677471084027,27.6623289699684,26.4093958139766,,
India,IND,Exports of goods and services (annual % growth),NE.EXP.GNFS.KD.ZG,-5.64708727457766,4.98425762114994,4.56470776307569,11.9318707467613,-3.38497816237084,-6.95623827861731,29.5992945020295,10.3210083038716,2.19549764812301,6.3417645193565,
India,IND,Gross national expenditure (% of GDP),NE.DAB.TOTL.ZS,101.552301922821,99.7765198875654,100.47452146552,102.454759553694,102.010160719991,101.632965128978,103.542580049143,105.337930792508,103.855821408252,104.286546309393,
India,IND,Gross national expenditure (current US$),NE.DAB.TOTL.CD,2136242402606.15,2289668471002.94,2664056077284.96,2769280065256.73,2892606499701.12,2718530972117.52,3279473720462.47,3524720178993.06,3778782737535.66,4077490845103.95,
India,IND,Final consumption expenditure (annual % growth),NE.CON.TOTL.KD.ZG,7.85745272369698,7.82001018643761,7.0815698626576,7.02913928728282,4.98024009095997,-4.59785588028593,9.82118741666599,7.01037265153681,5.92478102556282,6.48608634065357,
India,IND,Households and NPISHs final consumption expenditure (% of GDP),NE.CON.PRVT.ZS,59.007281077807,59.2952812328071,58.725149676261,59.2883228123904,60.91128763805,61.0981287103106,60.9503796335733,61.4636343428164,60.1880888009879,61.3835848625873,
India,IND,Households and NPISHs Final consumption expenditure per capita (constant 2015 US$),NE.CON.PRVT.PC.KD,934.674245995534,998.692521227021,1048.73742126096,1110.83188085603,1156.16158300263,1084.39939055711,1201.10046879912,1280.6690890081,1339.98980377445,1423.66631566036,
India,IND,Households and NPISHs final consumption expenditure: linked series (current LCU),NE.CON.PRVT.CN.AD,81264083293800.0,91265334287900.0,100361529563100.0,112052964379000.0,122453572704600.0,121304811323200.0,143827039866400.0,165278617342300.0,181304314451600.0,202984130750700.0,
India,IND,"Households and NPISHs Final consumption expenditure per capita, PPP (current international $)",NE.CON.PCAP.PP.CD,3246.2725102356,3494.2396804748,3663.19871028702,4112.43934972333,4514.39058676344,4373.48618194345,5223.79321619139,6028.43849657215,6459.71164057878,7031.17866219644,
India,IND,General government final consumption expenditure (constant 2015 US$),NE.CON.GOVT.KD,219368309510.089,232690639768.909,260430088653.517,277878538130.836,288850968272.064,286627526589.357,286679714539.807,298995452235.788,323334242876.249,330703523448.094,
India,IND,Military expenditure (% of general government expenditure),MS.MIL.XPND.ZS,8.83048801634809,9.07949738588422,9.38975796930342,9.10259596677692,9.31986491104437,8.76108057617454,8.04086701762549,7.99476292480946,7.90153722484163,7.63414899624775,
India,IND,Armed forces personnel (% of total labor force),MS.MIL.TOTL.TF.ZS,0.559043731926993,0.586034924091802,0.58659146395082,0.577253702834551,0.573043386452831,0.576119558133425,,,,,
India,IND,Logistics performance index: Frequency with which shipments reach consignee within scheduled or expected time (1=low to 5=high),LP.LPI.TIME.XQ,,3.73805,,3.5,,,,3.6,,,
India,IND,Logistics performance index: Quality of trade and transport-related infrastructure (1=low to 5=high),LP.LPI.INFR.XQ,,3.337178,,2.91,,,,3.2,,,
India,IND,Individuals using the Internet (% of population),IT.NET.USER.ZS,14.89999962,16.5,18.20000076,20.0813000379384,29.52350044,43.40544313,49.2580986,55.9,60.25230026,64.9434967,70.0
India,IND,Secure Internet servers,IT.NET.SECR,15313.0,50723.0,164791.0,254032.0,531807.0,662298.0,746969.0,1040120.0,1389294.0,1759175.0,
India,IND,Fixed telephone subscriptions,IT.MLT.MAIN,25520000.0,24404000.0,23234687.0,21868192.0,21004534.0,20052162.0,23773751.0,27454827.0,30933183.0,39235898.0,
India,IND,Liner shipping connectivity index (maximum value in 2004 = 100),IS.SHP.GCNW.XQ,50.3519709842,56.5217413481,55.3798260922,55.5425275349,54.2830927592,57.2185409309,58.8891957075,,,,
India,IND,"Air transport, passengers carried",IS.AIR.PSGR,98927860.0,119577835.0,139752424.0,164035637.545,167499116.0,68959633.0,83964797.0,139996043.466,180415784.228,,
India,IND,Statistical performance indicators (SPI): Pillar 4 data sources score (scale 0-100),IQ.SPI.PIL4,52.2666666666667,49.0166666666667,58.4666666666667,57.2416666666667,58.9416666666667,69.1916666666667,77.525,72.8333333333333,74.5333333333333,74.1833333333333,
India,IND,Statistical performance indicators (SPI): Overall score (scale 0-100),IQ.SPI.OVRL,,65.71875,64.9958333333333,67.0854166666667,68.3804166666667,73.48875,77.4279166666667,76.9408333333333,77.3083333333333,73.7183333333333,
India,IND,"Agriculture, forestry, and fishing, value added (current LCU)",NV.AGR.TOTL.CN,22275328570000.0,25186620207000.0,28298258514000.0,30299250460000.0,33684712325000.0,37064693901000.0,40994725778700.0,44493324396900.0,48778672884800.0,53852908437900.0,
India,IND,External balance on goods and services (% of GDP),NE.RSB.GNFS.ZS,-2.29653555305562,-1.76601589208677,-3.15896727592607,-3.76131213467656,-2.57687373613013,-0.393151469925627,-2.62477212294165,-3.57218774082861,-2.09544672104786,-2.32560140279504,
India,IND,Imports of goods and services (% of GDP),NE.IMP.GNFS.ZS,22.1097247094602,20.9242508026814,21.9507321152243,23.6891407335327,21.2411386333872,19.0756283996012,24.0239304534931,26.8237289453584,23.544144504402,23.4874474548813,
India,IND,Imports of goods and services (current LCU),NE.IMP.GNFS.CN,30449234019500.0,32205914273900.0,37513894170700.0,44771690560100.0,42702320289600.0,37872935763000.0,56690226112700.0,72130274746300.0,70921922655400.0,77668632678500.0,
India,IND,Gross capital formation (annual % growth),NE.GDI.TOTL.KD.ZG,4.72952354095742,3.67456807761519,10.8362897823148,10.9547336774087,-2.58942798699373,-7.39236984504795,21.1189007693939,7.59464536967943,10.5236976153572,6.67280096426862,
India,IND,Changes in inventories (constant LCU),NE.GDI.STKB.KN,2395568424900.0,1226393339200.0,2064362663700.0,2627707938200.0,1085372206900.0,256164829200.0,1602029932900.0,1991769216500.0,3056100000000.0,3192275014100.0,
India,IND,Gross fixed capital formation (constant LCU),NE.GDI.FTOT.KN,34921830580000.0,37875676200000.0,40830790909200.0,45405092416300.0,45925789651600.0,42666842780000.0,50142631210000.0,54377247725300.0,59152881692300.0,63330842248400.0,
India,IND,Gross fixed capital formation (current US$),NE.GDI.FTOT.CD,604427075366.936,646867394694.409,747127475823.859,796366002399.328,806858839433.266,730885041606.85,936816398158.319,1044758238382.0,1107048350470.68,1168910202640.22,
India,IND,Exports of goods and services (constant LCU),NE.EXP.GNFS.KN,23702816363000.0,24884225794000.0,26020117980600.0,29124804826200.0,28138936543000.0,26181525068000.0,33931071778000.0,37433100513800.0,38254943355200.0,40680981779800.0,
India,IND,Exports of goods and services (current US$),NE.EXP.GNFS.CD,416787940847.812,439642578076.358,498258808231.521,538635186135.438,529245063167.215,499728529072.629,677769255428.552,778021514754.531,780408530088.596,827405227198.603,
India,IND,Gross national expenditure (current LCU),NE.DAB.TOTL.CN,139856549418900.0,153572716956500.0,171711382806000.0,193636098613500.0,205077073835000.0,201783064709600.0,244333552606700.0,283258673868500.0,312844432799500.0,344856267339100.0,
India,IND,Final consumption expenditure (constant LCU),NE.CON.TOTL.KN,75142212139200.0,81018340782800.0,86755711186900.0,92853890965900.0,97478237669800.0,92996328787100.0,102129672527900.0,109289343159900.0,115764497426400.0,123273082681300.0,
India,IND,Final consumption expenditure (current US$),NE.CON.TOTL.CD,1460638605841.84,1597266507251.49,1842571738536.49,1895065633048.24,2039196838460.67,1944900126912.7,2262278719279.24,2399783718941.88,2564898712760.75,2790583779131.69,
India,IND,Households and NPISHs Final consumption expenditure per capita growth (annual %),NE.CON.PRVT.PC.KD.ZG,6.64833269673993,6.84926063874795,5.01104183422309,5.92087765118583,4.08069870228027,-6.20693452373237,10.7618170259252,6.62464317315093,4.63200957027053,6.24456332803464,
India,IND,Households and NPISHs Final consumption expenditure (constant 2015 US$),NE.CON.PRVT.KD,1241270296331.75,1342187117360.91,1425923595474.39,1527015113598.91,1605943484360.56,1520997773642.62,1698600962463.14,1825495446363.04,1926998595758.05,2065648411832.72,
India,IND,"Households and NPISHs Final consumption expenditure per capita, PPP (constant 2021 international $)",NE.CON.PCAP.PP.KD,4065.05959527427,4343.48612207503,4561.14002871589,4831.19954931542,5028.3462466289,4716.24008747409,5223.79321619139,5569.85087686733,5827.84690253363,6191.77049302325,
India,IND,General government final consumption expenditure (annual % growth),NE.CON.GOVT.KD.ZG,7.46113483667517,6.07304231343728,11.9211709212526,6.69985928566558,3.94864253102598,-0.769753930896599,0.0182075849697156,4.29599203269424,8.14018757090231,2.27915252844588,
India,IND,Arms exports (SIPRI trend indicator values),MS.MIL.XPRT.KD,42000000.0,49000000.0,56000000.0,47000000.0,20000000.0,153000000.0,54000000.0,7000000.0,41000000.0,25000000.0,
India,IND,Military expenditure (current USD),MS.MIL.XPND.CD,51295483753.9436,56637622640.8741,64559435280.6927,66257801718.275,71468900524.3041,72937064047.7993,76348538793.9209,79976789327.937,82293332162.5812,86125976248.5524,
India,IND,Logistics performance index: Ability to track and trace consignments (1=low to 5=high),LP.LPI.TRAC.XQ,,3.518981,,3.32,,,,3.4,,,
India,IND,Logistics performance index: Ease of arranging competitively priced shipments (1=low to 5=high),LP.LPI.ITRN.XQ,,3.364115,,3.21,,,,3.5,,,
India,IND,"Lead time to export, median case (days)",LP.EXP.DURS.MD,,4.0,,3.0,,,,,,,
India,IND,Secure Internet servers (per 1 million people),IT.NET.SECR.P6,11.5306607845422,37.7418916475687,121.20038474398,184.79636635197,382.862055209059,472.187112968085,528.190455501333,729.692060044831,966.082590066802,1212.44166069372,
India,IND,Fixed telephone subscriptions (per 100 people),IT.MLT.MAIN.P2,1.9216512977308,1.81584906998258,1.70886335042931,1.59080841007716,1.51217247158246,1.42962419991429,1.68106954500994,1.92608249738534,2.15102127783251,2.70417879573832,
India,IND,Container port traffic (TEU: 20 foot equivalent units),IS.SHP.GOOD.TU,12318610.0,13724110.0,15450523.0,16996593.0,17487621.0,17597062.0,19561769.0,19717168.0,,,
India,IND,"Railways, goods transported (million ton-km)",IS.RRS.GOOD.MT.K6,681696.0,654481.0,620175.0,692916.0,738523.0,707665.0,719762.0,,,,
India,IND,Statistical performance indicators (SPI): Pillar 5 data infrastructure score (scale 0-100),IQ.SPI.PIL5,,50.0,50.0,50.0,55.0,55.0,55.0,55.0,50.0,50.0,
India,IND,Statistical performance indicators (SPI): Pillar 1 data use score (scale 0-100),IQ.SPI.PIL1,60.0,80.0,70.0,80.0,80.0,80.0,80.0,90.0,90.0,80.0,
India,IND,"Intentional homicides (per 100,000 people)",VC.IHR.PSRC.P5,3.341278725169,3.14894003612781,3.07665739913599,3.0299149142336,2.94997162020176,2.93529734667461,2.92249230234054,2.81530423021647,,,
India,IND,"Internally displaced persons, new displacement associated with conflict and violence (number of cases)",VC.IDP.NWCV,1000.0,448000.0,78000.0,169000.0,12000.0,3900.0,13000.0,1000.0,67000.0,,
India,IND,High-technology exports (% of manufactured exports),TX.VAL.TECH.MF.ZS,8.02476917234515,7.66325704378624,7.36208114076572,9.04145168835151,10.2237396907979,11.0325638466576,10.2125596625118,12.6822794807287,14.9343472986716,18.5723946411049,
India,IND,Export value index (2015 = 100),TX.VAL.MRCH.XD.WD,100.0,98.7,111.7,121.2,121.0,103.2,147.6,169.2,161.1,,
India,IND,Merchandise exports to low- and middle-income economies in Sub-Saharan Africa (% of total merchandise exports),TX.VAL.MRCH.R6.ZS,8.18054330954276,7.20244514991733,6.86526925868836,6.66369539028361,7.56291967027285,8.00099285714823,8.08798575027641,9.35280297259764,8.97204663257978,,
India,IND,Merchandise exports to low- and middle-income economies in Europe & Central Asia (% of total merchandise exports),TX.VAL.MRCH.R2.ZS,2.04056050722586,2.09583751723784,2.02694633867948,2.05623988778255,2.07781850015401,1.93495811299878,2.27050701087456,2.61358362623256,2.44514317746038,,
India,IND,Merchandise exports (current US$),TX.VAL.MRCH.CD.WT,267951000000.0,264542000000.0,299241000000.0,324778000000.0,324340000000.0,276410000000.0,395426000000.0,453415000000.0,431559000000.0,442762000000.0,
India,IND,Insurance and financial services (% of commercial service exports),TX.VAL.INSF.ZS.WT,4.70680053586181,4.47114693817744,3.76046571297754,3.92161132082589,3.43169704869222,3.18848977088711,3.40834666151049,3.46459546951557,3.49237345348415,3.12508603395821,
India,IND,Agricultural raw materials exports (% of merchandise exports),TX.VAL.AGRI.ZS.UN,1.7736046518473,1.5373233001934,1.51484254623607,1.56952573989149,1.14645412586871,1.33684682253082,1.46901995334455,0.942789378851202,0.822662153689855,0.900284268232885,
India,IND,Net barter terms of trade index (2015 = 100),TT.PRI.MRCH.XD.WD,100.0,105.1,100.4,95.6,97.9,103.1,91.0,81.4,87.5,,
India,IND,"Computer, communications and other services (% of commercial service imports)",TM.VAL.OTHR.ZS.WT,57.7808244339676,61.3569272813629,61.0358569006148,61.8427982039528,60.5409331151319,66.0857012970635,61.703690258841,55.8531026749459,60.4269908421222,60.646019185901,
India,IND,"Merchandise imports by the reporting economy, residual (% of total merchandise imports)",TM.VAL.MRCH.RS.ZS,1.75809478677642,1.4584058212173,1.35535207556985,1.46103373429901,1.18608568876207,0.643260797777165,0.0173650066596097,0.0307431211167961,0.0268951262622899,,
India,IND,Merchandise imports from low- and middle-income economies in Latin America & the Caribbean (% of total merchandise imports),TM.VAL.MRCH.R3.ZS,3.2819694977219,3.278772945899,3.61335449092074,3.3002268110644,2.99737129743632,3.57349219006028,3.88078477591804,3.49045047263344,3.0661459574131,,
India,IND,Merchandise imports from high-income economies (% of total merchandise imports),TM.VAL.MRCH.HI.ZS,54.6411903202234,53.9143491662793,53.4137397959676,54.4131725425282,57.0741157377476,56.7127100374247,57.8315974583148,58.9314972785203,61.444210697132,,
India,IND,Manufactures imports (% of merchandise imports),TM.VAL.MANF.ZS.UN,47.9223654890216,52.1511047329015,50.149572697062,48.5537074162929,50.1619402889172,52.8216085887867,47.945167920397,44.645900085283,47.9020525287235,46.4544098481671,
India,IND,Food imports (% of merchandise imports),TM.VAL.FOOD.ZS.UN,5.2439586896853,6.08873220309444,5.63841140503153,3.85218741928945,3.97304277623304,5.48565406020561,5.05246462548225,4.68745287929006,4.69913000107828,5.06115292488684,
India,IND,"Tariff rate, applied, weighted mean, primary products (%)",TM.TAX.TCOM.WM.AR.ZS,7.18,5.92,4.64,3.0,5.72,4.7,3.52,2.49,,,
India,IND,"Binding coverage, primary products (%)",TM.TAX.TCOM.BC.ZS,77.03,77.03,76.98,76.98,76.92,76.92,76.92,0.0,,,
India,IND,"Tariff rate, applied, simple mean, all products (%)",TM.TAX.MRCH.SM.AR.ZS,9.75,8.91,8.88,9.03,10.21,9.42,9.86,10.06,,,
India,IND,"Tariff rate, applied, weighted mean, manufactured products (%)",TM.TAX.MANF.WM.AR.ZS,7.0,6.26,6.08,6.0,6.64,6.72,6.79,6.22,,,
India,IND,"Binding coverage, manufactured products (%)",TM.TAX.MANF.BC.ZS,73.52,73.52,73.62,73.62,73.62,73.62,73.62,0.0,,,
India,IND,"International tourism, expenditures (current US$)",ST.INT.XPND.CD,17686000000.0,19184000000.0,21856000000.0,25790000000.0,28595000000.0,15777000000.0,,,,,
India,IND,"International tourism, receipts for passenger transport items (current US$)",ST.INT.TRNR.CD,459000000.0,684000000.0,513000000.0,575000000.0,941000000.0,377000000.0,,,,,
India,IND,"International tourism, number of arrivals",ST.INT.ARVL,13284000.0,14570000.0,15543000.0,17423000.0,17914000.0,,,,,,
India,IND,Urban population growth (annual %),SP.URB.GROW,2.17617533145353,2.16325487902533,2.12248866445848,2.0460160617663,1.97750804279549,1.89985832105548,1.73813803578169,1.69490092263281,1.7773369092557,1.77423382325139,
India,IND,"Completeness of birth registration, male (%)",SP.REG.BRTH.MA.ZS,,79.4,,,,,88.8,,,,
India,IND,"Population, female (% of total population)",SP.POP.TOTL.FE.ZS,48.3218315964544,48.3299201412735,48.3385229249662,48.3471809414411,48.3559820255384,48.3697182728258,48.3862189133723,48.3990824754438,48.4111710543389,48.4247730573765,
India,IND,Researchers in R&D (per million people),SP.POP.SCIE.RD.P6,214.34935,,,250.00794,,259.26325,,,,,
India,IND,Age dependency ratio (% of working-age population),SP.POP.DPND,52.3977058192572,51.5768937298059,50.7672033452389,50.0307900245271,49.3781313856783,48.725925362152,48.0405766189907,47.4637059570602,47.0132181120622,46.5639973059355,
India,IND,"Population ages 75-79, male (% of male population)",SP.POP.7579.MA.5Y,0.85766659429075,0.870195172082826,0.88268820293954,0.897017333740937,0.914977524111526,0.933962457839017,0.943020715675695,0.958526781920169,0.991102017904531,1.04151937769015,
India,IND,Population ages 65 and above (% of total population),SP.POP.65UP.TO.ZS,5.46921307827757,5.64173085340436,5.8247052897296,6.01925951437221,6.22347304109804,6.41685302336898,6.54579069268807,6.69899975408181,6.92184330138637,7.14651714039908,
India,IND,"Population ages 65 and above, female (% of female population)",SP.POP.65UP.FE.ZS,6.01712091779342,6.19188175497591,6.37739603379644,6.57507921401153,6.78299115265878,6.98535020065507,7.12127246756211,7.27755094380342,7.50650567210504,7.73837108280662,
India,IND,"Population ages 60-64, male (% of male population)",SP.POP.6064.MA.5Y,3.07508609262899,3.14934450540475,3.21665265260908,3.27549444522798,3.32562105416046,3.36814813229768,3.39929629642604,3.4370260818342,3.48906233043154,3.54383172344543,
India,IND,"Population ages 50-54, male (% of male population)",SP.POP.5054.MA.5Y,4.62482958396063,4.65808106096859,4.6928390990862,4.73295760837437,4.77665591416524,4.82596401622376,4.88310138732328,4.94971848970813,5.02520238817518,5.10770311618214,
India,IND,"Population ages 40-44, male (% of male population)",SP.POP.4044.MA.5Y,6.09157226679522,6.16220698692452,6.23269152535064,6.29743553532352,6.36441622840084,6.45352985086206,6.55950266653957,6.66768777413941,6.78115121896051,6.89837817946598,
India,IND,"Population ages 30-34, male (% of male population)",SP.POP.3034.MA.5Y,7.97061688893259,8.04575538593707,8.11588577019845,8.16957376962546,8.204320101353,8.22944654071049,8.25238976935113,8.26316331720342,8.2622278968137,8.26469461846743,
India,IND,"Population ages 20-24, male (% of male population)",SP.POP.2024.MA.5Y,9.3025245573944,9.27790672709696,9.25262693224628,9.22764747189335,9.19929904028085,9.18313543313787,9.19530061058965,9.1963691562388,9.16351470627055,9.10772194761183,
India,IND,"Population ages 15-64, male (% of male population)",SP.POP.1564.MA.ZS,65.7525864467332,66.1222604470719,66.4907741442647,66.8321517598816,67.1418754368376,67.4578877753423,67.7887735130731,68.0711680751889,68.3017938385519,68.5349507306017,
India,IND,"Population ages 15-19, male (% of male population)",SP.POP.1519.MA.5Y,9.76702023988062,9.738176864659,9.70831912739719,9.65914029860751,9.58986039058127,9.49353541205569,9.36791389939894,9.21633172870289,9.05799642084931,8.91734470582063,
India,IND,"Population ages 05-09, male (% of male population)",SP.POP.0509.MA.5Y,9.74930004114906,9.59503191432828,9.45357356183439,9.30790708358105,9.12055098667878,8.92078133748657,8.75956414334217,8.59247696906625,8.41992400033437,8.28056843662065,
India,IND,"Population ages 0-14, male (% of male population)",SP.POP.0014.MA.ZS,29.2905233987707,28.7505956560623,28.2016612997935,27.66883749664,27.1585466186459,26.6578545574261,26.2049309940379,25.7724842798753,25.3250124537113,24.8742328896781,
India,IND,"Population ages 00-04, male (% of male population)",SP.POP.0004.MA.5Y,9.47814079211845,9.26713006261536,9.05436851260208,8.85143517646296,8.68932886164182,8.52469639305705,8.34197065828363,8.17655362915128,8.02070458890956,7.8736689076019,
India,IND,Women who were first married by age 15 (% of women ages 20-24),SP.M15.2024.FE.ZS,,5.4,,,,,4.0,,,,
India,IND,"Survival to age 65, female (% of cohort)",SP.DYN.TO65.FE.ZS,75.070213,75.413346,75.757583,76.138822,76.558342,75.792373,69.548678,78.057246,78.593384,79.134621,
India,IND,"Life expectancy at birth, female (years)",SP.DYN.LE00.FE.IN,70.94,71.297,71.632,71.963,72.287,71.938,68.835,73.271,73.598,73.856,
India,IND,"Contraceptive prevalence, any method (% of married women ages 15-49)",SP.DYN.CONU.ZS,,53.5,,,,,66.7,,,,
India,IND,"Mortality rate, adult, male (per 1,000 male adults)",SP.DYN.AMRT.MA,205.008,201.451,197.986,194.523,191.12,199.714,251.736,181.136,177.914,175.63,
India,IND,International migrant stock (% of population),SM.POP.TOTL.ZS,0.4,,,,,0.4,,,,0.3,
India,IND,"Net official flows from UN agencies, WHO (current US$)",DT.NFL.WHOL.CD,7015762.80593872,8019294.73876953,5201595.78323364,5458944.79751587,8992305.75561523,6057962.8944397,7610899.92523193,8076518.05877686,10539353.3706665,,
India,IND,"Net official flows from UN agencies, UNDP (current US$)",DT.NFL.UNDP.CD,10433799.7436523,6103316.78390503,5558685.77957153,2420137.88223267,2691499.94850159,2443854.09355164,3862217.90313721,2133058.07113647,,,
India,IND,"Net official flows from UN agencies, UNICEF (current US$)",DT.NFL.UNCF.CD,54455074.3103027,58949291.229248,64811882.019043,57140087.1276855,63026000.9765625,50948001.8615723,48882999.420166,54097999.5727539,43750999.4506836,,
India,IND,"PPG, other private creditors (NFL, current US$)",DT.NFL.PROP.CD,-7894000.0,-7878000.0,-8010000.0,-8304000.0,-7952000.0,-9639000.0,-5847000.0,-1500000.0,-1500000.0,98500000.0,
India,IND,"PPG, commercial banks (NFL, current US$)",DT.NFL.PCBK.CD,1210636000.0,-4604093000.0,-3708107000.0,2726690000.0,552908000.0,-973789000.0,5746955000.0,1227111000.0,2549655000.0,8047027000.0,
India,IND,"Net financial flows, others (NFL, current US$)",DT.NFL.MOTH.CD,-16057724.4,22010854.2,78013001.8,245141887.2,171573603.1,99893812.5,166079332.4,270323910.0,127781324.7,423259806.1,
India,IND,"Net financial flows, IMF nonconcessional (NFL, current US$)",DT.NFL.IMFN.CD,,,,,,,,0.0,,,
India,IND,"Portfolio investment, bonds (PPG + PNG) (NFL, current US$)",DT.NFL.BOND.CD,10705332000.0,-3796397000.0,33309782000.0,-8416584000.0,12784462000.0,-2457951000.0,9671645000.0,-1293250000.0,548291000.0,16459730000.0,
India,IND,"Intentional homicides, male (per 100,000 male)",VC.IHR.PSRC.MA.P5,3.97552822829654,3.52163279345324,3.40737461712788,3.38995488020865,3.28250994500686,3.38734203020531,3.33152777551067,3.22910946938297,,,
India,IND,Battle-related deaths (number of people),VC.BTL.DETH,504.0,637.0,665.0,824.0,594.0,584.0,430.0,310.0,217.0,437.0,
India,IND,High-technology exports (current US$),TX.VAL.TECH.CD,14588767825.0,14266747536.0,15104651310.0,20197216794.0,23471089532.0,21583797567.0,27447578528.0,35784973166.0,40942449667.0,54140883629.0,
India,IND,Merchandise exports to low- and middle-income economies within region (% of total merchandise exports),TX.VAL.MRCH.WR.ZS,6.70356986800557,6.53850078063825,6.91563459438903,7.73327068954662,6.97028995705287,6.86600949709709,7.79386583850088,7.00813744302509,5.70510017038312,,
India,IND,Merchandise exports to low- and middle-income economies in South Asia (% of total merchandise exports),TX.VAL.MRCH.R5.ZS,6.70356986800557,6.53850078063825,6.91563459438903,7.73327068954662,6.97028995705287,6.86600949709709,7.79386583850088,7.00813744302509,5.70510017038312,,
India,IND,Merchandise exports to low- and middle-income economies in East Asia & Pacific (% of total merchandise exports),TX.VAL.MRCH.R1.ZS,10.8619612955609,10.8487340554913,12.4141677702927,13.1519738328096,12.6916866038357,14.6554784007824,13.5183881201796,10.5693721315479,10.3164650404641,,
India,IND,Merchandise exports to economies in the Arab World (% of total merchandise exports),TX.VAL.MRCH.AL.ZS,18.9495824534701,18.6321600652584,16.8179519574815,15.8729463757273,16.2564499503215,13.8335711026832,13.17708004855,14.7875206130381,16.1173617127856,,
India,IND,ICT goods exports (% of total goods exports),TX.VAL.ICTG.ZS.UN,0.89,0.95,0.86,1.18,2.0,2.05,2.23,2.77,,,
India,IND,Export unit value index (2015 = 100),TX.UVI.MRCH.XD.WD,100.0,96.8,101.2,104.8,101.5,97.6,114.2,129.9,120.7,119.7,
India,IND,Travel services (% of commercial service imports),TM.VAL.TRVL.ZS.WT,18.1462490250814,17.1951144179739,16.9615345374939,17.3258344190956,17.704861132415,10.9366603979227,10.4209170752913,14.7165748192081,18.7999477564573,17.8949076051919,
India,IND,Import value index (2015 = 100),TM.VAL.MRCH.XD.WD,100.0,91.8,114.2,130.5,123.3,94.7,145.4,182.8,170.6,,
India,IND,Merchandise imports from low- and middle-income economies in Sub-Saharan Africa (% of total merchandise imports),TM.VAL.MRCH.R6.ZS,8.04832934139794,6.76211634460378,7.49175881708845,7.25022092281799,6.97268331841675,6.40444424819136,6.72909268070993,6.09099085901658,4.82576378148275,,
India,IND,Merchandise imports from low- and middle-income economies in Europe & Central Asia (% of total merchandise imports),TM.VAL.MRCH.R2.ZS,0.930508709626266,1.14896430766399,1.30815126280316,1.15687746193785,1.4028251908105,1.48128033663115,1.0312277976301,0.881162054588483,0.728067017756701,,
India,IND,Merchandise imports (current US$),TM.VAL.MRCH.CD.WT,394131000000.0,361649000000.0,449925000000.0,514464000000.0,486059000000.0,373202000000.0,573092000000.0,720441000000.0,673929000000.0,718261000000.0,
India,IND,Insurance and financial services (% of commercial service imports),TM.VAL.INSF.ZS.WT,5.20757150547917,6.63880579976319,6.95717321704238,4.54884815668006,3.24240540808375,5.68369897480535,5.64223665215415,4.67948199184832,4.12592412393331,3.81973070728016,
India,IND,Agricultural raw materials imports (% of merchandise imports),TM.VAL.AGRI.ZS.UN,1.84970409889128,2.04943968255047,1.79104776706967,1.71229547834714,1.85942162777805,1.63099942106726,1.64553718536795,1.65379785579271,1.47455951661399,1.53605200655945,
India,IND,"Tariff rate, most favored nation, simple mean, primary products (%)",TM.TAX.TCOM.SM.FN.ZS,24.33,24.39,24.14,24.37,26.62,24.81,24.74,24.83,,,
India,IND,"Tariff rate, most favored nation, weighted mean, all products (%)",TM.TAX.MRCH.WM.FN.ZS,7.49,7.57,6.85,6.0,8.77,7.65,7.31,5.99,,,
India,IND,"Bound rate, simple mean, all products (%)",TM.TAX.MRCH.BR.ZS,51.93,51.93,51.96,51.96,51.96,51.96,51.96,,,,
India,IND,"Tariff rate, most favored nation, simple mean, manufactured products (%)",TM.TAX.MANF.SM.FN.ZS,9.0,9.87,10.01,10.1,11.65,10.8,11.25,11.57,,,
India,IND,Import volume index (2015 = 100),TM.QTY.MRCH.XD.WD,100.0,99.5,113.2,119.1,119.0,100.1,115.9,114.5,124.2,,
India,IND,"International tourism, expenditures for travel items (current US$)",ST.INT.TVLX.CD,14838000000.0,16376000000.0,18443000000.0,21319000000.0,22915000000.0,12574000000.0,,,,,
India,IND,"International tourism, receipts (% of total exports)",ST.INT.RCPT.XP.ZS,5.00943815317626,5.36923837205765,5.69635226464625,5.42657307048889,5.79836621867619,2.76733222848623,,,,,
India,IND,Unmet need for contraception (% of married women ages 15-49),SP.UWT.TFRT,,12.9,,,,,9.4,,,,
India,IND,Rural population (% of total population),SP.RUR.TOTL.ZS,67.4527009977701,67.1349219027177,66.8178671842461,66.5015646526402,66.1860421181853,65.8713273911667,65.5574482818696,65.2444326005794,64.9323081575814,64.6211027631611,
India,IND,Completeness of birth registration (%),SP.REG.BRTH.ZS,,79.7,,,,,89.1,,,,
India,IND,"Completeness of birth registration, female (%)",SP.REG.BRTH.FE.ZS,,80.1,,,,,89.4,,,,
India,IND,"Population, female",SP.POP.TOTL.FE.IN,641725761.0,649527205.0,657238304.0,664608905.0,671679248.0,678442228.0,684279793.0,689891756.0,696186332.0,702612364.0,
India,IND,Population growth (annual %),SP.POP.GROW,1.19285563384335,1.19162966402099,1.1623961434697,1.09729906702925,1.04001395098104,0.973438646910149,0.822648220128724,0.790200540609834,0.883289539766135,0.890706546985984,
India,IND,Sex ratio at birth (male births per female births),SP.POP.BRTH.MF,1.09,1.088,1.086,1.084,1.082,1.079,1.077,1.075,1.073,1.071,
India,IND,"Population ages 75-79, female (% of female population)",SP.POP.7579.FE.5Y,1.11723370569192,1.12877781616553,1.13788225065005,1.14756173696803,1.16140814494733,1.17994682163265,1.18894077879047,1.20356388198383,1.23399693517683,1.28331936100117,
India,IND,"Population ages 65 and above, total",SP.POP.65UP.TO,72632490.0,75821720.0,79196036.0,82744296.0,86445927.0,90003916.0,92570827.0,95489097.0,99540924.0,103691375.0,
India,IND,"Population ages 65 and above, female",SP.POP.65UP.FE.IN,38613415.0,40217956.0,41914690.0,43698562.0,45559944.0,47391566.0,48729429.0,50207224.0,52259267.0,54370752.0,
India,IND,"Population ages 60-64, female (% of female population)",SP.POP.6064.FE.5Y,3.26725032314855,3.34559012043229,3.41581719757452,3.47690819499559,3.52871836563818,3.57484160285409,3.6111615822623,3.65248370934295,3.70722352819762,3.76543651315535,
India,IND,"Population ages 50-54, female (% of female population)",SP.POP.5054.FE.5Y,4.74183948180319,4.78308549062237,4.82466258146198,4.87069827564927,4.91909688646574,4.97142698860088,5.03129529063852,5.09920733130198,5.17320720683152,5.2510239486762,
India,IND,"Population ages 40-44, female (% of female population)",SP.POP.4044.FE.5Y,6.13041206865311,6.19163257372722,6.25060092834349,6.3030561512691,6.35748753521302,6.43210324050768,6.52456589493356,6.62209050951466,6.72534856659611,6.8334289232633,
India,IND,"Population ages 30-34, female (% of female population)",SP.POP.3034.FE.5Y,7.8256725149608,7.90278391803466,7.97513797063716,8.03056377341907,8.06955464547153,8.09734200986185,8.11784398257103,8.12320404072201,8.1120829875758,8.09559152591286,
India,IND,"Population ages 20-24, female (% of female population)",SP.POP.2024.FE.5Y,9.09514173298086,9.04510751016195,8.99738849441541,8.951609737345,8.9070673440643,8.87970796304834,8.88512522537692,8.8852969276531,8.85469143338482,8.80073845384252,
India,IND,"Population ages 15-64, male",SP.POP.1564.MA.IN,451259170.0,459164278.0,467043895.0,474541800.0,481642958.0,488513474.0,494806597.0,500684854.0,506719577.0,512863092.0,
India,IND,"Population ages 15-19, female (% of female population)",SP.POP.1519.FE.5Y,9.45933094619837,9.42692615931307,9.39966975007567,9.35566992639403,9.28999692030831,9.19693578477911,9.07505769354203,8.92563716908657,8.769024712769,8.63149534613086,
India,IND,"Population ages 05-09, female (% of female population)",SP.POP.0509.FE.5Y,9.48076619289716,9.32951399626133,9.19281053436046,9.05539844590602,8.87920322582364,8.69095659291049,8.5410675717557,8.38652397232009,8.2269283189547,8.10060431842899,
India,IND,"Population ages 0-14, male",SP.POP.0014.MA.IN,201020492.0,199649050.0,198093854.0,196462625.0,194822123.0,193049643.0,191276108.0,189564729.0,187882029.0,186139712.0,
India,IND,"Population ages 00-04, female (% of female population)",SP.POP.0004.FE.5Y,9.25981371036155,9.06314670838152,8.86457548042162,8.6756139622628,8.5282619089281,8.37902914880103,8.21230227384487,8.06335436192689,7.92322241396719,7.79058621860517,
India,IND,Female headed households (% of households with a female head),SP.HOU.FEMA.ZS,,14.6,,,,,17.5,,,,
India,IND,"Fertility rate, total (births per woman)",SP.DYN.TFRT.IN,2.289,2.284,2.193,2.184,2.12,2.047,2.014,1.994,1.975,1.962,
India,IND,"Mortality rate, infant, male (per 1,000 live births)",SP.DYN.IMRT.MA.IN,35.9,34.3,32.6,31.2,29.7,28.4,27.1,25.9,24.7,23.6,
India,IND,"Contraceptive prevalence, any modern method (% of married women ages 15-49)",SP.DYN.CONM.ZS,,47.8,,,,,56.4,,,,
India,IND,"Mortality rate, adult, female (per 1,000 female adults)",SP.DYN.AMRT.FE,141.371,140.3,138.988,137.206,134.926,139.425,184.498,125.543,122.021,120.858,
India,IND,Consumption of iodized salt (% of households),SN.ITK.SALT.ZS,94.5,92.7,,92.4,,,,,,,
India,IND,"International migrant stock, total",SM.POP.TOTL,5252296.0,,,,,4929816.0,,,,4796255.0,
India,IND,Refugees under the mandate of the UNHCR by country or territory of asylum,SM.POP.RHCR.EA,201379.0,197848.0,197142.0,195887.0,195103.0,195373.0,212413.0,242835.0,252867.0,236763.0,
India,IND,Internally displaced people (IDP) by country or territory of asylum / origin,SM.POP.IDPC,612000.0,796000.0,826000.0,479000.0,470000.0,473000.0,506000.0,498000.0,517000.0,525000.0,
India,IND,"Unemployment, total (% of total labor force) (national estimate)",SL.UEM.TOTL.NE.ZS,,,,7.652,6.51,7.859,6.38,4.822,4.172,4.173,
India,IND,"Net official flows from UN agencies, WFP (current US$)",DT.NFL.WFPG.CD,93815.9972429276,,,,,61650.9988903999,32310.001552105,581068.992614746,412102.997303009,,
India,IND,"Net official flows from UN agencies, UNFPA (current US$)",DT.NFL.UNFP.CD,10052622.795105,7328519.82116699,4502139.0914917,4168889.99938965,5349729.06112671,6812719.82192993,6585881.23321533,6193749.90463257,8094559.66949463,,
India,IND,"Net official flows from UN agencies, UNCOVID (current US$)",DT.NFL.UNCV.CD,,,,,,,,-1898.00001680851,,,
India,IND,"Net financial flows, RDB nonconcessional (NFL, current US$)",DT.NFL.RDBN.CD,783042000.0,699390000.0,1202813000.0,1401419000.0,1238655000.0,2046499000.0,737551000.0,2550142000.0,1239432000.0,1058781000.0,
India,IND,"PNG, commercial banks and other creditors (NFL, current US$)",DT.NFL.PNGC.CD,14221671000.0,-17599311000.0,7430979000.0,8180420000.0,20315740000.0,-1442852000.0,419307000.0,-9802142000.0,25164625000.0,34099054000.0,
India,IND,"PPG, bonds (NFL, current US$)",DT.NFL.PBND.CD,8701873000.0,-6268032000.0,28704365000.0,-8164356000.0,7549953000.0,-10083043000.0,3847019000.0,-2931042000.0,2078230000.0,14258404000.0,
India,IND,"Net financial flows, multilateral (NFL, current US$)",DT.NFL.MLAT.CD,848469000.0,1048008000.0,935023000.0,1789712000.0,2382341000.0,7036041000.0,3881121000.0,3384341000.0,3392525000.0,2113810000.0,
India,IND,"Net financial flows, IMF concessional (NFL, current US$)",DT.NFL.IMFC.CD,0.0,0.0,0.0,0.0,0.0,0.0,0.0,0.0,0.0,0.0,
India,IND,"Net official flows from UN agencies, FAO (current US$)",DT.NFL.FAOG.CD,,,,297091.007232666,456272.98951149,319635.003805161,848659.992218018,411199.986934662,533634.006977081,,
India,IND,"Net financial flows, bilateral (NFL, current US$)",DT.NFL.BLAT.CD,591206534.1,964623430.3,1564429495.5,1672895383.8,920092167.4,2102607983.0,2915497938.1,3313050370.2,3110680459.3,3446890807.0,
India,IND,"IBRD loans and IDA credits (DOD, current US$)",DT.DOD.MWBG.CD,36508609000.0,36348017000.0,37233764000.0,36464450000.0,36808894000.0,39576852000.0,39741584000.0,38257424000.0,39283871000.0,38739691000.0,
India,IND,"Short-term debt (% of exports of goods, services and primary income)",DT.DOD.DSTC.XP.ZS,18.4046468871838,18.822471302302,19.2162504761614,18.6102395441096,18.7536266721175,20.4090885829504,17.1933058903286,16.0880024281421,15.6694786328958,15.9831069638835,
India,IND,"External debt stocks, private nonguaranteed (PNG) (DOD, current US$)",DT.DOD.DPNG.CD,229444505000.0,213247629000.0,225284025000.0,231178894000.0,256729144000.0,262911384000.0,268901719000.0,260404303000.0,283349552000.0,316357573000.0,
India,IND,"External debt stocks, total (DOD, current US$)",DT.DOD.DECT.CD,478831010025.1,455541896498.9,511575707373.6,521175685410.0,561017395481.3,564979321177.1,611987174447.7,615514904164.5,647556415555.5,716456023890.4,
India,IND,"Internally displaced persons, new displacement associated with disasters (number of cases)",VC.IDP.NWDS,3655000.0,2400000.0,1346000.0,2675000.0,5018000.0,3856000.0,4903000.0,2507000.0,528000.0,,
India,IND,Transport services (% of commercial service exports),TX.VAL.TRAN.ZS.WT,9.19553977795592,9.41209749488224,9.19417761689116,9.29854079107809,9.86579255021123,10.2675447134883,12.2330383797677,12.1594913871978,8.71703175892699,8.91652539287969,
India,IND,"Computer, communications and other services (% of commercial service exports)",TX.VAL.OTHR.ZS.WT,72.6035402764255,72.2069482874814,72.2272050568236,72.7978240190186,72.3557466374061,80.1061554239422,80.752146070834,77.4558665358587,78.2366906371773,78.6025770397298,
India,IND,"Merchandise exports by the reporting economy, residual (% of total merchandise exports)",TX.VAL.MRCH.RS.ZS,0.0609125770403581,0.028224863826947,0.0278995125184994,0.0226743813824712,0.0745115238450528,0.276709132757097,0.0791654847597489,0.0420122368784381,0.0362661028035307,,
India,IND,Merchandise exports to low- and middle-income economies in Latin America & the Caribbean (% of total merchandise exports),TX.VAL.MRCH.R3.ZS,3.61113936988479,3.49740285420278,3.5761088500586,3.62496030579947,3.72075478535494,3.82365322934786,4.1303124749616,4.58197536924019,4.13063632862852,,
India,IND,Merchandise exports to high-income economies (% of total merchandise exports),TX.VAL.MRCH.HI.ZS,64.8308877333434,66.4687166707141,64.9529758051891,63.0538403201519,62.7901438280904,61.0482774348855,61.2429625828386,62.486722686912,64.7649142409426,,
India,IND,Manufactures exports (% of merchandise exports),TX.VAL.MANF.ZS.UN,68.7631584732676,71.5142380206267,69.6987012211939,69.268260401525,71.0205379047355,71.0145843098347,68.0733689919056,62.331564351398,63.5470477424682,67.101487166827,
India,IND,Food exports (% of merchandise exports),TX.VAL.FOOD.ZS.UN,11.3300090451308,11.1636147178675,11.6772125285785,10.5010188267607,10.4144880035748,12.7734149844114,11.3192946488259,11.137448574541,11.013039162045,11.128054885403,
India,IND,Medium and high-tech exports (% manufactured exports),TX.MNF.TECH.ZS.UN,33.8905663476031,34.0705238527559,33.8424641183214,34.7731286139299,36.6689569974549,40.0356029492172,35.6107858665442,33.8296308862499,,,
India,IND,Commercial service imports (current US$),TM.VAL.SERV.CD.WT,81766553452.7492,95239156494.0896,108735877735.935,123046755670.813,129427489266.982,114973168616.37,137035269820.223,175865842289.719,177317543956.997,195431510917.522,
India,IND,Merchandise imports by the reporting economy (current US$),TM.VAL.MRCH.WL.CD,383489738364.0,348229422299.0,435140810001.0,506262780000.0,479723350000.0,367957072960.0,569859021305.0,731842092883.999,666533665809.0,,
India,IND,Merchandise imports from low- and middle-income economies in Middle East & North Africa (% of total merchandise imports),TM.VAL.MRCH.R4.ZS,5.65247900542908,6.24960234414474,7.02582917927871,8.66181590517083,6.66152481424971,5.86563934927982,6.11316865199802,6.98059984848365,5.49271555586977,,
India,IND,Merchandise imports from low- and middle-income economies outside region (% of total merchandise imports),TM.VAL.MRCH.OR.ZS,42.8099144603895,43.8455268788006,44.6481818151126,43.3631700122217,40.9712451978833,41.8097030627602,41.2697683375143,40.3230750081733,37.7676593245233,,
India,IND,Ores and metals imports (% of merchandise imports),TM.VAL.MMTL.ZS.UN,6.47213486642968,5.26754235316349,5.64045090260919,5.90463534714866,5.19863637802351,5.23393390284718,5.46113363990412,5.97837026220039,6.0367258037054,6.86203357773476,
India,IND,Fuel imports (% of merchandise imports),TM.VAL.FUEL.ZS.UN,26.777350937984,25.0353799489221,27.722837394409,33.2499008636957,31.880343122832,28.3590915050748,29.8728403228095,37.8444037124818,33.2009829039382,31.5419008927123,
India,IND,"Tariff rate, most favored nation, weighted mean, primary products (%)",TM.TAX.TCOM.WM.FN.ZS,7.44,7.34,5.61,3.88,8.48,5.85,4.59,3.22,,,
India,IND,"Bound rate, simple mean, primary products (%)",TM.TAX.TCOM.BR.ZS,93.29,93.29,93.29,93.29,93.29,93.29,93.29,,,,
India,IND,"Tariff rate, most favored nation, simple mean, all products (%)",TM.TAX.MRCH.SM.FN.ZS,13.16,13.72,13.75,13.8,15.53,14.62,14.85,15.02,,,
India,IND,"Tariff rate, most favored nation, weighted mean, manufactured products (%)",TM.TAX.MANF.WM.FN.ZS,7.06,7.44,7.33,7.41,8.53,8.46,8.55,8.37,,,
India,IND,"Bound rate, simple mean, manufactured products (%)",TM.TAX.MANF.BR.ZS,35.22,35.22,35.26,35.26,35.26,35.26,35.26,,,,
India,IND,"International tourism, expenditures (% of total imports)",ST.INT.XPND.MP.ZS,3.59559187581086,4.06429747250986,3.89165109332806,4.0111352655606,4.61593252634138,3.19998995400312,,,,,
India,IND,"International tourism, expenditures for passenger transport items (current US$)",ST.INT.TRNX.CD,2848000000.0,2808000000.0,3413000000.0,4471000000.0,5680000000.0,3203000000.0,,,,,
India,IND,"International tourism, number of departures",ST.INT.DPRT,20376000.0,21872000.0,23943000.0,26296000.0,26915000.0,,,,,,
India,IND,Urban population,SP.URB.TOTL,432236104.0,441688342.0,451163324.0,460489278.0,469686125.0,478694801.0,487087908.0,495413925.0,504297814.0,513325082.0,
India,IND,Rural population,SP.RUR.TOTL,895788394.0,902255954.0,908494076.0,914169786.0,919344187.0,923922894.0,927115988.0,930009287.0,933771782.0,937610709.0,
India,IND,"Completeness of birth registration, rural (%)",SP.REG.BRTH.RU.ZS,,76.1,,,,,87.5,,,,
India,IND,"Population, male",SP.POP.TOTL.MA.IN,686298737.0,694417091.0,702419096.0,710050159.0,717351064.0,724175467.0,729924103.0,735531456.0,741883264.0,748323427.0,
India,IND,Technicians in R&D (per million people),SP.POP.TECH.RD.P6,95.54919,,,73.05997,,,,,,,
India,IND,"Age dependency ratio, old (% of working-age population)",SP.POP.DPND.OL,8.33495531190129,8.5515603801864,8.78174521944322,9.03074254846896,9.2965077293909,9.54352404153678,9.69042628572764,9.87859325809253,10.1760245971185,10.4742211819038,
India,IND,"Population ages 80 and above, female (% of female population)",SP.POP.80UP.FE.5Y,1.01086139816039,1.04641036552118,1.08377851109221,1.12168283306279,1.15742060177701,1.1842193298618,1.1867719291252,1.19576287558943,1.2274374843659,1.26039491385893,
India,IND,"Population ages 70-74, female (% of female population)",SP.POP.7074.FE.5Y,1.60421797372725,1.63266363877707,1.66612824323925,1.70101572615777,1.757104976275,1.83596089616931,1.9036370989257,1.98073384428151,2.08310653820765,2.17623561489163,
India,IND,"Population ages 65 and above, male",SP.POP.65UP.MA.IN,34019075.0,35603764.0,37281347.0,39045735.0,40885983.0,42612350.0,43841398.0,45281873.0,47281658.0,49320623.0,
India,IND,"Population ages 65-69, female (% of female population)",SP.POP.6569.FE.5Y,2.28480784021385,2.38402993451214,2.48960702881493,2.60481891782294,2.70705742965945,2.78522315299131,2.84192266072074,2.89749034194866,2.96196471435466,3.0184211930549,
India,IND,"Population ages 55-59, female (% of female population)",SP.POP.5559.FE.5Y,4.04293743164847,4.08992314648314,4.13712124737721,4.18706885654273,4.2398822151493,4.28931548191404,4.32899178129026,4.37322539914508,4.42868806565424,4.48730624672013,
India,IND,"Population ages 45-49, female (% of female population)",SP.POP.4549.FE.5Y,5.39106236690411,5.44281259166042,5.50054368521752,5.56245141978466,5.63187847242239,5.7039822156412,5.77753638269426,5.84901879882733,5.9112708205251,5.97393543732174,
India,IND,"Population ages 35-39, female (% of female population)",SP.POP.3539.FE.5Y,6.88234985785462,6.95804920134177,7.04111381725031,7.13625210368175,7.23615894171844,7.33172118181574,7.43071686759571,7.52062711994489,7.58634873630355,7.63802414385068,
India,IND,"Population ages 25-29, female (% of female population)",SP.POP.2529.FE.5Y,8.63762527058657,8.62775339795044,8.61078587456369,8.58728968686683,8.55324890984778,8.52544382638682,8.51103687347962,8.48757417243293,8.45408424364183,8.42736201835469,
India,IND,"Population ages 15-64, total",SP.POP.1564.TO,871420269.0,886641930.0,901825708.0,916251300.0,929875277.0,943088901.0,955281267.0,966626467.0,978190678.0,989967399.0,
India,IND,"Population ages 15-64, female",SP.POP.1564.FE.IN,420161099.0,427477653.0,434781814.0,441709500.0,448232319.0,454575427.0,460474670.0,465941614.0,471471101.0,477104306.0,
India,IND,"Population ages 10-14, female (% of female population)",SP.POP.1014.FE.5Y,9.76867718420922,9.60179343065392,9.41237640450455,9.23234025187163,9.07645347629048,8.94184376222366,8.83202611245309,8.73420554397812,8.6213732934935,8.46609582293089,
India,IND,"Population ages 0-14, total",SP.POP.0014.TO,383971739.0,381480646.0,378635655.0,375663468.0,372709109.0,369524878.0,366351802.0,363307647.0,360337993.0,357277018.0,
India,IND,"Population ages 0-14, female",SP.POP.0014.FE.IN,182951247.0,181831596.0,180541801.0,179200843.0,177886985.0,176475236.0,175075695.0,173742919.0,172455965.0,171137305.0,
India,IND,Women who were first married by age 18 (% of women ages 20-24),SP.M18.2024.FE.ZS,,25.3,,,,,22.3,,,,
India,IND,"Survival to age 65, male (% of cohort)",SP.DYN.TO65.MA.ZS,67.64069,68.208033,68.747707,69.277438,69.787036,68.092816,61.782711,71.256261,71.727546,72.341832,
India,IND,"Life expectancy at birth, total (years)",SP.DYN.LE00.IN,69.326,69.709,70.068,70.415,70.746,70.156,67.282,71.698,72.003,72.235,
India,IND,"Mortality rate, infant, female (per 1,000 live births)",SP.DYN.IMRT.FE.IN,36.7,34.9,33.1,31.4,29.8,28.3,26.8,25.5,24.2,23.0,
India,IND,"Birth rate, crude (per 1,000 people)",SP.DYN.CBRT.IN,18.936,18.756,17.995,17.91,17.368,16.744,16.491,16.336,16.146,15.981,
India,IND,Vitamin A supplementation coverage rate (% of children ages 6-59 months),SN.ITK.VITA.ZS,53.0,71.0,,56.0,,54.0,,,,,
India,IND,Prevalence of undernourishment (% of population),SN.ITK.DEFC.ZS,12.1,11.6,10.6,10.5,11.8,13.4,14.3,13.5,12.0,,
India,IND,"Net official flows from UN agencies, WTO-ITC (current US$)",DT.NFL.WITC.CD,,,,,,,,5032.99990668893,,,
India,IND,"Net official flows from UN agencies, UNWOMEN (current US$)",DT.NFL.UNWN.CD,,,,,,,1388380.05065918,1349323.98796082,1616914.03388977,,
India,IND,"Net official flows from UN agencies, UNIDO (current US$)",DT.NFL.UNIDO.CD,,,,,,4459.00019258261,487.000012071803,33576.9988596439,5158.99993479252,,
India,IND,"Net official flows from UN agencies, UNHCR (current US$)",DT.NFL.UNCR.CD,1239060.04428864,,2383310.07957459,3596317.05284119,2839078.90319824,4328025.81787109,7075920.10498047,4387499.80926514,4723999.97711182,,
India,IND,"Net official flows from UN agencies, SPRP (current US$)",DT.NFL.SPRP.CD,,,,,,,4438899.99389648,79507.9991221428,,,
India,IND,"PPG, private creditors (NFL, US$)",DT.NFL.PRVT.CD,9904614000.0,-10880003000.0,24988249000.0,-5445970000.0,8094909000.0,-11066470000.0,9588127000.0,-1705431000.0,4626385000.0,22403932000.0,
India,IND,"Commercial banks and other lending (PPG + PNG) (NFL, current US$)",DT.NFL.PCBO.CD,15424413000.0,-22211282000.0,3714862000.0,10898806000.0,20860696000.0,-2426280000.0,6160415000.0,-8576531000.0,27712780000.0,42244581000.0,
India,IND,"IFC, private nonguaranteed (NFL, US$)",DT.NFL.NIFC.CD,-180483981.0,-35824667.0,718275132.0,447018190.0,681856609.0,-97432829.0,-215155533.0,421981161.0,151753805.03,1598199971.25,
India,IND,"Net financial flows, IBRD (NFL, current US$)",DT.NFL.MIBR.CD,492857000.0,440724000.0,27322000.0,540371000.0,1395993000.0,2631740000.0,1169498000.0,864162000.0,2725850000.0,1880308000.0,
India,IND,"Intentional homicides, female (per 100,000 female)",VC.IHR.PSRC.FE.P5,2.66297553231621,2.75048987363047,2.72320555644548,2.64525796367018,2.59482186459122,2.45278069752815,2.48617246080331,2.37412375860714,,,
India,IND,Travel services (% of commercial service exports),TX.VAL.TRVL.ZS.WT,13.4941194097567,13.909807279459,14.8181516133077,13.9820238690774,14.3467637636905,6.43781009168238,3.60646888788782,6.92004660742787,9.55390415041156,9.35581153343226,
India,IND,Commercial service exports (current US$),TX.VAL.SERV.CD.WT,155717122914.279,161234203967.054,184672831370.241,204322540308.136,214127968224.741,202492396705.062,239853747442.247,308672880014.035,336915609399.427,374278618003.409,
India,IND,Merchandise exports by the reporting economy (current US$),TX.VAL.MRCH.WL.CD,263890314300.0,259504855184.0,294091160000.0,320670270000.0,322312560000.0,275082219519.0,393560716448.0,450320580519.0,429090304638.0,,
India,IND,Merchandise exports to low- and middle-income economies in Middle East & North Africa (% of total merchandise exports),TX.VAL.MRCH.R4.ZS,3.7104253393964,3.32013810797141,3.2209978701842,3.69334519224373,4.1118751313942,3.39392133498296,2.87681273760867,3.34539353356611,3.62942830673803,,
India,IND,Merchandise exports to low- and middle-income economies outside region (% of total merchandise exports),TX.VAL.MRCH.OR.ZS,28.4046298216107,26.9645576848207,28.1034900879034,29.190214608919,30.1650546910117,31.8090039352603,30.8840060939008,30.4631276331844,29.4937194858708,,
India,IND,Ores and metals exports (% of merchandise exports),TX.VAL.MMTL.ZS.UN,3.37741762924188,3.15923171416737,4.00964790911576,3.53369671804044,3.54087990043718,4.703645380644,4.82679996577803,3.72613048820678,3.88575987351437,3.68720358535662,
India,IND,Fuel exports (% of merchandise exports),TX.VAL.FUEL.ZS.UN,11.8719127202525,10.6421920620902,12.1859467424678,15.06745126951,13.7763501701928,10.0306929080613,14.2846592727887,21.7524651912837,20.7059082080863,17.094437885147,
India,IND,Export volume index (2015 = 100),TX.QTY.MRCH.XD.WD,100.0,101.9,110.3,115.7,119.3,105.7,129.2,130.3,134.0,,
India,IND,Transport services (% of commercial service imports),TM.VAL.TRAN.ZS.WT,18.8653550354718,14.8091525009001,15.0454353448489,16.2825192202715,18.5118003443694,17.2939393302085,22.2331560137136,24.7508405139977,16.6471372774872,17.6393425016269,
India,IND,Merchandise imports from low- and middle-income economies within region (% of total merchandise imports),TM.VAL.MRCH.WR.ZS,0.79080043261066,0.781718133702862,0.582726313349964,0.76262371095106,0.768553375607004,0.834326102037922,0.881269197511244,0.714684592189622,0.761234852082319,,
India,IND,Merchandise imports from low- and middle-income economies in South Asia (% of total merchandise imports),TM.VAL.MRCH.R5.ZS,0.79080043261066,0.781718133702862,0.582726313349964,0.76262371095106,0.768553375607004,0.834326102037922,0.881269197511244,0.714684592189622,0.761234852082319,,
India,IND,Merchandise imports from low- and middle-income economies in East Asia & Pacific (% of total merchandise imports),TM.VAL.MRCH.R1.ZS,24.8966279062143,26.4060709364891,25.2090880650215,22.9940289112306,22.93684057697,24.4848469385976,23.5154944312582,22.8798717734511,23.654967012001,,
India,IND,Merchandise imports from economies in the Arab World (% of total merchandise imports),TM.VAL.MRCH.AL.ZS,19.5492444543173,18.5436591436419,18.8107385284804,21.2432207637306,22.6574274527183,21.9964888691781,23.3282063122502,26.1383690890435,21.4253551599181,,
India,IND,ICT goods imports (% total goods imports),TM.VAL.ICTG.ZS.UN,8.56,9.33,9.72,9.18,9.46,10.81,9.39,7.64,,,
India,IND,Import unit value index (2015 = 100),TM.UVI.MRCH.XD.WD,100.0,92.2,100.8,109.6,103.7,94.6,125.5,159.6,137.9,131.1,
India,IND,"Tariff rate, applied, simple mean, primary products (%)",TM.TAX.TCOM.SM.AR.ZS,18.4,16.64,16.67,16.84,19.39,17.56,17.15,17.27,,,
India,IND,"Tariff rate, applied, weighted mean, all products (%)",TM.TAX.MRCH.WM.AR.ZS,7.32,6.35,5.78,4.88,6.59,6.19,5.87,4.59,,,
India,IND,"Binding coverage, all products (%)",TM.TAX.MRCH.BC.ZS,74.34,74.34,74.4,74.4,74.39,74.39,74.39,0.0,,,
India,IND,"Tariff rate, applied, simple mean, manufactured products (%)",TM.TAX.MANF.SM.AR.ZS,8.51,7.84,7.8,7.93,8.86,8.18,8.8,9.0,,,
India,IND,Merchandise trade (% of GDP),TG.VAL.TOTL.GD.ZS,31.4739334261127,27.287425911729,28.2546962843779,31.0493468667603,28.5793910253128,24.2859082425461,30.5789468347666,35.0812421437933,30.3831609995764,29.694506610887,
India,IND,"International tourism, receipts for travel items (current US$)",ST.INT.TVLR.CD,21013000000.0,22427000000.0,27365000000.0,28568000000.0,30720000000.0,13036000000.0,,,,,
India,IND,"International tourism, receipts (current US$)",ST.INT.RCPT.CD,21472000000.0,23111000000.0,27878000000.0,29143000000.0,31661000000.0,13413000000.0,,,,,
India,IND,Urban population (% of total population),SP.URB.TOTL.IN.ZS,32.5472990022299,32.8650780972823,33.1821328157539,33.4984353473598,33.8139578818147,34.1286726088333,34.4425517181304,34.7555673994206,35.0676918424186,35.3788972368389,
India,IND,Rural population growth (annual %),SP.RUR.TOTL.ZG,0.721820172530689,0.719402488673327,0.689012461751642,0.622794851403478,0.564425994371504,0.496804447345255,0.345005952960715,0.311589248158604,0.403749149910514,0.410277685448571,
India,IND,"Completeness of birth registration, urban (%)",SP.REG.BRTH.UR.ZS,,88.8,,,,,93.3,,,,
India,IND,"Population, male (% of total population)",SP.POP.TOTL.MA.ZS,51.6781684035457,51.6700798587265,51.6614770750338,51.6528190585589,51.6440179744616,51.6302817271742,51.6137810866277,51.6009175245562,51.5888289456611,51.5752269426235,
India,IND,"Population, total",SP.POP.TOTL,1328024498.0,1343944296.0,1359657400.0,1374659064.0,1389030312.0,1402617695.0,1414203896.0,1425423212.0,1438069596.0,1450935791.0,
India,IND,"Age dependency ratio, young (% of working-age population)",SP.POP.DPND.YG,44.0627505073559,43.0253333496195,41.9854581257956,41.0000474760581,40.0816236562874,39.1824013206153,38.3501503332631,37.5851126989677,36.8371935149437,36.0897761240317,
India,IND,"Population ages 80 and above, male (% of male population)",SP.POP.80UP.MA.5Y,0.71754080812008,0.740380394813757,0.764784446602813,0.790202133304643,0.815357611859176,0.831621239066883,0.82839516809325,0.835555834585846,0.864138781812444,0.89390325875766,
India,IND,"Population ages 70-74, male (% of male population)",SP.POP.7074.MA.5Y,1.33647055024121,1.36518356516084,1.39743282164596,1.43431669975467,1.49566077837145,1.57588526597258,1.64363890035838,1.72093666261845,1.81747582865005,1.90081433866429,
India,IND,"Population ages 65 and above, male (% of male population)",SP.POP.65UP.MA.ZS,4.95689015449615,5.12714389686587,5.30756455594171,5.49901074347834,5.69957794451642,5.88425766723156,6.00629549288907,6.15634764493584,6.37319370773675,6.59081637972026,
India,IND,"Population ages 65-69, male (% of male population)",SP.POP.6569.MA.5Y,2.04521220184412,2.15138476480845,2.2626590847534,2.37747457667809,2.47358203017427,2.54278870435307,2.59124070876174,2.64132836581137,2.70047707936973,2.75457940460816,
India,IND,"Population ages 55-59, male (% of male population)",SP.POP.5559.MA.5Y,3.89942995327079,3.94221935992068,3.9850375138541,4.03033562593029,4.0779859386101,4.12083511782258,4.15221642571241,4.18950022159929,4.24022498234978,4.29461772015324,
India,IND,"Population ages 45-49, male (% of male population)",SP.POP.4549.MA.5Y,5.2908284058891,5.34039635265832,5.39857582018344,5.46303215845279,5.53707201690097,5.61695663515628,5.69910328060505,5.78046446882316,5.85558269178047,5.93207547677109,
India,IND,"Population ages 35-39, male (% of male population)",SP.POP.3539.MA.5Y,6.94505693585814,7.03413893941732,7.12861819240132,7.23297071132194,7.34026562156202,7.44115485557984,7.54114123287144,7.63063523714842,7.69726212613417,7.74797405881562,
India,IND,"Population ages 25-29, male (% of male population)",SP.POP.2529.MA.5Y,8.78562152212268,8.77403426408467,8.75952751093805,8.74356413512441,8.72637913082288,8.72518178149608,8.73880794425554,8.74027159979119,8.72956907678672,8.7206091838683,
India,IND,Population ages 15-64 (% of total population),SP.POP.1564.TO.ZS,65.6177857140772,65.9731160836743,66.3274225183491,66.6529850197096,66.944203338595,67.2377729174314,67.5490478920304,67.8132963616236,68.0210944742065,68.2295801537644,
India,IND,"Population ages 15-64, female (% of female population)",SP.POP.1564.FE.ZS,65.4736219947387,65.8136641097273,66.1528415469169,66.461568125948,66.733090236299,67.0028202954097,67.2933315743842,67.5383651779715,67.7219703014796,67.9043425572283,
India,IND,"Population ages 10-14, male (% of male population)",SP.POP.1014.MA.5Y,10.0630825655032,9.88843367911865,9.69371922535708,9.50949523659602,9.34866677032535,9.21237682688252,9.10339619241208,9.00345368165774,8.88438386446739,8.71999554545551,
India,IND,Population ages 0-14 (% of total population),SP.POP.0014.TO.ZS,28.9130012076453,28.3851530629213,27.8478721919213,27.3277554659182,26.832323620307,26.3453740591996,25.9051614152815,25.4877038842946,25.0570622244071,24.6239027058366,
India,IND,"Population ages 0-14, female (% of female population)",SP.POP.0014.FE.ZS,28.5092570874679,27.9944541352968,27.4697624192866,26.9633526600405,26.4839186110422,26.0118295039352,25.5853959580537,25.1840838782251,24.7715240264154,24.357286359965,
India,IND,Teenage mothers (% of women ages 15-19 who have had children or are currently pregnant),SP.MTR.1519.ZS,,7.9,,,,,6.8,,,,
India,IND,Wanted fertility rate (births per woman),SP.DYN.WFRT,,1.8,,,,,1.6,,,,
India,IND,"Life expectancy at birth, male (years)",SP.DYN.LE00.MA.IN,67.827,68.231,68.61,68.973,69.312,68.529,65.87,70.237,70.522,70.729,
India,IND,"Mortality rate, infant (per 1,000 live births)",SP.DYN.IMRT.IN,36.3,34.6,32.9,31.3,29.8,28.3,27.0,25.7,24.5,23.3,
India,IND,"Death rate, crude (per 1,000 people)",SP.DYN.CDRT.IN,6.729,6.7,6.673,6.67,6.67,7.214,9.259,6.576,6.611,6.587,
India,IND,"Adolescent fertility rate (births per 1,000 women ages 15-19)",SP.ADO.TFRT,18.194,14.535,15.166,15.133,14.796,14.423,14.289,14.185,14.06,13.036,
India,IND,Forcibly displaced people,SM.POP.FDIP,819855.0,1003057.0,1033650.0,686825.0,677305.0,679590.0,731781.0,756629.0,781793.0,775006.0,
India,IND,Net official development assistance and official aid received (current US$),DT.ODA.ALLD.CD,3174348388.67188,2679044677.73438,3198135253.90625,2461992431.64063,2551398681.64063,1795723022.46094,3136778564.45313,2818065917.96875,2376562011.71875,,
India,IND,"Net official flows from UN agencies, UNEP (current US$)",DT.NFL.UNEP.CD,,,,,,,,,-76314.0022754669,,
India,IND,"Net official flows from UN agencies, UNAIDS (current US$)",DT.NFL.UNAI.CD,1325721.97914124,1332757.9498291,950800.001621246,538847.029209137,893971.025943756,,,59868.0004477501,898633.003234863,,
India,IND,"PNG, bonds (NFL, current US$)",DT.NFL.PNGB.CD,2003459000.0,2471635000.0,4605417000.0,-252228000.0,5234509000.0,7625092000.0,5824626000.0,1637792000.0,-1529939000.0,2201326000.0,
India,IND,"PPG, official creditors (NFL, US$)",DT.NFL.OFFT.CD,1439675564.9,2012631656.3,2499452436.9,3462607037.2,3302433609.8,9138649158.0,6796619270.5,6697391280.2,6503205784.0,5560700613.1,
India,IND,"Net financial flows, IDA (NFL, current US$)",DT.NFL.MIDA.CD,-232411000.0,65688000.0,-395979000.0,-783752000.0,-930716000.0,-646948000.0,-463841000.0,-1468321000.0,-1819389000.0,-2062694000.0,
India,IND,"Net official flows from UN agencies, ILO (current US$)",DT.NFL.ILOG.CD,881070.017814636,1598430.03749847,1071040.03429413,1841174.96013641,3925280.09414673,3079881.9065094,2587899.92332459,2569545.98426819,3854770.89881897,,
India,IND,"Net flows on external debt, private nonguaranteed (PNG) (NFL, current US$)",DT.NFL.DPNG.CD,16225130000.0,-15127676000.0,12036396000.0,7928192000.0,25550249000.0,6182240000.0,6243933000.0,-8164350000.0,23634686000.0,36300380000.0,
India,IND,"Patent applications, nonresidents",IP.PAT.NRES,33079.0,31858.0,31621.0,33766.0,34173.0,33630.0,35306.0,,,,
India,IND,Public private partnerships investment in water and sanitation (current US$),IE.PPN.WATR.CD,18500000.0,,50880000.0,583300000.0,,,278250000.0,,,,
India,IND,Investment in water and sanitation with private participation (current US$),IE.PPI.WATR.CD,18500000.0,,50880000.0,583300000.0,,,278250000.0,,,,
India,IND,Number of visits or required meetings with tax officials (average for affected firms),IC.TAX.METG,,,,,,,,1.81738019,,,
India,IND,Firms offering formal training (% of firms),IC.FRM.TRNG.ZS,,,,,,,,7.748921394,,,
India,IND,Firms visited or required meetings with tax officials (% of firms),IC.FRM.METG.ZS,,,,,,,,16.98329544,,,
India,IND,Firms with female participation in ownership (% of firms),IC.FRM.FEMO.ZS,,,,,,,,3.882447243,,,
India,IND,Time required to obtain an operating license (days),IC.FRM.DURS,,,,,,,,23.76337814,,,
India,IND,Firms using banks to finance investment (% of firms),IC.FRM.BNKS.ZS,,,,,,,,56.06630325,,,
India,IND,Time to obtain an electrical connection (days),IC.ELC.DURS,,,,,,,,22.76651573,,,
India,IND,"New business density (new registrations per 1,000 people ages 15-64)",IC.BUS.NDNS.ZS,0.0926391353299163,0.105997509518874,0.119609106641605,0.12912554918767,0.138873371349751,0.151291338966652,0.176381775217479,0.180176113580081,,,
India,IND,"Human capital index plus (HCI+): overall score, total (scale 0–325)",HD_HCIP_OVRL_TO,134.644173130218,,,,,149.44718855783,,,,,158.761159883466
India,IND,"Human capital index plus (HCI+): on-the-job learning pillar score, male (scale -30–87)",HD_HCIP_OTJL_MA,42.842612099285,,,,,39.5140972616956,,,,,44.3247991507669
India,IND,"Human capital index plus (HCI+): health pillar score, female (scale 0–50)",HD_HCIP_HLTH_FE,38.7670900547504,,,,,39.3682939767838,,,,,39.9975946855545
India,IND,Primary government expenditures as a proportion of original approved budget (%),GF.XPD.BUDG.ZS,92.6893,100.7486,100.0611,99.771,94.7957,96.4104,115.3705,108.916,106.2928,98.6735,
India,IND,Subsidies and other transfers (% of expense),GC.XPN.TRFT.ZS,40.6923173303519,42.6655767997046,44.0898826213491,44.6483778561487,,,,42.5160514760624,,,
India,IND,Other expense (% of expense),GC.XPN.OTHR.ZS,0.411551871713718,0.276524201398106,0.307443474845772,0.441174483494805,,,,15.7041485572969,,,
India,IND,Interest payments (current LCU),GC.XPN.INTP.CN,4315100000000.0,4791960000000.0,5292460000000.0,5741910000000.0,,,,8327769400000.0,,,
India,IND,Compensation of employees (current LCU),GC.XPN.COMP.CN,1754730000000.0,2263430000000.0,2523250000000.0,2669180000000.0,,,,4323261400000.0,,,
India,IND,Tax revenue (% of GDP),GC.TAX.TOTL.GD.ZS,10.5697090519718,11.1477384183764,11.3874439798131,12.0174277483166,,,,6.73444285965496,,,
India,IND,Taxes on international trade (% of revenue),GC.TAX.INTT.RV.ZS,12.2883375942345,11.2889250411133,6.20749165783108,4.50855543479306,,,,5.49349042783413,,,
India,IND,Taxes on goods and services (% value added of industry and services),GC.TAX.GSRV.VA.ZS,4.93524391982655,5.69421068954204,6.41887276168687,7.20912228428051,,,,3.95600534888668,,,
India,IND,Taxes on exports (current LCU),GC.TAX.EXPT.CN,1220000000.0,1770000000.0,1000000000.0,1120000000.0,,,,,,,
India,IND,Social contributions (current LCU),GC.REV.SOCL.CN,16390000000.0,17040000000.0,28280000000.0,28250000000.0,,,,24307600000.0,,,
India,IND,Net lending (+) / net borrowing (-) (current LCU),GC.NLD.TOTL.CN,-3822810000000.0,-3722500000000.0,-4365250000000.0,-4353140000000.0,,,,-13737942000000.0,,,
India,IND,"Net incurrence of liabilities, total (current LCU)",GC.LBL.TOTL.CN,5122836700000.0,4905520000000.0,5854260000000.0,5736570000000.0,,,,17625256800000.0,,,
India,IND,Net acquisition of financial assets (current LCU),GC.AST.TOTL.CN,1300030000000.0,1183010000000.0,1489010000000.0,1383340000000.0,,,,3887314700000.0,,,
India,IND,"Account ownership at a financial institution or with a mobile-money-service provider, secondary education or more (% of population ages 15+)",FX.OWN.TOTL.SO.ZS,,,84.9415841843192,,,,81.3043630861527,,,93.1356957731427,
India,IND,"Account ownership at a financial institution or with a mobile-money-service provider, female (% of population ages 15+)",FX.OWN.TOTL.FE.ZS,,,76.6396327822793,,,,77.552612718915,,,89.2482328079147,
India,IND,Real interest rate (%),FR.INR.RINR,7.55648841353986,6.2327114148242,5.32760886237311,5.36166638954869,6.89487542729716,4.13599957786408,0.316945144211866,2.52131544946588,,,
India,IND,Wholesale price index (2010 = 100),FP.WPI.TOTL,123.005391455829,122.940363305373,127.167193085027,132.592398780232,135.091337704907,135.815937095705,158.472428284376,186.117407721958,186.127658171246,189.366800146249,
India,IND,Broad money to total reserves ratio,FM.LBL.BMNY.IR.ZS,4.64466724719304,4.7298343259971,4.76453801665368,5.01747706133374,4.70991325005217,3.97341943551616,4.07275742828306,,,,
India,IND,Monetary Sector credit to private sector (% GDP),FM.AST.PRVT.GD.ZS,51.8675240772049,38.2036507912231,38.1707138624147,38.8975254010362,38.73794497616,40.7867848551821,36.8920885102897,37.0884923118537,39.3477383453003,40.021522481888,
India,IND,"Trademark applications, resident, by count",IP.TMK.RSCT,250586.0,264662.0,242483.0,297751.0,322297.0,382294.0,435581.0,,,,
India,IND,Scientific and technical journal articles,IP.JRN.ARTC.SC,98300.94,107483.91,113508.58,130234.95,132819.62,148409.55,179806.22,207390.38,,,
India,IND,Public private partnerships investment in transport (current US$),IE.PPN.TRAN.CD,2047220000.0,2623120000.0,3482900000.0,6607520000.0,6469840000.0,2050710000.0,5733600000.0,8500320000.0,1620020000.0,,
India,IND,Investment in transport with private participation (current US$),IE.PPI.TRAN.CD,2047220000.0,2623120000.0,3482900000.0,6607520000.0,6469840000.0,2050710000.0,5733600000.0,9271640000.0,1620020000.0,,
India,IND,Firms expected to give gifts in meetings with tax officials (% of firms),IC.TAX.GIFT.ZS,,,,,,,,31.42468452,,,
India,IND,Firms where largest owner is also the top manager (% of firms),IC.FRM.LOTM.ZS,,,,,,,,61.66769028,,,
India,IND,Firms with female top manager (% of firms),IC.FRM.FEMM.ZS,,,,,,,,6.847801685,,,
India,IND,Firms that are partially credit constrained (% of firms),IC.FRM.CRDC.PT.ZS,,,,,,,,17.78085709,,,
India,IND,Firms competing against unregistered firms (% of firms),IC.FRM.CMPU.ZS,,,,,,,,32.70907974,,,
India,IND,Firms with a bank loan/line of credit (% of firms),IC.FRM.BNKL.ZS,,,,,,,,11.20476913,,,
India,IND,Average time to clear imports through customs (days),IC.CUS.DURS.IM,,,,,,,,26.55838203,,,
India,IND,"Human capital index plus (HCI+): overall score, male (scale 0–325)",HD_HCIP_OVRL_MA,158.070260965206,,,,,174.049080067425,,,,,181.32104003097
India,IND,"Human capital index plus (HCI+): on-the-job learning pillar score, female (scale -30–87)",HD_HCIP_OTJL_FE,-6.86359092617003,,,,,-8.49803336912041,,,,,0.883125415249764
India,IND,"Human capital index plus (HCI+): education pillar score, total (scale 0–188)",HD_HCIP_EDUC_TO,78.8107801631794,,,,,95.6367334724426,,,,,97.2933488487244
India,IND,WBL: Supportive Framework Index (scale 0-100),GD_WBL_OVL_SFR,,,,,,,,,,,54.75
India,IND,Subsidies and other transfers (current LCU),GC.XPN.TRFT.CN,8476580000000.0,10029004615000.0,11765200000000.0,13217170000000.0,,,,15243900500000.0,,,
India,IND,Other expense (current LCU),GC.XPN.OTHR.CN,85730000000.0,65000000000.0,82040000000.0,130600000000.0,,,,5630637600000.0,,,
India,IND,Goods and services expense (% of expense),GC.XPN.GSRV.ZS,8.91996557039515,7.75084573863443,7.18313722756738,6.68696880024863,,,,6.49540036576092,,,
India,IND,"Taxes on income, profits and capital gains (% of total taxes)",GC.TAX.YPKG.ZS,50.3940859288,48.9906010118759,51.2420360728198,50.1485082690003,,,,47.1477124950462,,,
India,IND,Tax revenue (current LCU),GC.TAX.TOTL.CN,14556470000000.0,17158230000000.0,19461190000000.0,22712540000000.0,,,,18109235100000.0,,,
India,IND,Taxes on international trade (current LCU),GC.TAX.INTT.CN,2103380000000.0,2234400000000.0,1352420000000.0,1125000000000.0,,,,1346487300000.0,,,
India,IND,Taxes on goods and services (% of revenue),GC.TAX.GSRV.RV.ZS,29.8330069498647,32.9305784664664,37.3456526628387,40.8673498831382,,,,32.5985062705735,,,
India,IND,"Revenue, excluding grants (% of GDP)",GC.REV.XGRT.GD.ZS,12.4152095425778,12.8510169890546,12.7267619005257,13.1885329486481,,,,9.11011784382656,,,
India,IND,Grants and other revenue (% of revenue),GC.REV.GOTR.ZS,14.8626385182346,13.224876660006,10.5450064029302,8.86390013689978,,,,26.0175396788581,,,
India,IND,Net investment in nonfinancial assets (% of GDP),GC.NFN.TOTL.GD.ZS,0.0789870724614888,0.0060227386588447,-0.31154399079254,-0.157198524868855,,,,0.890307670740716,,,
India,IND,"Central government debt, total (% of GDP)",GC.DOD.TOTL.GD.ZS,49.9647183856551,47.6337555915272,47.5836093800197,46.5224986659322,,,,,,,
India,IND,Research and development expenditure (% of GDP),GB.XPD.RSDV.GD.ZS,0.6931,0.66984,0.66603,0.66001,0.65942,0.64558,,,,,
India,IND,"Account ownership at a financial institution or with a mobile-money-service provider, primary education or less (% of population ages 15+)",FX.OWN.TOTL.PL.ZS,,,75.3695415930049,,,,75.9045265264345,,,87.0775161460382,
India,IND,"Account ownership at a financial institution or with a mobile-money-service provider, richest 60% (% of population ages 15+)",FX.OWN.TOTL.60.ZS,,,81.735424055538,,,,77.0477039623167,,,90.8311710525466,
India,IND,"Inflation, consumer prices (annual %)",FP.CPI.TOTL.ZG,4.90697344127256,4.94821634062141,3.32817337461298,3.9388264669163,3.72950573539129,6.62343677628535,5.13140747176369,6.69903414079852,5.64914318907925,4.95303550973656,
India,IND,Broad money (% of GDP),FM.LBL.BMNY.GD.ZS,78.0119105841633,74.5492653519617,74.1441893624702,74.097824604711,76.98188096813,87.6766726830318,82.1020348312414,,,,
India,IND,Net foreign assets (current LCU),FM.AST.NFRG.CN,22683687524311.0,25384505063113.2,27354557013635.1,28843157714203.6,34230928515696.8,45989645442351.6,48516606405166.1,47511972651950.4,53373370101439.0,57956411271525.2,
India,IND,"Patent applications, residents",IP.PAT.RESD,12579.0,13199.0,14961.0,16289.0,19454.0,23141.0,26267.0,,,,
India,IND,"Industrial design applications, nonresident, by count",IP.IDS.NRCT,3461.0,3920.0,3583.0,3704.0,4342.0,3831.0,3949.0,,,,
India,IND,Public private partnerships investment in energy (current US$),IE.PPN.ENGY.CD,2086940000.0,1686930000.0,1311630000.0,1639510000.0,856350000.0,3303310000.0,1621240000.0,2379540000.0,4467300000.0,,
India,IND,Investment in energy with private participation (current US$),IE.PPI.ENGY.CD,2086940000.0,1686930000.0,1311630000.0,1639510000.0,856350000.0,3303310000.0,1621240000.0,2469730000.0,4467300000.0,,
India,IND,Time spent dealing with the requirements of government regulations (% of senior management time),IC.GOV.DURS.ZS,,,,,,,,12.56968212,,,
India,IND,"Firms that introduced a new product/service and process, and spent on R&D",IC.FRM.NPRD.ZS,,,,,,,,1.3989712,,,
India,IND,Firms with at least 10% foreign ownership,IC.FRM.FO.ZS,,,,,,,,0.6518080831,,,
India,IND,Informal payments to public officials (% of firms),IC.FRM.CORR.ZS,,,,,,,,39.32650375,,,
India,IND,Bribery incidence (% of firms experiencing at least one bribe payment request),IC.FRM.BRIB.ZS,,,,,,,,27.22932243,,,
India,IND,Firms experiencing electrical outages (% of firms),IC.ELC.OUTG.ZS,,,,,,,,19.90651894,,,
India,IND,New businesses registered (number),IC.BUS.NREG,80546.0,93714.0,107492.0,117834.0,128565.0,142000.0,167606.0,173114.0,,,
India,IND,"Human capital index plus (HCI+): on-the-job learning pillar score, total (scale -30–87)",HD_HCIP_OTJL_TO,18.3334504664478,,,,,15.4493895987182,,,,,22.575480855527
India,IND,"Human capital index plus (HCI+): health pillar score, male (scale 0–50)",HD_HCIP_HLTH_MA,36.3300258922577,,,,,37.4300829148293,,,,,37.8958064746857
India,IND,"Human capital index plus (HCI+): education pillar score, female (scale 0–188)",HD_HCIP_EDUC_FE,78.6891830385654,,,,,94.2973064125061,,,,,95.5926017368317
India,IND,WBL: Enforcement Perceptions Index (scale 0-100),GD_WBL_OVL_ENF,,,,,,,,,,,43.17
India,IND,Expense (current LCU),GC.XPN.TOTL.CN,20830910000000.0,23506080000000.0,26684580000000.0,29602800000000.0,,,,35854459600000.0,,,
India,IND,Interest payments (% of revenue),GC.XPN.INTP.RV.ZS,25.2096176405981,24.2105608843598,24.2919368978606,23.011306254749,,,,33.9761997637185,,,
India,IND,Compensation of employees (% of expense),GC.XPN.COMP.ZS,8.42368384290461,9.62912574108486,9.45583554247434,9.01664707392544,,,,12.0578066110359,,,
India,IND,"Taxes on income, profits and capital gains (current LCU)",GC.TAX.YPKG.CN,7335600000000.0,8405920000000.0,9972310000000.0,11390000000000.0,,,,8538090100000.0,,,
India,IND,Other taxes (current LCU),GC.TAX.OTHR.CN,11010000000.0,10000000.0,,90000000.0,,,,234569200000.0,,,
India,IND,Customs and other import duties (current LCU),GC.TAX.IMPT.CN,2102160000000.0,2232630000000.0,1351420000000.0,1123880000000.0,,,,1346487300000.0,,,
India,IND,Taxes on exports (% of tax revenue),GC.TAX.EXPT.ZS,0.0083811528481836,0.0103157493517688,0.005138431925283,0.0049311965988832,,,,,,,
India,IND,Social contributions (% of revenue),GC.REV.SOCL.ZS,0.0957534317001697,0.0860916947281468,0.129802771390147,0.113214836473692,,,,0.0991717990385954,,,
India,IND,Net lending (+) / net borrowing (-) (% of GDP),GC.NLD.TOTL.GD.ZS,-2.77580962011863,-2.41851614428797,-2.55426517252434,-2.30328908296065,,,,-5.10885108605465,,,
India,IND,"Net incurrence of liabilities, total (% of GDP)",GC.LBL.TOTL.GD.ZS,3.71978188666367,3.18712674711283,3.42553861265731,3.03527546888902,,,,6.55446153031306,,,
India,IND,Net acquisition of financial assets (% of GDP),GC.AST.TOTL.GD.ZS,0.943974662733125,0.768604105803656,0.871273440132975,0.731938766045379,,,,1.44561040707052,,,
India,IND,"Account ownership at a financial institution or with a mobile-money-service provider, young adults (% of population ages 15-24)",FX.OWN.TOTL.YG.ZS,,,71.4001548367143,,,,67.501931427549,,,83.3298881784499,
India,IND,"Account ownership at a financial institution or with a mobile-money-service provider, male (% of population ages 15+)",FX.OWN.TOTL.MA.ZS,,,83.0089957378931,,,,77.5072324191018,,,88.8052472379392,
India,IND,Domestic credit to private sector (% of GDP),FS.AST.PRVT.GD.ZS,51.8675240772049,38.2036507912231,38.1707138624147,38.8975254010362,38.73794497616,40.7867848551821,36.8920885102897,37.0884923118537,39.3477383453003,40.021522481888,
India,IND,"Trademark applications, nonresident, by count",IP.TMK.NRCT,39144.0,48786.0,41091.0,44916.0,45477.0,42254.0,52878.0,,,,
India,IND,"Industrial design applications, resident, by count",IP.IDS.RSCT,6829.0,6753.0,7534.0,8928.0,9381.0,8962.0,17497.0,,,,
India,IND,Public private partnerships investment in ICT (current US$),IE.PPN.ICTI.CD,,,,,,,,,387240000.0,,
India,IND,Investment in ICT with private participation (current US$),IE.PPI.ICTI.CD,,,,,,,,,387240000.0,,
India,IND,Management practices index,IC.MNG.IND,,,,,,,,34.93167114,,,
India,IND,Value lost due to electrical outages (% of sales for affected firms),IC.FRM.OUTG.ZS,,,,,,,,0.0,,,
India,IND,Firms formally registered when operations started (% of firms),IC.FRM.FREG.ZS,,,,,,,,77.78723907,,,
India,IND,Firms exporting directly at least 10% of sales (% of firms),IC.FRM.EXS.ZS,,,,,,,,8.466835022,,,
India,IND,Firms that are fully credit constrained (% of firms),IC.FRM.CRDC.FL.ZS,,,,,,,,9.317408562,,,
India,IND,Firms using banks to finance working capital (% of firms),IC.FRM.BKWC.ZS,,,,,,,,33.85416031,,,
India,IND,Average time to clear exports through customs (days),IC.CUS.DURS.EX,,,,,,,,17.3181572,,,
India,IND,"Human capital index plus (HCI+): overall score, female (scale 0–325)",HD_HCIP_OVRL_FE,110.592682167146,,,,,125.167567020169,,,,,136.473321837636
India,IND,"Human capital index plus (HCI+): health pillar score, total (scale 0–50)",HD_HCIP_HLTH_TO,37.4999425005913,,,,,38.3610654866695,,,,,38.8923301792145
India,IND,"Human capital index plus (HCI+): education pillar score, male (scale 0–188)",HD_HCIP_EDUC_MA,78.8976229736636,,,,,97.1048998908997,,,,,99.1004344055176
India,IND,WBL: Legal Framework Index (scale 0-100),GD_WBL_OVL_LAW,,,,,,,,,,,57.93
India,IND,Expense (% of GDP),GC.XPN.TOTL.GD.ZS,15.1256903622794,15.2719500252316,15.6141099220983,15.6631319151388,,,,13.3335178491336,,,
India,IND,Interest payments (% of expense),GC.XPN.INTP.ZS,20.7148895559531,20.3860448020257,19.8334019122654,19.3965097896145,,,,23.2265929898439,,,
India,IND,Goods and services expense (current LCU),GC.XPN.GSRV.CN,1858110000000.0,1821920000000.0,1916790000000.0,1979530000000.0,,,,2328890700000.0,,,
India,IND,"Taxes on income, profits and capital gains (% of revenue)",GC.TAX.YPKG.RV.ZS,42.8559410359832,42.4694776143911,45.7720465050099,45.6466190242604,,,,34.8342804542868,,,
India,IND,Other taxes (% of revenue),GC.TAX.OTHR.RV.ZS,0.0643224699828474,5.05232950282551e-05,,0.0003606844347834,,,,0.957011369408913,,,
India,IND,Customs and other import duties (% of tax revenue),GC.TAX.IMPT.ZS,14.4414133371621,13.0120064831862,6.94417967246607,4.94827967281511,,,,7.4353626343942,,,
India,IND,Taxes on goods and services (current LCU),GC.TAX.GSRV.CN,5106480000000.0,6517900000000.0,8136460000000.0,10197450000000.0,,,,7990088500000.0,,,
India,IND,"Revenue, excluding grants (current LCU)",GC.REV.XGRT.CN,17098070000000.0,19779860000000.0,21750090000000.0,24925890000000.0,,,,24497537400000.0,,,
India,IND,Grants and other revenue (current LCU),GC.REV.GOTR.CN,2544020000000.0,2617580000000.0,2297430000000.0,2211770000000.0,,,,6377054300000.0,,,
India,IND,Net investment in nonfinancial assets (current LCU),GC.NFN.TOTL.CN,108780000000.0,9270000000.0,-532430000000.0,-297100000000.0,,,,2394079400000.0,,,
India,IND,"Central government debt, total (current LCU)",GC.DOD.TOTL.CN,68810780000000.0,73316300000000.0,81320590000000.0,87925980000000.0,,,,,,,
India,IND,Account ownership at a financial institution or with a mobile-money-service provider (% of population ages 15+),FX.OWN.TOTL.ZS,,,79.8753284971461,,,,77.5291370626274,,,89.0248224502547,
India,IND,"Account ownership at a financial institution or with a mobile-money-service provider, older adults (% of population ages 25+)",FX.OWN.TOTL.OL.ZS,,,83.0843120310959,,,,81.3048883600903,,,91.1674455308,
India,IND,"Account ownership at a financial institution or with a mobile-money-service provider, poorest 40% (% of population ages 15+)",FX.OWN.TOTL.40.ZS,,,77.0829503240223,,,,78.252760418728,,,86.3166812876253,
India,IND,"Claims on central government, etc. (% GDP)",FS.AST.CGOV.GD.ZS,23.6965144461448,20.1725181723074,18.5645487783904,18.2572316814956,20.3456544384784,22.8518153842452,20.3620372651445,19.4890376020262,18.9121842348416,18.5793352587451,
India,IND,Claims on central government (annual growth as % of broad money),FM.AST.CGOV.ZG.M3,2.81772714372633,-1.47590518710732,0.590899411816116,2.19288935264924,4.56755334341485,2.88711718459805,1.53894062627479,2.24932631558281,,,
India,IND,"Total reserves (includes gold, current US$)",FI.RES.TOTL.CD,353319061013.224,361694321972.036,412613792019.924,399167159226.682,463469902152.507,590227359928.896,638484779930.836,567298153917.14,627792750126.715,643042560625.541,
India,IND,Bank nonperforming loans to total gross loans (%),FB.AST.NPER.ZS,5.88352227400692,9.18565591814957,9.97528206363178,9.46095691207992,9.23442899080834,7.93883072465331,6.54245582956179,4.81188453965167,1.72349942158171,,
India,IND,Renewable internal freshwater resources per capita (cubic meters),ER.H2O.INTR.PC,1088.83533562647,1075.93745090756,1063.50320308631,1051.89718517725,1041.0139991243,1030.92952923284,1022.48339443127,1014.43556399726,,,
India,IND,Level of water stress: freshwater withdrawal as a proportion of available freshwater resources,ER.H2O.FWST.ZS,66.49209283,66.49209283,66.49209283,66.49209283,66.49209283,66.49209283,66.49209283,66.49209283,,,
India,IND,"Water productivity, total (constant 2015 US$ GDP per cubic meter of total freshwater withdrawal)",ER.GDP.FWTL.M3.KD,3.24878511203852,3.51701473598511,3.7560093721973,3.99841663358234,4.15321281217809,3.91325160940006,4.29242974353477,4.61905638913121,,,
India,IND,Population in urban agglomerations of more than 1 million (% of total population),EN.URB.MCTY.TL.ZS,14.5034177675237,14.7191857273227,14.9452932040086,15.1875894516344,15.4193492503136,15.6628700595425,15.930276789451,16.2025869268642,16.4585228460668,16.7111340490738,16.962143295232
India,IND,Population living in slums (% of urban population),EN.POP.SLUM.UR.ZS,,,,5.41,5.41,,,,,,
India,IND,Population density (people per sq. km of land area),EN.POP.DNST,446.666542669658,452.020992940243,457.30592394028,462.351569862673,467.185182245332,471.755150192218,475.652042419085,479.425536881262,483.679010086809,,
India,IND,Nitrous oxide (N2O) emissions (total) excluding LULUCF (% change from 1990),EN.GHG.N2O.ZG.AR5,84.1167036036524,82.5882739005065,85.8252256453374,91.4189219424537,98.1146828639863,101.907298764083,102.621230641447,109.77523000241,117.062218213192,122.563277649159,
India,IND,Nitrous oxide (N2O) emissions (total) excluding LULUCF (Mt CO2e),EN.GHG.N2O.MT.CE.AR5,234.5262,232.5793,236.7025,243.8277,252.3567,257.1877,258.0971,267.2098,276.4919,283.4991,
India,IND,Nitrous oxide (N2O) emissions from Building (Energy) (Mt CO2e),EN.GHG.N2O.BU.MT.CE.AR5,7.7702,7.8368,8.0355,8.1241,8.0742,7.7328,7.8984,8.1483,8.163,8.2803,
India,IND,Carbon dioxide (CO2) emissions from Power Industry (Energy) (Mt CO2e),EN.GHG.CO2.PI.MT.CE.AR5,1069.129,1055.8263,1111.9579,1186.7501,1178.9569,1083.281,1185.7659,1327.1303,1432.9142,1506.8264,
India,IND,Carbon dioxide (CO2) net fluxes from LULUCF - Other Land (Mt CO2e),EN.GHG.CO2.LU.OL.MT.CE.AR5,-249.099,-253.765,-257.59,-307.129,-350.172,-350.172,-350.172,-350.172,-350.172,,
India,IND,Carbon dioxide (CO2) emissions from Industrial Processes (Mt CO2e),EN.GHG.CO2.IP.MT.CE.AR5,165.0019,177.5718,187.2316,193.1785,197.6003,179.7303,206.5899,220.3165,246.1029,258.478,
India,IND,Carbon dioxide (CO2) emissions from Agriculture (Mt CO2e),EN.GHG.CO2.AG.MT.CE.AR5,26.1607,25.3388,25.8574,26.91,29.1932,30.9691,29.2446,30.769,31.921,32.7915,
India,IND,Methane (CH4) emissions from Power Industry (Energy) (Mt CO2e),EN.GHG.CH4.PI.MT.CE.AR5,0.6078,0.7599,0.9234,0.8906,0.8696,0.9464,1.0215,1.1168,0.9767,1.0061,
India,IND,Methane (CH4) emissions from Fugitive Emissions (Energy) (Mt CO2e),EN.GHG.CH4.FE.MT.CE.AR5,71.2065,72.2603,72.0298,77.4457,74.1518,69.7884,79.1489,90.0362,101.9911,108.1151,
India,IND,Total greenhouse gas emissions excluding LULUCF (Mt CO2e),EN.GHG.ALL.MT.CE.AR5,3310.4591,3353.9184,3495.5015,3634.4229,3641.2932,3461.05,3719.5632,3961.5256,4206.3289,4371.1693,
India,IND,"PM2.5 pollution, population exposed to levels exceeding WHO Interim Target-2 value (% of total)",EN.ATM.PM25.MC.T2.ZS,94.2948066111285,93.6286819246882,93.7299726265532,,,,,,,,
India,IND,Electric power consumption (kWh per capita),EG.USE.ELEC.KH.PC,841.085387869102,879.945696796945,918.313686962613,970.834176233242,988.272169542114,901.399579163301,963.363913685612,1085.33520920382,1181.63126786529,,
India,IND,Alternative and nuclear energy (% of total energy use),EG.USE.COMM.CL.ZS,3.15,3.35,3.41,3.59,4.16,4.22,4.24,4.25,4.07,,
India,IND,Renewable energy consumption (% of total final energy consumption),EG.FEC.RNEW.ZS,33.4,33.0,32.5,32.9,33.5,36.1,34.9,,,,
India,IND,Electricity production from oil sources (% of total),EG.ELC.PETR.ZS,0.97204719856999,0.811158435859302,0.683201597779214,0.482469607895545,0.265884277785302,0.305522241303353,0.276147211701455,0.254299572910646,0.209032120379952,,
India,IND,Electricity production from hydroelectric sources (% of total),EG.ELC.HYRO.ZS,10.0530066956214,9.61393380785253,9.38781375488711,9.40486298534441,10.4742493688437,10.470204911392,9.92681701687682,9.52643634249921,7.24238666059989,,
India,IND,"Access to electricity, urban (% of urban population)",EG.ELC.ACCS.UR.ZS,97.5,98.2,98.7,99.1,99.8,99.0,100.0,100.0,100.0,,
India,IND,"Access to clean fuels and technologies for cooking, urban (% of urban population)",EG.CFT.ACCS.UR.ZS,83.4,85.6,87.6,89.3,90.8,92.3,93.3,94.4,95.2,,
India,IND,"Public and publicly guaranteed debt service (% of exports of goods, services and primary income)",DT.TDS.DPPG.XP.ZS,3.08520682504648,5.06303391726372,2.78246051138133,4.23177882817729,2.89848285073821,5.12542768632994,2.43094119175508,2.21600015416022,2.72808483986621,3.06763820159513,
India,IND,"IMF repurchases and charges (TDS, current US$)",DT.TDS.DIMF.CD,2788455.4,4671986.7,2949592.7,5324273.2,54611031.9,17374333.6,12513385.7,291503634.4,844139557.0,845515398.3,
India,IND,Net ODA received (% of central government expense),DT.ODA.ODAT.XP.ZS,0.99765095965487,0.764436138881643,0.77248877680171,0.581531664309962,,,,0.631635512072774,,,
India,IND,Net ODA received (% of GNI),DT.ODA.ODAT.GN.ZS,0.152672881309943,0.118097798410492,0.121935867816169,0.0920717165660618,0.0908498823485309,0.0680475973856743,0.10021711669804,0.085395204884421,0.0662234066482821,,
India,IND,Total reserves minus gold (current US$),FI.RES.XGLD.CD,334310993025.188,341145194692.363,389350147912.134,374425187183.508,432378384523.969,549086868074.865,594356484008.549,521419383957.61,574508789079.883,569544279505.316,
India,IND,Bank liquid reserves to bank assets ratio (%),FD.RES.LIQU.AS.ZS,,7.96058062514581,6.20053658787501,5.27608904989349,7.3212565093593,8.69277821416461,11.1712331237836,6.83770578733311,6.11904859776755,5.33568496694097,
India,IND,"Commercial bank branches (per 100,000 adults)",FB.CBK.BRCH.P5,13.4293593628255,14.0954651389178,14.3473985182086,14.3005394412252,14.4264656491788,14.5688252438353,14.4205333373614,14.3156757455241,14.466937792202,,
India,IND,Terrestrial and marine protected areas (% of total territorial area),ER.PTD.TOTL.ZS,3.5,3.5,3.5,3.5,3.5,3.5,4.4,4.4,4.4,4.5,4.5
India,IND,"Renewable internal freshwater resources, total (billion cubic meters)",ER.H2O.INTR.K3,1446.0,1446.0,1446.0,1446.0,1446.0,1446.0,1446.0,1446.0,,,
India,IND,"Annual freshwater withdrawals, industry (% of total freshwater withdrawal)",ER.H2O.FWIN.ZS,2.23390276,2.23390276,2.23390276,2.23390276,2.23390276,2.23390276,2.23390276,2.23390276,,,
India,IND,Total fisheries production (metric tons),ER.FSH.PROD.MT,10206040.515,10898848.024,11763822.001,12584084.999,13410099.997,13299483.0,14433205.002,15774324.996,17499108.324,,
India,IND,Population in urban agglomerations of more than 1 million,EN.URB.MCTY,192608941.0,197817657.0,203204785.0,208777575.0,214179435.0,219690187.0,225286595.0,230955435.0,236685013.0,242467825.0,248302968.0
India,IND,Population living in areas where elevation is below 5 meters (% of total population),EN.POP.EL5M.ZS,1.88001213009684,,,,,,,,,,
India,IND,"Mammal species, threatened",EN.MAM.THRD.NO,,,,93.0,,,,99.0,,,
India,IND,Nitrous oxide (N2O) emissions from Waste (Mt CO2e),EN.GHG.N2O.WA.MT.CE.AR5,14.9502,15.3562,15.7887,16.18,16.5966,17.1545,17.6951,18.028,18.4759,18.9349,
India,IND,Nitrous oxide (N2O) emissions from Industrial Processes (Mt CO2e),EN.GHG.N2O.IP.MT.CE.AR5,13.8926,13.9329,14.6952,15.284,14.8904,14.0342,15.667,16.4274,17.0913,17.6349,
India,IND,Nitrous oxide (N2O) emissions from Agriculture (Mt CO2e),EN.GHG.N2O.AG.MT.CE.AR5,169.251,166.971,169.2143,173.8483,182.3934,190.6433,185.5948,190.2566,196.133,200.3701,
India,IND,Carbon dioxide (CO2) emissions from Transport (Energy) (Mt CO2e),EN.GHG.CO2.TR.MT.CE.AR5,257.7479,269.3869,291.2325,305.6906,308.5592,268.6795,295.0913,323.7623,332.6835,344.3479,
India,IND,Carbon dioxide (CO2) emissions excluding LULUCF per capita (t CO2e/capita),EN.GHG.CO2.PC.CE.AR5,1.71550269097521,1.7202923565219,1.79545339877531,1.85989309419052,1.83688223212799,1.68040016064392,1.83702951699406,1.96929618962877,2.09622858892568,2.17365173535787,
India,IND,Carbon dioxide (CO2) net fluxes from LULUCF - Total excluding non-tropical fires (Mt CO2e),EN.GHG.CO2.LU.MT.CE.AR5,-296.093,-307.819,-311.779,-437.0,-485.471,-485.471,-485.471,-485.471,-485.471,,
India,IND,Carbon dioxide (CO2) emissions from Industrial Combustion (Energy) (Mt CO2e),EN.GHG.CO2.IC.MT.CE.AR5,516.4268,530.4163,559.9203,569.7237,554.5295,516.7032,592.5962,607.1146,659.957,689.1521,
India,IND,Methane (CH4) emissions (total) excluding LULUCF (% change from 1990),EN.GHG.CH4.ZG.AR5,22.6179855133568,23.935481905631,24.6836819316216,26.7878618379584,26.8015214507773,27.7833446056196,29.9128020872796,33.1855189307975,37.1744175382299,39.6118725530578,
India,IND,Methane (CH4) emissions (total) excluding LULUCF (Mt CO2e),EN.GHG.CH4.MT.CE.AR5,756.7342,764.8651,769.4826,782.4685,782.5528,788.6121,801.754,821.9515,846.5689,861.6116,
India,IND,Methane (CH4) emissions from Building (Energy) (Mt CO2e),EN.GHG.CH4.BU.MT.CE.AR5,37.6304,37.6574,37.6648,37.6524,37.6182,37.5214,37.6247,37.6148,37.6392,37.7438,
India,IND,Total greenhouse gas emissions including LULUCF (Mt CO2e),EN.GHG.ALL.LU.MT.CE.AR5,3014.3661,3046.0994,3183.7225,3197.4229,3155.8222,2975.579,3234.0922,3476.0546,3720.8579,,
India,IND,"Bird species, threatened",EN.BIR.THRD.NO,,,,93.0,,,,92.0,,,
India,IND,"PM2.5 pollution, population exposed to levels exceeding WHO Interim Target-1 value (% of total)",EN.ATM.PM25.MC.T1.ZS,87.1047685537071,84.446709031019,84.7557712206317,,,,,,,,
India,IND,Combustible renewables and waste (% of total energy),EG.USE.CRNW.ZS,20.5114767795578,20.9058412113241,20.9563106851386,20.7274664779241,20.5735606071895,22.2460172813322,21.3010129061167,20.8121898690649,19.5479808181055,,
India,IND,"Energy imports, net (% of energy use)",EG.IMP.CONS.ZS,37.2827822095164,37.3874186548518,37.4713105330607,37.5843467719926,39.2996982985914,37.481252772155,35.0355799640062,36.529412379469,36.0871843474496,,
India,IND,"Electricity production from renewable sources, excluding hydroelectric (% of total)",EG.ELC.RNWX.ZS,4.84184605005476,3.9832387575032,4.77156485415497,5.60539679737644,6.35327384440851,9.28554258342319,9.20447543029223,,,,
India,IND,Electricity production from nuclear sources (% of total),EG.ELC.NUCL.ZS,2.75558220088632,2.64612262359471,2.53930875917822,2.35031445680834,2.82233306469588,2.80006741662236,2.87892176093803,2.51725290594758,2.41280345645407,,
India,IND,"Electricity production from oil, gas and coal sources (% of total)",EG.ELC.FOSL.ZS,81.87534846176,81.2130597694588,80.4613746410824,79.7155778881978,77.4346965014172,75.9731973374339,75.5798235933236,74.9875814205977,77.5930339369078,,
India,IND,"Access to electricity, rural (% of rural population)",EG.ELC.ACCS.RU.ZS,83.4,85.3,88.3,93.9,93.8,95.2,99.3,99.3,99.2,,
India,IND,"Access to clean fuels and technologies for cooking, rural (% of rural population)",EG.CFT.ACCS.RU.ZS,28.0,32.0,36.4,41.1,46.0,51.0,56.1,60.8,65.7,,
India,IND,Public and publicly guaranteed debt service (% of GNI),DT.TDS.DPPG.GN.ZS,0.657591757048548,0.995240829168634,0.538868823374381,0.883743032692606,0.587651088242391,0.985278874862542,0.517872335516498,0.533730074195938,0.616579610292631,0.69517120542094,
India,IND,Total debt service (% of GNI),DT.TDS.DECT.GN.ZS,2.38856458537453,3.39347044179142,1.95306263787674,2.38022646268921,1.82517493462647,2.8938509435016,1.66395504956966,1.99102996480838,2.29671643291237,2.37761229014269,
India,IND,Net ODA received per capita (current US$),DT.ODA.ODAT.PC.ZS,2.39027848767281,1.99341943390664,2.35216257706261,1.79098403096161,1.83682001724425,1.28026548421731,2.218052554745,1.97700296602771,1.65260570025899,,
India,IND,Net ODA received (% of gross capital formation),DT.ODA.ODAT.GI.ZS,0.469853544914173,0.386920433214727,0.389311774193845,0.281623402787003,0.298965291526242,0.232116264959099,0.308375342073481,0.250508896994995,0.19578163673086,,
India,IND,Net official development assistance and official aid received (constant 2023 US$),DT.ODA.ALLD.KD,3489946044.92188,2789457519.53125,3214598876.95313,2329947509.76563,2327749023.4375,1749525878.90625,2724383789.0625,2746955078.125,2376562011.71875,,
India,IND,Broad money growth (annual %),FM.LBL.BMNY.ZG,10.6177245568846,6.80095412358039,10.4310437100352,10.5196199752058,10.5102484286107,12.4791379043168,11.2971056705459,,,,
India,IND,Claims on private sector (annual growth as % of broad money),FM.AST.PRVT.ZG.M3,6.94448182782826,-11.7552639316047,5.60563535119609,6.53535079789627,3.11488025180474,2.00391703785042,3.4911896783905,6.54331238661269,,,
India,IND,Claims on other sectors of the domestic economy (annual growth as % of broad money),FM.AST.DOMO.ZG.M3,,,8.36208860437369,10.84122136189,6.06440729333647,6.11076410909266,7.6224609003918,10.0927316592413,,,
India,IND,Total reserves (% of total external debt),FI.RES.TOTL.DT.ZS,73.787840306062,79.3986952137363,80.6554701626196,76.5897509037981,82.6123941762793,104.468842983349,104.329764836502,92.1664366011073,96.9479623776361,89.7532492132288,
India,IND,"Automated teller machines (ATMs) (per 100,000 adults)",FB.ATM.TOTL.P5,19.5047348912025,20.9991055582406,21.7800477391949,21.404424376759,20.6932663823982,21.2304657764454,21.2061324217161,24.6446298842006,24.9596736031411,,
India,IND,Terrestrial protected areas (% of total land area),ER.LND.PTLD.ZS,6.0,6.0,6.0,6.0,6.0,6.0,7.5,7.5,7.5,7.7,7.7
India,IND,"Annual freshwater withdrawals, total (billion cubic meters)",ER.H2O.FWTL.K3,647.5,647.5,647.5,647.5,647.5,647.5,647.5,647.5,,,
India,IND,"Annual freshwater withdrawals, agriculture (% of total freshwater withdrawal)",ER.H2O.FWAG.ZS,90.40735874,90.40735874,90.40735874,90.40735874,90.40735874,90.40735874,90.40735874,90.40735874,,,
India,IND,Aquaculture production (metric tons),ER.FSH.AQUA.MT,5344002.0,5701902.0,6212869.0,7247902.0,7933000.0,8641286.0,9408300.0,10235300.0,11321123.0,,
India,IND,Population in largest city,EN.URB.LCTY,25865875.0,26719965.0,27602257.0,28513682.0,29399141.0,30290936.0,31181377.0,32065760.0,32941309.0,33807403.0,34665569.0
India,IND,Rural population living in areas where elevation is below 5 meters (% of total population),EN.POP.EL5M.RU.ZS,0.433148139684223,,,,,,,,,,
India,IND,Total greenhouse gas emissions excluding LULUCF (% change from 1990),EN.GHG.TOT.ZG.AR5,144.557510545911,147.768031472772,158.227369415166,168.490076405128,168.997614306654,155.682292487748,174.779747772804,192.654525983993,210.73917340387,222.916625728049,
India,IND,Nitrous oxide (N2O) emissions from Power Industry (Energy) (Mt CO2e),EN.GHG.N2O.PI.MT.CE.AR5,18.3625,18.1538,17.9632,18.7906,18.8983,17.257,19.3949,21.8791,23.6347,24.7988,
India,IND,Nitrous oxide (N2O) emissions from Fugitive Emissions (Energy) (Mt CO2e),EN.GHG.N2O.FE.MT.CE.AR5,0.1944,0.19,0.1828,0.1761,0.1723,0.1656,0.163,0.1619,0.1612,0.1621,
India,IND,Carbon dioxide (CO2) emissions (total) excluding LULUCF (% change from 1990),EN.GHG.CO2.ZG.AR5,279.27433054339,284.892535341542,306.405510943242,325.636577272603,324.765266500766,292.381016752314,332.498020580634,367.316190351887,401.850665544385,425.042085552203,
India,IND,Carbon intensity of GDP (kg CO2e per constant 2015 US$ of GDP),EN.GHG.CO2.RT.GDP.KD,1.08302063429906,1.0152419798892,1.00377687944633,0.987541064279464,0.948787771578454,0.930196032104661,0.934727877891763,0.938559544252472,0.923080631743825,0.906840669388088,
India,IND,Carbon dioxide (CO2) net fluxes from LULUCF - Organic Soil (Mt CO2e),EN.GHG.CO2.LU.OS.MT.CE.AR5,0.0,0.0,0.0,0.0,0.0,0.0,,,,,
India,IND,Carbon dioxide (CO2) net fluxes from LULUCF - Deforestation (Mt CO2e),EN.GHG.CO2.LU.DF.MT.CE.AR5,21.039,21.289,21.131,14.932,9.726,9.726,9.726,9.726,9.726,,
India,IND,Carbon dioxide (CO2) emissions from Building (Energy) (Mt CO2e),EN.GHG.CO2.BU.MT.CE.AR5,162.6889,168.3979,173.2178,179.4651,181.3629,178.1941,189.1577,197.0061,202.4992,210.2358,
India,IND,Methane (CH4) emissions from Transport (Energy) (Mt CO2e),EN.GHG.CH4.TR.MT.CE.AR5,1.539,1.7241,1.7714,1.778,1.8573,1.6715,1.9643,2.1275,2.2703,2.4049,
India,IND,Methane (CH4) emissions from Industrial Combustion (Energy) (Mt CO2e),EN.GHG.CH4.IC.MT.CE.AR5,2.9935,3.0583,3.2519,3.4375,3.4108,3.5027,3.8258,4.0564,4.3373,4.3877,
India,IND,Total greenhouse gas emissions excluding LULUCF per capita (t CO2e/capita),EN.GHG.ALL.PC.CE.AR5,2.49276960250774,2.49557843281326,2.57086932340456,2.64387221179375,2.62146417435417,2.46756476289856,2.63014633923763,2.77919257007301,2.9249828462405,3.0126552305856,
India,IND,"PM2.5 pollution, population exposed to levels exceeding WHO Interim Target-3 value (% of total)",EN.ATM.PM25.MC.T3.ZS,99.9526466985651,99.938251622829,99.9389164237351,,,,,,,,
India,IND,Energy use (kg of oil equivalent per capita),EG.USE.PCAP.KG.OE,622.339883988149,627.273531026365,648.014718317903,668.303370218852,666.977347524506,632.239828540427,676.814293488143,727.902200094024,763.197899394641,,
India,IND,Fossil fuel energy consumption (% of total),EG.USE.COMM.FO.ZS,45.956629150643,0.0,0.0,0.0,0.0,0.0,0.0,0.0,0.0,,
India,IND,GDP per unit of energy use (PPP $ per kg of oil equivalent),EG.GDP.PUSE.KO.PP,8.71715943407826,9.24713256141159,9.4823728084443,10.0477817380729,10.7213899558508,11.0184064865722,11.8939842907849,12.6488523172648,13.5266355969156,,
India,IND,Renewable electricity output (% of total electricity output),EG.ELC.RNEW.ZS,14.8948527456761,13.5971725653557,14.1593786090421,15.0102597827208,16.8275232132522,19.7557474948152,19.131292447169,,,,
India,IND,Electric power transmission and distribution losses (% of output),EG.ELC.LOSS.ZS,17.7399718505501,17.3912982792107,17.1759941089838,16.7930129549492,16.4401872729006,17.7241293592232,16.6469287712518,14.9056434964792,14.1614354109371,,
India,IND,Access to electricity (% of population),EG.ELC.ACCS.ZS,88.0,89.6,91.8,95.7,95.9,96.5,99.6,99.2,99.5,,
India,IND,Access to clean fuels and technologies for cooking (% of population),EG.CFT.ACCS.ZS,48.4,51.8,55.3,59.0,62.7,66.5,70.2,73.4,76.7,,
India,IND,"Multilateral debt service (TDS, current US$)",DT.TDS.MLAT.CD,3500047038.1,4004564371.3,4211072924.9,4679452087.3,5447878913.6,5069158475.4,4811879968.3,5402546412.7,8541960471.4,10463470742.2,
India,IND,"Debt service (PPG and IMF only, % of exports of goods, services and primary income)",DT.TDS.DPPF.XP.ZS,3.08583603985883,5.06408163934111,2.78304119910956,4.23273227574918,2.90807415383996,5.12885262296047,2.43281784750629,2.25267551729205,2.81933821436139,,
India,IND,"Debt service on external debt, total (TDS, current US$)",DT.TDS.DECT.CD,49662625593.8,76980765505.3,51224947893.9,63647119390.1,51257621931.8,76366469390.0,52081507667.3,65704552065.6,82422353400.5,91617460130.9,
India,IND,Net official development assistance received (constant 2023 US$),DT.ODA.ODAT.KD,3489946044.92188,2789457519.53125,3214598876.95313,2329947509.76563,2327749023.4375,1749525878.90625,2724383789.0625,2746955078.125,2376562011.71875,,
India,IND,Lending interest rate (%),FR.INR.LEND,10.0083333333333,9.6725,9.50833333333333,9.45416666666667,9.46625,9.15,8.69833333333333,8.56714285714286,,,
India,IND,Consumer price index (2010 = 100),FP.CPI.TOTL,146.790501522574,154.054013105394,159.18119775209,165.451068899504,171.621576003377,182.988822584425,192.378724699015,205.266241146235,216.862025027426,227.603278134168,
India,IND,Broad money (current LCU),FM.LBL.BMNY.CN,107437019361400.0,114743761759911.0,126712733703626.0,140042431749442.0,154761239231776.0,174074107697939.0,193739443589635.0,,,,
India,IND,Net domestic credit (current LCU),FM.AST.DOMS.CN,104130600832089.0,124279176266290.0,134552171505980.0,151068049506330.0,165957305724680.0,179882538319400.0,195830166279570.0,219741600727505.0,249988476182125.0,275434730061478.0,
India,IND,Total reserves in months of imports,FI.RES.TOTL.MO,8.00309182929655,8.43013905768235,8.1627186694363,6.90105548512364,8.27365940048396,12.9323281065786,9.84238574452328,7.00951210544359,7.97237314389747,7.52136088188697,
India,IND,Domestic credit to private sector by banks (% of GDP),FD.AST.PRVT.GD.ZS,51.8675240772049,38.2036507912231,38.1707138624147,38.8975254010362,38.73794497616,40.7867848551821,36.8920885102897,37.0884923118537,39.3477383453003,40.021522481888,
India,IND,Bank capital to assets ratio (%),FB.BNK.CAPA.ZS,6.67847337958985,6.70143866382393,7.04073187631062,6.89425620584035,8.02536160742248,7.81226700977292,7.82632507203676,7.75637955901566,6.0839597444749,,
India,IND,Marine protected areas (% of territorial waters),ER.MRN.PTMR.ZS,0.2,0.2,0.2,0.2,0.2,0.2,0.2,0.2,0.2,0.3,0.3
India,IND,"Annual freshwater withdrawals, total (% of internal resources)",ER.H2O.FWTL.ZS,44.7786998616874,44.7786998616874,44.7786998616874,44.7786998616874,44.7786998616874,44.7786998616874,44.7786998616874,44.7786998616874,,,
India,IND,"Annual freshwater withdrawals, domestic (% of total freshwater withdrawal)",ER.H2O.FWDM.ZS,7.358738502,7.358738502,7.358738502,7.358738502,7.358738502,7.358738502,7.358738502,7.358738502,,,
India,IND,Capture fisheries production (metric tons),ER.FSH.CAPT.MT,4862038.515,5196946.024,5550953.001,5336182.999,5477099.997,4658197.0,5024905.002,5539024.996,6177985.324,,
India,IND,Population in the largest city (% of urban population),EN.URB.LCTY.UR.ZS,5.98420047761674,6.04950650927527,6.11801880420581,6.19204037145898,6.25931647437957,6.32781804538546,6.40159127087179,6.47251891436035,6.53211417648541,6.58596359022254,6.63530476062258
India,IND,Urban population living in areas where elevation is below 5 meters (% of total population),EN.POP.EL5M.UR.ZS,1.44686399041262,,,,,,,,,,
India,IND,"Plant species (higher), threatened",EN.HPT.THRD.NO,,,,396.0,,,,527.0,,,
India,IND,Nitrous oxide (N2O) emissions from Transport (Energy) (Mt CO2e),EN.GHG.N2O.TR.MT.CE.AR5,6.1602,6.1143,6.5109,6.8316,6.8188,5.5584,6.6055,6.9006,7.0643,7.4811,
India,IND,Nitrous oxide (N2O) emissions from Industrial Combustion (Energy) (Mt CO2e),EN.GHG.N2O.IC.MT.CE.AR5,3.9449,4.0243,4.312,4.5931,4.5127,4.6419,5.0784,5.4079,5.7685,5.8369,
India,IND,F-gases emissions from Industrial Processes (Mt CO2e),EN.GHG.FGAS.IP.MT.CE.AR5,40.9691,44.4969,48.1149,51.4078,54.8986,58.2913,61.7777,65.2838,68.7456,72.2295,
India,IND,Carbon intensity of GDP (kg CO2e per 2021 PPP $ of GDP),EN.GHG.CO2.RT.GDP.PP.KD,0.264405684347874,0.247858389738831,0.245059331592838,0.241095564251582,0.231634441764312,0.227095505530686,0.228201897919482,0.229137350425381,0.225358371221113,0.221393591396552,
India,IND,Carbon dioxide (CO2) emissions (total) excluding LULUCF (Mt CO2e),EN.GHG.CO2.MT.CE.AR5,2278.2296,2311.9771,2441.2015,2556.7189,2551.4851,2356.959,2597.9343,2807.0805,3014.5226,3153.8291,
India,IND,Carbon dioxide (CO2) net fluxes from LULUCF - Forest Land (Mt CO2e),EN.GHG.CO2.LU.FL.MT.CE.AR5,-68.033,-75.343,-75.32,-144.803,-145.025,-145.025,-145.025,-145.025,-145.025,,
India,IND,Carbon dioxide (CO2) emissions from Fugitive Emissions (Energy) (Mt CO2e),EN.GHG.CO2.FE.MT.CE.AR5,81.0745,85.0392,91.784,95.0009,101.2831,99.4018,99.4887,100.9817,108.4449,111.9974,
India,IND,Methane (CH4) emissions from Waste (Mt CO2e),EN.GHG.CH4.WA.MT.CE.AR5,114.349,115.9961,117.729,120.9868,122.6302,123.9438,126.6139,129.8785,133.0173,135.228,
India,IND,Methane (CH4) emissions from Industrial Processes (Mt CO2e),EN.GHG.CH4.IP.MT.CE.AR5,0.2652,0.2915,0.3204,0.3283,0.3233,0.3056,0.3645,0.3901,0.4302,0.4561,
India,IND,Methane (CH4) emissions from Agriculture (Mt CO2e),EN.GHG.CH4.AG.MT.CE.AR5,528.1427,533.1175,535.7919,539.9492,541.6916,550.9323,551.1906,556.7311,565.9067,572.2699,
India,IND,"Fish species, threatened",EN.FSH.THRD.NO,,,,227.0,,,,290.0,,,
India,IND,"PM2.5 air pollution, population exposed to levels exceeding WHO guideline value (% of total)",EN.ATM.PM25.MC.ZS,100.0,100.0,100.0,,,,,,,,
India,IND,"PM2.5 air pollution, mean annual exposure (micrograms per cubic meter)",EN.ATM.PM25.MC.M3,73.810991410386,75.7890035327013,67.3122713926644,68.1209525065052,59.8919808842351,48.3948115195574,,,,,
India,IND,"Energy use (kg of oil equivalent) per $1,000 GDP (constant 2021 PPP)",EG.USE.COMM.GD.PP.KD,95.9195248066452,90.3770842999769,88.4467699588451,86.6313115723863,84.1071478949968,85.4432336069309,84.0761157533033,84.6950206762914,82.0487977482923,,
India,IND,GDP per unit of energy use (constant 2021 PPP $ per kg of oil equivalent),EG.GDP.PUSE.KO.PP.KD,10.4254061101304,11.0647517315433,11.3062353827653,11.5431704986301,11.8895958908088,11.7036769067092,11.8939842907849,11.8070695539712,12.1878690175057,,
India,IND,"Electricity production from renewable sources, excluding hydroelectric (kWh)",EG.ELC.RNWX.KH,65740310000.0,57075390000.0,72055210000.0,90179960000.0,104611800000.0,142692140000.0,150626270000.0,,,,
India,IND,Electricity production from natural gas sources (% of total),EG.ELC.NGAS.ZS,4.89087484984382,4.91740811744664,4.91816414320679,4.23867141221502,4.30619568669868,4.30431707156769,3.81778561590178,2.99357746750998,2.95775668721587,,
India,IND,Electricity production from coal sources (% of total),EG.ELC.COAL.ZS,76.0124264133462,75.4844932161528,74.8600089000964,74.9944368680873,72.8626165369332,71.3633580245628,71.4858907657204,71.739704380177,74.4262564073655,,
India,IND,Energy intensity level of primary energy (MJ/$2021 PPP GDP),EG.EGY.PRIM.PP.KD,4.82,4.54,4.46,4.41,4.25,4.25,4.21,,,,
India,IND,Multilateral debt service (% of public and publicly guaranteed debt service),DT.TDS.MLAT.PG.ZS,25.5991080123096,17.7373583401078,29.7950659570214,19.8019759445167,33.0106399670641,19.4962076827123,29.6858928628664,30.6732058397033,38.6038629793121,39.0613076898781,
India,IND,"Debt service on external debt, public and publicly guaranteed (PPG) (TDS, current US$)",DT.TDS.DPPG.CD,13672535138.4,22577005518.6,14133457301.2,23631238116.9,16503402899.9,26000741056.4,16209315281.6,17613243431.2,22127216843.5,26787302732.6,
India,IND,"Total debt service (% of exports of goods, services and primary income)",DT.TDS.DECT.EX.ZS,11.2063688175425,17.2634154874596,10.0846800379296,11.3976479343618,9.0023457004643,15.0538331069002,7.81076067172717,8.26658065989597,10.1619274745821,10.493447761841,
India,IND,"Net ODA received (% of imports of goods, services and primary income)",DT.ODA.ODAT.MP.ZS,0.599189336588743,0.520345445566389,0.527237957329001,0.354704079522774,0.37955365941239,0.327880419360762,0.402951195248069,0.290165865303009,0.251500716242333,,
India,IND,Net official development assistance received (current US$),DT.ODA.ODAT.CD,3174348388.67188,2679044677.73438,3198135253.90625,2461992431.64063,2551398681.64063,1795723022.46094,3136778564.45313,2818065917.96875,2376562011.71875,,
